./libs/kimath/src/geometry/shape_poly_set.cpp(558): assert ""aOutline.IsClosed()"" failed in AddOutline(): Warning: non-closed outline added to SHAPE_POLY_SET
2026-07-29 16:22:20.483 INFO   Freerouting v2.1.0 (build-date: 2025-04-12)
2026-07-29 16:22:20.631 WARN   No default constructor found for field: currentLocale
2026-07-29 16:22:20.638 INFO   Settings were loaded from freerouting.json
2026-07-29 16:22:20.649 WARN   Couldn't get screen resolution. If you are running in a headless environment, disable the GUI by setting gui.enabled to false.
2026-07-29 16:22:22.487 INFO   New version available: v2.2.4
2026-07-29 16:22:22.965 INFO   [303DB9\2587FA] Job '303DB9\2587FA' started at 2026-07-29T14:22:22.964157143Z
2026-07-29 16:22:43.135 INFO   [303DB9\2587FA] Auto-router pass #1 on board 'ffac79d6d6b79ddbf39518796e3ef521' was completed in 19,79 seconds with the score of 877,18 (66 unrouted), using 198,52 CPU seconds and 7807 MB memory.
2026-07-29 16:22:51.257 INFO   [303DB9\2587FA] Auto-router pass #2 on board 'b6596509112e1128987b64afe81a3973' was completed in 8,03 seconds with the score of 908,33 (47 unrouted), using 386,84 CPU seconds and 11236 MB memory.
2026-07-29 16:22:57.464 INFO   [303DB9\2587FA] Auto-router pass #3 on board '1b18d7644adbe6b04417fdd2be972bc9' was completed in 6,13 seconds with the score of 916,90 (42 unrouted), using 569,00 CPU seconds and 13830 MB memory.
2026-07-29 16:23:07.859 INFO   [303DB9\2587FA] Auto-router pass #4 on board '5d4e77ba2944b6cd526ce6cdfb93f1cc' was completed in 10,33 seconds with the score of 952,40 (18 unrouted), using 950,06 CPU seconds and 18621 MB memory.
2026-07-29 16:23:10.280 INFO   [303DB9\2587FA] Auto-router pass #5 on board '338915b2dbf1da24c94141d8d238b222' was completed in 2,35 seconds with the score of 952,40 (18 unrouted), using 1083,21 CPU seconds and 19843 MB memory.
2026-07-29 16:23:12.905 INFO   [303DB9\2587FA] Auto-router pass #6 on board '634c2b6702666c85f3eca5a87c781c41' was completed in 2,52 seconds with the score of 952,40 (18 unrouted), using 1176,45 CPU seconds and 20577 MB memory.
2026-07-29 16:23:15.588 INFO   [303DB9\2587FA] Auto-router pass #7 on board '0afe72a1fe4d8da162a35678ad9a1b4d' was completed in 2,59 seconds with the score of 952,40 (18 unrouted), using 1322,91 CPU seconds and 21663 MB memory.
2026-07-29 16:23:20.154 INFO   [303DB9\2587FA] Auto-router pass #8 on board '07b4c337433eb79f6923278e8fe3e1d6' was completed in 4,46 seconds with the score of 956,62 (15 unrouted), using 1584,33 CPU seconds and 23590 MB memory.
2026-07-29 16:23:22.190 INFO   [303DB9\2587FA] Auto-router pass #9 on board '987a29344718c0b5c57ce43a98e1c2a8' was completed in 1,94 seconds with the score of 956,62 (15 unrouted), using 1694,83 CPU seconds and 24346 MB memory.
2026-07-29 16:23:24.116 INFO   [303DB9\2587FA] Auto-router pass #10 on board '54a408c50a26105dbe06505680ed0e82' was completed in 1,85 seconds with the score of 956,62 (15 unrouted), using 1809,14 CPU seconds and 25159 MB memory.
2026-07-29 16:23:25.915 INFO   [303DB9\2587FA] Auto-router pass #11 on board '54a408c50a26105dbe06505680ed0e82' was completed in 1,77 seconds with the score of 956,62 (15 unrouted), using 1867,72 CPU seconds and 25577 MB memory.
2026-07-29 16:23:31.390 INFO   [303DB9\2587FA] Restoring an earlier board that has the score of 956,62 (15 unrouted).
2026-07-29 16:23:31.390 INFO   [303DB9\2587FA] Auto-router pass #12 on board '86913282c4aab0f3c8044ecad2c38412' was completed in 5,41 seconds with the score of 956,62 (15 unrouted), using 2238,37 CPU seconds and 28259 MB memory.
2026-07-29 16:23:35.492 INFO   [303DB9\2587FA] Auto-router pass #13 on board '987a29344718c0b5c57ce43a98e1c2a8' was completed in 4,08 seconds with the score of 956,62 (15 unrouted), using 2503,89 CPU seconds and 29960 MB memory.
2026-07-29 16:23:37.180 INFO   [303DB9\2587FA] Auto-router pass #14 on board 'cc57ca0489c8600625f18ed0b68e9e7c' was completed in 1,61 seconds with the score of 956,62 (15 unrouted), using 2642,28 CPU seconds and 30889 MB memory.
2026-07-29 16:23:38.842 INFO   [303DB9\2587FA] Auto-router pass #15 on board 'cc57ca0489c8600625f18ed0b68e9e7c' was completed in 1,64 seconds with the score of 956,62 (15 unrouted), using 2712,91 CPU seconds and 31345 MB memory.
2026-07-29 16:23:48.205 INFO   [303DB9\2587FA] Restoring an earlier board that has the score of 956,62 (15 unrouted).
2026-07-29 16:23:48.206 INFO   [303DB9\2587FA] Auto-router pass #16 on board 'cc57ca0489c8600625f18ed0b68e9e7c' was completed in 9,34 seconds with the score of 956,62 (15 unrouted), using 3470,80 CPU seconds and 35873 MB memory.
2026-07-29 16:23:52.658 INFO   [303DB9\2587FA] Auto-router pass #17 on board '987a29344718c0b5c57ce43a98e1c2a8' was completed in 4,42 seconds with the score of 956,62 (15 unrouted), using 3799,88 CPU seconds and 37381 MB memory.
2026-07-29 16:23:54.440 INFO   [303DB9\2587FA] Auto-router pass #18 on board '987a29344718c0b5c57ce43a98e1c2a8' was completed in 1,76 seconds with the score of 956,62 (15 unrouted), using 3970,01 CPU seconds and 38228 MB memory.
2026-07-29 16:23:56.259 INFO   [303DB9\2587FA] Auto-router pass #19 on board '987a29344718c0b5c57ce43a98e1c2a8' was completed in 1,79 seconds with the score of 956,62 (15 unrouted), using 4143,96 CPU seconds and 39068 MB memory.
2026-07-29 16:24:05.645 INFO   [303DB9\2587FA] Restoring an earlier board that has the score of 956,62 (15 unrouted).
2026-07-29 16:24:05.646 INFO   [303DB9\2587FA] Auto-router pass #20 on board '987a29344718c0b5c57ce43a98e1c2a8' was completed in 9,36 seconds with the score of 956,62 (15 unrouted), using 4973,37 CPU seconds and 43194 MB memory.
2026-07-29 16:24:09.701 INFO   [303DB9\2587FA] Auto-router pass #21 on board '987a29344718c0b5c57ce43a98e1c2a8' was completed in 4,03 seconds with the score of 956,62 (15 unrouted), using 5366,28 CPU seconds and 44828 MB memory.
2026-07-29 16:24:11.351 INFO   [303DB9\2587FA] Auto-router pass #22 on board '987a29344718c0b5c57ce43a98e1c2a8' was completed in 1,63 seconds with the score of 956,62 (15 unrouted), using 5568,30 CPU seconds and 45738 MB memory.
2026-07-29 16:24:13.097 INFO   [303DB9\2587FA] Auto-router pass #23 on board '987a29344718c0b5c57ce43a98e1c2a8' was completed in 1,72 seconds with the score of 956,62 (15 unrouted), using 5670,74 CPU seconds and 46179 MB memory.
2026-07-29 16:24:23.191 INFO   [303DB9\2587FA] Restoring an earlier board that has the score of 956,62 (15 unrouted).
2026-07-29 16:24:23.192 INFO   [303DB9\2587FA] Auto-router pass #24 on board '987a29344718c0b5c57ce43a98e1c2a8' was completed in 10,07 seconds with the score of 956,62 (15 unrouted), using 6860,09 CPU seconds and 51286 MB memory.
2026-07-29 16:24:27.855 INFO   [303DB9\2587FA] Auto-router pass #25 on board '987a29344718c0b5c57ce43a98e1c2a8' was completed in 4,63 seconds with the score of 956,62 (15 unrouted), using 7320,27 CPU seconds and 52793 MB memory.
2026-07-29 16:24:29.729 INFO   [303DB9\2587FA] Auto-router pass #26 on board 'b25948b31b5d7d8e0344d9d08b915871' was completed in 1,79 seconds with the score of 956,62 (15 unrouted), using 7555,41 CPU seconds and 53563 MB memory.
2026-07-29 16:24:31.430 INFO   [303DB9\2587FA] Auto-router pass #27 on board 'b25948b31b5d7d8e0344d9d08b915871' was completed in 1,68 seconds with the score of 956,62 (15 unrouted), using 7794,34 CPU seconds and 54447 MB memory.
2026-07-29 16:24:41.049 INFO   [303DB9\2587FA] Restoring an earlier board that has the score of 956,62 (15 unrouted).
2026-07-29 16:24:41.049 INFO   [303DB9\2587FA] Auto-router pass #28 on board 'b25948b31b5d7d8e0344d9d08b915871' was completed in 9,59 seconds with the score of 956,62 (15 unrouted), using 8915,80 CPU seconds and 58735 MB memory.
2026-07-29 16:24:45.152 INFO   [303DB9\2587FA] Auto-router pass #29 on board '54a408c50a26105dbe06505680ed0e82' was completed in 4,07 seconds with the score of 958,01 (14 unrouted), using 9571,79 CPU seconds and 60892 MB memory.
2026-07-29 16:24:46.781 INFO   [303DB9\2587FA] Auto-router pass #30 on board '7f6a8b56d6512f96676d12a4a17d5c39' was completed in 1,56 seconds with the score of 958,01 (14 unrouted), using 9705,82 CPU seconds and 61346 MB memory.
2026-07-29 16:24:48.451 INFO   [303DB9\2587FA] Auto-router pass #31 on board '7f6a8b56d6512f96676d12a4a17d5c39' was completed in 1,65 seconds with the score of 958,01 (14 unrouted), using 9976,77 CPU seconds and 62243 MB memory.
2026-07-29 16:24:56.263 INFO   [303DB9\2587FA] Restoring an earlier board that has the score of 958,01 (14 unrouted).
2026-07-29 16:24:56.263 INFO   [303DB9\2587FA] Auto-router pass #32 on board '7f6a8b56d6512f96676d12a4a17d5c39' was completed in 7,79 seconds with the score of 958,01 (14 unrouted), using 11098,49 CPU seconds and 65996 MB memory.
2026-07-29 16:25:00.020 INFO   [303DB9\2587FA] Auto-router pass #33 on board '7f6a8b56d6512f96676d12a4a17d5c39' was completed in 3,71 seconds with the score of 959,53 (13 unrouted), using 11534,70 CPU seconds and 67412 MB memory.
2026-07-29 16:25:01.515 INFO   [303DB9\2587FA] Auto-router pass #34 on board '20f82f881590ee2d0b708172b6f456da' was completed in 1,43 seconds with the score of 959,53 (13 unrouted), using 11830,30 CPU seconds and 68364 MB memory.
2026-07-29 16:25:02.904 INFO   [303DB9\2587FA] Auto-router pass #35 on board '20f82f881590ee2d0b708172b6f456da' was completed in 1,37 seconds with the score of 959,53 (13 unrouted), using 11979,57 CPU seconds and 68860 MB memory.
2026-07-29 16:25:10.565 INFO   [303DB9\2587FA] Restoring an earlier board that has the score of 959,53 (13 unrouted).
2026-07-29 16:25:10.565 INFO   [303DB9\2587FA] Auto-router pass #36 on board '20f82f881590ee2d0b708172b6f456da' was completed in 7,64 seconds with the score of 959,53 (13 unrouted), using 13208,49 CPU seconds and 72991 MB memory.
2026-07-29 16:25:14.055 INFO   [303DB9\2587FA] Auto-router pass #37 on board '20f82f881590ee2d0b708172b6f456da' was completed in 3,46 seconds with the score of 958,27 (14 unrouted), using 13685,10 CPU seconds and 74395 MB memory.
2026-07-29 16:25:15.808 INFO   [303DB9\2587FA] Auto-router pass #38 on board '24e0e723a3cd254f8c965817d9c1e895' was completed in 1,69 seconds with the score of 958,27 (14 unrouted), using 14007,64 CPU seconds and 75364 MB memory.
2026-07-29 16:25:17.567 INFO   [303DB9\2587FA] Auto-router pass #39 on board '24e0e723a3cd254f8c965817d9c1e895' was completed in 1,73 seconds with the score of 958,27 (14 unrouted), using 14333,99 CPU seconds and 76213 MB memory.
2026-07-29 16:25:25.695 INFO   [303DB9\2587FA] Auto-router pass #40 on board '24e0e723a3cd254f8c965817d9c1e895' was completed in 8,10 seconds with the score of 959,63 (13 unrouted), using 15677,47 CPU seconds and 80030 MB memory.
2026-07-29 16:25:27.523 INFO   [303DB9\2587FA] Auto-router pass #41 on board '5d8d06a77ce161eb2fe5b966bc736797' was completed in 1,75 seconds with the score of 959,63 (13 unrouted), using 16022,78 CPU seconds and 80829 MB memory.
2026-07-29 16:25:29.074 INFO   [303DB9\2587FA] Auto-router pass #42 on board '5d8d06a77ce161eb2fe5b966bc736797' was completed in 1,52 seconds with the score of 959,63 (13 unrouted), using 16196,82 CPU seconds and 81269 MB memory.
2026-07-29 16:25:30.542 INFO   [303DB9\2587FA] Auto-router pass #43 on board '5d8d06a77ce161eb2fe5b966bc736797' was completed in 1,44 seconds with the score of 959,63 (13 unrouted), using 16547,81 CPU seconds and 82177 MB memory.
2026-07-29 16:25:32.464 INFO   [303DB9\2587FA] Restoring an earlier board that has the score of 959,63 (13 unrouted).
2026-07-29 16:25:32.464 INFO   [303DB9\2587FA] Auto-router pass #44 on board '5d8d06a77ce161eb2fe5b966bc736797' was completed in 1,90 seconds with the score of 959,63 (13 unrouted), using 16902,65 CPU seconds and 83091 MB memory.
2026-07-29 16:25:35.947 INFO   [303DB9\2587FA] Auto-router pass #45 on board '5d8d06a77ce161eb2fe5b966bc736797' was completed in 3,46 seconds with the score of 959,63 (13 unrouted), using 17442,22 CPU seconds and 84516 MB memory.
2026-07-29 16:25:37.398 INFO   [303DB9\2587FA] Auto-router pass #46 on board '5d8d06a77ce161eb2fe5b966bc736797' was completed in 1,43 seconds with the score of 959,63 (13 unrouted), using 17806,78 CPU seconds and 85473 MB memory.
2026-07-29 16:25:38.849 INFO   [303DB9\2587FA] Auto-router pass #47 on board '5d8d06a77ce161eb2fe5b966bc736797' was completed in 1,43 seconds with the score of 959,63 (13 unrouted), using 17990,50 CPU seconds and 85949 MB memory.
2026-07-29 16:25:46.528 INFO   [303DB9\2587FA] Auto-router pass #48 on board '5d8d06a77ce161eb2fe5b966bc736797' was completed in 7,66 seconds with the score of 962,62 (11 unrouted), using 19494,79 CPU seconds and 89852 MB memory.
2026-07-29 16:25:48.008 INFO   [303DB9\2587FA] Auto-router pass #49 on board '5abbfde3ad594e4cb20c027f1a0ed5c4' was completed in 1,39 seconds with the score of 962,62 (11 unrouted), using 19687,08 CPU seconds and 90271 MB memory.
2026-07-29 16:25:49.512 INFO   [303DB9\2587FA] Auto-router pass #50 on board '5abbfde3ad594e4cb20c027f1a0ed5c4' was completed in 1,48 seconds with the score of 962,62 (11 unrouted), using 20074,52 CPU seconds and 91081 MB memory.
2026-07-29 16:25:50.857 INFO   [303DB9\2587FA] Auto-router pass #51 on board '5abbfde3ad594e4cb20c027f1a0ed5c4' was completed in 1,31 seconds with the score of 962,62 (11 unrouted), using 20269,68 CPU seconds and 91510 MB memory.
2026-07-29 16:25:52.493 INFO   [303DB9\2587FA] Restoring an earlier board that has the score of 962,62 (11 unrouted).
2026-07-29 16:25:52.493 INFO   [303DB9\2587FA] Auto-router pass #52 on board '5abbfde3ad594e4cb20c027f1a0ed5c4' was completed in 1,60 seconds with the score of 962,62 (11 unrouted), using 20662,88 CPU seconds and 92383 MB memory.
2026-07-29 16:25:56.147 INFO   [303DB9\2587FA] Auto-router pass #53 on board '5abbfde3ad594e4cb20c027f1a0ed5c4' was completed in 3,63 seconds with the score of 963,93 (10 unrouted), using 21259,83 CPU seconds and 93660 MB memory.
2026-07-29 16:25:57.552 INFO   [303DB9\2587FA] Auto-router pass #54 on board 'dd33026880e6477e3a420147785b60ed' was completed in 1,31 seconds with the score of 963,93 (10 unrouted), using 21662,47 CPU seconds and 94526 MB memory.
2026-07-29 16:25:58.869 INFO   [303DB9\2587FA] Auto-router pass #55 on board 'dd33026880e6477e3a420147785b60ed' was completed in 1,29 seconds with the score of 963,93 (10 unrouted), using 21865,20 CPU seconds and 94925 MB memory.
2026-07-29 16:26:07.020 INFO   [303DB9\2587FA] Restoring an earlier board that has the score of 963,93 (10 unrouted).
2026-07-29 16:26:07.020 INFO   [303DB9\2587FA] Auto-router pass #56 on board 'dd33026880e6477e3a420147785b60ed' was completed in 8,13 seconds with the score of 963,93 (10 unrouted), using 23521,21 CPU seconds and 98965 MB memory.
2026-07-29 16:26:10.401 INFO   [303DB9\2587FA] Auto-router pass #57 on board 'dd33026880e6477e3a420147785b60ed' was completed in 3,35 seconds with the score of 965,31 (9 unrouted), using 24371,93 CPU seconds and 100836 MB memory.
2026-07-29 16:26:11.527 INFO   [303DB9\2587FA] Auto-router pass #58 on board '650a6744def98c353f3ed640a0ab993a' was completed in 1,06 seconds with the score of 965,31 (9 unrouted), using 24587,01 CPU seconds and 101295 MB memory.
2026-07-29 16:26:12.640 INFO   [303DB9\2587FA] Auto-router pass #59 on board '650a6744def98c353f3ed640a0ab993a' was completed in 1,09 seconds with the score of 965,31 (9 unrouted), using 24803,03 CPU seconds and 101746 MB memory.
2026-07-29 16:26:20.291 INFO   [303DB9\2587FA] Restoring an earlier board that has the score of 965,31 (9 unrouted).
2026-07-29 16:26:20.292 INFO   [303DB9\2587FA] Auto-router pass #60 on board '650a6744def98c353f3ed640a0ab993a' was completed in 7,62 seconds with the score of 965,31 (9 unrouted), using 26565,71 CPU seconds and 105748 MB memory.
2026-07-29 16:26:23.800 INFO   [303DB9\2587FA] Auto-router pass #61 on board '650a6744def98c353f3ed640a0ab993a' was completed in 3,48 seconds with the score of 965,31 (9 unrouted), using 27242,28 CPU seconds and 106962 MB memory.
2026-07-29 16:26:24.888 INFO   [303DB9\2587FA] Auto-router pass #62 on board '650a6744def98c353f3ed640a0ab993a' was completed in 1,06 seconds with the score of 965,31 (9 unrouted), using 27469,70 CPU seconds and 107421 MB memory.
2026-07-29 16:26:25.910 INFO   [303DB9\2587FA] Auto-router pass #63 on board '650a6744def98c353f3ed640a0ab993a' was completed in 1,00 seconds with the score of 965,31 (9 unrouted), using 27698,08 CPU seconds and 107895 MB memory.
2026-07-29 16:26:33.943 INFO   [303DB9\2587FA] Restoring an earlier board that has the score of 965,31 (9 unrouted).
2026-07-29 16:26:33.944 INFO   [303DB9\2587FA] Auto-router pass #64 on board '650a6744def98c353f3ed640a0ab993a' was completed in 8,01 seconds with the score of 965,31 (9 unrouted), using 29559,58 CPU seconds and 111918 MB memory.
2026-07-29 16:26:37.355 INFO   [303DB9\2587FA] Auto-router pass #65 on board '650a6744def98c353f3ed640a0ab993a' was completed in 3,38 seconds with the score of 965,31 (9 unrouted), using 30512,78 CPU seconds and 113607 MB memory.
2026-07-29 16:26:38.498 INFO   [303DB9\2587FA] Auto-router pass #66 on board '650a6744def98c353f3ed640a0ab993a' was completed in 1,11 seconds with the score of 965,31 (9 unrouted), using 30753,44 CPU seconds and 114034 MB memory.
2026-07-29 16:26:39.620 INFO   [303DB9\2587FA] Auto-router pass #67 on board '650a6744def98c353f3ed640a0ab993a' was completed in 1,10 seconds with the score of 965,31 (9 unrouted), using 30995,02 CPU seconds and 114487 MB memory.
2026-07-29 16:26:47.535 INFO   [303DB9\2587FA] Restoring an earlier board that has the score of 965,31 (9 unrouted).
2026-07-29 16:26:47.535 INFO   [303DB9\2587FA] Auto-router pass #68 on board '650a6744def98c353f3ed640a0ab993a' was completed in 7,89 seconds with the score of 965,31 (9 unrouted), using 32961,73 CPU seconds and 118463 MB memory.
2026-07-29 16:26:50.607 INFO   [303DB9\2587FA] Auto-router pass #69 on board '650a6744def98c353f3ed640a0ab993a' was completed in 3,04 seconds with the score of 965,31 (9 unrouted), using 33715,04 CPU seconds and 119873 MB memory.
2026-07-29 16:26:52.168 INFO   [303DB9\2587FA] Auto-router pass #70 on board '47399df3cb59a6da1da9dd68107af0d2' was completed in 1,47 seconds with the score of 965,31 (9 unrouted), using 33968,01 CPU seconds and 120289 MB memory.
2026-07-29 16:26:54.684 INFO   [303DB9\2587FA] Auto-router pass #71 on board '47399df3cb59a6da1da9dd68107af0d2' was completed in 2,47 seconds with the score of 965,31 (9 unrouted), using 34732,50 CPU seconds and 121454 MB memory.
2026-07-29 16:27:01.699 INFO   [303DB9\2587FA] Restoring an earlier board that has the score of 965,31 (9 unrouted).
2026-07-29 16:27:01.700 INFO   [303DB9\2587FA] Auto-router pass #72 on board '47399df3cb59a6da1da9dd68107af0d2' was completed in 6,99 seconds with the score of 965,31 (9 unrouted), using 36549,64 CPU seconds and 124969 MB memory.
2026-07-29 16:27:04.929 INFO   [303DB9\2587FA] Auto-router pass #73 on board '650a6744def98c353f3ed640a0ab993a' was completed in 3,21 seconds with the score of 965,31 (9 unrouted), using 37342,80 CPU seconds and 126411 MB memory.
2026-07-29 16:27:06.076 INFO   [303DB9\2587FA] Auto-router pass #74 on board '650a6744def98c353f3ed640a0ab993a' was completed in 1,12 seconds with the score of 965,31 (9 unrouted), using 37609,09 CPU seconds and 126875 MB memory.
2026-07-29 16:27:07.212 INFO   [303DB9\2587FA] Auto-router pass #75 on board '650a6744def98c353f3ed640a0ab993a' was completed in 1,11 seconds with the score of 965,31 (9 unrouted), using 37876,34 CPU seconds and 127302 MB memory.
2026-07-29 16:27:14.859 INFO   [303DB9\2587FA] Restoring an earlier board that has the score of 965,31 (9 unrouted).
2026-07-29 16:27:14.859 INFO   [303DB9\2587FA] Auto-router pass #76 on board '650a6744def98c353f3ed640a0ab993a' was completed in 7,62 seconds with the score of 965,31 (9 unrouted), using 40048,70 CPU seconds and 131244 MB memory.
2026-07-29 16:27:18.429 INFO   [303DB9\2587FA] Auto-router pass #77 on board '47399df3cb59a6da1da9dd68107af0d2' was completed in 3,54 seconds with the score of 965,31 (9 unrouted), using 41157,62 CPU seconds and 133010 MB memory.
2026-07-29 16:27:19.538 INFO   [303DB9\2587FA] Auto-router pass #78 on board '47399df3cb59a6da1da9dd68107af0d2' was completed in 1,07 seconds with the score of 965,31 (9 unrouted), using 41437,16 CPU seconds and 133445 MB memory.
2026-07-29 16:27:20.758 INFO   [303DB9\2587FA] Auto-router pass #79 on board '47399df3cb59a6da1da9dd68107af0d2' was completed in 1,20 seconds with the score of 965,31 (9 unrouted), using 41717,61 CPU seconds and 133868 MB memory.
2026-07-29 16:27:28.557 INFO   [303DB9\2587FA] Restoring an earlier board that has the score of 965,31 (9 unrouted).
2026-07-29 16:27:28.557 INFO   [303DB9\2587FA] Auto-router pass #80 on board '47399df3cb59a6da1da9dd68107af0d2' was completed in 7,77 seconds with the score of 965,31 (9 unrouted), using 43995,20 CPU seconds and 137662 MB memory.
2026-07-29 16:27:31.818 INFO   [303DB9\2587FA] Auto-router pass #81 on board '47399df3cb59a6da1da9dd68107af0d2' was completed in 3,24 seconds with the score of 966,60 (8 unrouted), using 44865,06 CPU seconds and 139011 MB memory.
2026-07-29 16:27:32.803 INFO   [303DB9\2587FA] Auto-router pass #82 on board 'a17f141ecb8e2fe5a7e2e55ef44f5683' was completed in 0,92 seconds with the score of 966,60 (8 unrouted), using 45156,91 CPU seconds and 139509 MB memory.
2026-07-29 16:27:33.838 INFO   [303DB9\2587FA] Auto-router pass #83 on board 'a17f141ecb8e2fe5a7e2e55ef44f5683' was completed in 1,01 seconds with the score of 966,60 (8 unrouted), using 45449,74 CPU seconds and 139976 MB memory.
2026-07-29 16:27:39.557 INFO   [303DB9\2587FA] Restoring an earlier board that has the score of 966,60 (8 unrouted).
2026-07-29 16:27:39.558 INFO   [303DB9\2587FA] Auto-router pass #84 on board 'a17f141ecb8e2fe5a7e2e55ef44f5683' was completed in 5,70 seconds with the score of 965,32 (9 unrouted), using 47226,62 CPU seconds and 142987 MB memory.
2026-07-29 16:27:42.111 INFO   [303DB9\2587FA] Auto-router pass #85 on board 'a17f141ecb8e2fe5a7e2e55ef44f5683' was completed in 2,53 seconds with the score of 965,32 (9 unrouted), using 47826,52 CPU seconds and 143900 MB memory.
2026-07-29 16:27:44.388 INFO   [303DB9\2587FA] Auto-router pass #86 on board '58415f684910ce119b7752ce5ab289a3' was completed in 2,21 seconds with the score of 966,48 (8 unrouted), using 48733,51 CPU seconds and 145270 MB memory.
2026-07-29 16:27:45.397 INFO   [303DB9\2587FA] Auto-router pass #87 on board 'f645ba2ab2ac8e326a8f9999ee2684cc' was completed in 0,95 seconds with the score of 966,48 (8 unrouted), using 49037,78 CPU seconds and 145759 MB memory.
2026-07-29 16:27:54.423 INFO   [303DB9\2587FA] Restoring an earlier board that has the score of 966,60 (8 unrouted).
2026-07-29 16:27:54.423 INFO   [303DB9\2587FA] Auto-router pass #88 on board 'f645ba2ab2ac8e326a8f9999ee2684cc' was completed in 9,00 seconds with the score of 966,48 (8 unrouted), using 51819,04 CPU seconds and 150420 MB memory.
2026-07-29 16:27:58.205 INFO   [303DB9\2587FA] Auto-router pass #89 on board 'a17f141ecb8e2fe5a7e2e55ef44f5683' was completed in 3,76 seconds with the score of 966,60 (8 unrouted), using 52763,38 CPU seconds and 151733 MB memory.
2026-07-29 16:27:59.232 INFO   [303DB9\2587FA] Auto-router pass #90 on board 'b8e7698f7c7f95cc82b2a040fe17fa75' was completed in 0,95 seconds with the score of 966,60 (8 unrouted), using 53080,07 CPU seconds and 152230 MB memory.
2026-07-29 16:28:00.210 INFO   [303DB9\2587FA] Auto-router pass #91 on board 'b8e7698f7c7f95cc82b2a040fe17fa75' was completed in 0,95 seconds with the score of 966,60 (8 unrouted), using 53397,74 CPU seconds and 152708 MB memory.
2026-07-29 16:28:07.317 INFO   [303DB9\2587FA] Restoring an earlier board that has the score of 966,60 (8 unrouted).
2026-07-29 16:28:07.318 INFO   [303DB9\2587FA] Auto-router pass #92 on board 'b8e7698f7c7f95cc82b2a040fe17fa75' was completed in 7,08 seconds with the score of 966,60 (8 unrouted), using 55973,60 CPU seconds and 156840 MB memory.
2026-07-29 16:28:11.227 INFO   [303DB9\2587FA] Auto-router pass #93 on board 'a17f141ecb8e2fe5a7e2e55ef44f5683' was completed in 3,88 seconds with the score of 967,87 (7 unrouted), using 56955,34 CPU seconds and 158193 MB memory.
2026-07-29 16:28:12.228 INFO   [303DB9\2587FA] Auto-router pass #94 on board 'ee72814c009266aca5bb599cf35a8fc1' was completed in 0,93 seconds with the score of 967,87 (7 unrouted), using 57284,49 CPU seconds and 158725 MB memory.
2026-07-29 16:28:13.134 INFO   [303DB9\2587FA] Auto-router pass #95 on board 'ee72814c009266aca5bb599cf35a8fc1' was completed in 0,88 seconds with the score of 967,87 (7 unrouted), using 57614,59 CPU seconds and 159178 MB memory.
2026-07-29 16:28:20.315 INFO   [303DB9\2587FA] Restoring an earlier board that has the score of 967,87 (7 unrouted).
2026-07-29 16:28:20.315 INFO   [303DB9\2587FA] Auto-router pass #96 on board 'ee72814c009266aca5bb599cf35a8fc1' was completed in 7,16 seconds with the score of 967,87 (7 unrouted), using 59952,09 CPU seconds and 162786 MB memory.
2026-07-29 16:28:23.495 INFO   [303DB9\2587FA] Auto-router pass #97 on board 'ee72814c009266aca5bb599cf35a8fc1' was completed in 3,15 seconds with the score of 967,87 (7 unrouted), using 61308,90 CPU seconds and 164674 MB memory.
2026-07-29 16:28:24.402 INFO   [303DB9\2587FA] Auto-router pass #98 on board 'ee72814c009266aca5bb599cf35a8fc1' was completed in 0,88 seconds with the score of 967,87 (7 unrouted), using 61650,48 CPU seconds and 165133 MB memory.
2026-07-29 16:28:25.315 INFO   [303DB9\2587FA] Auto-router pass #99 on board 'ee72814c009266aca5bb599cf35a8fc1' was completed in 0,89 seconds with the score of 967,87 (7 unrouted), using 61650,48 CPU seconds and 165133 MB memory.
2026-07-29 16:28:32.047 INFO   [303DB9\2587FA] Restoring an earlier board that has the score of 967,87 (7 unrouted).
2026-07-29 16:28:32.047 INFO   [303DB9\2587FA] Auto-router pass #100 on board 'ee72814c009266aca5bb599cf35a8fc1' was completed in 6,71 seconds with the score of 967,87 (7 unrouted), using 64068,38 CPU seconds and 168636 MB memory.
2026-07-29 16:28:35.248 INFO   [303DB9\2587FA] Auto-router pass #101 on board 'ee72814c009266aca5bb599cf35a8fc1' was completed in 3,17 seconds with the score of 967,87 (7 unrouted), using 65118,89 CPU seconds and 170025 MB memory.
2026-07-29 16:28:36.190 INFO   [303DB9\2587FA] Auto-router pass #102 on board 'ee72814c009266aca5bb599cf35a8fc1' was completed in 0,92 seconds with the score of 967,87 (7 unrouted), using 65470,95 CPU seconds and 170483 MB memory.
2026-07-29 16:28:37.096 INFO   [303DB9\2587FA] Auto-router pass #103 on board 'ee72814c009266aca5bb599cf35a8fc1' was completed in 0,88 seconds with the score of 967,87 (7 unrouted), using 65823,96 CPU seconds and 170946 MB memory.
2026-07-29 16:28:44.133 INFO   [303DB9\2587FA] Restoring an earlier board that has the score of 967,87 (7 unrouted).
2026-07-29 16:28:44.134 INFO   [303DB9\2587FA] Auto-router pass #104 on board 'ee72814c009266aca5bb599cf35a8fc1' was completed in 7,01 seconds with the score of 967,87 (7 unrouted), using 68321,91 CPU seconds and 174461 MB memory.
2026-07-29 16:28:47.209 INFO   [303DB9\2587FA] Auto-router pass #105 on board 'ee72814c009266aca5bb599cf35a8fc1' was completed in 3,05 seconds with the score of 967,87 (7 unrouted), using 69406,74 CPU seconds and 175847 MB memory.
2026-07-29 16:28:48.193 INFO   [303DB9\2587FA] Auto-router pass #106 on board 'ee72814c009266aca5bb599cf35a8fc1' was completed in 0,96 seconds with the score of 967,87 (7 unrouted), using 69770,22 CPU seconds and 176275 MB memory.
2026-07-29 16:28:49.147 INFO   [303DB9\2587FA] Auto-router pass #107 on board 'ee72814c009266aca5bb599cf35a8fc1' was completed in 0,93 seconds with the score of 967,87 (7 unrouted), using 70134,62 CPU seconds and 176708 MB memory.
2026-07-29 16:28:56.433 INFO   [303DB9\2587FA] Restoring an earlier board that has the score of 967,87 (7 unrouted).
2026-07-29 16:28:56.434 INFO   [303DB9\2587FA] Auto-router pass #108 on board 'ee72814c009266aca5bb599cf35a8fc1' was completed in 7,26 seconds with the score of 967,87 (7 unrouted), using 73084,23 CPU seconds and 180653 MB memory.
2026-07-29 16:28:59.548 INFO   [303DB9\2587FA] Auto-router pass #109 on board 'ee72814c009266aca5bb599cf35a8fc1' was completed in 3,09 seconds with the score of 967,87 (7 unrouted), using 74206,05 CPU seconds and 181967 MB memory.
2026-07-29 16:29:00.512 INFO   [303DB9\2587FA] Auto-router pass #110 on board 'f7890c8c930896b3e604f6ae0f473cc5' was completed in 0,89 seconds with the score of 967,87 (7 unrouted), using 74581,89 CPU seconds and 182423 MB memory.
2026-07-29 16:29:01.442 INFO   [303DB9\2587FA] Auto-router pass #111 on board 'f7890c8c930896b3e604f6ae0f473cc5' was completed in 0,90 seconds with the score of 967,87 (7 unrouted), using 74958,68 CPU seconds and 182880 MB memory.
2026-07-29 16:29:08.703 INFO   [303DB9\2587FA] Restoring an earlier board that has the score of 967,87 (7 unrouted).
2026-07-29 16:29:08.703 INFO   [303DB9\2587FA] Auto-router pass #112 on board 'f7890c8c930896b3e604f6ae0f473cc5' was completed in 7,24 seconds with the score of 967,87 (7 unrouted), using 77623,31 CPU seconds and 186649 MB memory.
2026-07-29 16:29:11.631 INFO   [303DB9\2587FA] Auto-router pass #113 on board 'f7890c8c930896b3e604f6ae0f473cc5' was completed in 2,90 seconds with the score of 967,87 (7 unrouted), using 78779,76 CPU seconds and 188106 MB memory.
2026-07-29 16:29:12.539 INFO   [303DB9\2587FA] Auto-router pass #114 on board 'f7890c8c930896b3e604f6ae0f473cc5' was completed in 0,89 seconds with the score of 967,87 (7 unrouted), using 79167,16 CPU seconds and 188589 MB memory.
2026-07-29 16:29:13.417 INFO   [303DB9\2587FA] Auto-router pass #115 on board 'f7890c8c930896b3e604f6ae0f473cc5' was completed in 0,85 seconds with the score of 967,87 (7 unrouted), using 79555,51 CPU seconds and 189058 MB memory.
2026-07-29 16:29:19.927 INFO   [303DB9\2587FA] Restoring an earlier board that has the score of 967,87 (7 unrouted).
2026-07-29 16:29:19.928 INFO   [303DB9\2587FA] Auto-router pass #116 on board 'f7890c8c930896b3e604f6ae0f473cc5' was completed in 6,49 seconds with the score of 967,87 (7 unrouted), using 81905,91 CPU seconds and 192260 MB memory.
2026-07-29 16:29:22.496 INFO   [303DB9\2587FA] Auto-router pass #117 on board 'f7890c8c930896b3e604f6ae0f473cc5' was completed in 2,54 seconds with the score of 967,87 (7 unrouted), using 83094,16 CPU seconds and 193716 MB memory.
2026-07-29 16:29:24.071 INFO   [303DB9\2587FA] Auto-router pass #118 on board 'e5f11ab3114dbe79fb0ced7621584588' was completed in 1,50 seconds with the score of 967,87 (7 unrouted), using 83492,16 CPU seconds and 194226 MB memory.
2026-07-29 16:29:25.639 INFO   [303DB9\2587FA] Auto-router pass #119 on board '1f692ae8b1a5cdac9c8a37d977b189d3' was completed in 1,50 seconds with the score of 967,87 (7 unrouted), using 84291,05 CPU seconds and 195262 MB memory.
2026-07-29 16:29:33.059 INFO   [303DB9\2587FA] Restoring an earlier board that has the score of 967,87 (7 unrouted).
2026-07-29 16:29:33.059 INFO   [303DB9\2587FA] Auto-router pass #120 on board '31b36439ba24a26471a1bcd2d45e3b54' was completed in 7,34 seconds with the score of 967,87 (7 unrouted), using 87117,57 CPU seconds and 198981 MB memory.
2026-07-29 16:29:36.252 INFO   [303DB9\2587FA] Auto-router pass #121 on board 'e5f11ab3114dbe79fb0ced7621584588' was completed in 3,17 seconds with the score of 967,87 (7 unrouted), using 88343,22 CPU seconds and 200321 MB memory.
2026-07-29 16:29:37.316 INFO   [303DB9\2587FA] Auto-router pass #122 on board 'e5f11ab3114dbe79fb0ced7621584588' was completed in 1,04 seconds with the score of 967,87 (7 unrouted), using 88753,61 CPU seconds and 200773 MB memory.
2026-07-29 16:29:38.298 INFO   [303DB9\2587FA] Auto-router pass #123 on board 'e5f11ab3114dbe79fb0ced7621584588' was completed in 0,95 seconds with the score of 967,87 (7 unrouted), using 89164,89 CPU seconds and 201195 MB memory.
2026-07-29 16:29:46.244 INFO   [303DB9\2587FA] Restoring an earlier board that has the score of 967,87 (7 unrouted).
2026-07-29 16:29:46.244 INFO   [303DB9\2587FA] Auto-router pass #124 on board 'e5f11ab3114dbe79fb0ced7621584588' was completed in 7,92 seconds with the score of 967,87 (7 unrouted), using 92488,56 CPU seconds and 204889 MB memory.
2026-07-29 16:29:49.382 INFO   [303DB9\2587FA] Auto-router pass #125 on board 'e5f11ab3114dbe79fb0ced7621584588' was completed in 3,12 seconds with the score of 967,87 (7 unrouted), using 94173,18 CPU seconds and 206741 MB memory.
2026-07-29 16:29:50.417 INFO   [303DB9\2587FA] Auto-router pass #126 on board 'e5f11ab3114dbe79fb0ced7621584588' was completed in 1,01 seconds with the score of 967,87 (7 unrouted), using 94596,66 CPU seconds and 207171 MB memory.
2026-07-29 16:29:51.409 INFO   [303DB9\2587FA] Auto-router pass #127 on board 'e5f11ab3114dbe79fb0ced7621584588' was completed in 0,97 seconds with the score of 967,87 (7 unrouted), using 95021,05 CPU seconds and 207593 MB memory.
2026-07-29 16:29:57.772 INFO   [303DB9\2587FA] Restoring an earlier board that has the score of 967,87 (7 unrouted).
2026-07-29 16:29:57.772 INFO   [303DB9\2587FA] Auto-router pass #128 on board 'e5f11ab3114dbe79fb0ced7621584588' was completed in 6,34 seconds with the score of 967,87 (7 unrouted), using 97587,24 CPU seconds and 210680 MB memory.
2026-07-29 16:30:01.001 INFO   [303DB9\2587FA] Auto-router pass #129 on board 'e5f11ab3114dbe79fb0ced7621584588' was completed in 3,20 seconds with the score of 967,87 (7 unrouted), using 98883,28 CPU seconds and 212109 MB memory.
2026-07-29 16:30:01.858 INFO   [303DB9\2587FA] Auto-router pass #130 on board 'e5f11ab3114dbe79fb0ced7621584588' was completed in 0,83 seconds with the score of 967,87 (7 unrouted), using 99317,20 CPU seconds and 212667 MB memory.
2026-07-29 16:30:02.733 INFO   [303DB9\2587FA] Auto-router pass #131 on board 'e5f11ab3114dbe79fb0ced7621584588' was completed in 0,85 seconds with the score of 967,87 (7 unrouted), using 99752,07 CPU seconds and 213156 MB memory.
2026-07-29 16:30:09.388 INFO   [303DB9\2587FA] Restoring an earlier board that has the score of 967,87 (7 unrouted).
2026-07-29 16:30:09.389 INFO   [303DB9\2587FA] Auto-router pass #132 on board 'e5f11ab3114dbe79fb0ced7621584588' was completed in 6,63 seconds with the score of 967,87 (7 unrouted), using 102381,70 CPU seconds and 216373 MB memory.
2026-07-29 16:30:12.319 INFO   [303DB9\2587FA] Auto-router pass #133 on board 'e5f11ab3114dbe79fb0ced7621584588' was completed in 2,91 seconds with the score of 967,87 (7 unrouted), using 103709,52 CPU seconds and 217876 MB memory.
2026-07-29 16:30:13.227 INFO   [303DB9\2587FA] Auto-router pass #134 on board 'e5f11ab3114dbe79fb0ced7621584588' was completed in 0,89 seconds with the score of 967,87 (7 unrouted), using 104154,05 CPU seconds and 218348 MB memory.
2026-07-29 16:30:14.095 INFO   [303DB9\2587FA] Auto-router pass #135 on board 'e5f11ab3114dbe79fb0ced7621584588' was completed in 0,84 seconds with the score of 967,87 (7 unrouted), using 104599,54 CPU seconds and 218833 MB memory.
2026-07-29 16:30:23.827 INFO   [303DB9\2587FA] Restoring an earlier board that has the score of 967,87 (7 unrouted).
2026-07-29 16:30:23.827 INFO   [303DB9\2587FA] Auto-router pass #136 on board 'e5f11ab3114dbe79fb0ced7621584588' was completed in 9,71 seconds with the score of 966,62 (8 unrouted), using 109107,20 CPU seconds and 223894 MB memory.
2026-07-29 16:30:27.326 INFO   [303DB9\2587FA] Auto-router pass #137 on board '1f692ae8b1a5cdac9c8a37d977b189d3' was completed in 3,47 seconds with the score of 967,87 (7 unrouted), using 110478,11 CPU seconds and 225261 MB memory.
2026-07-29 16:30:28.208 INFO   [303DB9\2587FA] Auto-router pass #138 on board '1f692ae8b1a5cdac9c8a37d977b189d3' was completed in 0,86 seconds with the score of 967,87 (7 unrouted), using 110936,97 CPU seconds and 225788 MB memory.
2026-07-29 16:30:29.123 INFO   [303DB9\2587FA] Auto-router pass #139 on board '1f692ae8b1a5cdac9c8a37d977b189d3' was completed in 0,89 seconds with the score of 967,87 (7 unrouted), using 111396,78 CPU seconds and 226260 MB memory.
2026-07-29 16:30:36.847 INFO   [303DB9\2587FA] Restoring an earlier board that has the score of 967,87 (7 unrouted).
2026-07-29 16:30:36.847 INFO   [303DB9\2587FA] Auto-router pass #140 on board '1f692ae8b1a5cdac9c8a37d977b189d3' was completed in 7,70 seconds with the score of 967,87 (7 unrouted), using 115109,23 CPU seconds and 230245 MB memory.
2026-07-29 16:30:40.030 INFO   [303DB9\2587FA] Auto-router pass #141 on board '1f692ae8b1a5cdac9c8a37d977b189d3' was completed in 3,16 seconds with the score of 967,87 (7 unrouted), using 116517,13 CPU seconds and 231627 MB memory.
2026-07-29 16:30:41.044 INFO   [303DB9\2587FA] Auto-router pass #142 on board '1f692ae8b1a5cdac9c8a37d977b189d3' was completed in 0,99 seconds with the score of 967,87 (7 unrouted), using 116988,30 CPU seconds and 232052 MB memory.
2026-07-29 16:30:41.997 INFO   [303DB9\2587FA] Auto-router pass #143 on board '1f692ae8b1a5cdac9c8a37d977b189d3' was completed in 0,93 seconds with the score of 967,87 (7 unrouted), using 117460,41 CPU seconds and 232479 MB memory.
2026-07-29 16:30:49.024 INFO   [303DB9\2587FA] Restoring an earlier board that has the score of 967,87 (7 unrouted).
2026-07-29 16:30:49.025 INFO   [303DB9\2587FA] Auto-router pass #144 on board '1f692ae8b1a5cdac9c8a37d977b189d3' was completed in 7,00 seconds with the score of 967,87 (7 unrouted), using 120791,48 CPU seconds and 235981 MB memory.
2026-07-29 16:30:52.140 INFO   [303DB9\2587FA] Auto-router pass #145 on board '1f692ae8b1a5cdac9c8a37d977b189d3' was completed in 3,09 seconds with the score of 967,87 (7 unrouted), using 122233,42 CPU seconds and 237417 MB memory.
2026-07-29 16:30:53.128 INFO   [303DB9\2587FA] Auto-router pass #146 on board '1f692ae8b1a5cdac9c8a37d977b189d3' was completed in 0,96 seconds with the score of 967,87 (7 unrouted), using 122715,94 CPU seconds and 237836 MB memory.
2026-07-29 16:30:54.100 INFO   [303DB9\2587FA] Auto-router pass #147 on board '1f692ae8b1a5cdac9c8a37d977b189d3' was completed in 0,95 seconds with the score of 967,87 (7 unrouted), using 123199,41 CPU seconds and 238296 MB memory.
2026-07-29 16:30:59.728 INFO   [303DB9\2587FA] Restoring an earlier board that has the score of 967,87 (7 unrouted).
2026-07-29 16:30:59.729 INFO   [303DB9\2587FA] Auto-router pass #148 on board '1f692ae8b1a5cdac9c8a37d977b189d3' was completed in 5,61 seconds with the score of 967,87 (7 unrouted), using 126119,90 CPU seconds and 241349 MB memory.
2026-07-29 16:31:02.260 INFO   [303DB9\2587FA] Auto-router pass #149 on board '1f692ae8b1a5cdac9c8a37d977b189d3' was completed in 2,51 seconds with the score of 966,60 (8 unrouted), using 127101,02 CPU seconds and 242282 MB memory.
2026-07-29 16:31:04.501 INFO   [303DB9\2587FA] Auto-router pass #150 on board '4dc7cda73a42e9cf93288ad5a492bd59' was completed in 2,18 seconds with the score of 967,75 (7 unrouted), using 128579,84 CPU seconds and 243668 MB memory.
2026-07-29 16:31:05.500 INFO   [303DB9\2587FA] Auto-router pass #151 on board '0a46c4bac647268dafa6ee454445fb36' was completed in 0,91 seconds with the score of 967,75 (7 unrouted), using 129074,67 CPU seconds and 244120 MB memory.
2026-07-29 16:31:13.340 INFO   [303DB9\2587FA] Restoring an earlier board that has the score of 967,87 (7 unrouted).
2026-07-29 16:31:13.340 INFO   [303DB9\2587FA] Auto-router pass #152 on board '0a46c4bac647268dafa6ee454445fb36' was completed in 7,82 seconds with the score of 967,75 (7 unrouted), using 132564,91 CPU seconds and 247484 MB memory.
2026-07-29 16:31:16.016 INFO   [303DB9\2587FA] Auto-router pass #153 on board '31b36439ba24a26471a1bcd2d45e3b54' was completed in 2,65 seconds with the score of 967,87 (7 unrouted), using 134074,98 CPU seconds and 248891 MB memory.
2026-07-29 16:31:17.590 INFO   [303DB9\2587FA] Auto-router pass #154 on board '60221045b08c39edbd9b04a1a809ffbb' was completed in 1,51 seconds with the score of 967,87 (7 unrouted), using 135086,44 CPU seconds and 249854 MB memory.
2026-07-29 16:31:19.200 INFO   [303DB9\2587FA] Auto-router pass #155 on board '2151ebce0c38c0a80cc493a5b1060a8c' was completed in 1,54 seconds with the score of 967,87 (7 unrouted), using 135593,59 CPU seconds and 250340 MB memory.
2026-07-29 16:31:26.698 INFO   [303DB9\2587FA] Restoring an earlier board that has the score of 967,87 (7 unrouted).
2026-07-29 16:31:26.699 INFO   [303DB9\2587FA] Auto-router pass #156 on board 'f0fce978326f97ad9c8c6f57ab762982' was completed in 7,43 seconds with the score of 967,87 (7 unrouted), using 139685,30 CPU seconds and 254461 MB memory.
2026-07-29 16:31:29.567 INFO   [303DB9\2587FA] Auto-router pass #157 on board '31b36439ba24a26471a1bcd2d45e3b54' was completed in 2,85 seconds with the score of 967,87 (7 unrouted), using 141235,47 CPU seconds and 255924 MB memory.
2026-07-29 16:31:30.456 INFO   [303DB9\2587FA] Auto-router pass #158 on board '31b36439ba24a26471a1bcd2d45e3b54' was completed in 0,87 seconds with the score of 967,87 (7 unrouted), using 141235,47 CPU seconds and 255924 MB memory.
2026-07-29 16:31:31.335 INFO   [303DB9\2587FA] Auto-router pass #159 on board '31b36439ba24a26471a1bcd2d45e3b54' was completed in 0,86 seconds with the score of 967,87 (7 unrouted), using 141754,11 CPU seconds and 256404 MB memory.
2026-07-29 16:31:38.471 INFO   [303DB9\2587FA] Restoring an earlier board that has the score of 967,87 (7 unrouted).
2026-07-29 16:31:38.471 INFO   [303DB9\2587FA] Auto-router pass #160 on board '31b36439ba24a26471a1bcd2d45e3b54' was completed in 7,11 seconds with the score of 967,87 (7 unrouted), using 145411,81 CPU seconds and 260151 MB memory.
2026-07-29 16:31:41.473 INFO   [303DB9\2587FA] Auto-router pass #161 on board '31b36439ba24a26471a1bcd2d45e3b54' was completed in 2,96 seconds with the score of 967,87 (7 unrouted), using 146993,91 CPU seconds and 261627 MB memory.
2026-07-29 16:31:42.373 INFO   [303DB9\2587FA] Auto-router pass #162 on board '31b36439ba24a26471a1bcd2d45e3b54' was completed in 0,88 seconds with the score of 967,87 (7 unrouted), using 147523,19 CPU seconds and 262096 MB memory.
2026-07-29 16:31:43.249 INFO   [303DB9\2587FA] Auto-router pass #163 on board '31b36439ba24a26471a1bcd2d45e3b54' was completed in 0,85 seconds with the score of 967,87 (7 unrouted), using 148053,42 CPU seconds and 262575 MB memory.
2026-07-29 16:31:50.302 INFO   [303DB9\2587FA] Restoring an earlier board that has the score of 967,87 (7 unrouted).
2026-07-29 16:31:50.302 INFO   [303DB9\2587FA] Auto-router pass #164 on board '31b36439ba24a26471a1bcd2d45e3b54' was completed in 7,03 seconds with the score of 967,87 (7 unrouted), using 151792,08 CPU seconds and 266305 MB memory.
2026-07-29 16:31:52.820 INFO   [303DB9\2587FA] Auto-router pass #165 on board '31b36439ba24a26471a1bcd2d45e3b54' was completed in 2,49 seconds with the score of 967,87 (7 unrouted), using 153408,83 CPU seconds and 267781 MB memory.
2026-07-29 16:31:54.363 INFO   [303DB9\2587FA] Auto-router pass #166 on board '406f423cc5edfc82b8cd2b2b965e0ccc' was completed in 1,48 seconds with the score of 967,87 (7 unrouted), using 153949,66 CPU seconds and 268285 MB memory.
2026-07-29 16:31:55.931 INFO   [303DB9\2587FA] Auto-router pass #167 on board 'de57d1c6e13bee8432ef96c13129fad1' was completed in 1,50 seconds with the score of 967,87 (7 unrouted), using 155034,20 CPU seconds and 269308 MB memory.
2026-07-29 16:32:03.089 INFO   [303DB9\2587FA] Restoring an earlier board that has the score of 967,87 (7 unrouted).
2026-07-29 16:32:03.089 INFO   [303DB9\2587FA] Auto-router pass #168 on board '5a77515ab1ba56a5fc0cd46bad06cb6e' was completed in 7,09 seconds with the score of 967,87 (7 unrouted), using 158860,39 CPU seconds and 272957 MB memory.
2026-07-29 16:32:06.387 INFO   [303DB9\2587FA] Auto-router pass #169 on board 'f7890c8c930896b3e604f6ae0f473cc5' was completed in 3,27 seconds with the score of 967,87 (7 unrouted), using 160514,50 CPU seconds and 274331 MB memory.
2026-07-29 16:32:07.267 INFO   [303DB9\2587FA] Auto-router pass #170 on board 'f7890c8c930896b3e604f6ae0f473cc5' was completed in 0,86 seconds with the score of 967,87 (7 unrouted), using 161067,78 CPU seconds and 274903 MB memory.
2026-07-29 16:32:08.143 INFO   [303DB9\2587FA] Auto-router pass #171 on board 'f7890c8c930896b3e604f6ae0f473cc5' was completed in 0,85 seconds with the score of 967,87 (7 unrouted), using 161622,03 CPU seconds and 275397 MB memory.
2026-07-29 16:32:15.128 INFO   [303DB9\2587FA] Restoring an earlier board that has the score of 967,87 (7 unrouted).
2026-07-29 16:32:15.128 INFO   [303DB9\2587FA] Auto-router pass #172 on board 'f7890c8c930896b3e604f6ae0f473cc5' was completed in 6,96 seconds with the score of 967,87 (7 unrouted), using 165528,92 CPU seconds and 279154 MB memory.
2026-07-29 16:32:17.948 INFO   [303DB9\2587FA] Auto-router pass #173 on board 'f7890c8c930896b3e604f6ae0f473cc5' was completed in 2,79 seconds with the score of 967,87 (7 unrouted), using 167217,88 CPU seconds and 280595 MB memory.
2026-07-29 16:32:18.821 INFO   [303DB9\2587FA] Auto-router pass #174 on board 'f7890c8c930896b3e604f6ae0f473cc5' was completed in 0,85 seconds with the score of 967,87 (7 unrouted), using 167782,80 CPU seconds and 281076 MB memory.
2026-07-29 16:32:19.706 INFO   [303DB9\2587FA] Auto-router pass #175 on board 'f7890c8c930896b3e604f6ae0f473cc5' was completed in 0,86 seconds with the score of 967,87 (7 unrouted), using 168348,69 CPU seconds and 281561 MB memory.
2026-07-29 16:32:26.263 INFO   [303DB9\2587FA] Restoring an earlier board that has the score of 967,87 (7 unrouted).
2026-07-29 16:32:26.264 INFO   [303DB9\2587FA] Auto-router pass #176 on board 'f7890c8c930896b3e604f6ae0f473cc5' was completed in 6,54 seconds with the score of 967,87 (7 unrouted), using 171764,44 CPU seconds and 284733 MB memory.
2026-07-29 16:32:29.319 INFO   [303DB9\2587FA] Auto-router pass #177 on board '5a77515ab1ba56a5fc0cd46bad06cb6e' was completed in 3,03 seconds with the score of 967,87 (7 unrouted), using 173485,39 CPU seconds and 286198 MB memory.
2026-07-29 16:32:30.216 INFO   [303DB9\2587FA] Auto-router pass #178 on board '5a77515ab1ba56a5fc0cd46bad06cb6e' was completed in 0,88 seconds with the score of 967,87 (7 unrouted), using 174060,97 CPU seconds and 286670 MB memory.
2026-07-29 16:32:31.087 INFO   [303DB9\2587FA] Auto-router pass #179 on board '5a77515ab1ba56a5fc0cd46bad06cb6e' was completed in 0,85 seconds with the score of 967,87 (7 unrouted), using 174637,52 CPU seconds and 287160 MB memory.
2026-07-29 16:32:38.100 INFO   [303DB9\2587FA] Restoring an earlier board that has the score of 967,87 (7 unrouted).
2026-07-29 16:32:38.100 INFO   [303DB9\2587FA] Auto-router pass #180 on board '5a77515ab1ba56a5fc0cd46bad06cb6e' was completed in 6,99 seconds with the score of 967,87 (7 unrouted), using 178700,55 CPU seconds and 290822 MB memory.
2026-07-29 16:32:41.175 INFO   [303DB9\2587FA] Auto-router pass #181 on board '5a77515ab1ba56a5fc0cd46bad06cb6e' was completed in 3,05 seconds with the score of 967,87 (7 unrouted), using 180456,42 CPU seconds and 292259 MB memory.
2026-07-29 16:32:42.068 INFO   [303DB9\2587FA] Auto-router pass #182 on board '5a77515ab1ba56a5fc0cd46bad06cb6e' was completed in 0,87 seconds with the score of 967,87 (7 unrouted), using 181043,64 CPU seconds and 292766 MB memory.
2026-07-29 16:32:42.948 INFO   [303DB9\2587FA] Auto-router pass #183 on board '5a77515ab1ba56a5fc0cd46bad06cb6e' was completed in 0,86 seconds with the score of 967,87 (7 unrouted), using 181631,83 CPU seconds and 293254 MB memory.
2026-07-29 16:32:50.999 INFO   [303DB9\2587FA] Restoring an earlier board that has the score of 967,87 (7 unrouted).
2026-07-29 16:32:50.999 INFO   [303DB9\2587FA] Auto-router pass #184 on board '5a77515ab1ba56a5fc0cd46bad06cb6e' was completed in 8,03 seconds with the score of 967,87 (7 unrouted), using 186372,30 CPU seconds and 297537 MB memory.
2026-07-29 16:32:53.620 INFO   [303DB9\2587FA] Auto-router pass #185 on board '5a77515ab1ba56a5fc0cd46bad06cb6e' was completed in 2,60 seconds with the score of 967,87 (7 unrouted), using 188165,97 CPU seconds and 299014 MB memory.
2026-07-29 16:32:55.225 INFO   [303DB9\2587FA] Auto-router pass #186 on board '85e5714a6539f8398befd52fb5c1e41c' was completed in 1,54 seconds with the score of 967,87 (7 unrouted), using 188765,80 CPU seconds and 299521 MB memory.
2026-07-29 16:32:56.837 INFO   [303DB9\2587FA] Auto-router pass #187 on board '23be31b63285850e4381d52ea0a72423' was completed in 1,55 seconds with the score of 967,87 (7 unrouted), using 189968,36 CPU seconds and 300548 MB memory.
2026-07-29 16:33:03.654 INFO   [303DB9\2587FA] Restoring an earlier board that has the score of 967,87 (7 unrouted).
2026-07-29 16:33:03.654 INFO   [303DB9\2587FA] Auto-router pass #188 on board '4f739b7f149ff326df457050484194d0' was completed in 6,75 seconds with the score of 967,87 (7 unrouted), using 194207,95 CPU seconds and 304198 MB memory.
2026-07-29 16:33:06.794 INFO   [303DB9\2587FA] Auto-router pass #189 on board '5a77515ab1ba56a5fc0cd46bad06cb6e' was completed in 3,11 seconds with the score of 967,87 (7 unrouted), using 196039,45 CPU seconds and 305686 MB memory.
2026-07-29 16:33:07.690 INFO   [303DB9\2587FA] Auto-router pass #190 on board '5a77515ab1ba56a5fc0cd46bad06cb6e' was completed in 0,87 seconds with the score of 967,87 (7 unrouted), using 196651,88 CPU seconds and 306171 MB memory.
2026-07-29 16:33:08.572 INFO   [303DB9\2587FA] Auto-router pass #191 on board '5a77515ab1ba56a5fc0cd46bad06cb6e' was completed in 0,86 seconds with the score of 967,87 (7 unrouted), using 197265,27 CPU seconds and 306647 MB memory.
2026-07-29 16:33:15.523 INFO   [303DB9\2587FA] Restoring an earlier board that has the score of 967,87 (7 unrouted).
2026-07-29 16:33:15.523 INFO   [303DB9\2587FA] Auto-router pass #192 on board '5a77515ab1ba56a5fc0cd46bad06cb6e' was completed in 6,93 seconds with the score of 967,87 (7 unrouted), using 201586,19 CPU seconds and 310296 MB memory.
2026-07-29 16:33:18.381 INFO   [303DB9\2587FA] Auto-router pass #193 on board '85e5714a6539f8398befd52fb5c1e41c' was completed in 2,83 seconds with the score of 967,87 (7 unrouted), using 202829,45 CPU seconds and 311256 MB memory.
2026-07-29 16:33:19.267 INFO   [303DB9\2587FA] Auto-router pass #194 on board '85e5714a6539f8398befd52fb5c1e41c' was completed in 0,86 seconds with the score of 967,87 (7 unrouted), using 203452,53 CPU seconds and 311745 MB memory.
2026-07-29 16:33:20.149 INFO   [303DB9\2587FA] Auto-router pass #195 on board '85e5714a6539f8398befd52fb5c1e41c' was completed in 0,86 seconds with the score of 967,87 (7 unrouted), using 204076,58 CPU seconds and 312229 MB memory.
2026-07-29 16:33:26.977 INFO   [303DB9\2587FA] Restoring an earlier board that has the score of 967,87 (7 unrouted).
2026-07-29 16:33:26.978 INFO   [303DB9\2587FA] Auto-router pass #196 on board '85e5714a6539f8398befd52fb5c1e41c' was completed in 6,80 seconds with the score of 967,87 (7 unrouted), using 208472,20 CPU seconds and 315979 MB memory.
2026-07-29 16:33:29.513 INFO   [303DB9\2587FA] Auto-router pass #197 on board '85e5714a6539f8398befd52fb5c1e41c' was completed in 2,51 seconds with the score of 967,87 (7 unrouted), using 209736,80 CPU seconds and 316954 MB memory.
2026-07-29 16:33:31.054 INFO   [303DB9\2587FA] Auto-router pass #198 on board 'f36d1515744cebb96e21e530f9495870' was completed in 1,47 seconds with the score of 967,87 (7 unrouted), using 211005,27 CPU seconds and 317976 MB memory.
2026-07-29 16:33:32.623 INFO   [303DB9\2587FA] Auto-router pass #199 on board '79303904f6c324945e2df5dd1d54de80' was completed in 1,50 seconds with the score of 967,87 (7 unrouted), using 212277,61 CPU seconds and 318990 MB memory.
2026-07-29 16:33:39.586 INFO   [303DB9\2587FA] Restoring an earlier board that has the score of 967,87 (7 unrouted).
2026-07-29 16:33:39.586 INFO   [303DB9\2587FA] Auto-router pass #200 on board 'f26cc9a1bbf89d9509f6199eea43d830' was completed in 6,90 seconds with the score of 966,59 (8 unrouted), using 216761,30 CPU seconds and 322668 MB memory.
2026-07-29 16:33:42.557 INFO   [303DB9\2587FA] Auto-router pass #201 on board '85e5714a6539f8398befd52fb5c1e41c' was completed in 2,94 seconds with the score of 967,87 (7 unrouted), using 218697,38 CPU seconds and 324101 MB memory.
2026-07-29 16:33:43.439 INFO   [303DB9\2587FA] Auto-router pass #202 on board '85e5714a6539f8398befd52fb5c1e41c' was completed in 0,86 seconds with the score of 967,87 (7 unrouted), using 218697,38 CPU seconds and 324101 MB memory.
2026-07-29 16:33:44.329 INFO   [303DB9\2587FA] Auto-router pass #203 on board '85e5714a6539f8398befd52fb5c1e41c' was completed in 0,86 seconds with the score of 967,87 (7 unrouted), using 219344,67 CPU seconds and 324587 MB memory.
2026-07-29 16:33:51.138 INFO   [303DB9\2587FA] Restoring an earlier board that has the score of 967,87 (7 unrouted).
2026-07-29 16:33:51.139 INFO   [303DB9\2587FA] Auto-router pass #204 on board '85e5714a6539f8398befd52fb5c1e41c' was completed in 6,79 seconds with the score of 967,87 (7 unrouted), using 223902,98 CPU seconds and 328311 MB memory.
2026-07-29 16:33:54.091 INFO   [303DB9\2587FA] Auto-router pass #205 on board '85e5714a6539f8398befd52fb5c1e41c' was completed in 2,93 seconds with the score of 967,87 (7 unrouted), using 225871,06 CPU seconds and 329776 MB memory.
2026-07-29 16:33:55.027 INFO   [303DB9\2587FA] Auto-router pass #206 on board '85e5714a6539f8398befd52fb5c1e41c' was completed in 0,91 seconds with the score of 967,87 (7 unrouted), using 226529,02 CPU seconds and 330245 MB memory.
2026-07-29 16:33:55.931 INFO   [303DB9\2587FA] Auto-router pass #207 on board '85e5714a6539f8398befd52fb5c1e41c' was completed in 0,88 seconds with the score of 967,87 (7 unrouted), using 227187,92 CPU seconds and 330713 MB memory.
2026-07-29 16:34:03.767 INFO   [303DB9\2587FA] Restoring an earlier board that has the score of 967,87 (7 unrouted).
2026-07-29 16:34:03.768 INFO   [303DB9\2587FA] Auto-router pass #208 on board '85e5714a6539f8398befd52fb5c1e41c' was completed in 7,81 seconds with the score of 967,87 (7 unrouted), using 232491,83 CPU seconds and 334453 MB memory.
2026-07-29 16:34:07.646 INFO   [303DB9\2587FA] Auto-router pass #209 on board '23be31b63285850e4381d52ea0a72423' was completed in 3,85 seconds with the score of 966,50 (8 unrouted), using 235165,12 CPU seconds and 336255 MB memory.
2026-07-29 16:34:08.798 INFO   [303DB9\2587FA] Auto-router pass #210 on board 'c5da6c970b9a4073ad9249f579cccf79' was completed in 1,09 seconds with the score of 965,32 (9 unrouted), using 235835,77 CPU seconds and 336726 MB memory.
2026-07-29 16:34:10.109 INFO   [303DB9\2587FA] Auto-router pass #211 on board '851982ba3248a1a49824592a06ea6b4f' was completed in 1,25 seconds with the score of 965,32 (9 unrouted), using 236507,34 CPU seconds and 337187 MB memory.
2026-07-29 16:34:16.950 INFO   [303DB9\2587FA] Restoring an earlier board that has the score of 967,87 (7 unrouted).
2026-07-29 16:34:16.951 INFO   [303DB9\2587FA] Auto-router pass #212 on board '851982ba3248a1a49824592a06ea6b4f' was completed in 6,82 seconds with the score of 965,32 (9 unrouted), using 241235,05 CPU seconds and 340693 MB memory.
2026-07-29 16:34:20.072 INFO   [303DB9\2587FA] Auto-router pass #213 on board '23be31b63285850e4381d52ea0a72423' was completed in 3,10 seconds with the score of 967,87 (7 unrouted), using 243275,52 CPU seconds and 342132 MB memory.
2026-07-29 16:34:21.024 INFO   [303DB9\2587FA] Auto-router pass #214 on board 'e64e5b6a84c160dd3ab5968d17ac61a4' was completed in 0,89 seconds with the score of 967,87 (7 unrouted), using 243957,59 CPU seconds and 342606 MB memory.
2026-07-29 16:34:21.921 INFO   [303DB9\2587FA] Auto-router pass #215 on board 'e64e5b6a84c160dd3ab5968d17ac61a4' was completed in 0,87 seconds with the score of 967,87 (7 unrouted), using 244640,62 CPU seconds and 343080 MB memory.
2026-07-29 16:34:28.473 INFO   [303DB9\2587FA] Restoring an earlier board that has the score of 967,87 (7 unrouted).
2026-07-29 16:34:28.473 INFO   [303DB9\2587FA] Auto-router pass #216 on board 'e64e5b6a84c160dd3ab5968d17ac61a4' was completed in 6,53 seconds with the score of 967,87 (7 unrouted), using 248758,91 CPU seconds and 346110 MB memory.
2026-07-29 16:34:31.734 INFO   [303DB9\2587FA] Auto-router pass #217 on board '23be31b63285850e4381d52ea0a72423' was completed in 3,23 seconds with the score of 967,87 (7 unrouted), using 251523,38 CPU seconds and 347939 MB memory.
2026-07-29 16:34:32.691 INFO   [303DB9\2587FA] Auto-router pass #218 on board '23be31b63285850e4381d52ea0a72423' was completed in 0,93 seconds with the score of 967,87 (7 unrouted), using 252216,86 CPU seconds and 348388 MB memory.
2026-07-29 16:34:33.815 INFO   [303DB9\2587FA] Auto-router pass #219 on board '23be31b63285850e4381d52ea0a72423' was completed in 1,10 seconds with the score of 967,87 (7 unrouted), using 252911,27 CPU seconds and 348788 MB memory.
2026-07-29 16:34:39.945 INFO   [303DB9\2587FA] Restoring an earlier board that has the score of 967,87 (7 unrouted).
2026-07-29 16:34:39.946 INFO   [303DB9\2587FA] Auto-router pass #220 on board '23be31b63285850e4381d52ea0a72423' was completed in 6,07 seconds with the score of 966,60 (8 unrouted), using 257096,89 CPU seconds and 351407 MB memory.
2026-07-29 16:34:43.181 INFO   [303DB9\2587FA] Auto-router pass #221 on board '23be31b63285850e4381d52ea0a72423' was completed in 3,21 seconds with the score of 967,87 (7 unrouted), using 259202,45 CPU seconds and 352747 MB memory.
2026-07-29 16:34:44.140 INFO   [303DB9\2587FA] Auto-router pass #222 on board '23be31b63285850e4381d52ea0a72423' was completed in 0,94 seconds with the score of 967,87 (7 unrouted), using 259906,16 CPU seconds and 353174 MB memory.
2026-07-29 16:34:45.074 INFO   [303DB9\2587FA] Auto-router pass #223 on board '23be31b63285850e4381d52ea0a72423' was completed in 0,91 seconds with the score of 967,87 (7 unrouted), using 260610,80 CPU seconds and 353624 MB memory.
2026-07-29 16:34:52.297 INFO   [303DB9\2587FA] Restoring an earlier board that has the score of 967,87 (7 unrouted).
2026-07-29 16:34:52.298 INFO   [303DB9\2587FA] Auto-router pass #224 on board '23be31b63285850e4381d52ea0a72423' was completed in 7,20 seconds with the score of 967,87 (7 unrouted), using 265569,91 CPU seconds and 357025 MB memory.
2026-07-29 16:34:55.330 INFO   [303DB9\2587FA] Auto-router pass #225 on board '4f739b7f149ff326df457050484194d0' was completed in 3,01 seconds with the score of 967,87 (7 unrouted), using 267709,50 CPU seconds and 358384 MB memory.
2026-07-29 16:34:56.252 INFO   [303DB9\2587FA] Auto-router pass #226 on board '4f739b7f149ff326df457050484194d0' was completed in 0,88 seconds with the score of 967,87 (7 unrouted), using 268424,59 CPU seconds and 358882 MB memory.
2026-07-29 16:34:57.179 INFO   [303DB9\2587FA] Auto-router pass #227 on board '4f739b7f149ff326df457050484194d0' was completed in 0,90 seconds with the score of 967,87 (7 unrouted), using 269140,66 CPU seconds and 359356 MB memory.
2026-07-29 16:35:04.429 INFO   [303DB9\2587FA] Restoring an earlier board that has the score of 967,87 (7 unrouted).
2026-07-29 16:35:04.430 INFO   [303DB9\2587FA] Auto-router pass #228 on board '4f739b7f149ff326df457050484194d0' was completed in 7,23 seconds with the score of 967,87 (7 unrouted), using 274179,66 CPU seconds and 362734 MB memory.
2026-07-29 16:35:07.439 INFO   [303DB9\2587FA] Auto-router pass #229 on board '4f739b7f149ff326df457050484194d0' was completed in 2,98 seconds with the score of 967,87 (7 unrouted), using 276353,59 CPU seconds and 364178 MB memory.
2026-07-29 16:35:08.330 INFO   [303DB9\2587FA] Auto-router pass #230 on board '4f739b7f149ff326df457050484194d0' was completed in 0,87 seconds with the score of 967,87 (7 unrouted), using 277080,16 CPU seconds and 364644 MB memory.
2026-07-29 16:35:09.194 INFO   [303DB9\2587FA] Auto-router pass #231 on board '4f739b7f149ff326df457050484194d0' was completed in 0,84 seconds with the score of 967,87 (7 unrouted), using 277807,69 CPU seconds and 365136 MB memory.
2026-07-29 16:35:17.752 INFO   [303DB9\2587FA] Restoring an earlier board that has the score of 967,87 (7 unrouted).
2026-07-29 16:35:17.752 INFO   [303DB9\2587FA] Auto-router pass #232 on board '4f739b7f149ff326df457050484194d0' was completed in 8,52 seconds with the score of 966,67 (8 unrouted), using 284398,94 CPU seconds and 369748 MB memory.
2026-07-29 16:35:20.816 INFO   [303DB9\2587FA] Auto-router pass #233 on board '4f739b7f149ff326df457050484194d0' was completed in 3,04 seconds with the score of 967,87 (7 unrouted), using 286613,31 CPU seconds and 371190 MB memory.
2026-07-29 16:35:21.691 INFO   [303DB9\2587FA] Auto-router pass #234 on board '4f739b7f149ff326df457050484194d0' was completed in 0,85 seconds with the score of 967,87 (7 unrouted), using 287353,34 CPU seconds and 371689 MB memory.
2026-07-29 16:35:22.567 INFO   [303DB9\2587FA] Auto-router pass #235 on board '4f739b7f149ff326df457050484194d0' was completed in 0,85 seconds with the score of 967,87 (7 unrouted), using 287353,34 CPU seconds and 371689 MB memory.
2026-07-29 16:35:28.864 INFO   [303DB9\2587FA] Restoring an earlier board that has the score of 967,87 (7 unrouted).
2026-07-29 16:35:28.864 INFO   [303DB9\2587FA] Auto-router pass #236 on board '4f739b7f149ff326df457050484194d0' was completed in 6,28 seconds with the score of 967,87 (7 unrouted), using 292560,75 CPU seconds and 375328 MB memory.
2026-07-29 16:35:31.751 INFO   [303DB9\2587FA] Auto-router pass #237 on board '4f739b7f149ff326df457050484194d0' was completed in 2,86 seconds with the score of 967,87 (7 unrouted), using 294807,03 CPU seconds and 376783 MB memory.
2026-07-29 16:35:32.638 INFO   [303DB9\2587FA] Auto-router pass #238 on board '4f739b7f149ff326df457050484194d0' was completed in 0,86 seconds with the score of 967,87 (7 unrouted), using 294807,03 CPU seconds and 376783 MB memory.
2026-07-29 16:35:33.499 INFO   [303DB9\2587FA] Auto-router pass #239 on board '4f739b7f149ff326df457050484194d0' was completed in 0,84 seconds with the score of 967,87 (7 unrouted), using 295557,72 CPU seconds and 377276 MB memory.
2026-07-29 16:35:40.083 INFO   [303DB9\2587FA] Restoring an earlier board that has the score of 967,87 (7 unrouted).
2026-07-29 16:35:40.084 INFO   [303DB9\2587FA] Auto-router pass #240 on board '4f739b7f149ff326df457050484194d0' was completed in 6,56 seconds with the score of 967,87 (7 unrouted), using 300839,91 CPU seconds and 380907 MB memory.
2026-07-29 16:35:42.981 INFO   [303DB9\2587FA] Auto-router pass #241 on board 'f36d1515744cebb96e21e530f9495870' was completed in 2,87 seconds with the score of 967,87 (7 unrouted), using 303118,22 CPU seconds and 382344 MB memory.
2026-07-29 16:35:43.854 INFO   [303DB9\2587FA] Auto-router pass #242 on board 'f36d1515744cebb96e21e530f9495870' was completed in 0,85 seconds with the score of 967,87 (7 unrouted), using 303879,59 CPU seconds and 382828 MB memory.
2026-07-29 16:35:44.725 INFO   [303DB9\2587FA] Auto-router pass #243 on board 'f36d1515744cebb96e21e530f9495870' was completed in 0,85 seconds with the score of 967,87 (7 unrouted), using 304641,94 CPU seconds and 383316 MB memory.
2026-07-29 16:35:52.555 INFO   [303DB9\2587FA] Restoring an earlier board that has the score of 967,87 (7 unrouted).
2026-07-29 16:35:52.555 INFO   [303DB9\2587FA] Auto-router pass #244 on board 'f36d1515744cebb96e21e530f9495870' was completed in 7,81 seconds with the score of 967,87 (7 unrouted), using 310005,47 CPU seconds and 387096 MB memory.
2026-07-29 16:35:55.889 INFO   [303DB9\2587FA] Auto-router pass #245 on board 'f36d1515744cebb96e21e530f9495870' was completed in 3,31 seconds with the score of 966,50 (8 unrouted), using 313091,75 CPU seconds and 389231 MB memory.
2026-07-29 16:35:56.966 INFO   [303DB9\2587FA] Auto-router pass #246 on board '65a86171a30f65d1b2cbd4ca6cef19ea' was completed in 1,01 seconds with the score of 965,32 (9 unrouted), using 313865,75 CPU seconds and 389735 MB memory.
2026-07-29 16:35:58.157 INFO   [303DB9\2587FA] Auto-router pass #247 on board '52951dc38905b1a69d646d8bb1f7d7e0' was completed in 1,12 seconds with the score of 965,32 (9 unrouted), using 314640,72 CPU seconds and 390237 MB memory.
2026-07-29 16:36:05.694 INFO   [303DB9\2587FA] Restoring an earlier board that has the score of 967,87 (7 unrouted).
2026-07-29 16:36:05.694 INFO   [303DB9\2587FA] Auto-router pass #248 on board '52951dc38905b1a69d646d8bb1f7d7e0' was completed in 7,51 seconds with the score of 967,87 (7 unrouted), using 320875,50 CPU seconds and 394550 MB memory.
2026-07-29 16:36:08.648 INFO   [303DB9\2587FA] Auto-router pass #249 on board 'f36d1515744cebb96e21e530f9495870' was completed in 2,93 seconds with the score of 967,87 (7 unrouted), using 322443,91 CPU seconds and 395506 MB memory.
2026-07-29 16:36:09.584 INFO   [303DB9\2587FA] Auto-router pass #250 on board '77a5d80bd613ae4a212ff8e19dec34a3' was completed in 0,87 seconds with the score of 967,87 (7 unrouted), using 323229,59 CPU seconds and 396020 MB memory.
2026-07-29 16:36:10.446 INFO   [303DB9\2587FA] Auto-router pass #251 on board '77a5d80bd613ae4a212ff8e19dec34a3' was completed in 0,84 seconds with the score of 967,87 (7 unrouted), using 324016,22 CPU seconds and 396513 MB memory.
2026-07-29 16:36:17.462 INFO   [303DB9\2587FA] Restoring an earlier board that has the score of 967,87 (7 unrouted).
2026-07-29 16:36:17.463 INFO   [303DB9\2587FA] Auto-router pass #252 on board '77a5d80bd613ae4a212ff8e19dec34a3' was completed in 7,00 seconds with the score of 967,87 (7 unrouted), using 329549,81 CPU seconds and 400212 MB memory.
2026-07-29 16:36:20.234 INFO   [303DB9\2587FA] Auto-router pass #253 on board 'f36d1515744cebb96e21e530f9495870' was completed in 2,75 seconds with the score of 966,59 (8 unrouted), using 331935,94 CPU seconds and 401661 MB memory.
2026-07-29 16:36:22.226 INFO   [303DB9\2587FA] Auto-router pass #254 on board '86f61d17a199309bab7ed79395d09e15' was completed in 1,93 seconds with the score of 967,90 (7 unrouted), using 333531,53 CPU seconds and 402637 MB memory.
2026-07-29 16:36:23.182 INFO   [303DB9\2587FA] Auto-router pass #255 on board '29879c0802f9289a92ae8c92eacd1328' was completed in 0,90 seconds with the score of 967,90 (7 unrouted), using 334330,78 CPU seconds and 403148 MB memory.
2026-07-29 16:36:30.097 INFO   [303DB9\2587FA] Restoring an earlier board that has the score of 967,90 (7 unrouted).
2026-07-29 16:36:30.097 INFO   [303DB9\2587FA] Auto-router pass #256 on board 'b0eac58766a783adbe1400a85515197b' was completed in 6,85 seconds with the score of 967,90 (7 unrouted), using 339952,66 CPU seconds and 406855 MB memory.
2026-07-29 16:36:33.087 INFO   [303DB9\2587FA] Auto-router pass #257 on board '29879c0802f9289a92ae8c92eacd1328' was completed in 2,97 seconds with the score of 967,90 (7 unrouted), using 342376,66 CPU seconds and 408323 MB memory.
2026-07-29 16:36:33.967 INFO   [303DB9\2587FA] Auto-router pass #258 on board '29879c0802f9289a92ae8c92eacd1328' was completed in 0,86 seconds with the score of 967,90 (7 unrouted), using 343186,59 CPU seconds and 408820 MB memory.
2026-07-29 16:36:34.826 INFO   [303DB9\2587FA] Auto-router pass #259 on board '29879c0802f9289a92ae8c92eacd1328' was completed in 0,84 seconds with the score of 967,90 (7 unrouted), using 343997,50 CPU seconds and 409309 MB memory.
2026-07-29 16:36:40.371 INFO   [303DB9\2587FA] Restoring an earlier board that has the score of 967,90 (7 unrouted).
2026-07-29 16:36:40.371 INFO   [303DB9\2587FA] Auto-router pass #260 on board '29879c0802f9289a92ae8c92eacd1328' was completed in 5,52 seconds with the score of 967,90 (7 unrouted), using 348066,66 CPU seconds and 412005 MB memory.
2026-07-29 16:36:43.411 INFO   [303DB9\2587FA] Auto-router pass #261 on board '29879c0802f9289a92ae8c92eacd1328' was completed in 3,02 seconds with the score of 967,90 (7 unrouted), using 350519,81 CPU seconds and 413500 MB memory.
2026-07-29 16:36:44.275 INFO   [303DB9\2587FA] Auto-router pass #262 on board '29879c0802f9289a92ae8c92eacd1328' was completed in 0,84 seconds with the score of 967,90 (7 unrouted), using 351339,47 CPU seconds and 414028 MB memory.
2026-07-29 16:36:45.149 INFO   [303DB9\2587FA] Auto-router pass #263 on board '29879c0802f9289a92ae8c92eacd1328' was completed in 0,85 seconds with the score of 967,90 (7 unrouted), using 352160,09 CPU seconds and 414520 MB memory.
2026-07-29 16:36:51.165 INFO   [303DB9\2587FA] Restoring an earlier board that has the score of 967,90 (7 unrouted).
2026-07-29 16:36:51.166 INFO   [303DB9\2587FA] Auto-router pass #264 on board '29879c0802f9289a92ae8c92eacd1328' was completed in 5,99 seconds with the score of 967,90 (7 unrouted), using 357104,38 CPU seconds and 417755 MB memory.
2026-07-29 16:36:54.153 INFO   [303DB9\2587FA] Auto-router pass #265 on board '29879c0802f9289a92ae8c92eacd1328' was completed in 2,96 seconds with the score of 967,90 (7 unrouted), using 359589,66 CPU seconds and 419231 MB memory.
2026-07-29 16:36:55.035 INFO   [303DB9\2587FA] Auto-router pass #266 on board '29879c0802f9289a92ae8c92eacd1328' was completed in 0,86 seconds with the score of 967,90 (7 unrouted), using 360420,00 CPU seconds and 419731 MB memory.
2026-07-29 16:36:55.906 INFO   [303DB9\2587FA] Auto-router pass #267 on board '29879c0802f9289a92ae8c92eacd1328' was completed in 0,85 seconds with the score of 967,90 (7 unrouted), using 361251,34 CPU seconds and 420222 MB memory.
2026-07-29 16:37:02.910 INFO   [303DB9\2587FA] Restoring an earlier board that has the score of 967,90 (7 unrouted).
2026-07-29 16:37:02.911 INFO   [303DB9\2587FA] Auto-router pass #268 on board '29879c0802f9289a92ae8c92eacd1328' was completed in 6,98 seconds with the score of 967,90 (7 unrouted), using 367097,88 CPU seconds and 423982 MB memory.
2026-07-29 16:37:05.796 INFO   [303DB9\2587FA] Auto-router pass #269 on board '29879c0802f9289a92ae8c92eacd1328' was completed in 2,86 seconds with the score of 967,90 (7 unrouted), using 369618,09 CPU seconds and 425421 MB memory.
2026-07-29 16:37:06.671 INFO   [303DB9\2587FA] Auto-router pass #270 on board '29879c0802f9289a92ae8c92eacd1328' was completed in 0,85 seconds with the score of 967,90 (7 unrouted), using 369618,09 CPU seconds and 425421 MB memory.
2026-07-29 16:37:07.542 INFO   [303DB9\2587FA] Auto-router pass #271 on board '29879c0802f9289a92ae8c92eacd1328' was completed in 0,85 seconds with the score of 967,90 (7 unrouted), using 370460,09 CPU seconds and 425907 MB memory.
2026-07-29 16:37:15.608 INFO   [303DB9\2587FA] Restoring an earlier board that has the score of 967,90 (7 unrouted).
2026-07-29 16:37:15.608 INFO   [303DB9\2587FA] Auto-router pass #272 on board '29879c0802f9289a92ae8c92eacd1328' was completed in 8,04 seconds with the score of 967,90 (7 unrouted), using 377231,22 CPU seconds and 430235 MB memory.
2026-07-29 16:37:18.573 INFO   [303DB9\2587FA] Auto-router pass #273 on board 'b0eac58766a783adbe1400a85515197b' was completed in 2,94 seconds with the score of 967,90 (7 unrouted), using 379786,47 CPU seconds and 431800 MB memory.
2026-07-29 16:37:19.449 INFO   [303DB9\2587FA] Auto-router pass #274 on board 'b0eac58766a783adbe1400a85515197b' was completed in 0,85 seconds with the score of 967,90 (7 unrouted), using 380640,16 CPU seconds and 432284 MB memory.
2026-07-29 16:37:20.317 INFO   [303DB9\2587FA] Auto-router pass #275 on board 'b0eac58766a783adbe1400a85515197b' was completed in 0,84 seconds with the score of 967,90 (7 unrouted), using 381494,81 CPU seconds and 432769 MB memory.
2026-07-29 16:37:28.348 INFO   [303DB9\2587FA] Restoring an earlier board that has the score of 967,90 (7 unrouted).
2026-07-29 16:37:28.348 INFO   [303DB9\2587FA] Auto-router pass #276 on board 'b0eac58766a783adbe1400a85515197b' was completed in 8,01 seconds with the score of 967,90 (7 unrouted), using 388367,19 CPU seconds and 437093 MB memory.
2026-07-29 16:37:31.347 INFO   [303DB9\2587FA] Auto-router pass #277 on board 'b0eac58766a783adbe1400a85515197b' was completed in 2,98 seconds with the score of 967,90 (7 unrouted), using 390960,41 CPU seconds and 438571 MB memory.
2026-07-29 16:37:32.216 INFO   [303DB9\2587FA] Auto-router pass #278 on board 'b0eac58766a783adbe1400a85515197b' was completed in 0,84 seconds with the score of 967,90 (7 unrouted), using 391826,75 CPU seconds and 439035 MB memory.
2026-07-29 16:37:33.091 INFO   [303DB9\2587FA] Auto-router pass #279 on board 'b0eac58766a783adbe1400a85515197b' was completed in 0,85 seconds with the score of 967,90 (7 unrouted), using 392694,06 CPU seconds and 439533 MB memory.
2026-07-29 16:37:38.912 INFO   [303DB9\2587FA] Restoring an earlier board that has the score of 967,90 (7 unrouted).
2026-07-29 16:37:38.912 INFO   [303DB9\2587FA] Auto-router pass #280 on board 'b0eac58766a783adbe1400a85515197b' was completed in 5,80 seconds with the score of 967,90 (7 unrouted), using 397918,47 CPU seconds and 442788 MB memory.
2026-07-29 16:37:41.804 INFO   [303DB9\2587FA] Auto-router pass #281 on board 'b0eac58766a783adbe1400a85515197b' was completed in 2,87 seconds with the score of 967,90 (7 unrouted), using 400543,75 CPU seconds and 444249 MB memory.
2026-07-29 16:37:42.673 INFO   [303DB9\2587FA] Auto-router pass #282 on board 'b0eac58766a783adbe1400a85515197b' was completed in 0,85 seconds with the score of 967,90 (7 unrouted), using 400543,75 CPU seconds and 444249 MB memory.
2026-07-29 16:37:43.544 INFO   [303DB9\2587FA] Auto-router pass #283 on board 'b0eac58766a783adbe1400a85515197b' was completed in 0,85 seconds with the score of 967,90 (7 unrouted), using 401420,78 CPU seconds and 444734 MB memory.
2026-07-29 16:37:50.526 INFO   [303DB9\2587FA] Restoring an earlier board that has the score of 967,90 (7 unrouted).
2026-07-29 16:37:50.526 INFO   [303DB9\2587FA] Auto-router pass #284 on board 'b0eac58766a783adbe1400a85515197b' was completed in 6,95 seconds with the score of 967,90 (7 unrouted), using 407587,12 CPU seconds and 448464 MB memory.
2026-07-29 16:37:53.504 INFO   [303DB9\2587FA] Auto-router pass #285 on board 'b0eac58766a783adbe1400a85515197b' was completed in 2,95 seconds with the score of 967,90 (7 unrouted), using 410244,41 CPU seconds and 449985 MB memory.
2026-07-29 16:37:54.383 INFO   [303DB9\2587FA] Auto-router pass #286 on board 'b0eac58766a783adbe1400a85515197b' was completed in 0,86 seconds with the score of 967,90 (7 unrouted), using 411132,09 CPU seconds and 450464 MB memory.
2026-07-29 16:37:55.241 INFO   [303DB9\2587FA] Auto-router pass #287 on board 'b0eac58766a783adbe1400a85515197b' was completed in 0,83 seconds with the score of 967,90 (7 unrouted), using 412020,75 CPU seconds and 450958 MB memory.
2026-07-29 16:38:02.083 INFO   [303DB9\2587FA] Restoring an earlier board that has the score of 967,87 (7 unrouted).
2026-07-29 16:38:02.083 INFO   [303DB9\2587FA] Auto-router pass #288 on board 'b0eac58766a783adbe1400a85515197b' was completed in 6,82 seconds with the score of 967,90 (7 unrouted), using 418268,69 CPU seconds and 454710 MB memory.
2026-07-29 16:38:04.999 INFO   [303DB9\2587FA] Auto-router pass #289 on board '79303904f6c324945e2df5dd1d54de80' was completed in 2,89 seconds with the score of 967,87 (7 unrouted), using 420961,00 CPU seconds and 456185 MB memory.
2026-07-29 16:38:05.879 INFO   [303DB9\2587FA] Auto-router pass #290 on board '79303904f6c324945e2df5dd1d54de80' was completed in 0,86 seconds with the score of 967,87 (7 unrouted), using 421860,38 CPU seconds and 456674 MB memory.
2026-07-29 16:38:06.750 INFO   [303DB9\2587FA] Auto-router pass #291 on board '79303904f6c324945e2df5dd1d54de80' was completed in 0,85 seconds with the score of 967,87 (7 unrouted), using 422760,72 CPU seconds and 457161 MB memory.
2026-07-29 16:38:13.383 INFO   [303DB9\2587FA] Restoring an earlier board that has the score of 967,87 (7 unrouted).
2026-07-29 16:38:13.383 INFO   [303DB9\2587FA] Auto-router pass #292 on board '79303904f6c324945e2df5dd1d54de80' was completed in 6,61 seconds with the score of 967,87 (7 unrouted), using 428183,22 CPU seconds and 460329 MB memory.
2026-07-29 16:38:16.347 INFO   [303DB9\2587FA] Auto-router pass #293 on board '79303904f6c324945e2df5dd1d54de80' was completed in 2,94 seconds with the score of 967,87 (7 unrouted), using 430907,59 CPU seconds and 461833 MB memory.
2026-07-29 16:38:17.285 INFO   [303DB9\2587FA] Auto-router pass #294 on board '8614e0df05442d9f5c43e300c45799de' was completed in 0,86 seconds with the score of 967,87 (7 unrouted), using 431817,62 CPU seconds and 462317 MB memory.
2026-07-29 16:38:18.181 INFO   [303DB9\2587FA] Auto-router pass #295 on board '8614e0df05442d9f5c43e300c45799de' was completed in 0,87 seconds with the score of 967,87 (7 unrouted), using 432728,66 CPU seconds and 462797 MB memory.
2026-07-29 16:38:25.052 INFO   [303DB9\2587FA] Restoring an earlier board that has the score of 967,87 (7 unrouted).
2026-07-29 16:38:25.053 INFO   [303DB9\2587FA] Auto-router pass #296 on board '8614e0df05442d9f5c43e300c45799de' was completed in 6,85 seconds with the score of 966,49 (8 unrouted), using 439132,91 CPU seconds and 466508 MB memory.
2026-07-29 16:38:27.936 INFO   [303DB9\2587FA] Auto-router pass #297 on board '79303904f6c324945e2df5dd1d54de80' was completed in 2,86 seconds with the score of 967,87 (7 unrouted), using 441892,16 CPU seconds and 467959 MB memory.
2026-07-29 16:38:28.827 INFO   [303DB9\2587FA] Auto-router pass #298 on board '79303904f6c324945e2df5dd1d54de80' was completed in 0,86 seconds with the score of 967,87 (7 unrouted), using 442813,84 CPU seconds and 468441 MB memory.
2026-07-29 16:38:29.698 INFO   [303DB9\2587FA] Auto-router pass #299 on board '79303904f6c324945e2df5dd1d54de80' was completed in 0,85 seconds with the score of 967,87 (7 unrouted), using 442813,84 CPU seconds and 468441 MB memory.
2026-07-29 16:38:36.729 INFO   [303DB9\2587FA] Restoring an earlier board that has the score of 967,87 (7 unrouted).
2026-07-29 16:38:36.729 INFO   [303DB9\2587FA] Auto-router pass #300 on board '79303904f6c324945e2df5dd1d54de80' was completed in 7,00 seconds with the score of 967,87 (7 unrouted), using 449292,78 CPU seconds and 472143 MB memory.
2026-07-29 16:38:39.711 INFO   [303DB9\2587FA] Auto-router pass #301 on board '79303904f6c324945e2df5dd1d54de80' was completed in 2,96 seconds with the score of 966,50 (8 unrouted), using 452084,03 CPU seconds and 473575 MB memory.
2026-07-29 16:38:41.700 INFO   [303DB9\2587FA] Auto-router pass #302 on board 'b3add065a5c1a076e3e3534ad4d2d4e4' was completed in 1,93 seconds with the score of 967,83 (7 unrouted), using 453949,69 CPU seconds and 474599 MB memory.
2026-07-29 16:38:42.638 INFO   [303DB9\2587FA] Auto-router pass #303 on board '113dd1b5f587e50a801a90eafba5f02b' was completed in 0,88 seconds with the score of 967,83 (7 unrouted), using 454883,97 CPU seconds and 475088 MB memory.
2026-07-29 16:38:49.860 INFO   [303DB9\2587FA] Restoring an earlier board that has the score of 967,87 (7 unrouted).
2026-07-29 16:38:49.860 INFO   [303DB9\2587FA] Auto-router pass #304 on board '113dd1b5f587e50a801a90eafba5f02b' was completed in 7,20 seconds with the score of 967,83 (7 unrouted), using 462393,22 CPU seconds and 479283 MB memory.
2026-07-29 16:38:53.065 INFO   [303DB9\2587FA] Auto-router pass #305 on board 'f26cc9a1bbf89d9509f6199eea43d830' was completed in 3,18 seconds with the score of 967,87 (7 unrouted), using 465225,19 CPU seconds and 480773 MB memory.
2026-07-29 16:38:53.986 INFO   [303DB9\2587FA] Auto-router pass #306 on board 'f26cc9a1bbf89d9509f6199eea43d830' was completed in 0,90 seconds with the score of 967,87 (7 unrouted), using 466171,09 CPU seconds and 481274 MB memory.
2026-07-29 16:38:54.870 INFO   [303DB9\2587FA] Auto-router pass #307 on board 'f26cc9a1bbf89d9509f6199eea43d830' was completed in 0,86 seconds with the score of 967,87 (7 unrouted), using 467117,97 CPU seconds and 481747 MB memory.
2026-07-29 16:39:02.189 INFO   [303DB9\2587FA] Restoring an earlier board that has the score of 967,87 (7 unrouted).
2026-07-29 16:39:02.189 INFO   [303DB9\2587FA] Auto-router pass #308 on board 'f26cc9a1bbf89d9509f6199eea43d830' was completed in 7,30 seconds with the score of 967,87 (7 unrouted), using 473773,31 CPU seconds and 485345 MB memory.
2026-07-29 16:39:05.274 INFO   [303DB9\2587FA] Auto-router pass #309 on board 'f26cc9a1bbf89d9509f6199eea43d830' was completed in 3,06 seconds with the score of 967,87 (7 unrouted), using 476640,09 CPU seconds and 486800 MB memory.
2026-07-29 16:39:06.176 INFO   [303DB9\2587FA] Auto-router pass #310 on board 'f26cc9a1bbf89d9509f6199eea43d830' was completed in 0,88 seconds with the score of 967,87 (7 unrouted), using 477597,62 CPU seconds and 487293 MB memory.
2026-07-29 16:39:07.079 INFO   [303DB9\2587FA] Auto-router pass #311 on board 'f26cc9a1bbf89d9509f6199eea43d830' was completed in 0,88 seconds with the score of 967,87 (7 unrouted), using 478556,12 CPU seconds and 487765 MB memory.
2026-07-29 16:39:14.374 INFO   [303DB9\2587FA] Restoring an earlier board that has the score of 967,87 (7 unrouted).
2026-07-29 16:39:14.374 INFO   [303DB9\2587FA] Auto-router pass #312 on board 'f26cc9a1bbf89d9509f6199eea43d830' was completed in 7,27 seconds with the score of 967,87 (7 unrouted), using 485292,66 CPU seconds and 491462 MB memory.
2026-07-29 16:39:17.624 INFO   [303DB9\2587FA] Auto-router pass #313 on board 'f26cc9a1bbf89d9509f6199eea43d830' was completed in 3,23 seconds with the score of 967,87 (7 unrouted), using 488194,00 CPU seconds and 492720 MB memory.
2026-07-29 16:39:18.619 INFO   [303DB9\2587FA] Auto-router pass #314 on board '224d9b64c39cc3e23ad9cddacdac3f0b' was completed in 0,93 seconds with the score of 967,87 (7 unrouted), using 489162,94 CPU seconds and 493178 MB memory.
2026-07-29 16:39:19.628 INFO   [303DB9\2587FA] Auto-router pass #315 on board '224d9b64c39cc3e23ad9cddacdac3f0b' was completed in 0,98 seconds with the score of 967,87 (7 unrouted), using 490132,81 CPU seconds and 493632 MB memory.
2026-07-29 16:39:27.938 INFO   [303DB9\2587FA] Restoring an earlier board that has the score of 967,87 (7 unrouted).
2026-07-29 16:39:27.938 INFO   [303DB9\2587FA] Auto-router pass #316 on board '224d9b64c39cc3e23ad9cddacdac3f0b' was completed in 8,27 seconds with the score of 967,87 (7 unrouted), using 498900,62 CPU seconds and 497529 MB memory.
2026-07-29 16:39:31.135 INFO   [303DB9\2587FA] Auto-router pass #317 on board 'f26cc9a1bbf89d9509f6199eea43d830' was completed in 3,17 seconds with the score of 967,87 (7 unrouted), using 501839,56 CPU seconds and 498875 MB memory.
2026-07-29 16:39:32.115 INFO   [303DB9\2587FA] Auto-router pass #318 on board 'f26cc9a1bbf89d9509f6199eea43d830' was completed in 0,96 seconds with the score of 967,87 (7 unrouted), using 502821,09 CPU seconds and 499338 MB memory.
2026-07-29 16:39:33.208 INFO   [303DB9\2587FA] Auto-router pass #319 on board 'f26cc9a1bbf89d9509f6199eea43d830' was completed in 1,06 seconds with the score of 967,87 (7 unrouted), using 503803,44 CPU seconds and 499732 MB memory.
2026-07-29 16:39:40.719 INFO   [303DB9\2587FA] Restoring an earlier board that has the score of 967,87 (7 unrouted).
2026-07-29 16:39:40.719 INFO   [303DB9\2587FA] Auto-router pass #320 on board 'f26cc9a1bbf89d9509f6199eea43d830' was completed in 7,49 seconds with the score of 967,87 (7 unrouted), using 510706,50 CPU seconds and 503178 MB memory.
2026-07-29 16:39:43.935 INFO   [303DB9\2587FA] Auto-router pass #321 on board 'e64e5b6a84c160dd3ab5968d17ac61a4' was completed in 3,19 seconds with the score of 967,87 (7 unrouted), using 514671,66 CPU seconds and 504929 MB memory.
2026-07-29 16:39:44.956 INFO   [303DB9\2587FA] Auto-router pass #322 on board 'e64e5b6a84c160dd3ab5968d17ac61a4' was completed in 1,00 seconds with the score of 967,87 (7 unrouted), using 515665,25 CPU seconds and 505344 MB memory.
2026-07-29 16:39:45.856 INFO   [303DB9\2587FA] Auto-router pass #323 on board 'e64e5b6a84c160dd3ab5968d17ac61a4' was completed in 0,85 seconds with the score of 967,87 (7 unrouted), using 516659,81 CPU seconds and 505826 MB memory.
2026-07-29 16:39:53.372 INFO   [303DB9\2587FA] Restoring an earlier board that has the score of 967,87 (7 unrouted).
2026-07-29 16:39:53.372 INFO   [303DB9\2587FA] Auto-router pass #324 on board 'e64e5b6a84c160dd3ab5968d17ac61a4' was completed in 7,49 seconds with the score of 967,87 (7 unrouted), using 523648,09 CPU seconds and 509093 MB memory.
2026-07-29 16:39:56.829 INFO   [303DB9\2587FA] Auto-router pass #325 on board 'e64e5b6a84c160dd3ab5968d17ac61a4' was completed in 3,41 seconds with the score of 967,87 (7 unrouted), using 526656,88 CPU seconds and 510301 MB memory.
2026-07-29 16:39:57.744 INFO   [303DB9\2587FA] Auto-router pass #326 on board 'e64e5b6a84c160dd3ab5968d17ac61a4' was completed in 0,89 seconds with the score of 967,87 (7 unrouted), using 527661,69 CPU seconds and 510671 MB memory.
2026-07-29 16:39:58.673 INFO   [303DB9\2587FA] Auto-router pass #327 on board 'e64e5b6a84c160dd3ab5968d17ac61a4' was completed in 0,91 seconds with the score of 967,87 (7 unrouted), using 528667,44 CPU seconds and 511143 MB memory.
2026-07-29 16:40:06.221 INFO   [303DB9\2587FA] Restoring an earlier board that has the score of 967,87 (7 unrouted).
2026-07-29 16:40:06.221 INFO   [303DB9\2587FA] Auto-router pass #328 on board 'e64e5b6a84c160dd3ab5968d17ac61a4' was completed in 7,53 seconds with the score of 967,87 (7 unrouted), using 536747,50 CPU seconds and 514995 MB memory.
2026-07-29 16:40:09.845 INFO   [303DB9\2587FA] Auto-router pass #329 on board 'e64e5b6a84c160dd3ab5968d17ac61a4' was completed in 3,58 seconds with the score of 967,87 (7 unrouted), using 539792,88 CPU seconds and 516222 MB memory.
2026-07-29 16:40:10.880 INFO   [303DB9\2587FA] Auto-router pass #330 on board '93f3ffb91ac5e792f4ad9abdfb13aae1' was completed in 0,95 seconds with the score of 966,60 (8 unrouted), using 541827,88 CPU seconds and 517217 MB memory.
2026-07-29 16:40:11.968 INFO   [303DB9\2587FA] Auto-router pass #331 on board '9611e09c50212c92234cac8093d20486' was completed in 1,02 seconds with the score of 967,75 (7 unrouted), using 542846,81 CPU seconds and 517706 MB memory.
2026-07-29 16:40:18.949 INFO   [303DB9\2587FA] Restoring an earlier board that has the score of 967,87 (7 unrouted).
2026-07-29 16:40:18.949 INFO   [303DB9\2587FA] Auto-router pass #332 on board 'e956b83ac0668715f6189b11e28c6f66' was completed in 6,92 seconds with the score of 967,75 (7 unrouted), using 550006,31 CPU seconds and 521375 MB memory.
2026-07-29 16:40:21.873 INFO   [303DB9\2587FA] Auto-router pass #333 on board 'e64e5b6a84c160dd3ab5968d17ac61a4' was completed in 2,90 seconds with the score of 967,87 (7 unrouted), using 553089,06 CPU seconds and 522826 MB memory.
2026-07-29 16:40:22.766 INFO   [303DB9\2587FA] Auto-router pass #334 on board 'e64e5b6a84c160dd3ab5968d17ac61a4' was completed in 0,87 seconds with the score of 967,87 (7 unrouted), using 553089,06 CPU seconds and 522826 MB memory.
2026-07-29 16:40:23.625 INFO   [303DB9\2587FA] Auto-router pass #335 on board 'e64e5b6a84c160dd3ab5968d17ac61a4' was completed in 0,84 seconds with the score of 967,87 (7 unrouted), using 554118,56 CPU seconds and 523315 MB memory.
2026-07-29 16:40:30.369 INFO   [303DB9\2587FA] Restoring an earlier board that has the score of 967,87 (7 unrouted).
2026-07-29 16:40:30.369 INFO   [303DB9\2587FA] Auto-router pass #336 on board 'e64e5b6a84c160dd3ab5968d17ac61a4' was completed in 6,72 seconds with the score of 967,87 (7 unrouted), using 561352,19 CPU seconds and 527014 MB memory.
2026-07-29 16:40:33.232 INFO   [303DB9\2587FA] Auto-router pass #337 on board '77a5d80bd613ae4a212ff8e19dec34a3' was completed in 2,84 seconds with the score of 967,87 (7 unrouted), using 564466,75 CPU seconds and 528475 MB memory.
2026-07-29 16:40:34.097 INFO   [303DB9\2587FA] Auto-router pass #338 on board '77a5d80bd613ae4a212ff8e19dec34a3' was completed in 0,84 seconds with the score of 967,87 (7 unrouted), using 565506,88 CPU seconds and 528969 MB memory.
2026-07-29 16:40:34.974 INFO   [303DB9\2587FA] Auto-router pass #339 on board '77a5d80bd613ae4a212ff8e19dec34a3' was completed in 0,85 seconds with the score of 967,87 (7 unrouted), using 566547,94 CPU seconds and 529467 MB memory.
2026-07-29 16:40:42.472 INFO   [303DB9\2587FA] Restoring an earlier board that has the score of 967,87 (7 unrouted).
2026-07-29 16:40:42.472 INFO   [303DB9\2587FA] Auto-router pass #340 on board '77a5d80bd613ae4a212ff8e19dec34a3' was completed in 7,48 seconds with the score of 966,60 (8 unrouted), using 573862,44 CPU seconds and 533217 MB memory.
2026-07-29 16:40:45.294 INFO   [303DB9\2587FA] Auto-router pass #341 on board '77a5d80bd613ae4a212ff8e19dec34a3' was completed in 2,80 seconds with the score of 967,87 (7 unrouted), using 577011,62 CPU seconds and 534714 MB memory.
2026-07-29 16:40:46.174 INFO   [303DB9\2587FA] Auto-router pass #342 on board '77a5d80bd613ae4a212ff8e19dec34a3' was completed in 0,86 seconds with the score of 967,87 (7 unrouted), using 578063,31 CPU seconds and 535211 MB memory.
2026-07-29 16:40:47.039 INFO   [303DB9\2587FA] Auto-router pass #343 on board '77a5d80bd613ae4a212ff8e19dec34a3' was completed in 0,84 seconds with the score of 967,87 (7 unrouted), using 579115,94 CPU seconds and 535703 MB memory.
2026-07-29 16:40:53.875 INFO   [303DB9\2587FA] Restoring an earlier board that has the score of 967,87 (7 unrouted).
2026-07-29 16:40:53.875 INFO   [303DB9\2587FA] Auto-router pass #344 on board '77a5d80bd613ae4a212ff8e19dec34a3' was completed in 6,81 seconds with the score of 967,87 (7 unrouted), using 585452,06 CPU seconds and 538889 MB memory.
2026-07-29 16:40:56.954 INFO   [303DB9\2587FA] Auto-router pass #345 on board '77a5d80bd613ae4a212ff8e19dec34a3' was completed in 3,05 seconds with the score of 967,87 (7 unrouted), using 589695,12 CPU seconds and 540777 MB memory.
2026-07-29 16:40:57.894 INFO   [303DB9\2587FA] Auto-router pass #346 on board 'bef7270fdfdb5a516a7c07a2fb6f4a88' was completed in 0,86 seconds with the score of 967,87 (7 unrouted), using 590758,25 CPU seconds and 541260 MB memory.
2026-07-29 16:40:58.779 INFO   [303DB9\2587FA] Auto-router pass #347 on board 'bef7270fdfdb5a516a7c07a2fb6f4a88' was completed in 0,86 seconds with the score of 967,87 (7 unrouted), using 590758,25 CPU seconds and 541260 MB memory.
2026-07-29 16:41:06.254 INFO   [303DB9\2587FA] Restoring an earlier board that has the score of 967,87 (7 unrouted).
2026-07-29 16:41:06.254 INFO   [303DB9\2587FA] Auto-router pass #348 on board 'bef7270fdfdb5a516a7c07a2fb6f4a88' was completed in 7,44 seconds with the score of 967,87 (7 unrouted), using 599298,00 CPU seconds and 545595 MB memory.
2026-07-29 16:41:07.869 INFO   [303DB9\2587FA] Auto-router pass #349 on board '77a5d80bd613ae4a212ff8e19dec34a3' was completed in 1,60 seconds with the score of 966,70 (8 unrouted), using 600369,81 CPU seconds and 546245 MB memory.
2026-07-29 16:41:08.290 INFO   [303DB9\2587FA] Auto-router pass #350 on board '7e61ceedabd6cc230c1dd87bec087bcd' was completed in 0,39 seconds with the score of 968,01 (7 unrouted), using 601442,62 CPU seconds and 547277 MB memory.
2026-07-29 16:41:08.636 INFO   [303DB9\2587FA] Auto-router pass #351 on board 'abb065a2ff4577125e886a865572a058' was completed in 0,32 seconds with the score of 968,01 (7 unrouted), using 601442,62 CPU seconds and 547277 MB memory.
2026-07-29 16:41:11.141 INFO   [303DB9\2587FA] Restoring an earlier board that has the score of 968,01 (7 unrouted).
2026-07-29 16:41:11.141 INFO   [303DB9\2587FA] Auto-router pass #352 on board 'abb065a2ff4577125e886a865572a058' was completed in 2,50 seconds with the score of 968,01 (7 unrouted), using 604666,75 CPU seconds and 551389 MB memory.
2026-07-29 16:41:12.272 INFO   [303DB9\2587FA] Auto-router pass #353 on board 'abb065a2ff4577125e886a865572a058' was completed in 1,12 seconds with the score of 968,01 (7 unrouted), using 605743,38 CPU seconds and 552675 MB memory.
2026-07-29 16:41:12.617 INFO   [303DB9\2587FA] Auto-router pass #354 on board 'abb065a2ff4577125e886a865572a058' was completed in 0,34 seconds with the score of 968,01 (7 unrouted), using 605743,38 CPU seconds and 552675 MB memory.
2026-07-29 16:41:12.971 INFO   [303DB9\2587FA] Auto-router pass #355 on board 'abb065a2ff4577125e886a865572a058' was completed in 0,34 seconds with the score of 968,01 (7 unrouted), using 606821,00 CPU seconds and 553870 MB memory.
2026-07-29 16:41:15.685 INFO   [303DB9\2587FA] Restoring an earlier board that has the score of 968,01 (7 unrouted).
2026-07-29 16:41:15.685 INFO   [303DB9\2587FA] Auto-router pass #356 on board 'abb065a2ff4577125e886a865572a058' was completed in 2,71 seconds with the score of 968,01 (7 unrouted), using 608979,12 CPU seconds and 556542 MB memory.
2026-07-29 16:41:16.823 INFO   [303DB9\2587FA] Auto-router pass #357 on board 'abb065a2ff4577125e886a865572a058' was completed in 1,13 seconds with the score of 968,01 (7 unrouted), using 610059,62 CPU seconds and 557945 MB memory.
2026-07-29 16:41:17.174 INFO   [303DB9\2587FA] Auto-router pass #358 on board 'abb065a2ff4577125e886a865572a058' was completed in 0,34 seconds with the score of 968,01 (7 unrouted), using 611141,06 CPU seconds and 559158 MB memory.
2026-07-29 16:41:17.516 INFO   [303DB9\2587FA] Auto-router pass #359 on board 'abb065a2ff4577125e886a865572a058' was completed in 0,33 seconds with the score of 968,01 (7 unrouted), using 611141,06 CPU seconds and 559158 MB memory.
2026-07-29 16:41:20.104 INFO   [303DB9\2587FA] Restoring an earlier board that has the score of 968,01 (7 unrouted).
2026-07-29 16:41:20.104 INFO   [303DB9\2587FA] Auto-router pass #360 on board 'abb065a2ff4577125e886a865572a058' was completed in 2,58 seconds with the score of 968,01 (7 unrouted), using 614391,25 CPU seconds and 563044 MB memory.
2026-07-29 16:41:21.306 INFO   [303DB9\2587FA] Auto-router pass #361 on board 'abb065a2ff4577125e886a865572a058' was completed in 1,19 seconds with the score of 968,01 (7 unrouted), using 615476,56 CPU seconds and 564249 MB memory.
2026-07-29 16:41:21.665 INFO   [303DB9\2587FA] Auto-router pass #362 on board 'abb065a2ff4577125e886a865572a058' was completed in 0,35 seconds with the score of 968,01 (7 unrouted), using 615476,56 CPU seconds and 564249 MB memory.
2026-07-29 16:41:22.050 INFO   [303DB9\2587FA] Auto-router pass #363 on board 'abb065a2ff4577125e886a865572a058' was completed in 0,37 seconds with the score of 968,01 (7 unrouted), using 616562,88 CPU seconds and 565391 MB memory.
2026-07-29 16:41:24.775 INFO   [303DB9\2587FA] Restoring an earlier board that has the score of 968,01 (7 unrouted).
2026-07-29 16:41:24.775 INFO   [303DB9\2587FA] Auto-router pass #364 on board 'abb065a2ff4577125e886a865572a058' was completed in 2,71 seconds with the score of 968,01 (7 unrouted), using 618738,31 CPU seconds and 567937 MB memory.
2026-07-29 16:41:26.133 INFO   [303DB9\2587FA] Auto-router pass #365 on board 'abb065a2ff4577125e886a865572a058' was completed in 1,35 seconds with the score of 968,01 (7 unrouted), using 620917,62 CPU seconds and 570317 MB memory.
2026-07-29 16:41:26.497 INFO   [303DB9\2587FA] Auto-router pass #366 on board 'abb065a2ff4577125e886a865572a058' was completed in 0,35 seconds with the score of 968,01 (7 unrouted), using 620917,62 CPU seconds and 570317 MB memory.
2026-07-29 16:41:26.846 INFO   [303DB9\2587FA] Auto-router pass #367 on board 'abb065a2ff4577125e886a865572a058' was completed in 0,34 seconds with the score of 968,01 (7 unrouted), using 620917,62 CPU seconds and 570317 MB memory.
2026-07-29 16:41:29.365 INFO   [303DB9\2587FA] Restoring an earlier board that has the score of 967,87 (7 unrouted).
2026-07-29 16:41:29.365 INFO   [303DB9\2587FA] Auto-router pass #368 on board 'abb065a2ff4577125e886a865572a058' was completed in 2,51 seconds with the score of 966,74 (8 unrouted), using 624193,88 CPU seconds and 574085 MB memory.
2026-07-29 16:41:30.566 INFO   [303DB9\2587FA] Auto-router pass #369 on board '8614e0df05442d9f5c43e300c45799de' was completed in 1,19 seconds with the score of 967,87 (7 unrouted), using 625287,88 CPU seconds and 575300 MB memory.
2026-07-29 16:41:30.914 INFO   [303DB9\2587FA] Auto-router pass #370 on board '8614e0df05442d9f5c43e300c45799de' was completed in 0,34 seconds with the score of 967,87 (7 unrouted), using 626382,81 CPU seconds and 576492 MB memory.
2026-07-29 16:41:31.247 INFO   [303DB9\2587FA] Auto-router pass #371 on board '8614e0df05442d9f5c43e300c45799de' was completed in 0,32 seconds with the score of 967,87 (7 unrouted), using 626382,81 CPU seconds and 576492 MB memory.
2026-07-29 16:41:34.084 INFO   [303DB9\2587FA] Restoring an earlier board that has the score of 967,87 (7 unrouted).
2026-07-29 16:41:34.084 INFO   [303DB9\2587FA] Auto-router pass #372 on board '8614e0df05442d9f5c43e300c45799de' was completed in 2,83 seconds with the score of 966,49 (8 unrouted), using 629673,50 CPU seconds and 580403 MB memory.
2026-07-29 16:41:35.452 INFO   [303DB9\2587FA] Auto-router pass #373 on board '8614e0df05442d9f5c43e300c45799de' was completed in 1,36 seconds with the score of 967,87 (7 unrouted), using 630772,31 CPU seconds and 581531 MB memory.
2026-07-29 16:41:35.818 INFO   [303DB9\2587FA] Auto-router pass #374 on board '8614e0df05442d9f5c43e300c45799de' was completed in 0,35 seconds with the score of 967,87 (7 unrouted), using 630772,31 CPU seconds and 581531 MB memory.
2026-07-29 16:41:36.184 INFO   [303DB9\2587FA] Auto-router pass #375 on board '8614e0df05442d9f5c43e300c45799de' was completed in 0,35 seconds with the score of 967,87 (7 unrouted), using 631872,12 CPU seconds and 582771 MB memory.
2026-07-29 16:41:39.042 INFO   [303DB9\2587FA] Restoring an earlier board that has the score of 967,87 (7 unrouted).
2026-07-29 16:41:39.042 INFO   [303DB9\2587FA] Auto-router pass #376 on board '8614e0df05442d9f5c43e300c45799de' was completed in 2,84 seconds with the score of 967,87 (7 unrouted), using 635177,31 CPU seconds and 586478 MB memory.
2026-07-29 16:41:40.087 INFO   [303DB9\2587FA] Auto-router pass #377 on board '8614e0df05442d9f5c43e300c45799de' was completed in 1,03 seconds with the score of 967,86 (7 unrouted), using 636280,94 CPU seconds and 587630 MB memory.
2026-07-29 16:41:40.695 INFO   [303DB9\2587FA] Auto-router pass #378 on board '09d87c76c0912a781a69e0501765c355' was completed in 0,57 seconds with the score of 967,87 (7 unrouted), using 636280,94 CPU seconds and 587630 MB memory.
2026-07-29 16:41:41.328 INFO   [303DB9\2587FA] Auto-router pass #379 on board '359f09ac2e09e4fde17c28b266aef58d' was completed in 0,61 seconds with the score of 967,87 (7 unrouted), using 637385,50 CPU seconds and 588922 MB memory.
2026-07-29 16:41:44.216 INFO   [303DB9\2587FA] Restoring an earlier board that has the score of 967,87 (7 unrouted).
2026-07-29 16:41:44.216 INFO   [303DB9\2587FA] Auto-router pass #380 on board '900c7055ba83d904a6cdbb3454159d84' was completed in 2,86 seconds with the score of 967,87 (7 unrouted), using 640705,06 CPU seconds and 592628 MB memory.
2026-07-29 16:41:45.492 INFO   [303DB9\2587FA] Auto-router pass #381 on board '8614e0df05442d9f5c43e300c45799de' was completed in 1,26 seconds with the score of 967,87 (7 unrouted), using 641813,50 CPU seconds and 593721 MB memory.
2026-07-29 16:41:45.877 INFO   [303DB9\2587FA] Auto-router pass #382 on board '8614e0df05442d9f5c43e300c45799de' was completed in 0,37 seconds with the score of 967,87 (7 unrouted), using 641813,50 CPU seconds and 593721 MB memory.
2026-07-29 16:41:46.272 INFO   [303DB9\2587FA] Auto-router pass #383 on board '8614e0df05442d9f5c43e300c45799de' was completed in 0,38 seconds with the score of 967,87 (7 unrouted), using 642922,88 CPU seconds and 594834 MB memory.
2026-07-29 16:41:49.265 INFO   [303DB9\2587FA] Restoring an earlier board that has the score of 967,87 (7 unrouted).
2026-07-29 16:41:49.265 INFO   [303DB9\2587FA] Auto-router pass #384 on board '8614e0df05442d9f5c43e300c45799de' was completed in 2,98 seconds with the score of 967,87 (7 unrouted), using 646256,88 CPU seconds and 598401 MB memory.
2026-07-29 16:41:50.699 INFO   [303DB9\2587FA] Auto-router pass #385 on board '224d9b64c39cc3e23ad9cddacdac3f0b' was completed in 1,42 seconds with the score of 966,66 (8 unrouted), using 647370,12 CPU seconds and 599581 MB memory.
2026-07-29 16:41:51.136 INFO   [303DB9\2587FA] Auto-router pass #386 on board 'e87a2abca7a5cc313e51e41d37bcc285' was completed in 0,41 seconds with the score of 966,66 (8 unrouted), using 648484,31 CPU seconds and 600884 MB memory.
2026-07-29 16:41:51.526 INFO   [303DB9\2587FA] Auto-router pass #387 on board 'e87a2abca7a5cc313e51e41d37bcc285' was completed in 0,38 seconds with the score of 966,66 (8 unrouted), using 648484,31 CPU seconds and 600884 MB memory.
2026-07-29 16:41:54.913 INFO   [303DB9\2587FA] Restoring an earlier board that has the score of 967,87 (7 unrouted).
2026-07-29 16:41:54.914 INFO   [303DB9\2587FA] Auto-router pass #388 on board 'e87a2abca7a5cc313e51e41d37bcc285' was completed in 3,38 seconds with the score of 966,66 (8 unrouted), using 652950,81 CPU seconds and 606081 MB memory.
2026-07-29 16:41:56.142 INFO   [303DB9\2587FA] Auto-router pass #389 on board '224d9b64c39cc3e23ad9cddacdac3f0b' was completed in 1,21 seconds with the score of 967,87 (7 unrouted), using 654069,88 CPU seconds and 607250 MB memory.
2026-07-29 16:41:56.508 INFO   [303DB9\2587FA] Auto-router pass #390 on board '224d9b64c39cc3e23ad9cddacdac3f0b' was completed in 0,36 seconds with the score of 967,87 (7 unrouted), using 654069,88 CPU seconds and 607250 MB memory.
2026-07-29 16:41:56.868 INFO   [303DB9\2587FA] Auto-router pass #391 on board '224d9b64c39cc3e23ad9cddacdac3f0b' was completed in 0,35 seconds with the score of 967,87 (7 unrouted), using 654069,88 CPU seconds and 607250 MB memory.
2026-07-29 16:41:59.372 INFO   [303DB9\2587FA] Restoring an earlier board that has the score of 967,87 (7 unrouted).
2026-07-29 16:41:59.372 INFO   [303DB9\2587FA] Auto-router pass #392 on board '224d9b64c39cc3e23ad9cddacdac3f0b' was completed in 2,49 seconds with the score of 967,87 (7 unrouted), using 657432,81 CPU seconds and 610794 MB memory.
2026-07-29 16:42:00.719 INFO   [303DB9\2587FA] Auto-router pass #393 on board '224d9b64c39cc3e23ad9cddacdac3f0b' was completed in 1,34 seconds with the score of 967,87 (7 unrouted), using 658555,75 CPU seconds and 612012 MB memory.
2026-07-29 16:42:01.079 INFO   [303DB9\2587FA] Auto-router pass #394 on board '224d9b64c39cc3e23ad9cddacdac3f0b' was completed in 0,35 seconds with the score of 967,87 (7 unrouted), using 659679,62 CPU seconds and 613241 MB memory.
2026-07-29 16:42:01.431 INFO   [303DB9\2587FA] Auto-router pass #395 on board '224d9b64c39cc3e23ad9cddacdac3f0b' was completed in 0,34 seconds with the score of 967,87 (7 unrouted), using 659679,62 CPU seconds and 613241 MB memory.
2026-07-29 16:42:04.429 INFO   [303DB9\2587FA] Restoring an earlier board that has the score of 967,87 (7 unrouted).
2026-07-29 16:42:04.429 INFO   [303DB9\2587FA] Auto-router pass #396 on board '224d9b64c39cc3e23ad9cddacdac3f0b' was completed in 2,99 seconds with the score of 967,87 (7 unrouted), using 663057,00 CPU seconds and 616881 MB memory.
2026-07-29 16:42:05.757 INFO   [303DB9\2587FA] Auto-router pass #397 on board '224d9b64c39cc3e23ad9cddacdac3f0b' was completed in 1,32 seconds with the score of 967,87 (7 unrouted), using 664184,75 CPU seconds and 618015 MB memory.
2026-07-29 16:42:06.127 INFO   [303DB9\2587FA] Auto-router pass #398 on board '224d9b64c39cc3e23ad9cddacdac3f0b' was completed in 0,36 seconds with the score of 967,87 (7 unrouted), using 665313,44 CPU seconds and 619170 MB memory.
2026-07-29 16:42:06.486 INFO   [303DB9\2587FA] Auto-router pass #399 on board '224d9b64c39cc3e23ad9cddacdac3f0b' was completed in 0,35 seconds with the score of 967,87 (7 unrouted), using 665313,44 CPU seconds and 619170 MB memory.
2026-07-29 16:42:09.460 INFO   [303DB9\2587FA] Restoring an earlier board that has the score of 967,87 (7 unrouted).
2026-07-29 16:42:09.461 INFO   [303DB9\2587FA] Auto-router pass #400 on board '224d9b64c39cc3e23ad9cddacdac3f0b' was completed in 2,96 seconds with the score of 966,69 (8 unrouted), using 668705,38 CPU seconds and 622859 MB memory.
2026-07-29 16:42:10.753 INFO   [303DB9\2587FA] Auto-router pass #401 on board '93f3ffb91ac5e792f4ad9abdfb13aae1' was completed in 1,28 seconds with the score of 967,87 (7 unrouted), using 669837,94 CPU seconds and 624030 MB memory.
2026-07-29 16:42:11.123 INFO   [303DB9\2587FA] Auto-router pass #402 on board '93f3ffb91ac5e792f4ad9abdfb13aae1' was completed in 0,36 seconds with the score of 967,87 (7 unrouted), using 670971,44 CPU seconds and 625161 MB memory.
2026-07-29 16:42:11.484 INFO   [303DB9\2587FA] Auto-router pass #403 on board '93f3ffb91ac5e792f4ad9abdfb13aae1' was completed in 0,35 seconds with the score of 967,87 (7 unrouted), using 670971,44 CPU seconds and 625161 MB memory.
2026-07-29 16:42:14.628 INFO   [303DB9\2587FA] Restoring an earlier board that has the score of 967,87 (7 unrouted).
2026-07-29 16:42:14.629 INFO   [303DB9\2587FA] Auto-router pass #404 on board '93f3ffb91ac5e792f4ad9abdfb13aae1' was completed in 3,13 seconds with the score of 967,87 (7 unrouted), using 674377,81 CPU seconds and 628652 MB memory.
2026-07-29 16:42:15.922 INFO   [303DB9\2587FA] Auto-router pass #405 on board '93f3ffb91ac5e792f4ad9abdfb13aae1' was completed in 1,28 seconds with the score of 967,87 (7 unrouted), using 676653,50 CPU seconds and 630851 MB memory.
2026-07-29 16:42:16.293 INFO   [303DB9\2587FA] Auto-router pass #406 on board '93f3ffb91ac5e792f4ad9abdfb13aae1' was completed in 0,36 seconds with the score of 967,87 (7 unrouted), using 676653,50 CPU seconds and 630851 MB memory.
2026-07-29 16:42:16.652 INFO   [303DB9\2587FA] Auto-router pass #407 on board '93f3ffb91ac5e792f4ad9abdfb13aae1' was completed in 0,35 seconds with the score of 967,87 (7 unrouted), using 676653,50 CPU seconds and 630851 MB memory.
2026-07-29 16:42:19.443 INFO   [303DB9\2587FA] Restoring an earlier board that has the score of 967,87 (7 unrouted).
2026-07-29 16:42:19.443 INFO   [303DB9\2587FA] Auto-router pass #408 on board '93f3ffb91ac5e792f4ad9abdfb13aae1' was completed in 2,78 seconds with the score of 967,87 (7 unrouted), using 680074,31 CPU seconds and 634401 MB memory.
2026-07-29 16:42:20.704 INFO   [303DB9\2587FA] Auto-router pass #409 on board '93f3ffb91ac5e792f4ad9abdfb13aae1' was completed in 1,25 seconds with the score of 967,87 (7 unrouted), using 681216,50 CPU seconds and 635601 MB memory.
2026-07-29 16:42:21.082 INFO   [303DB9\2587FA] Auto-router pass #410 on board '93f3ffb91ac5e792f4ad9abdfb13aae1' was completed in 0,37 seconds with the score of 967,87 (7 unrouted), using 682359,69 CPU seconds and 636697 MB memory.
2026-07-29 16:42:21.450 INFO   [303DB9\2587FA] Auto-router pass #411 on board '93f3ffb91ac5e792f4ad9abdfb13aae1' was completed in 0,36 seconds with the score of 967,87 (7 unrouted), using 682359,69 CPU seconds and 636697 MB memory.
2026-07-29 16:42:24.260 INFO   [303DB9\2587FA] Restoring an earlier board that has the score of 967,87 (7 unrouted).
2026-07-29 16:42:24.261 INFO   [303DB9\2587FA] Auto-router pass #412 on board '93f3ffb91ac5e792f4ad9abdfb13aae1' was completed in 2,80 seconds with the score of 967,87 (7 unrouted), using 685795,00 CPU seconds and 640312 MB memory.
2026-07-29 16:42:25.552 INFO   [303DB9\2587FA] Auto-router pass #413 on board '93f3ffb91ac5e792f4ad9abdfb13aae1' was completed in 1,28 seconds with the score of 967,87 (7 unrouted), using 686942,00 CPU seconds and 641420 MB memory.
2026-07-29 16:42:25.908 INFO   [303DB9\2587FA] Auto-router pass #414 on board '93f3ffb91ac5e792f4ad9abdfb13aae1' was completed in 0,35 seconds with the score of 967,87 (7 unrouted), using 688089,94 CPU seconds and 642542 MB memory.
2026-07-29 16:42:26.298 INFO   [303DB9\2587FA] Auto-router pass #415 on board '93f3ffb91ac5e792f4ad9abdfb13aae1' was completed in 0,38 seconds with the score of 967,87 (7 unrouted), using 688089,94 CPU seconds and 642542 MB memory.
2026-07-29 16:42:29.420 INFO   [303DB9\2587FA] Restoring an earlier board that has the score of 967,87 (7 unrouted).
2026-07-29 16:42:29.420 INFO   [303DB9\2587FA] Auto-router pass #416 on board '93f3ffb91ac5e792f4ad9abdfb13aae1' was completed in 3,11 seconds with the score of 967,87 (7 unrouted), using 691539,62 CPU seconds and 645826 MB memory.
2026-07-29 16:42:30.546 INFO   [303DB9\2587FA] Auto-router pass #417 on board 'bef7270fdfdb5a516a7c07a2fb6f4a88' was completed in 1,11 seconds with the score of 967,87 (7 unrouted), using 692691,44 CPU seconds and 647055 MB memory.
2026-07-29 16:42:31.208 INFO   [303DB9\2587FA] Auto-router pass #418 on board '7eca93294247f3078d2826a2a3e03f94' was completed in 0,63 seconds with the score of 967,87 (7 unrouted), using 693844,25 CPU seconds and 648180 MB memory.
2026-07-29 16:42:31.861 INFO   [303DB9\2587FA] Auto-router pass #419 on board 'e07e52305ff3b8808c51906dc7f0c051' was completed in 0,62 seconds with the score of 967,87 (7 unrouted), using 693844,25 CPU seconds and 648180 MB memory.
2026-07-29 16:42:35.154 INFO   [303DB9\2587FA] Restoring an earlier board that has the score of 967,87 (7 unrouted).
2026-07-29 16:42:35.155 INFO   [303DB9\2587FA] Auto-router pass #420 on board 'e3ae931438d37d41af042195ddfc8e02' was completed in 3,26 seconds with the score of 967,87 (7 unrouted), using 698465,06 CPU seconds and 652769 MB memory.
2026-07-29 16:42:36.637 INFO   [303DB9\2587FA] Auto-router pass #421 on board 'bef7270fdfdb5a516a7c07a2fb6f4a88' was completed in 1,47 seconds with the score of 967,87 (7 unrouted), using 699622,69 CPU seconds and 653905 MB memory.
2026-07-29 16:42:37.042 INFO   [303DB9\2587FA] Auto-router pass #422 on board '2c1d82e0571f5c4fff2ea9478ea1672f' was completed in 0,37 seconds with the score of 967,87 (7 unrouted), using 700781,25 CPU seconds and 655054 MB memory.
2026-07-29 16:42:37.444 INFO   [303DB9\2587FA] Auto-router pass #423 on board '2c1d82e0571f5c4fff2ea9478ea1672f' was completed in 0,39 seconds with the score of 967,87 (7 unrouted), using 700781,25 CPU seconds and 655054 MB memory.
2026-07-29 16:42:40.503 INFO   [303DB9\2587FA] Restoring an earlier board that has the score of 967,87 (7 unrouted).
2026-07-29 16:42:40.503 INFO   [303DB9\2587FA] Auto-router pass #424 on board '2c1d82e0571f5c4fff2ea9478ea1672f' was completed in 3,04 seconds with the score of 967,87 (7 unrouted), using 704262,69 CPU seconds and 658607 MB memory.
2026-07-29 16:42:41.771 INFO   [303DB9\2587FA] Auto-router pass #425 on board 'bef7270fdfdb5a516a7c07a2fb6f4a88' was completed in 1,26 seconds with the score of 967,87 (7 unrouted), using 705425,12 CPU seconds and 659737 MB memory.
2026-07-29 16:42:42.141 INFO   [303DB9\2587FA] Auto-router pass #426 on board 'bef7270fdfdb5a516a7c07a2fb6f4a88' was completed in 0,36 seconds with the score of 967,87 (7 unrouted), using 706588,50 CPU seconds and 660880 MB memory.
2026-07-29 16:42:42.509 INFO   [303DB9\2587FA] Auto-router pass #427 on board 'bef7270fdfdb5a516a7c07a2fb6f4a88' was completed in 0,36 seconds with the score of 967,87 (7 unrouted), using 706588,50 CPU seconds and 660880 MB memory.
2026-07-29 16:42:45.661 INFO   [303DB9\2587FA] Restoring an earlier board that has the score of 967,87 (7 unrouted).
2026-07-29 16:42:45.661 INFO   [303DB9\2587FA] Auto-router pass #428 on board 'bef7270fdfdb5a516a7c07a2fb6f4a88' was completed in 3,14 seconds with the score of 967,87 (7 unrouted), using 710084,38 CPU seconds and 664495 MB memory.
2026-07-29 16:42:46.796 INFO   [303DB9\2587FA] Auto-router pass #429 on board 'bef7270fdfdb5a516a7c07a2fb6f4a88' was completed in 1,12 seconds with the score of 967,87 (7 unrouted), using 711251,62 CPU seconds and 665780 MB memory.
2026-07-29 16:42:47.471 INFO   [303DB9\2587FA] Auto-router pass #430 on board '3503def95a8b7ad3f92087f3ae84dc45' was completed in 0,65 seconds with the score of 967,87 (7 unrouted), using 712419,81 CPU seconds and 666843 MB memory.
2026-07-29 16:42:48.136 INFO   [303DB9\2587FA] Auto-router pass #431 on board '8d7dfc41749837c308671d9ff80c67e9' was completed in 0,64 seconds with the score of 967,87 (7 unrouted), using 713589,00 CPU seconds and 668013 MB memory.
2026-07-29 16:42:51.462 INFO   [303DB9\2587FA] Restoring an earlier board that has the score of 967,87 (7 unrouted).
2026-07-29 16:42:51.462 INFO   [303DB9\2587FA] Auto-router pass #432 on board '8b5af2832519238977322df43d27dcf6' was completed in 3,30 seconds with the score of 967,87 (7 unrouted), using 717102,31 CPU seconds and 671594 MB memory.
2026-07-29 16:42:52.762 INFO   [303DB9\2587FA] Auto-router pass #433 on board '7eca93294247f3078d2826a2a3e03f94' was completed in 1,29 seconds with the score of 967,87 (7 unrouted), using 718275,38 CPU seconds and 672686 MB memory.
2026-07-29 16:42:53.199 INFO   [303DB9\2587FA] Auto-router pass #434 on board '7eca93294247f3078d2826a2a3e03f94' was completed in 0,43 seconds with the score of 967,87 (7 unrouted), using 719449,38 CPU seconds and 673782 MB memory.
2026-07-29 16:42:53.661 INFO   [303DB9\2587FA] Auto-router pass #435 on board '7eca93294247f3078d2826a2a3e03f94' was completed in 0,45 seconds with the score of 967,87 (7 unrouted), using 719449,38 CPU seconds and 673782 MB memory.
2026-07-29 16:42:57.024 INFO   [303DB9\2587FA] Restoring an earlier board that has the score of 967,87 (7 unrouted).
2026-07-29 16:42:57.024 INFO   [303DB9\2587FA] Auto-router pass #436 on board '7eca93294247f3078d2826a2a3e03f94' was completed in 3,35 seconds with the score of 967,87 (7 unrouted), using 724155,06 CPU seconds and 678088 MB memory.
2026-07-29 16:42:58.380 INFO   [303DB9\2587FA] Auto-router pass #437 on board '7eca93294247f3078d2826a2a3e03f94' was completed in 1,34 seconds with the score of 967,87 (7 unrouted), using 725333,94 CPU seconds and 679152 MB memory.
2026-07-29 16:42:58.760 INFO   [303DB9\2587FA] Auto-router pass #438 on board '7eca93294247f3078d2826a2a3e03f94' was completed in 0,37 seconds with the score of 967,87 (7 unrouted), using 725333,94 CPU seconds and 679152 MB memory.
2026-07-29 16:42:59.158 INFO   [303DB9\2587FA] Auto-router pass #439 on board '7eca93294247f3078d2826a2a3e03f94' was completed in 0,39 seconds with the score of 967,87 (7 unrouted), using 726513,75 CPU seconds and 680310 MB memory.
2026-07-29 16:43:02.212 INFO   [303DB9\2587FA] Restoring an earlier board that has the score of 967,87 (7 unrouted).
2026-07-29 16:43:02.212 INFO   [303DB9\2587FA] Auto-router pass #440 on board '7eca93294247f3078d2826a2a3e03f94' was completed in 3,04 seconds with the score of 967,87 (7 unrouted), using 730059,06 CPU seconds and 683786 MB memory.
2026-07-29 16:43:03.602 INFO   [303DB9\2587FA] Auto-router pass #441 on board '7eca93294247f3078d2826a2a3e03f94' was completed in 1,38 seconds with the score of 967,87 (7 unrouted), using 731242,75 CPU seconds and 684846 MB memory.
2026-07-29 16:43:04.016 INFO   [303DB9\2587FA] Auto-router pass #442 on board '7eca93294247f3078d2826a2a3e03f94' was completed in 0,40 seconds with the score of 967,87 (7 unrouted), using 732427,38 CPU seconds and 685853 MB memory.
2026-07-29 16:43:04.440 INFO   [303DB9\2587FA] Auto-router pass #443 on board '7eca93294247f3078d2826a2a3e03f94' was completed in 0,41 seconds with the score of 967,87 (7 unrouted), using 732427,38 CPU seconds and 685853 MB memory.
2026-07-29 16:43:07.956 INFO   [303DB9\2587FA] Restoring an earlier board that has the score of 967,87 (7 unrouted).
2026-07-29 16:43:07.957 INFO   [303DB9\2587FA] Auto-router pass #444 on board '7eca93294247f3078d2826a2a3e03f94' was completed in 3,50 seconds with the score of 967,87 (7 unrouted), using 737175,62 CPU seconds and 690326 MB memory.
2026-07-29 16:43:09.480 INFO   [303DB9\2587FA] Auto-router pass #445 on board '7eca93294247f3078d2826a2a3e03f94' was completed in 1,51 seconds with the score of 967,87 (7 unrouted), using 738365,12 CPU seconds and 691255 MB memory.
2026-07-29 16:43:09.879 INFO   [303DB9\2587FA] Auto-router pass #446 on board '7eca93294247f3078d2826a2a3e03f94' was completed in 0,39 seconds with the score of 967,87 (7 unrouted), using 738365,12 CPU seconds and 691255 MB memory.
2026-07-29 16:43:10.268 INFO   [303DB9\2587FA] Auto-router pass #447 on board '7eca93294247f3078d2826a2a3e03f94' was completed in 0,38 seconds with the score of 967,87 (7 unrouted), using 739555,56 CPU seconds and 692343 MB memory.
2026-07-29 16:43:13.424 INFO   [303DB9\2587FA] Restoring an earlier board that has the score of 967,87 (7 unrouted).
2026-07-29 16:43:13.424 INFO   [303DB9\2587FA] Auto-router pass #448 on board '7eca93294247f3078d2826a2a3e03f94' was completed in 3,15 seconds with the score of 967,87 (7 unrouted), using 743132,75 CPU seconds and 695806 MB memory.
2026-07-29 16:43:14.749 INFO   [303DB9\2587FA] Auto-router pass #449 on board 'e07e52305ff3b8808c51906dc7f0c051' was completed in 1,31 seconds with the score of 967,87 (7 unrouted), using 744327,06 CPU seconds and 696897 MB memory.
2026-07-29 16:43:15.129 INFO   [303DB9\2587FA] Auto-router pass #450 on board 'e07e52305ff3b8808c51906dc7f0c051' was completed in 0,37 seconds with the score of 967,87 (7 unrouted), using 745522,31 CPU seconds and 697967 MB memory.
2026-07-29 16:43:15.512 INFO   [303DB9\2587FA] Auto-router pass #451 on board 'e07e52305ff3b8808c51906dc7f0c051' was completed in 0,37 seconds with the score of 967,87 (7 unrouted), using 745522,31 CPU seconds and 697967 MB memory.
2026-07-29 16:43:18.527 INFO   [303DB9\2587FA] Restoring an earlier board that has the score of 967,87 (7 unrouted).
2026-07-29 16:43:18.528 INFO   [303DB9\2587FA] Auto-router pass #452 on board 'e07e52305ff3b8808c51906dc7f0c051' was completed in 3,00 seconds with the score of 967,87 (7 unrouted), using 749113,94 CPU seconds and 701449 MB memory.
2026-07-29 16:43:19.840 INFO   [303DB9\2587FA] Auto-router pass #453 on board 'e07e52305ff3b8808c51906dc7f0c051' was completed in 1,30 seconds with the score of 967,87 (7 unrouted), using 750313,06 CPU seconds and 702528 MB memory.
2026-07-29 16:43:20.237 INFO   [303DB9\2587FA] Auto-router pass #454 on board 'e07e52305ff3b8808c51906dc7f0c051' was completed in 0,39 seconds with the score of 967,87 (7 unrouted), using 751513,19 CPU seconds and 703632 MB memory.
2026-07-29 16:43:20.629 INFO   [303DB9\2587FA] Auto-router pass #455 on board 'e07e52305ff3b8808c51906dc7f0c051' was completed in 0,38 seconds with the score of 967,87 (7 unrouted), using 751513,19 CPU seconds and 703632 MB memory.
2026-07-29 16:43:24.263 INFO   [303DB9\2587FA] Restoring an earlier board that has the score of 967,87 (7 unrouted).
2026-07-29 16:43:24.263 INFO   [303DB9\2587FA] Auto-router pass #456 on board 'e07e52305ff3b8808c51906dc7f0c051' was completed in 3,62 seconds with the score of 967,87 (7 unrouted), using 756323,31 CPU seconds and 708087 MB memory.
2026-07-29 16:43:25.627 INFO   [303DB9\2587FA] Auto-router pass #457 on board 'e07e52305ff3b8808c51906dc7f0c051' was completed in 1,35 seconds with the score of 967,87 (7 unrouted), using 757528,25 CPU seconds and 709247 MB memory.
2026-07-29 16:43:26.015 INFO   [303DB9\2587FA] Auto-router pass #458 on board 'e07e52305ff3b8808c51906dc7f0c051' was completed in 0,38 seconds with the score of 967,87 (7 unrouted), using 758734,19 CPU seconds and 710284 MB memory.
2026-07-29 16:43:26.409 INFO   [303DB9\2587FA] Auto-router pass #459 on board 'e07e52305ff3b8808c51906dc7f0c051' was completed in 0,38 seconds with the score of 967,87 (7 unrouted), using 758734,19 CPU seconds and 710284 MB memory.
2026-07-29 16:43:29.542 INFO   [303DB9\2587FA] Restoring an earlier board that has the score of 967,87 (7 unrouted).
2026-07-29 16:43:29.542 INFO   [303DB9\2587FA] Auto-router pass #460 on board 'e07e52305ff3b8808c51906dc7f0c051' was completed in 3,12 seconds with the score of 967,87 (7 unrouted), using 762357,75 CPU seconds and 713719 MB memory.
2026-07-29 16:43:30.877 INFO   [303DB9\2587FA] Auto-router pass #461 on board 'e07e52305ff3b8808c51906dc7f0c051' was completed in 1,32 seconds with the score of 966,50 (8 unrouted), using 763567,56 CPU seconds and 714794 MB memory.
2026-07-29 16:43:31.828 INFO   [303DB9\2587FA] Auto-router pass #462 on board '2baada5cecd439112e323d435eb15d6d' was completed in 0,92 seconds with the score of 967,83 (7 unrouted), using 764778,31 CPU seconds and 715865 MB memory.
2026-07-29 16:43:32.265 INFO   [303DB9\2587FA] Auto-router pass #463 on board '4d5db94bddf628a3eeb72f89305eb85c' was completed in 0,40 seconds with the score of 967,83 (7 unrouted), using 765990,00 CPU seconds and 716917 MB memory.
2026-07-29 16:43:34.798 INFO   [303DB9\2587FA] Restoring an earlier board that has the score of 967,87 (7 unrouted).
2026-07-29 16:43:34.798 INFO   [303DB9\2587FA] Auto-router pass #464 on board '4d5db94bddf628a3eeb72f89305eb85c' was completed in 2,52 seconds with the score of 967,83 (7 unrouted), using 768416,31 CPU seconds and 719221 MB memory.
2026-07-29 16:43:36.134 INFO   [303DB9\2587FA] Auto-router pass #465 on board 'e3ae931438d37d41af042195ddfc8e02' was completed in 1,32 seconds with the score of 967,87 (7 unrouted), using 770846,50 CPU seconds and 721399 MB memory.
2026-07-29 16:43:36.525 INFO   [303DB9\2587FA] Auto-router pass #466 on board 'e3ae931438d37d41af042195ddfc8e02' was completed in 0,38 seconds with the score of 967,87 (7 unrouted), using 770846,50 CPU seconds and 721399 MB memory.
2026-07-29 16:43:36.914 INFO   [303DB9\2587FA] Auto-router pass #467 on board 'e3ae931438d37d41af042195ddfc8e02' was completed in 0,38 seconds with the score of 967,87 (7 unrouted), using 770846,50 CPU seconds and 721399 MB memory.
2026-07-29 16:43:40.020 INFO   [303DB9\2587FA] Restoring an earlier board that has the score of 967,87 (7 unrouted).
2026-07-29 16:43:40.021 INFO   [303DB9\2587FA] Auto-router pass #468 on board 'e3ae931438d37d41af042195ddfc8e02' was completed in 3,10 seconds with the score of 967,87 (7 unrouted), using 775718,50 CPU seconds and 725942 MB memory.
2026-07-29 16:43:41.370 INFO   [303DB9\2587FA] Auto-router pass #469 on board 'e3ae931438d37d41af042195ddfc8e02' was completed in 1,34 seconds with the score of 967,87 (7 unrouted), using 776938,94 CPU seconds and 727045 MB memory.
2026-07-29 16:43:41.801 INFO   [303DB9\2587FA] Auto-router pass #470 on board '2df7ad6e4f9531b5724f7bbd128314b3' was completed in 0,40 seconds with the score of 967,87 (7 unrouted), using 776938,94 CPU seconds and 727045 MB memory.
2026-07-29 16:43:42.201 INFO   [303DB9\2587FA] Auto-router pass #471 on board '2df7ad6e4f9531b5724f7bbd128314b3' was completed in 0,39 seconds with the score of 967,87 (7 unrouted), using 778160,31 CPU seconds and 728098 MB memory.
2026-07-29 16:43:45.197 INFO   [303DB9\2587FA] Restoring an earlier board that has the score of 967,87 (7 unrouted).
2026-07-29 16:43:45.197 INFO   [303DB9\2587FA] Auto-router pass #472 on board '2df7ad6e4f9531b5724f7bbd128314b3' was completed in 2,98 seconds with the score of 967,87 (7 unrouted), using 781830,31 CPU seconds and 731523 MB memory.
2026-07-29 16:43:46.701 INFO   [303DB9\2587FA] Auto-router pass #473 on board 'e3ae931438d37d41af042195ddfc8e02' was completed in 1,49 seconds with the score of 967,87 (7 unrouted), using 783055,56 CPU seconds and 732527 MB memory.
2026-07-29 16:43:47.104 INFO   [303DB9\2587FA] Auto-router pass #474 on board '2df7ad6e4f9531b5724f7bbd128314b3' was completed in 0,39 seconds with the score of 967,87 (7 unrouted), using 784281,75 CPU seconds and 733513 MB memory.
2026-07-29 16:43:47.499 INFO   [303DB9\2587FA] Auto-router pass #475 on board '2df7ad6e4f9531b5724f7bbd128314b3' was completed in 0,38 seconds with the score of 967,87 (7 unrouted), using 784281,75 CPU seconds and 733513 MB memory.
2026-07-29 16:43:50.588 INFO   [303DB9\2587FA] Restoring an earlier board that has the score of 967,87 (7 unrouted).
2026-07-29 16:43:50.588 INFO   [303DB9\2587FA] Auto-router pass #476 on board '2df7ad6e4f9531b5724f7bbd128314b3' was completed in 3,08 seconds with the score of 967,87 (7 unrouted), using 787966,25 CPU seconds and 736906 MB memory.
2026-07-29 16:43:52.219 INFO   [303DB9\2587FA] Auto-router pass #477 on board 'e3ae931438d37d41af042195ddfc8e02' was completed in 1,62 seconds with the score of 967,87 (7 unrouted), using 790427,38 CPU seconds and 738963 MB memory.
2026-07-29 16:43:52.621 INFO   [303DB9\2587FA] Auto-router pass #478 on board 'e3ae931438d37d41af042195ddfc8e02' was completed in 0,39 seconds with the score of 967,87 (7 unrouted), using 790427,38 CPU seconds and 738963 MB memory.
2026-07-29 16:43:53.019 INFO   [303DB9\2587FA] Auto-router pass #479 on board 'e3ae931438d37d41af042195ddfc8e02' was completed in 0,39 seconds with the score of 967,87 (7 unrouted), using 791659,38 CPU seconds and 740035 MB memory.
2026-07-29 16:43:56.208 INFO   [303DB9\2587FA] Restoring an earlier board that has the score of 967,87 (7 unrouted).
2026-07-29 16:43:56.208 INFO   [303DB9\2587FA] Auto-router pass #480 on board 'e3ae931438d37d41af042195ddfc8e02' was completed in 3,18 seconds with the score of 966,52 (8 unrouted), using 795361,25 CPU seconds and 743418 MB memory.
2026-07-29 16:43:57.620 INFO   [303DB9\2587FA] Auto-router pass #481 on board '2c1d82e0571f5c4fff2ea9478ea1672f' was completed in 1,40 seconds with the score of 967,87 (7 unrouted), using 796597,12 CPU seconds and 744453 MB memory.
2026-07-29 16:43:58.003 INFO   [303DB9\2587FA] Auto-router pass #482 on board '2c1d82e0571f5c4fff2ea9478ea1672f' was completed in 0,37 seconds with the score of 967,87 (7 unrouted), using 797834,00 CPU seconds and 745568 MB memory.
2026-07-29 16:43:58.390 INFO   [303DB9\2587FA] Auto-router pass #483 on board '2c1d82e0571f5c4fff2ea9478ea1672f' was completed in 0,38 seconds with the score of 967,87 (7 unrouted), using 797834,00 CPU seconds and 745568 MB memory.
2026-07-29 16:44:02.021 INFO   [303DB9\2587FA] Restoring an earlier board that has the score of 967,87 (7 unrouted).
2026-07-29 16:44:02.021 INFO   [303DB9\2587FA] Auto-router pass #484 on board '2c1d82e0571f5c4fff2ea9478ea1672f' was completed in 3,62 seconds with the score of 967,87 (7 unrouted), using 802791,06 CPU seconds and 750239 MB memory.
2026-07-29 16:44:03.201 INFO   [303DB9\2587FA] Auto-router pass #485 on board '2c1d82e0571f5c4fff2ea9478ea1672f' was completed in 1,17 seconds with the score of 967,87 (7 unrouted), using 804032,75 CPU seconds and 751339 MB memory.
2026-07-29 16:44:03.887 INFO   [303DB9\2587FA] Auto-router pass #486 on board 'e4c4ae49f869fea7aba52fd82d54a065' was completed in 0,66 seconds with the score of 967,87 (7 unrouted), using 804032,75 CPU seconds and 751339 MB memory.
2026-07-29 16:44:04.591 INFO   [303DB9\2587FA] Auto-router pass #487 on board 'a66880ed5ce7ab2a48f5ac93d197f114' was completed in 0,67 seconds with the score of 967,87 (7 unrouted), using 805275,38 CPU seconds and 752455 MB memory.
2026-07-29 16:44:07.822 INFO   [303DB9\2587FA] Restoring an earlier board that has the score of 967,87 (7 unrouted).
2026-07-29 16:44:07.822 INFO   [303DB9\2587FA] Auto-router pass #488 on board 'ff17b488a1f4af3809a38e55e7e563e2' was completed in 3,20 seconds with the score of 967,87 (7 unrouted), using 809009,12 CPU seconds and 755804 MB memory.
2026-07-29 16:44:09.171 INFO   [303DB9\2587FA] Auto-router pass #489 on board '2c1d82e0571f5c4fff2ea9478ea1672f' was completed in 1,33 seconds with the score of 967,87 (7 unrouted), using 811503,12 CPU seconds and 757800 MB memory.
2026-07-29 16:44:09.560 INFO   [303DB9\2587FA] Auto-router pass #490 on board '2c1d82e0571f5c4fff2ea9478ea1672f' was completed in 0,38 seconds with the score of 967,87 (7 unrouted), using 811503,12 CPU seconds and 757800 MB memory.
2026-07-29 16:44:09.954 INFO   [303DB9\2587FA] Auto-router pass #491 on board '2c1d82e0571f5c4fff2ea9478ea1672f' was completed in 0,38 seconds with the score of 967,87 (7 unrouted), using 812751,56 CPU seconds and 758907 MB memory.
2026-07-29 16:44:13.134 INFO   [303DB9\2587FA] Restoring an earlier board that has the score of 967,87 (7 unrouted).
2026-07-29 16:44:13.134 INFO   [303DB9\2587FA] Auto-router pass #492 on board '2c1d82e0571f5c4fff2ea9478ea1672f' was completed in 3,17 seconds with the score of 967,87 (7 unrouted), using 816502,75 CPU seconds and 762380 MB memory.
2026-07-29 16:44:14.441 INFO   [303DB9\2587FA] Auto-router pass #493 on board '2c1d82e0571f5c4fff2ea9478ea1672f' was completed in 1,29 seconds with the score of 967,87 (7 unrouted), using 817755,06 CPU seconds and 763419 MB memory.
2026-07-29 16:44:14.854 INFO   [303DB9\2587FA] Auto-router pass #494 on board '84d2c0b8143995f59e97c9e306e76a20' was completed in 0,38 seconds with the score of 967,87 (7 unrouted), using 817755,06 CPU seconds and 763419 MB memory.
2026-07-29 16:44:15.244 INFO   [303DB9\2587FA] Auto-router pass #495 on board '84d2c0b8143995f59e97c9e306e76a20' was completed in 0,38 seconds with the score of 967,87 (7 unrouted), using 819008,31 CPU seconds and 764502 MB memory.
2026-07-29 16:44:18.523 INFO   [303DB9\2587FA] Restoring an earlier board that has the score of 967,87 (7 unrouted).
2026-07-29 16:44:18.524 INFO   [303DB9\2587FA] Auto-router pass #496 on board '84d2c0b8143995f59e97c9e306e76a20' was completed in 3,27 seconds with the score of 967,87 (7 unrouted), using 822773,94 CPU seconds and 767900 MB memory.
2026-07-29 16:44:19.857 INFO   [303DB9\2587FA] Auto-router pass #497 on board '3503def95a8b7ad3f92087f3ae84dc45' was completed in 1,32 seconds with the score of 967,87 (7 unrouted), using 824031,06 CPU seconds and 768998 MB memory.
2026-07-29 16:44:20.247 INFO   [303DB9\2587FA] Auto-router pass #498 on board '3503def95a8b7ad3f92087f3ae84dc45' was completed in 0,38 seconds with the score of 967,87 (7 unrouted), using 825289,19 CPU seconds and 770063 MB memory.
2026-07-29 16:44:20.636 INFO   [303DB9\2587FA] Auto-router pass #499 on board '3503def95a8b7ad3f92087f3ae84dc45' was completed in 0,38 seconds with the score of 967,87 (7 unrouted), using 825289,19 CPU seconds and 770063 MB memory.
2026-07-29 16:44:23.727 INFO   [303DB9\2587FA] Restoring an earlier board that has the score of 967,87 (7 unrouted).
2026-07-29 16:44:23.728 INFO   [303DB9\2587FA] Auto-router pass #500 on board '3503def95a8b7ad3f92087f3ae84dc45' was completed in 3,08 seconds with the score of 967,87 (7 unrouted), using 829069,31 CPU seconds and 773446 MB memory.
2026-07-29 16:44:25.055 INFO   [303DB9\2587FA] Auto-router pass #501 on board '3503def95a8b7ad3f92087f3ae84dc45' was completed in 1,32 seconds with the score of 967,87 (7 unrouted), using 831594,25 CPU seconds and 775637 MB memory.
2026-07-29 16:44:25.445 INFO   [303DB9\2587FA] Auto-router pass #502 on board '3503def95a8b7ad3f92087f3ae84dc45' was completed in 0,38 seconds with the score of 967,87 (7 unrouted), using 831594,25 CPU seconds and 775637 MB memory.
2026-07-29 16:44:25.832 INFO   [303DB9\2587FA] Auto-router pass #503 on board '3503def95a8b7ad3f92087f3ae84dc45' was completed in 0,38 seconds with the score of 967,87 (7 unrouted), using 831594,25 CPU seconds and 775637 MB memory.
2026-07-29 16:44:29.186 INFO   [303DB9\2587FA] Restoring an earlier board that has the score of 967,87 (7 unrouted).
2026-07-29 16:44:29.186 INFO   [303DB9\2587FA] Auto-router pass #504 on board '3503def95a8b7ad3f92087f3ae84dc45' was completed in 3,34 seconds with the score of 967,87 (7 unrouted), using 836655,75 CPU seconds and 780160 MB memory.
2026-07-29 16:44:30.585 INFO   [303DB9\2587FA] Auto-router pass #505 on board '3503def95a8b7ad3f92087f3ae84dc45' was completed in 1,39 seconds with the score of 967,87 (7 unrouted), using 837923,56 CPU seconds and 781179 MB memory.
2026-07-29 16:44:30.978 INFO   [303DB9\2587FA] Auto-router pass #506 on board '3503def95a8b7ad3f92087f3ae84dc45' was completed in 0,38 seconds with the score of 967,87 (7 unrouted), using 839192,31 CPU seconds and 782283 MB memory.
2026-07-29 16:44:31.374 INFO   [303DB9\2587FA] Auto-router pass #507 on board '3503def95a8b7ad3f92087f3ae84dc45' was completed in 0,39 seconds with the score of 967,87 (7 unrouted), using 839192,31 CPU seconds and 782283 MB memory.
2026-07-29 16:44:34.747 INFO   [303DB9\2587FA] Restoring an earlier board that has the score of 967,87 (7 unrouted).
2026-07-29 16:44:34.747 INFO   [303DB9\2587FA] Auto-router pass #508 on board '3503def95a8b7ad3f92087f3ae84dc45' was completed in 3,36 seconds with the score of 967,87 (7 unrouted), using 843004,31 CPU seconds and 785657 MB memory.
2026-07-29 16:44:36.058 INFO   [303DB9\2587FA] Auto-router pass #509 on board '3503def95a8b7ad3f92087f3ae84dc45' was completed in 1,30 seconds with the score of 967,87 (7 unrouted), using 845550,50 CPU seconds and 787908 MB memory.
2026-07-29 16:44:36.428 INFO   [303DB9\2587FA] Auto-router pass #510 on board '3503def95a8b7ad3f92087f3ae84dc45' was completed in 0,36 seconds with the score of 967,87 (7 unrouted), using 845550,50 CPU seconds and 787908 MB memory.
2026-07-29 16:44:36.806 INFO   [303DB9\2587FA] Auto-router pass #511 on board '3503def95a8b7ad3f92087f3ae84dc45' was completed in 0,37 seconds with the score of 967,87 (7 unrouted), using 845550,50 CPU seconds and 787908 MB memory.
2026-07-29 16:44:39.937 INFO   [303DB9\2587FA] Restoring an earlier board that has the score of 967,87 (7 unrouted).
2026-07-29 16:44:39.937 INFO   [303DB9\2587FA] Auto-router pass #512 on board '3503def95a8b7ad3f92087f3ae84dc45' was completed in 3,12 seconds with the score of 967,87 (7 unrouted), using 849377,06 CPU seconds and 791438 MB memory.
2026-07-29 16:44:41.301 INFO   [303DB9\2587FA] Auto-router pass #513 on board '8d7dfc41749837c308671d9ff80c67e9' was completed in 1,35 seconds with the score of 967,87 (7 unrouted), using 851932,94 CPU seconds and 793594 MB memory.
2026-07-29 16:44:41.736 INFO   [303DB9\2587FA] Auto-router pass #514 on board '8d7dfc41749837c308671d9ff80c67e9' was completed in 0,42 seconds with the score of 967,87 (7 unrouted), using 851932,94 CPU seconds and 793594 MB memory.
2026-07-29 16:44:42.113 INFO   [303DB9\2587FA] Auto-router pass #515 on board '8d7dfc41749837c308671d9ff80c67e9' was completed in 0,37 seconds with the score of 967,87 (7 unrouted), using 853212,31 CPU seconds and 794798 MB memory.
2026-07-29 16:44:45.661 INFO   [303DB9\2587FA] Restoring an earlier board that has the score of 967,87 (7 unrouted).
2026-07-29 16:44:45.662 INFO   [303DB9\2587FA] Auto-router pass #516 on board '8d7dfc41749837c308671d9ff80c67e9' was completed in 3,54 seconds with the score of 967,87 (7 unrouted), using 857056,31 CPU seconds and 798351 MB memory.
2026-07-29 16:44:46.969 INFO   [303DB9\2587FA] Auto-router pass #517 on board '8d7dfc41749837c308671d9ff80c67e9' was completed in 1,30 seconds with the score of 967,87 (7 unrouted), using 859623,81 CPU seconds and 800709 MB memory.
2026-07-29 16:44:47.368 INFO   [303DB9\2587FA] Auto-router pass #518 on board '1457ccb15b8bb76ee02cd6781df5ce0b' was completed in 0,37 seconds with the score of 967,87 (7 unrouted), using 859623,81 CPU seconds and 800709 MB memory.
2026-07-29 16:44:47.732 INFO   [303DB9\2587FA] Auto-router pass #519 on board '1457ccb15b8bb76ee02cd6781df5ce0b' was completed in 0,35 seconds with the score of 967,87 (7 unrouted), using 859623,81 CPU seconds and 800709 MB memory.
2026-07-29 16:44:51.231 INFO   [303DB9\2587FA] Restoring an earlier board that has the score of 967,87 (7 unrouted).
2026-07-29 16:44:51.231 INFO   [303DB9\2587FA] Auto-router pass #520 on board '1457ccb15b8bb76ee02cd6781df5ce0b' was completed in 3,49 seconds with the score of 966,66 (8 unrouted), using 864770,38 CPU seconds and 805534 MB memory.
2026-07-29 16:44:52.540 INFO   [303DB9\2587FA] Auto-router pass #521 on board '8d7dfc41749837c308671d9ff80c67e9' was completed in 1,30 seconds with the score of 967,87 (7 unrouted), using 866059,44 CPU seconds and 806673 MB memory.
2026-07-29 16:44:52.923 INFO   [303DB9\2587FA] Auto-router pass #522 on board '8d7dfc41749837c308671d9ff80c67e9' was completed in 0,37 seconds with the score of 967,87 (7 unrouted), using 866059,44 CPU seconds and 806673 MB memory.
2026-07-29 16:44:53.288 INFO   [303DB9\2587FA] Auto-router pass #523 on board '8d7dfc41749837c308671d9ff80c67e9' was completed in 0,35 seconds with the score of 967,87 (7 unrouted), using 867349,50 CPU seconds and 807777 MB memory.
2026-07-29 16:44:56.565 INFO   [303DB9\2587FA] Restoring an earlier board that has the score of 967,87 (7 unrouted).
2026-07-29 16:44:56.565 INFO   [303DB9\2587FA] Auto-router pass #524 on board '8d7dfc41749837c308671d9ff80c67e9' was completed in 3,27 seconds with the score of 967,87 (7 unrouted), using 871225,44 CPU seconds and 811364 MB memory.
2026-07-29 16:44:57.699 INFO   [303DB9\2587FA] Auto-router pass #525 on board '8d7dfc41749837c308671d9ff80c67e9' was completed in 1,12 seconds with the score of 967,87 (7 unrouted), using 872519,38 CPU seconds and 812571 MB memory.
2026-07-29 16:44:58.353 INFO   [303DB9\2587FA] Auto-router pass #526 on board '1c5c0909eedbbaca7df62835bf4c3435' was completed in 0,63 seconds with the score of 967,87 (7 unrouted), using 873814,25 CPU seconds and 813710 MB memory.
2026-07-29 16:44:59.006 INFO   [303DB9\2587FA] Auto-router pass #527 on board '50c645245f839f0db5b7ca39b35da5d0' was completed in 0,62 seconds with the score of 967,87 (7 unrouted), using 875110,06 CPU seconds and 814935 MB memory.
2026-07-29 16:45:01.994 INFO   [303DB9\2587FA] Restoring an earlier board that has the score of 967,87 (7 unrouted).
2026-07-29 16:45:01.995 INFO   [303DB9\2587FA] Auto-router pass #528 on board '59705cc09a275629a70a54e9915cbf4d' was completed in 2,96 seconds with the score of 967,87 (7 unrouted), using 879003,38 CPU seconds and 818443 MB memory.
2026-07-29 16:45:03.256 INFO   [303DB9\2587FA] Auto-router pass #529 on board '1c5c0909eedbbaca7df62835bf4c3435' was completed in 1,25 seconds with the score of 967,87 (7 unrouted), using 880303,06 CPU seconds and 819512 MB memory.
2026-07-29 16:45:03.618 INFO   [303DB9\2587FA] Auto-router pass #530 on board '1c5c0909eedbbaca7df62835bf4c3435' was completed in 0,35 seconds with the score of 967,87 (7 unrouted), using 880303,06 CPU seconds and 819512 MB memory.
2026-07-29 16:45:03.980 INFO   [303DB9\2587FA] Auto-router pass #531 on board '1c5c0909eedbbaca7df62835bf4c3435' was completed in 0,35 seconds with the score of 967,87 (7 unrouted), using 881603,69 CPU seconds and 820714 MB memory.
2026-07-29 16:45:07.014 INFO   [303DB9\2587FA] Restoring an earlier board that has the score of 967,87 (7 unrouted).
2026-07-29 16:45:07.015 INFO   [303DB9\2587FA] Auto-router pass #532 on board '1c5c0909eedbbaca7df62835bf4c3435' was completed in 3,02 seconds with the score of 967,87 (7 unrouted), using 885511,44 CPU seconds and 824245 MB memory.
2026-07-29 16:45:08.319 INFO   [303DB9\2587FA] Auto-router pass #533 on board '1c5c0909eedbbaca7df62835bf4c3435' was completed in 1,29 seconds with the score of 967,87 (7 unrouted), using 886815,94 CPU seconds and 825349 MB memory.
2026-07-29 16:45:08.699 INFO   [303DB9\2587FA] Auto-router pass #534 on board '1c5c0909eedbbaca7df62835bf4c3435' was completed in 0,37 seconds with the score of 967,87 (7 unrouted), using 886815,94 CPU seconds and 825349 MB memory.
2026-07-29 16:45:09.071 INFO   [303DB9\2587FA] Auto-router pass #535 on board '1c5c0909eedbbaca7df62835bf4c3435' was completed in 0,36 seconds with the score of 967,87 (7 unrouted), using 888121,44 CPU seconds and 826453 MB memory.
2026-07-29 16:45:12.092 INFO   [303DB9\2587FA] Restoring an earlier board that has the score of 967,87 (7 unrouted).
2026-07-29 16:45:12.092 INFO   [303DB9\2587FA] Auto-router pass #536 on board '1c5c0909eedbbaca7df62835bf4c3435' was completed in 3,01 seconds with the score of 967,87 (7 unrouted), using 892043,69 CPU seconds and 830023 MB memory.
2026-07-29 16:45:14.211 INFO   [303DB9\2587FA] Auto-router pass #537 on board '1c5c0909eedbbaca7df62835bf4c3435' was completed in 2,11 seconds with the score of 967,87 (7 unrouted), using 894663,38 CPU seconds and 832306 MB memory.
2026-07-29 16:45:14.730 INFO   [303DB9\2587FA] Auto-router pass #538 on board 'd483944ad38eb3fb08764de754609d44' was completed in 0,49 seconds with the score of 967,87 (7 unrouted), using 894663,38 CPU seconds and 832306 MB memory.
2026-07-29 16:45:15.405 INFO   [303DB9\2587FA] Auto-router pass #539 on board '00c6693f7ad5cbb151cbb92c57be35d3' was completed in 0,65 seconds with the score of 967,87 (7 unrouted), using 895974,69 CPU seconds and 833457 MB memory.
2026-07-29 16:45:18.667 INFO   [303DB9\2587FA] Restoring an earlier board that has the score of 967,87 (7 unrouted).
2026-07-29 16:45:18.667 INFO   [303DB9\2587FA] Auto-router pass #540 on board '2c3af5cecd92f1080f13f2d3dd6a8b65' was completed in 3,23 seconds with the score of 966,60 (8 unrouted), using 899914,38 CPU seconds and 836991 MB memory.
2026-07-29 16:45:19.913 INFO   [303DB9\2587FA] Auto-router pass #541 on board '1c5c0909eedbbaca7df62835bf4c3435' was completed in 1,24 seconds with the score of 967,87 (7 unrouted), using 901229,56 CPU seconds and 838267 MB memory.
2026-07-29 16:45:20.293 INFO   [303DB9\2587FA] Auto-router pass #542 on board '1c5c0909eedbbaca7df62835bf4c3435' was completed in 0,36 seconds with the score of 967,87 (7 unrouted), using 902545,69 CPU seconds and 839394 MB memory.
2026-07-29 16:45:20.667 INFO   [303DB9\2587FA] Auto-router pass #543 on board '1c5c0909eedbbaca7df62835bf4c3435' was completed in 0,36 seconds with the score of 967,87 (7 unrouted), using 902545,69 CPU seconds and 839394 MB memory.
2026-07-29 16:45:23.230 INFO   [303DB9\2587FA] Restoring an earlier board that has the score of 967,87 (7 unrouted).
2026-07-29 16:45:23.230 INFO   [303DB9\2587FA] Auto-router pass #544 on board '1c5c0909eedbbaca7df62835bf4c3435' was completed in 2,55 seconds with the score of 967,87 (7 unrouted), using 906499,81 CPU seconds and 843108 MB memory.
2026-07-29 16:45:24.388 INFO   [303DB9\2587FA] Auto-router pass #545 on board '50c645245f839f0db5b7ca39b35da5d0' was completed in 1,15 seconds with the score of 967,87 (7 unrouted), using 907819,81 CPU seconds and 844228 MB memory.
2026-07-29 16:45:25.157 INFO   [303DB9\2587FA] Auto-router pass #546 on board 'df3e9a08f849672d70c283f6ec6d9a81' was completed in 0,74 seconds with the score of 967,87 (7 unrouted), using 909140,75 CPU seconds and 845309 MB memory.
2026-07-29 16:45:25.865 INFO   [303DB9\2587FA] Auto-router pass #547 on board 'cf9b764b752b680f4caccdc0229d8aa8' was completed in 0,68 seconds with the score of 967,87 (7 unrouted), using 909140,75 CPU seconds and 845309 MB memory.
2026-07-29 16:45:28.601 INFO   [303DB9\2587FA] Restoring an earlier board that has the score of 967,87 (7 unrouted).
2026-07-29 16:45:28.601 INFO   [303DB9\2587FA] Auto-router pass #548 on board 'a7ec6c28a792bb12bfa559b9471a9031' was completed in 2,71 seconds with the score of 967,87 (7 unrouted), using 913109,38 CPU seconds and 848726 MB memory.
2026-07-29 16:45:29.887 INFO   [303DB9\2587FA] Auto-router pass #549 on board '50c645245f839f0db5b7ca39b35da5d0' was completed in 1,27 seconds with the score of 967,87 (7 unrouted), using 914434,19 CPU seconds and 849818 MB memory.
2026-07-29 16:45:30.279 INFO   [303DB9\2587FA] Auto-router pass #550 on board '50c645245f839f0db5b7ca39b35da5d0' was completed in 0,38 seconds with the score of 967,87 (7 unrouted), using 915759,94 CPU seconds and 850922 MB memory.
2026-07-29 16:45:30.651 INFO   [303DB9\2587FA] Auto-router pass #551 on board '50c645245f839f0db5b7ca39b35da5d0' was completed in 0,36 seconds with the score of 967,87 (7 unrouted), using 915759,94 CPU seconds and 850922 MB memory.
2026-07-29 16:45:33.690 INFO   [303DB9\2587FA] Restoring an earlier board that has the score of 967,87 (7 unrouted).
2026-07-29 16:45:33.690 INFO   [303DB9\2587FA] Auto-router pass #552 on board '50c645245f839f0db5b7ca39b35da5d0' was completed in 3,03 seconds with the score of 967,87 (7 unrouted), using 919743,12 CPU seconds and 854595 MB memory.
2026-07-29 16:45:34.895 INFO   [303DB9\2587FA] Auto-router pass #553 on board '50c645245f839f0db5b7ca39b35da5d0' was completed in 1,20 seconds with the score of 967,87 (7 unrouted), using 921072,81 CPU seconds and 855805 MB memory.
2026-07-29 16:45:35.247 INFO   [303DB9\2587FA] Auto-router pass #554 on board '50c645245f839f0db5b7ca39b35da5d0' was completed in 0,34 seconds with the score of 967,87 (7 unrouted), using 922403,44 CPU seconds and 856960 MB memory.
2026-07-29 16:45:35.599 INFO   [303DB9\2587FA] Auto-router pass #555 on board '50c645245f839f0db5b7ca39b35da5d0' was completed in 0,34 seconds with the score of 967,87 (7 unrouted), using 922403,44 CPU seconds and 856960 MB memory.
2026-07-29 16:45:38.585 INFO   [303DB9\2587FA] Restoring an earlier board that has the score of 967,87 (7 unrouted).
2026-07-29 16:45:38.585 INFO   [303DB9\2587FA] Auto-router pass #556 on board '50c645245f839f0db5b7ca39b35da5d0' was completed in 2,98 seconds with the score of 967,87 (7 unrouted), using 926401,06 CPU seconds and 860485 MB memory.
2026-07-29 16:45:39.853 INFO   [303DB9\2587FA] Auto-router pass #557 on board '50c645245f839f0db5b7ca39b35da5d0' was completed in 1,26 seconds with the score of 967,87 (7 unrouted), using 927735,56 CPU seconds and 861606 MB memory.
2026-07-29 16:45:40.228 INFO   [303DB9\2587FA] Auto-router pass #558 on board '50c645245f839f0db5b7ca39b35da5d0' was completed in 0,36 seconds with the score of 967,87 (7 unrouted), using 929071,00 CPU seconds and 862721 MB memory.
2026-07-29 16:45:40.597 INFO   [303DB9\2587FA] Auto-router pass #559 on board '50c645245f839f0db5b7ca39b35da5d0' was completed in 0,36 seconds with the score of 967,87 (7 unrouted), using 929071,00 CPU seconds and 862721 MB memory.
2026-07-29 16:45:43.528 INFO   [303DB9\2587FA] Restoring an earlier board that has the score of 967,87 (7 unrouted).
2026-07-29 16:45:43.529 INFO   [303DB9\2587FA] Auto-router pass #560 on board '50c645245f839f0db5b7ca39b35da5d0' was completed in 2,92 seconds with the score of 967,87 (7 unrouted), using 933083,06 CPU seconds and 866175 MB memory.
2026-07-29 16:45:45.621 INFO   [303DB9\2587FA] Auto-router pass #561 on board '59705cc09a275629a70a54e9915cbf4d' was completed in 2,08 seconds with the score of 967,89 (7 unrouted), using 935762,62 CPU seconds and 868535 MB memory.
2026-07-29 16:45:47.267 INFO   [303DB9\2587FA] Auto-router pass #562 on board '02cb0e5081667746ec03f6773e5540ae' was completed in 1,62 seconds with the score of 967,89 (7 unrouted), using 938446,06 CPU seconds and 870812 MB memory.
2026-07-29 16:45:47.923 INFO   [303DB9\2587FA] Auto-router pass #563 on board '6cc400c04a610a36daf905780fccd958' was completed in 0,63 seconds with the score of 967,87 (7 unrouted), using 938446,06 CPU seconds and 870812 MB memory.
2026-07-29 16:45:50.953 INFO   [303DB9\2587FA] Restoring an earlier board that has the score of 967,89 (7 unrouted).
2026-07-29 16:45:50.954 INFO   [303DB9\2587FA] Auto-router pass #564 on board '6fa87131b571f1638e7ec1f04e820731' was completed in 3,00 seconds with the score of 967,87 (7 unrouted), using 942478,56 CPU seconds and 874432 MB memory.
2026-07-29 16:45:52.318 INFO   [303DB9\2587FA] Auto-router pass #565 on board '6cc400c04a610a36daf905780fccd958' was completed in 1,35 seconds with the score of 967,87 (7 unrouted), using 945171,69 CPU seconds and 876555 MB memory.
2026-07-29 16:45:52.738 INFO   [303DB9\2587FA] Auto-router pass #566 on board 'e3bcd062d08aa15aff5c8ddc3d122968' was completed in 0,39 seconds with the score of 967,87 (7 unrouted), using 945171,69 CPU seconds and 876555 MB memory.
2026-07-29 16:45:53.110 INFO   [303DB9\2587FA] Auto-router pass #567 on board 'e3bcd062d08aa15aff5c8ddc3d122968' was completed in 0,36 seconds with the score of 967,87 (7 unrouted), using 946519,69 CPU seconds and 877680 MB memory.
2026-07-29 16:45:56.171 INFO   [303DB9\2587FA] Restoring an earlier board that has the score of 967,89 (7 unrouted).
2026-07-29 16:45:56.171 INFO   [303DB9\2587FA] Auto-router pass #568 on board 'e3bcd062d08aa15aff5c8ddc3d122968' was completed in 3,05 seconds with the score of 967,87 (7 unrouted), using 950569,50 CPU seconds and 881339 MB memory.
2026-07-29 16:45:57.562 INFO   [303DB9\2587FA] Auto-router pass #569 on board '6cc400c04a610a36daf905780fccd958' was completed in 1,38 seconds with the score of 967,87 (7 unrouted), using 951921,38 CPU seconds and 882422 MB memory.
2026-07-29 16:45:57.951 INFO   [303DB9\2587FA] Auto-router pass #570 on board 'e3bcd062d08aa15aff5c8ddc3d122968' was completed in 0,38 seconds with the score of 967,87 (7 unrouted), using 951921,38 CPU seconds and 882422 MB memory.
2026-07-29 16:45:58.337 INFO   [303DB9\2587FA] Auto-router pass #571 on board 'e3bcd062d08aa15aff5c8ddc3d122968' was completed in 0,38 seconds with the score of 967,87 (7 unrouted), using 953274,19 CPU seconds and 883475 MB memory.
2026-07-29 16:46:02.002 INFO   [303DB9\2587FA] Restoring an earlier board that has the score of 967,89 (7 unrouted).
2026-07-29 16:46:02.002 INFO   [303DB9\2587FA] Auto-router pass #572 on board 'e3bcd062d08aa15aff5c8ddc3d122968' was completed in 3,65 seconds with the score of 967,87 (7 unrouted), using 958695,19 CPU seconds and 887684 MB memory.
2026-07-29 16:46:03.120 INFO   [303DB9\2587FA] Auto-router pass #573 on board '6cc400c04a610a36daf905780fccd958' was completed in 1,11 seconds with the score of 967,87 (7 unrouted), using 960052,88 CPU seconds and 888778 MB memory.
2026-07-29 16:46:03.835 INFO   [303DB9\2587FA] Auto-router pass #574 on board '25eda8944b31b6d596846ba6a24e41dd' was completed in 0,69 seconds with the score of 967,87 (7 unrouted), using 960052,88 CPU seconds and 888778 MB memory.
2026-07-29 16:46:04.620 INFO   [303DB9\2587FA] Auto-router pass #575 on board 'b71944cb53c3e1dd15e19a5fd4793bb4' was completed in 0,75 seconds with the score of 967,87 (7 unrouted), using 961411,50 CPU seconds and 889915 MB memory.
2026-07-29 16:46:08.066 INFO   [303DB9\2587FA] Restoring an earlier board that has the score of 967,89 (7 unrouted).
2026-07-29 16:46:08.067 INFO   [303DB9\2587FA] Auto-router pass #576 on board '64fa2b4e12a27192b320617cbe075259' was completed in 3,42 seconds with the score of 967,87 (7 unrouted), using 966855,75 CPU seconds and 894233 MB memory.
2026-07-29 16:46:09.415 INFO   [303DB9\2587FA] Auto-router pass #577 on board '6cc400c04a610a36daf905780fccd958' was completed in 1,34 seconds with the score of 967,87 (7 unrouted), using 968219,25 CPU seconds and 895263 MB memory.
2026-07-29 16:46:09.803 INFO   [303DB9\2587FA] Auto-router pass #578 on board 'e3bcd062d08aa15aff5c8ddc3d122968' was completed in 0,38 seconds with the score of 967,87 (7 unrouted), using 968219,25 CPU seconds and 895263 MB memory.
2026-07-29 16:46:10.198 INFO   [303DB9\2587FA] Auto-router pass #579 on board 'e3bcd062d08aa15aff5c8ddc3d122968' was completed in 0,38 seconds with the score of 967,87 (7 unrouted), using 969583,69 CPU seconds and 896373 MB memory.
2026-07-29 16:46:13.621 INFO   [303DB9\2587FA] Restoring an earlier board that has the score of 967,89 (7 unrouted).
2026-07-29 16:46:13.621 INFO   [303DB9\2587FA] Auto-router pass #580 on board 'e3bcd062d08aa15aff5c8ddc3d122968' was completed in 3,41 seconds with the score of 967,87 (7 unrouted), using 973682,88 CPU seconds and 899643 MB memory.
2026-07-29 16:46:14.996 INFO   [303DB9\2587FA] Auto-router pass #581 on board '02cb0e5081667746ec03f6773e5540ae' was completed in 1,36 seconds with the score of 967,87 (7 unrouted), using 976420,44 CPU seconds and 901874 MB memory.
2026-07-29 16:46:15.395 INFO   [303DB9\2587FA] Auto-router pass #582 on board '1e8bc5cbc7d64f03eab24fae04c525b9' was completed in 0,37 seconds with the score of 967,87 (7 unrouted), using 976420,44 CPU seconds and 901874 MB memory.
2026-07-29 16:46:15.817 INFO   [303DB9\2587FA] Auto-router pass #583 on board '1e8bc5cbc7d64f03eab24fae04c525b9' was completed in 0,41 seconds with the score of 967,87 (7 unrouted), using 976420,44 CPU seconds and 901874 MB memory.
2026-07-29 16:46:19.264 INFO   [303DB9\2587FA] Restoring an earlier board that has the score of 967,89 (7 unrouted).
2026-07-29 16:46:19.264 INFO   [303DB9\2587FA] Auto-router pass #584 on board '1e8bc5cbc7d64f03eab24fae04c525b9' was completed in 3,43 seconds with the score of 967,87 (7 unrouted), using 981907,19 CPU seconds and 906449 MB memory.
2026-07-29 16:46:20.347 INFO   [303DB9\2587FA] Auto-router pass #585 on board '02cb0e5081667746ec03f6773e5540ae' was completed in 1,07 seconds with the score of 967,87 (7 unrouted), using 983281,31 CPU seconds and 907638 MB memory.
2026-07-29 16:46:21.000 INFO   [303DB9\2587FA] Auto-router pass #586 on board 'f9bcf1f2dd76c317dad22e2a8ec331bf' was completed in 0,62 seconds with the score of 967,87 (7 unrouted), using 984656,38 CPU seconds and 908821 MB memory.
2026-07-29 16:46:21.663 INFO   [303DB9\2587FA] Auto-router pass #587 on board '1386f10cdddc57df3c17fae4804e4267' was completed in 0,64 seconds with the score of 967,87 (7 unrouted), using 984656,38 CPU seconds and 908821 MB memory.
2026-07-29 16:46:24.842 INFO   [303DB9\2587FA] Restoring an earlier board that has the score of 967,89 (7 unrouted).
2026-07-29 16:46:24.843 INFO   [303DB9\2587FA] Auto-router pass #588 on board '0384f13673b4c28802bbb59001cf51da' was completed in 3,15 seconds with the score of 967,87 (7 unrouted), using 988787,38 CPU seconds and 912216 MB memory.
2026-07-29 16:46:26.146 INFO   [303DB9\2587FA] Auto-router pass #589 on board '02cb0e5081667746ec03f6773e5540ae' was completed in 1,29 seconds with the score of 967,87 (7 unrouted), using 991546,19 CPU seconds and 914380 MB memory.
2026-07-29 16:46:26.526 INFO   [303DB9\2587FA] Auto-router pass #590 on board '1e8bc5cbc7d64f03eab24fae04c525b9' was completed in 0,37 seconds with the score of 967,87 (7 unrouted), using 991546,19 CPU seconds and 914380 MB memory.
2026-07-29 16:46:26.903 INFO   [303DB9\2587FA] Auto-router pass #591 on board '1e8bc5cbc7d64f03eab24fae04c525b9' was completed in 0,37 seconds with the score of 967,87 (7 unrouted), using 991546,19 CPU seconds and 914380 MB memory.
2026-07-29 16:46:29.995 INFO   [303DB9\2587FA] Restoring an earlier board that has the score of 967,89 (7 unrouted).
2026-07-29 16:46:29.995 INFO   [303DB9\2587FA] Auto-router pass #592 on board '1e8bc5cbc7d64f03eab24fae04c525b9' was completed in 3,08 seconds with the score of 967,87 (7 unrouted), using 997075,38 CPU seconds and 918797 MB memory.
2026-07-29 16:46:31.391 INFO   [303DB9\2587FA] Auto-router pass #593 on board '02cb0e5081667746ec03f6773e5540ae' was completed in 1,38 seconds with the score of 967,87 (7 unrouted), using 998460,06 CPU seconds and 919786 MB memory.
2026-07-29 16:46:31.774 INFO   [303DB9\2587FA] Auto-router pass #594 on board '1e8bc5cbc7d64f03eab24fae04c525b9' was completed in 0,37 seconds with the score of 967,87 (7 unrouted), using 998460,06 CPU seconds and 919786 MB memory.
2026-07-29 16:46:32.157 INFO   [303DB9\2587FA] Auto-router pass #595 on board '1e8bc5cbc7d64f03eab24fae04c525b9' was completed in 0,37 seconds with the score of 967,87 (7 unrouted), using 999845,75 CPU seconds and 920831 MB memory.
2026-07-29 16:46:34.737 INFO   [303DB9\2587FA] Restoring an earlier board that has the score of 967,87 (7 unrouted).
2026-07-29 16:46:34.737 INFO   [303DB9\2587FA] Auto-router pass #596 on board '1e8bc5cbc7d64f03eab24fae04c525b9' was completed in 2,57 seconds with the score of 967,87 (7 unrouted), using 1002620,00 CPU seconds and 923204 MB memory.
2026-07-29 16:46:36.070 INFO   [303DB9\2587FA] Auto-router pass #597 on board '59705cc09a275629a70a54e9915cbf4d' was completed in 1,32 seconds with the score of 967,87 (7 unrouted), using 1005398,06 CPU seconds and 925537 MB memory.
2026-07-29 16:46:36.440 INFO   [303DB9\2587FA] Auto-router pass #598 on board '59705cc09a275629a70a54e9915cbf4d' was completed in 0,36 seconds with the score of 967,87 (7 unrouted), using 1005398,06 CPU seconds and 925537 MB memory.
2026-07-29 16:46:36.792 INFO   [303DB9\2587FA] Auto-router pass #599 on board '59705cc09a275629a70a54e9915cbf4d' was completed in 0,34 seconds with the score of 967,87 (7 unrouted), using 1005398,06 CPU seconds and 925537 MB memory.
2026-07-29 16:46:39.654 INFO   [303DB9\2587FA] Restoring an earlier board that has the score of 967,87 (7 unrouted).
2026-07-29 16:46:39.654 INFO   [303DB9\2587FA] Auto-router pass #600 on board '59705cc09a275629a70a54e9915cbf4d' was completed in 2,85 seconds with the score of 967,87 (7 unrouted), using 1009572,44 CPU seconds and 929243 MB memory.
2026-07-29 16:46:40.831 INFO   [303DB9\2587FA] Auto-router pass #601 on board '59705cc09a275629a70a54e9915cbf4d' was completed in 1,17 seconds with the score of 967,87 (7 unrouted), using 1010965,81 CPU seconds and 930353 MB memory.
2026-07-29 16:46:41.560 INFO   [303DB9\2587FA] Auto-router pass #602 on board 'f719bb515233f423cfebd824f2a8f5ba' was completed in 0,70 seconds with the score of 967,87 (7 unrouted), using 1012360,19 CPU seconds and 931421 MB memory.
2026-07-29 16:46:42.250 INFO   [303DB9\2587FA] Auto-router pass #603 on board '10f1350a20e21d5a844cb7f99e5503ef' was completed in 0,66 seconds with the score of 967,87 (7 unrouted), using 1013755,50 CPU seconds and 932523 MB memory.
2026-07-29 16:46:45.302 INFO   [303DB9\2587FA] Restoring an earlier board that has the score of 967,87 (7 unrouted).
2026-07-29 16:46:45.302 INFO   [303DB9\2587FA] Auto-router pass #604 on board '9a89099452ecd73e069a12927a7a89e2' was completed in 3,02 seconds with the score of 967,87 (7 unrouted), using 1017947,25 CPU seconds and 936009 MB memory.
2026-07-29 16:46:46.649 INFO   [303DB9\2587FA] Auto-router pass #605 on board '59705cc09a275629a70a54e9915cbf4d' was completed in 1,33 seconds with the score of 967,87 (7 unrouted), using 1019346,44 CPU seconds and 937066 MB memory.
2026-07-29 16:46:46.999 INFO   [303DB9\2587FA] Auto-router pass #606 on board '59705cc09a275629a70a54e9915cbf4d' was completed in 0,34 seconds with the score of 967,87 (7 unrouted), using 1020746,56 CPU seconds and 938164 MB memory.
2026-07-29 16:46:47.352 INFO   [303DB9\2587FA] Auto-router pass #607 on board '59705cc09a275629a70a54e9915cbf4d' was completed in 0,34 seconds with the score of 967,87 (7 unrouted), using 1020746,56 CPU seconds and 938164 MB memory.
2026-07-29 16:46:50.545 INFO   [303DB9\2587FA] Restoring an earlier board that has the score of 967,87 (7 unrouted).
2026-07-29 16:46:50.545 INFO   [303DB9\2587FA] Auto-router pass #608 on board '59705cc09a275629a70a54e9915cbf4d' was completed in 3,18 seconds with the score of 967,87 (7 unrouted), using 1024952,81 CPU seconds and 941562 MB memory.
2026-07-29 16:46:51.889 INFO   [303DB9\2587FA] Auto-router pass #609 on board 'd483944ad38eb3fb08764de754609d44' was completed in 1,33 seconds with the score of 967,87 (7 unrouted), using 1026356,81 CPU seconds and 942693 MB memory.
2026-07-29 16:46:52.333 INFO   [303DB9\2587FA] Auto-router pass #610 on board '08266c9a9e49afa2fbbde0ff423d4bbc' was completed in 0,41 seconds with the score of 967,87 (7 unrouted), using 1027761,81 CPU seconds and 943758 MB memory.
2026-07-29 16:46:52.723 INFO   [303DB9\2587FA] Auto-router pass #611 on board '08266c9a9e49afa2fbbde0ff423d4bbc' was completed in 0,38 seconds with the score of 967,87 (7 unrouted), using 1027761,81 CPU seconds and 943758 MB memory.
2026-07-29 16:46:56.469 INFO   [303DB9\2587FA] Restoring an earlier board that has the score of 967,87 (7 unrouted).
2026-07-29 16:46:56.469 INFO   [303DB9\2587FA] Auto-router pass #612 on board '08266c9a9e49afa2fbbde0ff423d4bbc' was completed in 3,73 seconds with the score of 967,87 (7 unrouted), using 1033391,44 CPU seconds and 948136 MB memory.
2026-07-29 16:46:57.720 INFO   [303DB9\2587FA] Auto-router pass #613 on board 'd483944ad38eb3fb08764de754609d44' was completed in 1,24 seconds with the score of 966,62 (8 unrouted), using 1034801,25 CPU seconds and 949347 MB memory.
2026-07-29 16:46:57.802 WARN   ItemAutorouteInfo.get_expansion_room: p_index out of range
2026-07-29 16:46:58.525 INFO   [303DB9\2587FA] Auto-router pass #614 on board 'b969ab787c911c225ba343a6cf746319' was completed in 0,78 seconds with the score of 966,62 (8 unrouted), using 1036212,06 CPU seconds and 950323 MB memory.
2026-07-29 16:46:59.282 INFO   [303DB9\2587FA] Auto-router pass #615 on board 'b1faa7b10c07c965365f8ed5a1965bd1' was completed in 0,73 seconds with the score of 966,62 (8 unrouted), using 1037623,81 CPU seconds and 951497 MB memory.
2026-07-29 16:47:02.587 INFO   [303DB9\2587FA] Restoring an earlier board that has the score of 967,87 (7 unrouted).
2026-07-29 16:47:02.587 INFO   [303DB9\2587FA] Auto-router pass #616 on board '5ea785744ebb8a15f183545710de6c50' was completed in 3,28 seconds with the score of 966,60 (8 unrouted), using 1041864,88 CPU seconds and 954985 MB memory.
2026-07-29 16:47:03.950 INFO   [303DB9\2587FA] Auto-router pass #617 on board 'd483944ad38eb3fb08764de754609d44' was completed in 1,35 seconds with the score of 967,87 (7 unrouted), using 1043280,50 CPU seconds and 956077 MB memory.
2026-07-29 16:47:04.426 INFO   [303DB9\2587FA] Auto-router pass #618 on board 'd483944ad38eb3fb08764de754609d44' was completed in 0,47 seconds with the score of 967,87 (7 unrouted), using 1044697,06 CPU seconds and 957160 MB memory.
2026-07-29 16:47:04.889 INFO   [303DB9\2587FA] Auto-router pass #619 on board 'd483944ad38eb3fb08764de754609d44' was completed in 0,45 seconds with the score of 967,87 (7 unrouted), using 1044697,06 CPU seconds and 957160 MB memory.
2026-07-29 16:47:07.813 INFO   [303DB9\2587FA] Restoring an earlier board that has the score of 967,87 (7 unrouted).
2026-07-29 16:47:07.813 INFO   [303DB9\2587FA] Auto-router pass #620 on board 'd483944ad38eb3fb08764de754609d44' was completed in 2,91 seconds with the score of 967,87 (7 unrouted), using 1048952,62 CPU seconds and 960506 MB memory.
2026-07-29 16:47:09.207 INFO   [303DB9\2587FA] Auto-router pass #621 on board 'd483944ad38eb3fb08764de754609d44' was completed in 1,38 seconds with the score of 967,87 (7 unrouted), using 1051794,50 CPU seconds and 962680 MB memory.
2026-07-29 16:47:09.680 INFO   [303DB9\2587FA] Auto-router pass #622 on board 'd483944ad38eb3fb08764de754609d44' was completed in 0,46 seconds with the score of 967,87 (7 unrouted), using 1051794,50 CPU seconds and 962680 MB memory.
2026-07-29 16:47:10.114 INFO   [303DB9\2587FA] Auto-router pass #623 on board 'd483944ad38eb3fb08764de754609d44' was completed in 0,42 seconds with the score of 967,87 (7 unrouted), using 1053216,88 CPU seconds and 963619 MB memory.
2026-07-29 16:47:13.510 INFO   [303DB9\2587FA] Restoring an earlier board that has the score of 967,87 (7 unrouted).
2026-07-29 16:47:13.510 INFO   [303DB9\2587FA] Auto-router pass #624 on board 'd483944ad38eb3fb08764de754609d44' was completed in 3,38 seconds with the score of 967,87 (7 unrouted), using 1057489,88 CPU seconds and 967031 MB memory.
2026-07-29 16:47:14.797 INFO   [303DB9\2587FA] Auto-router pass #625 on board '00c6693f7ad5cbb151cbb92c57be35d3' was completed in 1,27 seconds with the score of 967,87 (7 unrouted), using 1058916,12 CPU seconds and 968192 MB memory.
2026-07-29 16:47:15.170 INFO   [303DB9\2587FA] Auto-router pass #626 on board '00c6693f7ad5cbb151cbb92c57be35d3' was completed in 0,36 seconds with the score of 967,87 (7 unrouted), using 1060343,38 CPU seconds and 969317 MB memory.
2026-07-29 16:47:15.545 INFO   [303DB9\2587FA] Auto-router pass #627 on board '00c6693f7ad5cbb151cbb92c57be35d3' was completed in 0,36 seconds with the score of 967,87 (7 unrouted), using 1060343,38 CPU seconds and 969317 MB memory.
2026-07-29 16:47:18.738 INFO   [303DB9\2587FA] Restoring an earlier board that has the score of 967,87 (7 unrouted).
2026-07-29 16:47:18.738 INFO   [303DB9\2587FA] Auto-router pass #628 on board '00c6693f7ad5cbb151cbb92c57be35d3' was completed in 3,18 seconds with the score of 967,87 (7 unrouted), using 1064630,75 CPU seconds and 972865 MB memory.
2026-07-29 16:47:20.043 INFO   [303DB9\2587FA] Auto-router pass #629 on board '00c6693f7ad5cbb151cbb92c57be35d3' was completed in 1,29 seconds with the score of 967,87 (7 unrouted), using 1067493,88 CPU seconds and 975007 MB memory.
2026-07-29 16:47:20.412 INFO   [303DB9\2587FA] Auto-router pass #630 on board '00c6693f7ad5cbb151cbb92c57be35d3' was completed in 0,36 seconds with the score of 967,87 (7 unrouted), using 1067493,88 CPU seconds and 975007 MB memory.
2026-07-29 16:47:20.769 INFO   [303DB9\2587FA] Auto-router pass #631 on board '00c6693f7ad5cbb151cbb92c57be35d3' was completed in 0,35 seconds with the score of 967,87 (7 unrouted), using 1067493,88 CPU seconds and 975007 MB memory.
2026-07-29 16:47:23.918 INFO   [303DB9\2587FA] Restoring an earlier board that has the score of 967,87 (7 unrouted).
2026-07-29 16:47:23.918 INFO   [303DB9\2587FA] Auto-router pass #632 on board '00c6693f7ad5cbb151cbb92c57be35d3' was completed in 3,14 seconds with the score of 967,87 (7 unrouted), using 1071795,88 CPU seconds and 978469 MB memory.
2026-07-29 16:47:24.985 INFO   [303DB9\2587FA] Auto-router pass #633 on board '00c6693f7ad5cbb151cbb92c57be35d3' was completed in 1,06 seconds with the score of 967,87 (7 unrouted), using 1074668,62 CPU seconds and 980775 MB memory.
2026-07-29 16:47:25.671 INFO   [303DB9\2587FA] Auto-router pass #634 on board '4aab4365795ab981370d46cf709b3f49' was completed in 0,66 seconds with the score of 967,87 (7 unrouted), using 1074668,62 CPU seconds and 980775 MB memory.
2026-07-29 16:47:26.359 INFO   [303DB9\2587FA] Auto-router pass #635 on board 'e542739c420f6f3b14c6b8bd3d947a4e' was completed in 0,66 seconds with the score of 967,87 (7 unrouted), using 1076106,50 CPU seconds and 981923 MB memory.
2026-07-29 16:47:29.898 INFO   [303DB9\2587FA] Restoring an earlier board that has the score of 967,87 (7 unrouted).
2026-07-29 16:47:29.898 INFO   [303DB9\2587FA] Auto-router pass #636 on board 'a2a1d3393d179d07b34965c46e789a44' was completed in 3,51 seconds with the score of 967,87 (7 unrouted), using 1080425,88 CPU seconds and 985268 MB memory.
2026-07-29 16:47:31.241 INFO   [303DB9\2587FA] Auto-router pass #637 on board '00c6693f7ad5cbb151cbb92c57be35d3' was completed in 1,33 seconds with the score of 967,87 (7 unrouted), using 1083310,38 CPU seconds and 987441 MB memory.
2026-07-29 16:47:31.607 INFO   [303DB9\2587FA] Auto-router pass #638 on board '00c6693f7ad5cbb151cbb92c57be35d3' was completed in 0,35 seconds with the score of 967,87 (7 unrouted), using 1083310,38 CPU seconds and 987441 MB memory.
2026-07-29 16:47:32.008 INFO   [303DB9\2587FA] Auto-router pass #639 on board '00c6693f7ad5cbb151cbb92c57be35d3' was completed in 0,39 seconds with the score of 967,87 (7 unrouted), using 1084754,00 CPU seconds and 988544 MB memory.
2026-07-29 16:47:35.085 INFO   [303DB9\2587FA] Restoring an earlier board that has the score of 967,87 (7 unrouted).
2026-07-29 16:47:35.085 INFO   [303DB9\2587FA] Auto-router pass #640 on board '00c6693f7ad5cbb151cbb92c57be35d3' was completed in 3,07 seconds with the score of 967,87 (7 unrouted), using 1089090,88 CPU seconds and 992123 MB memory.
2026-07-29 16:47:36.415 INFO   [303DB9\2587FA] Auto-router pass #641 on board '2c3af5cecd92f1080f13f2d3dd6a8b65' was completed in 1,32 seconds with the score of 967,87 (7 unrouted), using 1090538,38 CPU seconds and 993197 MB memory.
2026-07-29 16:47:36.800 INFO   [303DB9\2587FA] Auto-router pass #642 on board '2c3af5cecd92f1080f13f2d3dd6a8b65' was completed in 0,38 seconds with the score of 967,87 (7 unrouted), using 1090538,38 CPU seconds and 993197 MB memory.
2026-07-29 16:47:37.178 INFO   [303DB9\2587FA] Auto-router pass #643 on board '2c3af5cecd92f1080f13f2d3dd6a8b65' was completed in 0,37 seconds with the score of 967,87 (7 unrouted), using 1091986,88 CPU seconds and 994286 MB memory.
2026-07-29 16:47:40.617 INFO   [303DB9\2587FA] Restoring an earlier board that has the score of 967,87 (7 unrouted).
2026-07-29 16:47:40.617 INFO   [303DB9\2587FA] Auto-router pass #644 on board '2c3af5cecd92f1080f13f2d3dd6a8b65' was completed in 3,43 seconds with the score of 967,87 (7 unrouted), using 1096338,25 CPU seconds and 997657 MB memory.
2026-07-29 16:47:42.061 INFO   [303DB9\2587FA] Auto-router pass #645 on board '2c3af5cecd92f1080f13f2d3dd6a8b65' was completed in 1,43 seconds with the score of 967,87 (7 unrouted), using 1099244,00 CPU seconds and 999756 MB memory.
2026-07-29 16:47:42.544 INFO   [303DB9\2587FA] Auto-router pass #646 on board '2c3af5cecd92f1080f13f2d3dd6a8b65' was completed in 0,47 seconds with the score of 967,87 (7 unrouted), using 1099244,00 CPU seconds and 999756 MB memory.
2026-07-29 16:47:43.023 INFO   [303DB9\2587FA] Auto-router pass #647 on board '2c3af5cecd92f1080f13f2d3dd6a8b65' was completed in 0,47 seconds with the score of 967,87 (7 unrouted), using 1100698,38 CPU seconds and 1000654 MB memory.
2026-07-29 16:47:46.782 INFO   [303DB9\2587FA] Restoring an earlier board that has the score of 967,87 (7 unrouted).
2026-07-29 16:47:46.782 INFO   [303DB9\2587FA] Auto-router pass #648 on board '2c3af5cecd92f1080f13f2d3dd6a8b65' was completed in 3,75 seconds with the score of 967,87 (7 unrouted), using 1105067,12 CPU seconds and 1004077 MB memory.
2026-07-29 16:47:48.112 INFO   [303DB9\2587FA] Auto-router pass #649 on board '2c3af5cecd92f1080f13f2d3dd6a8b65' was completed in 1,28 seconds with the score of 967,87 (7 unrouted), using 1107984,38 CPU seconds and 1006259 MB memory.
2026-07-29 16:47:48.484 INFO   [303DB9\2587FA] Auto-router pass #650 on board '2c3af5cecd92f1080f13f2d3dd6a8b65' was completed in 0,36 seconds with the score of 967,87 (7 unrouted), using 1107984,38 CPU seconds and 1006259 MB memory.
2026-07-29 16:47:48.908 INFO   [303DB9\2587FA] Auto-router pass #651 on board '2c3af5cecd92f1080f13f2d3dd6a8b65' was completed in 0,41 seconds with the score of 967,87 (7 unrouted), using 1107984,38 CPU seconds and 1006259 MB memory.
2026-07-29 16:47:53.874 INFO   [303DB9\2587FA] Restoring an earlier board that has the score of 967,87 (7 unrouted).
2026-07-29 16:47:53.874 INFO   [303DB9\2587FA] Auto-router pass #652 on board '2c3af5cecd92f1080f13f2d3dd6a8b65' was completed in 4,94 seconds with the score of 967,87 (7 unrouted), using 1115294,00 CPU seconds and 1010273 MB memory.
2026-07-29 16:47:56.000 INFO   [303DB9\2587FA] Auto-router pass #653 on board '2c3af5cecd92f1080f13f2d3dd6a8b65' was completed in 2,11 seconds with the score of 967,87 (7 unrouted), using 1118224,38 CPU seconds and 1011752 MB memory.
2026-07-29 16:47:56.608 INFO   [303DB9\2587FA] Auto-router pass #654 on board '2c3af5cecd92f1080f13f2d3dd6a8b65' was completed in 0,59 seconds with the score of 967,87 (7 unrouted), using 1119690,88 CPU seconds and 1012375 MB memory.
2026-07-29 16:47:57.190 INFO   [303DB9\2587FA] Auto-router pass #655 on board '2c3af5cecd92f1080f13f2d3dd6a8b65' was completed in 0,56 seconds with the score of 967,87 (7 unrouted), using 1121158,38 CPU seconds and 1013099 MB memory.
2026-07-29 16:48:01.737 INFO   [303DB9\2587FA] Restoring an earlier board that has the score of 967,87 (7 unrouted).
2026-07-29 16:48:01.738 INFO   [303DB9\2587FA] Auto-router pass #656 on board '2c3af5cecd92f1080f13f2d3dd6a8b65' was completed in 4,53 seconds with the score of 967,87 (7 unrouted), using 1127037,62 CPU seconds and 1016325 MB memory.
2026-07-29 16:48:03.705 INFO   [303DB9\2587FA] Auto-router pass #657 on board 'df3e9a08f849672d70c283f6ec6d9a81' was completed in 1,95 seconds with the score of 967,87 (7 unrouted), using 1129983,00 CPU seconds and 1017866 MB memory.
2026-07-29 16:48:04.458 INFO   [303DB9\2587FA] Auto-router pass #658 on board 'df3e9a08f849672d70c283f6ec6d9a81' was completed in 0,74 seconds with the score of 967,87 (7 unrouted), using 1131457,12 CPU seconds and 1018700 MB memory.
2026-07-29 16:48:04.996 INFO   [303DB9\2587FA] Auto-router pass #659 on board 'df3e9a08f849672d70c283f6ec6d9a81' was completed in 0,52 seconds with the score of 967,87 (7 unrouted), using 1131457,12 CPU seconds and 1018700 MB memory.
2026-07-29 16:48:09.449 INFO   [303DB9\2587FA] Restoring an earlier board that has the score of 967,87 (7 unrouted).
2026-07-29 16:48:09.449 INFO   [303DB9\2587FA] Auto-router pass #660 on board 'df3e9a08f849672d70c283f6ec6d9a81' was completed in 4,44 seconds with the score of 967,87 (7 unrouted), using 1138842,12 CPU seconds and 1022705 MB memory.
2026-07-29 16:48:11.377 INFO   [303DB9\2587FA] Auto-router pass #661 on board 'df3e9a08f849672d70c283f6ec6d9a81' was completed in 1,91 seconds with the score of 967,87 (7 unrouted), using 1141802,75 CPU seconds and 1024103 MB memory.
2026-07-29 16:48:11.912 INFO   [303DB9\2587FA] Auto-router pass #662 on board 'df3e9a08f849672d70c283f6ec6d9a81' was completed in 0,52 seconds with the score of 967,87 (7 unrouted), using 1141802,75 CPU seconds and 1024103 MB memory.
2026-07-29 16:48:12.466 INFO   [303DB9\2587FA] Auto-router pass #663 on board 'df3e9a08f849672d70c283f6ec6d9a81' was completed in 0,54 seconds with the score of 967,87 (7 unrouted), using 1143284,50 CPU seconds and 1024893 MB memory.
2026-07-29 16:48:16.941 INFO   [303DB9\2587FA] Restoring an earlier board that has the score of 967,87 (7 unrouted).
2026-07-29 16:48:16.941 INFO   [303DB9\2587FA] Auto-router pass #664 on board 'df3e9a08f849672d70c283f6ec6d9a81' was completed in 4,46 seconds with the score of 967,87 (7 unrouted), using 1149221,00 CPU seconds and 1028168 MB memory.
2026-07-29 16:48:18.564 INFO   [303DB9\2587FA] Auto-router pass #665 on board 'df3e9a08f849672d70c283f6ec6d9a81' was completed in 1,61 seconds with the score of 967,87 (7 unrouted), using 1152195,00 CPU seconds and 1029728 MB memory.
2026-07-29 16:48:19.486 INFO   [303DB9\2587FA] Auto-router pass #666 on board '39b5c42b9356f325dad445e1a5aba10f' was completed in 0,88 seconds with the score of 967,87 (7 unrouted), using 1153683,50 CPU seconds and 1030573 MB memory.
2026-07-29 16:48:20.408 INFO   [303DB9\2587FA] Auto-router pass #667 on board 'd1a65d217c06c82fed3f5f2d16eb4ecd' was completed in 0,88 seconds with the score of 967,87 (7 unrouted), using 1155172,88 CPU seconds and 1031448 MB memory.
2026-07-29 16:48:24.577 INFO   [303DB9\2587FA] Restoring an earlier board that has the score of 967,87 (7 unrouted).
2026-07-29 16:48:24.577 INFO   [303DB9\2587FA] Auto-router pass #668 on board '8ce2321e7b38d013c48f15a327b5713c' was completed in 4,13 seconds with the score of 966,49 (8 unrouted), using 1161140,25 CPU seconds and 1034900 MB memory.
2026-07-29 16:48:26.288 INFO   [303DB9\2587FA] Auto-router pass #669 on board 'df3e9a08f849672d70c283f6ec6d9a81' was completed in 1,70 seconds with the score of 967,87 (7 unrouted), using 1164129,75 CPU seconds and 1036591 MB memory.
2026-07-29 16:48:26.794 INFO   [303DB9\2587FA] Auto-router pass #670 on board 'df3e9a08f849672d70c283f6ec6d9a81' was completed in 0,49 seconds with the score of 967,87 (7 unrouted), using 1164129,75 CPU seconds and 1036591 MB memory.
2026-07-29 16:48:27.284 INFO   [303DB9\2587FA] Auto-router pass #671 on board 'df3e9a08f849672d70c283f6ec6d9a81' was completed in 0,48 seconds with the score of 967,87 (7 unrouted), using 1165625,88 CPU seconds and 1037468 MB memory.
2026-07-29 16:48:31.526 INFO   [303DB9\2587FA] Restoring an earlier board that has the score of 967,87 (7 unrouted).
2026-07-29 16:48:31.526 INFO   [303DB9\2587FA] Auto-router pass #672 on board 'df3e9a08f849672d70c283f6ec6d9a81' was completed in 4,23 seconds with the score of 967,87 (7 unrouted), using 1171620,12 CPU seconds and 1041001 MB memory.
2026-07-29 16:48:33.267 INFO   [303DB9\2587FA] Auto-router pass #673 on board 'cf9b764b752b680f4caccdc0229d8aa8' was completed in 1,72 seconds with the score of 967,87 (7 unrouted), using 1174623,12 CPU seconds and 1042663 MB memory.
2026-07-29 16:48:33.818 INFO   [303DB9\2587FA] Auto-router pass #674 on board 'cf9b764b752b680f4caccdc0229d8aa8' was completed in 0,53 seconds with the score of 967,87 (7 unrouted), using 1174623,12 CPU seconds and 1042663 MB memory.
2026-07-29 16:48:34.318 INFO   [303DB9\2587FA] Auto-router pass #675 on board 'cf9b764b752b680f4caccdc0229d8aa8' was completed in 0,48 seconds with the score of 967,87 (7 unrouted), using 1176126,00 CPU seconds and 1043458 MB memory.
2026-07-29 16:48:39.096 INFO   [303DB9\2587FA] Restoring an earlier board that has the score of 967,87 (7 unrouted).
2026-07-29 16:48:39.096 INFO   [303DB9\2587FA] Auto-router pass #676 on board 'cf9b764b752b680f4caccdc0229d8aa8' was completed in 4,76 seconds with the score of 966,62 (8 unrouted), using 1183655,00 CPU seconds and 1047800 MB memory.
2026-07-29 16:48:40.796 INFO   [303DB9\2587FA] Auto-router pass #677 on board 'cf9b764b752b680f4caccdc0229d8aa8' was completed in 1,69 seconds with the score of 966,70 (8 unrouted), using 1185163,75 CPU seconds and 1048598 MB memory.
2026-07-29 16:48:41.410 INFO   [303DB9\2587FA] Auto-router pass #678 on board 'e23d089ef7ff1a558b5ed265b62ce7f9' was completed in 0,58 seconds with the score of 967,87 (7 unrouted), using 1186673,38 CPU seconds and 1049458 MB memory.
2026-07-29 16:48:41.926 INFO   [303DB9\2587FA] Auto-router pass #679 on board '60d8790b429177a330da792775bc7278' was completed in 0,48 seconds with the score of 967,87 (7 unrouted), using 1186673,38 CPU seconds and 1049458 MB memory.
2026-07-29 16:48:45.781 INFO   [303DB9\2587FA] Restoring an earlier board that has the score of 967,87 (7 unrouted).
2026-07-29 16:48:45.781 INFO   [303DB9\2587FA] Auto-router pass #680 on board '60d8790b429177a330da792775bc7278' was completed in 3,84 seconds with the score of 967,87 (7 unrouted), using 1192721,75 CPU seconds and 1052990 MB memory.
2026-07-29 16:48:47.438 INFO   [303DB9\2587FA] Auto-router pass #681 on board '60d8790b429177a330da792775bc7278' was completed in 1,64 seconds with the score of 967,87 (7 unrouted), using 1195751,75 CPU seconds and 1054642 MB memory.
2026-07-29 16:48:47.946 INFO   [303DB9\2587FA] Auto-router pass #682 on board '60d8790b429177a330da792775bc7278' was completed in 0,49 seconds with the score of 967,87 (7 unrouted), using 1195751,75 CPU seconds and 1054642 MB memory.
2026-07-29 16:48:48.460 INFO   [303DB9\2587FA] Auto-router pass #683 on board '60d8790b429177a330da792775bc7278' was completed in 0,49 seconds with the score of 967,87 (7 unrouted), using 1197268,12 CPU seconds and 1055488 MB memory.
2026-07-29 16:48:52.447 INFO   [303DB9\2587FA] Restoring an earlier board that has the score of 967,87 (7 unrouted).
2026-07-29 16:48:52.447 INFO   [303DB9\2587FA] Auto-router pass #684 on board '60d8790b429177a330da792775bc7278' was completed in 3,97 seconds with the score of 967,87 (7 unrouted), using 1203343,38 CPU seconds and 1058987 MB memory.
2026-07-29 16:48:54.159 INFO   [303DB9\2587FA] Auto-router pass #685 on board '60d8790b429177a330da792775bc7278' was completed in 1,70 seconds with the score of 967,87 (7 unrouted), using 1206386,75 CPU seconds and 1060638 MB memory.
2026-07-29 16:48:54.673 INFO   [303DB9\2587FA] Auto-router pass #686 on board '60d8790b429177a330da792775bc7278' was completed in 0,50 seconds with the score of 967,87 (7 unrouted), using 1206386,75 CPU seconds and 1060638 MB memory.
2026-07-29 16:48:55.159 INFO   [303DB9\2587FA] Auto-router pass #687 on board '60d8790b429177a330da792775bc7278' was completed in 0,47 seconds with the score of 967,87 (7 unrouted), using 1207909,88 CPU seconds and 1061496 MB memory.
2026-07-29 16:48:59.122 INFO   [303DB9\2587FA] Restoring an earlier board that has the score of 967,87 (7 unrouted).
2026-07-29 16:48:59.122 INFO   [303DB9\2587FA] Auto-router pass #688 on board '60d8790b429177a330da792775bc7278' was completed in 3,95 seconds with the score of 967,87 (7 unrouted), using 1214012,25 CPU seconds and 1065092 MB memory.
