2026-08-14 17:11:58.393 INFO   Freerouting v2.1.0 (build-date: 2025-04-12)
2026-08-14 17:11:58.465 WARN   No default constructor found for field: currentLocale
2026-08-14 17:11:58.465 INFO   Settings were loaded from freerouting.json
2026-08-14 17:11:58.470 WARN   Couldn't get screen resolution. If you are running in a headless environment, disable the GUI by setting gui.enabled to false.
2026-08-14 17:12:00.075 INFO   [8917D0\98883F] Job '8917D0\98883F' started at 2026-08-14T15:12:00.074152774Z
2026-08-14 17:12:07.872 INFO   [8917D0\98883F] Auto-router pass #1 on board '00cbaa387352dadf96b68939ee44bb6b' was completed in 7,60 seconds with the score of 853,90 (42 unrouted), using 26,03 CPU seconds and 3896 MB memory.
2026-08-14 17:12:14.249 INFO   [8917D0\98883F] Auto-router pass #2 on board 'dc6642218a09a196c774c6878e20e2af' was completed in 6,35 seconds with the score of 900,17 (28 unrouted), using 99,44 CPU seconds and 8834 MB memory.
java.util.concurrent.CompletionException: java.io.EOFException: EOF reached while reading
	at java.base/java.util.concurrent.CompletableFuture.encodeRelay(CompletableFuture.java:368)
	at java.base/java.util.concurrent.CompletableFuture.completeRelay(CompletableFuture.java:377)
	at java.base/java.util.concurrent.CompletableFuture$UniCompose.tryFire(CompletableFuture.java:1152)
	at java.base/java.util.concurrent.CompletableFuture.postComplete(CompletableFuture.java:510)
	at java.base/java.util.concurrent.CompletableFuture.completeExceptionally(CompletableFuture.java:2194)
	at java.net.http/jdk.internal.net.http.Stream.completeResponseExceptionally(Stream.java:1410)
	at java.net.http/jdk.internal.net.http.Stream.cancelImpl(Stream.java:1534)
	at java.net.http/jdk.internal.net.http.Stream.cancelImpl(Stream.java:1492)
	at java.net.http/jdk.internal.net.http.Stream.connectionClosing(Stream.java:1487)
	at java.net.http/jdk.internal.net.http.Http2Connection.shutdown(Http2Connection.java:895)
	at java.net.http/jdk.internal.net.http.Http2Connection$Http2TubeSubscriber.processQueue(Http2Connection.java:1831)
	at java.net.http/jdk.internal.net.http.common.SequentialScheduler$LockingRestartableTask.run(SequentialScheduler.java:182)
	at java.net.http/jdk.internal.net.http.common.SequentialScheduler$CompleteRestartableTask.run(SequentialScheduler.java:149)
	at java.net.http/jdk.internal.net.http.common.SequentialScheduler$SchedulableTask.run(SequentialScheduler.java:207)
	at java.net.http/jdk.internal.net.http.common.SequentialScheduler.runOrSchedule(SequentialScheduler.java:280)
	at java.net.http/jdk.internal.net.http.common.SequentialScheduler.runOrSchedule(SequentialScheduler.java:233)
	at java.net.http/jdk.internal.net.http.Http2Connection$Http2TubeSubscriber.runOrSchedule(Http2Connection.java:1839)
	at java.net.http/jdk.internal.net.http.Http2Connection$Http2TubeSubscriber.onComplete(Http2Connection.java:1887)
	at java.net.http/jdk.internal.net.http.common.SSLTube$DelegateWrapper.onComplete(SSLTube.java:276)
	at java.net.http/jdk.internal.net.http.common.SSLTube$SSLSubscriberWrapper.complete(SSLTube.java:440)
	at java.net.http/jdk.internal.net.http.common.SSLTube$SSLSubscriberWrapper.onComplete(SSLTube.java:541)
	at java.net.http/jdk.internal.net.http.common.SubscriberWrapper.checkCompletion(SubscriberWrapper.java:474)
	at java.net.http/jdk.internal.net.http.common.SubscriberWrapper$DownstreamPusher.run1(SubscriberWrapper.java:334)
	at java.net.http/jdk.internal.net.http.common.SubscriberWrapper$DownstreamPusher.run(SubscriberWrapper.java:259)
	at java.net.http/jdk.internal.net.http.common.SequentialScheduler$LockingRestartableTask.run(SequentialScheduler.java:182)
	at java.net.http/jdk.internal.net.http.common.SequentialScheduler$CompleteRestartableTask.run(SequentialScheduler.java:149)
	at java.net.http/jdk.internal.net.http.common.SequentialScheduler$SchedulableTask.run(SequentialScheduler.java:207)
	at java.net.http/jdk.internal.net.http.common.SequentialScheduler.runOrSchedule(SequentialScheduler.java:280)
	at java.net.http/jdk.internal.net.http.common.SequentialScheduler.runOrSchedule(SequentialScheduler.java:233)
	at java.net.http/jdk.internal.net.http.common.SubscriberWrapper.outgoing(SubscriberWrapper.java:232)
	at java.net.http/jdk.internal.net.http.common.SSLFlowDelegate$Reader.processData(SSLFlowDelegate.java:545)
	at java.net.http/jdk.internal.net.http.common.SSLFlowDelegate$Reader$ReaderDownstreamPusher.run(SSLFlowDelegate.java:283)
	at java.net.http/jdk.internal.net.http.common.SequentialScheduler$LockingRestartableTask.run(SequentialScheduler.java:182)
	at java.net.http/jdk.internal.net.http.common.SequentialScheduler$CompleteRestartableTask.run(SequentialScheduler.java:149)
	at java.net.http/jdk.internal.net.http.common.SequentialScheduler$SchedulableTask.run(SequentialScheduler.java:207)
	at java.base/java.util.concurrent.ThreadPoolExecutor.runWorker(ThreadPoolExecutor.java:1144)
	at java.base/java.util.concurrent.ThreadPoolExecutor$Worker.run(ThreadPoolExecutor.java:642)
	at java.base/java.lang.Thread.run(Thread.java:1583)
Caused by: java.io.EOFException: EOF reached while reading
	at java.net.http/jdk.internal.net.http.Http2Connection$Http2TubeSubscriber.onComplete(Http2Connection.java:1885)
	... 20 more
2026-08-14 17:12:20.720 INFO   [8917D0\98883F] Auto-router pass #3 on board 'e297088bc024fe98ee52a23ac6f4103d' was completed in 6,45 seconds with the score of 927,95 (18 unrouted), using 200,36 CPU seconds and 13000 MB memory.
2026-08-14 17:12:31.587 INFO   [8917D0\98883F] Auto-router pass #4 on board '4c1ffd4afcd0727cc2fe8ed900e20dc6' was completed in 10,84 seconds with the score of 934,26 (16 unrouted), using 476,22 CPU seconds and 21352 MB memory.
2026-08-14 17:12:35.754 INFO   [8917D0\98883F] Auto-router pass #5 on board '559b5ef791fa09080bba2bdc512a48db' was completed in 4,14 seconds with the score of 926,36 (20 unrouted), using 605,77 CPU seconds and 24146 MB memory.
2026-08-14 17:12:41.343 INFO   [8917D0\98883F] Auto-router pass #6 on board '042c62b7643a79e3fbee7d761410beac' was completed in 5,57 seconds with the score of 947,29 (12 unrouted), using 829,33 CPU seconds and 28279 MB memory.
2026-08-14 17:12:45.721 INFO   [8917D0\98883F] Auto-router pass #7 on board '25243935fa27ddf38692a65a74e853d6' was completed in 4,35 seconds with the score of 956,73 (8 unrouted), using 997,87 CPU seconds and 30981 MB memory.
2026-08-14 17:12:54.688 INFO   [8917D0\98883F] Restoring an earlier board that has the score of 956,73 (8 unrouted).
2026-08-14 17:12:54.688 INFO   [8917D0\98883F] Auto-router pass #8 on board '90ed3d2e3b49b1258b0010a87df3b636' was completed in 8,94 seconds with the score of 953,45 (10 unrouted), using 1434,09 CPU seconds and 37763 MB memory.
2026-08-14 17:12:59.134 INFO   [8917D0\98883F] Auto-router pass #9 on board '90ed3d2e3b49b1258b0010a87df3b636' was completed in 4,44 seconds with the score of 959,55 (7 unrouted), using 1710,50 CPU seconds and 41440 MB memory.
2026-08-14 17:13:00.861 INFO   [8917D0\98883F] Auto-router pass #10 on board '2b1a808a141e6a5414a6f519ae015c03' was completed in 1,70 seconds with the score of 965,49 (4 unrouted), using 1768,71 CPU seconds and 42164 MB memory.
2026-08-14 17:13:02.136 INFO   [8917D0\98883F] Auto-router pass #11 on board 'c640d585f73dfc11a5f26dd6c1d0982d' was completed in 1,25 seconds with the score of 961,58 (6 unrouted), using 1888,06 CPU seconds and 43625 MB memory.
2026-08-14 17:13:09.985 INFO   [8917D0\98883F] Restoring an earlier board that has the score of 965,49 (4 unrouted).
2026-08-14 17:13:09.985 INFO   [8917D0\98883F] Auto-router pass #12 on board '38c056975bb826af203d1136d8fb1a9a' was completed in 7,83 seconds with the score of 961,56 (6 unrouted), using 2336,38 CPU seconds and 49235 MB memory.
2026-08-14 17:13:10.970 INFO   [8917D0\98883F] Auto-router pass #13 on board 'c640d585f73dfc11a5f26dd6c1d0982d' was completed in 0,98 seconds with the score of 961,08 (6 unrouted), using 2404,32 CPU seconds and 50052 MB memory.
2026-08-14 17:13:13.948 INFO   [8917D0\98883F] Auto-router pass #14 on board '68bfe06aaf5f73ceba0fa84ba55fbcbe' was completed in 2,96 seconds with the score of 955,91 (8 unrouted), using 2613,99 CPU seconds and 52422 MB memory.
2026-08-14 17:13:16.669 INFO   [8917D0\98883F] Auto-router pass #15 on board 'f9d09586165c1b5e499075c8c9e1b624' was completed in 2,70 seconds with the score of 956,12 (8 unrouted), using 2832,37 CPU seconds and 54695 MB memory.
2026-08-14 17:13:24.552 INFO   [8917D0\98883F] Restoring an earlier board that has the score of 965,49 (4 unrouted).
2026-08-14 17:13:24.552 INFO   [8917D0\98883F] Auto-router pass #16 on board 'bae30b8d9eb27e0dbb7bdd81c6589276' was completed in 7,86 seconds with the score of 956,32 (8 unrouted), using 3457,44 CPU seconds and 61081 MB memory.
2026-08-14 17:13:26.101 INFO   [8917D0\98883F] Auto-router pass #17 on board 'c640d585f73dfc11a5f26dd6c1d0982d' was completed in 1,54 seconds with the score of 961,11 (6 unrouted), using 3539,93 CPU seconds and 61904 MB memory.
2026-08-14 17:13:28.178 INFO   [8917D0\98883F] Auto-router pass #18 on board 'dba5c646f33eb3037899972cec4f89f6' was completed in 2,06 seconds with the score of 962,57 (5 unrouted), using 3793,23 CPU seconds and 64266 MB memory.
2026-08-14 17:13:29.760 INFO   [8917D0\98883F] Auto-router pass #19 on board '201a3c5eeb88cd75e229f99e13276416' was completed in 1,56 seconds with the score of 962,69 (5 unrouted), using 3879,61 CPU seconds and 65049 MB memory.
2026-08-14 17:13:35.167 INFO   [8917D0\98883F] Restoring an earlier board that has the score of 965,49 (4 unrouted).
2026-08-14 17:13:35.167 INFO   [8917D0\98883F] Auto-router pass #20 on board '9b43a2c86c2d2b483f48949bddd09d79' was completed in 5,38 seconds with the score of 963,39 (5 unrouted), using 4418,17 CPU seconds and 69746 MB memory.
2026-08-14 17:13:36.651 INFO   [8917D0\98883F] Auto-router pass #21 on board 'c640d585f73dfc11a5f26dd6c1d0982d' was completed in 1,48 seconds with the score of 961,37 (6 unrouted), using 4511,32 CPU seconds and 70561 MB memory.
2026-08-14 17:13:38.815 INFO   [8917D0\98883F] Auto-router pass #22 on board '719c41b931e337a05ded1dd25932b78c' was completed in 2,14 seconds with the score of 961,24 (6 unrouted), using 4700,51 CPU seconds and 72119 MB memory.
2026-08-14 17:13:42.896 INFO   [8917D0\98883F] Auto-router pass #23 on board '44efdbf1dfed8e1c9a04bf978100d36e' was completed in 4,06 seconds with the score of 960,73 (6 unrouted), using 5090,52 CPU seconds and 75231 MB memory.
2026-08-14 17:13:49.324 INFO   [8917D0\98883F] Auto-router pass #24 on board '46c43b75d54377293386fe5f9223555e' was completed in 6,40 seconds with the score of 969,33 (2 unrouted), using 5810,30 CPU seconds and 80721 MB memory.
2026-08-14 17:13:49.954 INFO   [8917D0\98883F] Auto-router pass #25 on board '85965a9cd1eda51463f3e0fe264a5544' was completed in 0,60 seconds with the score of 969,35 (2 unrouted), using 5810,30 CPU seconds and 80721 MB memory.
2026-08-14 17:13:51.101 INFO   [8917D0\98883F] Auto-router pass #26 on board 'e87870ad80d127fd4ca042d80a634f3f' was completed in 1,12 seconds with the score of 969,35 (2 unrouted), using 5917,02 CPU seconds and 81454 MB memory.
2026-08-14 17:13:52.447 INFO   [8917D0\98883F] Auto-router pass #27 on board '799bd1b37fbacc3a097122420157f258' was completed in 1,32 seconds with the score of 967,51 (3 unrouted), using 6133,35 CPU seconds and 82934 MB memory.
2026-08-14 17:13:57.134 INFO   [8917D0\98883F] Auto-router pass #28 on board '9887d0dd3bb6957a9e71fa61e6300147' was completed in 4,66 seconds with the score of 969,50 (2 unrouted), using 6577,53 CPU seconds and 85990 MB memory.
2026-08-14 17:13:58.409 INFO   [8917D0\98883F] Auto-router pass #29 on board '4a4c77b72fe4e8c7df0b53451f153407' was completed in 1,25 seconds with the score of 969,49 (2 unrouted), using 6805,36 CPU seconds and 87444 MB memory.
2026-08-14 17:13:58.979 INFO   [8917D0\98883F] Auto-router pass #30 on board '913379f0f835d757fa1ffa961fd646db' was completed in 0,54 seconds with the score of 969,49 (2 unrouted), using 6805,36 CPU seconds and 87444 MB memory.
2026-08-14 17:13:59.536 INFO   [8917D0\98883F] Auto-router pass #31 on board '202b21c1ab94c4ed10bd5073057c739f' was completed in 0,53 seconds with the score of 969,49 (2 unrouted), using 6920,73 CPU seconds and 88174 MB memory.
2026-08-14 17:14:01.148 INFO   [8917D0\98883F] Auto-router pass #32 on board 'dd287dcbfedeb5a3e3ebe2ac8b30c59d' was completed in 1,59 seconds with the score of 970,96 (1 unrouted), using 7154,38 CPU seconds and 89716 MB memory.
2026-08-14 17:14:01.268 INFO   [8917D0\98883F] Auto-router pass #33 on board '6336ea0ea879bdc7695018e3fd45f788' was completed in 0,10 seconds with the score of 970,96 (1 unrouted), using 7154,38 CPU seconds and 89716 MB memory.
2026-08-14 17:14:01.376 INFO   [8917D0\98883F] Auto-router pass #34 on board '6336ea0ea879bdc7695018e3fd45f788' was completed in 0,10 seconds with the score of 970,96 (1 unrouted), using 7154,38 CPU seconds and 89716 MB memory.
2026-08-14 17:14:01.485 INFO   [8917D0\98883F] Auto-router pass #35 on board '6336ea0ea879bdc7695018e3fd45f788' was completed in 0,10 seconds with the score of 970,96 (1 unrouted), using 7154,38 CPU seconds and 89716 MB memory.
2026-08-14 17:14:01.607 INFO   [8917D0\98883F] Restoring an earlier board that has the score of 970,96 (1 unrouted).
2026-08-14 17:14:01.607 INFO   [8917D0\98883F] Auto-router pass #36 on board '6336ea0ea879bdc7695018e3fd45f788' was completed in 0,11 seconds with the score of 970,96 (1 unrouted), using 7154,38 CPU seconds and 89716 MB memory.
2026-08-14 17:14:01.710 INFO   [8917D0\98883F] Auto-router pass #37 on board '6336ea0ea879bdc7695018e3fd45f788' was completed in 0,09 seconds with the score of 970,96 (1 unrouted), using 7154,38 CPU seconds and 89716 MB memory.
2026-08-14 17:14:01.803 INFO   [8917D0\98883F] Auto-router pass #38 on board '6336ea0ea879bdc7695018e3fd45f788' was completed in 0,08 seconds with the score of 970,96 (1 unrouted), using 7154,38 CPU seconds and 89716 MB memory.
2026-08-14 17:14:01.899 INFO   [8917D0\98883F] Auto-router pass #39 on board '6336ea0ea879bdc7695018e3fd45f788' was completed in 0,09 seconds with the score of 970,96 (1 unrouted), using 7154,38 CPU seconds and 89716 MB memory.
2026-08-14 17:14:02.015 INFO   [8917D0\98883F] Restoring an earlier board that has the score of 970,96 (1 unrouted).
2026-08-14 17:14:02.016 INFO   [8917D0\98883F] Auto-router pass #40 on board '6336ea0ea879bdc7695018e3fd45f788' was completed in 0,11 seconds with the score of 970,96 (1 unrouted), using 7154,38 CPU seconds and 89716 MB memory.
2026-08-14 17:14:02.118 INFO   [8917D0\98883F] Auto-router pass #41 on board '6336ea0ea879bdc7695018e3fd45f788' was completed in 0,09 seconds with the score of 970,96 (1 unrouted), using 7154,38 CPU seconds and 89716 MB memory.
2026-08-14 17:14:02.218 INFO   [8917D0\98883F] Auto-router pass #42 on board '6336ea0ea879bdc7695018e3fd45f788' was completed in 0,09 seconds with the score of 970,96 (1 unrouted), using 7272,68 CPU seconds and 90394 MB memory.
2026-08-14 17:14:02.311 INFO   [8917D0\98883F] Auto-router pass #43 on board '6336ea0ea879bdc7695018e3fd45f788' was completed in 0,08 seconds with the score of 970,96 (1 unrouted), using 7272,68 CPU seconds and 90394 MB memory.
2026-08-14 17:14:02.429 INFO   [8917D0\98883F] Restoring an earlier board that has the score of 970,96 (1 unrouted).
2026-08-14 17:14:02.429 INFO   [8917D0\98883F] Auto-router pass #44 on board '6336ea0ea879bdc7695018e3fd45f788' was completed in 0,11 seconds with the score of 970,96 (1 unrouted), using 7272,68 CPU seconds and 90394 MB memory.
2026-08-14 17:14:02.534 INFO   [8917D0\98883F] Auto-router pass #45 on board '6336ea0ea879bdc7695018e3fd45f788' was completed in 0,10 seconds with the score of 970,96 (1 unrouted), using 7272,68 CPU seconds and 90394 MB memory.
2026-08-14 17:14:02.628 INFO   [8917D0\98883F] Auto-router pass #46 on board '6336ea0ea879bdc7695018e3fd45f788' was completed in 0,08 seconds with the score of 970,96 (1 unrouted), using 7272,68 CPU seconds and 90394 MB memory.
2026-08-14 17:14:02.725 INFO   [8917D0\98883F] Auto-router pass #47 on board '6336ea0ea879bdc7695018e3fd45f788' was completed in 0,09 seconds with the score of 970,96 (1 unrouted), using 7272,68 CPU seconds and 90394 MB memory.
2026-08-14 17:14:02.839 INFO   [8917D0\98883F] Restoring an earlier board that has the score of 970,96 (1 unrouted).
2026-08-14 17:14:02.839 INFO   [8917D0\98883F] Auto-router pass #48 on board '6336ea0ea879bdc7695018e3fd45f788' was completed in 0,10 seconds with the score of 970,96 (1 unrouted), using 7272,68 CPU seconds and 90394 MB memory.
2026-08-14 17:14:02.938 INFO   [8917D0\98883F] Auto-router pass #49 on board '6336ea0ea879bdc7695018e3fd45f788' was completed in 0,09 seconds with the score of 970,96 (1 unrouted), using 7272,68 CPU seconds and 90394 MB memory.
2026-08-14 17:14:03.034 INFO   [8917D0\98883F] Auto-router pass #50 on board '6336ea0ea879bdc7695018e3fd45f788' was completed in 0,09 seconds with the score of 970,96 (1 unrouted), using 7272,68 CPU seconds and 90394 MB memory.
2026-08-14 17:14:03.126 INFO   [8917D0\98883F] Auto-router pass #51 on board '6336ea0ea879bdc7695018e3fd45f788' was completed in 0,08 seconds with the score of 970,96 (1 unrouted), using 7272,68 CPU seconds and 90394 MB memory.
2026-08-14 17:14:03.243 INFO   [8917D0\98883F] Restoring an earlier board that has the score of 969,50 (2 unrouted).
2026-08-14 17:14:03.243 INFO   [8917D0\98883F] Auto-router pass #52 on board '6336ea0ea879bdc7695018e3fd45f788' was completed in 0,11 seconds with the score of 970,96 (1 unrouted), using 7391,96 CPU seconds and 91099 MB memory.
2026-08-14 17:14:04.535 INFO   [8917D0\98883F] Auto-router pass #53 on board '4a4c77b72fe4e8c7df0b53451f153407' was completed in 1,28 seconds with the score of 969,49 (2 unrouted), using 7512,20 CPU seconds and 91856 MB memory.
2026-08-14 17:14:04.909 INFO   [8917D0\98883F] Auto-router pass #54 on board '5a3f71cb72ae0bf0ff80f0336a308aa4' was completed in 0,35 seconds with the score of 969,57 (2 unrouted), using 7512,20 CPU seconds and 91856 MB memory.
2026-08-14 17:14:06.333 INFO   [8917D0\98883F] Auto-router pass #55 on board 'fb0c8581cd574e130470b6a45b80de56' was completed in 1,40 seconds with the score of 968,35 (3 unrouted), using 7755,58 CPU seconds and 93413 MB memory.
2026-08-14 17:14:08.931 INFO   [8917D0\98883F] Restoring an earlier board that has the score of 969,57 (2 unrouted).
2026-08-14 17:14:08.932 INFO   [8917D0\98883F] Auto-router pass #56 on board '44da4b1ddc9c0a423672195f1ab04567' was completed in 2,57 seconds with the score of 968,97 (2 unrouted), using 8002,83 CPU seconds and 95030 MB memory.
2026-08-14 17:14:10.293 INFO   [8917D0\98883F] Auto-router pass #57 on board 'fb0c8581cd574e130470b6a45b80de56' was completed in 1,35 seconds with the score of 968,37 (3 unrouted), using 8253,88 CPU seconds and 96548 MB memory.
2026-08-14 17:14:11.714 INFO   [8917D0\98883F] Auto-router pass #58 on board '11c3884dcd23d6faeac6e1fd7a6cb2bd' was completed in 1,40 seconds with the score of 967,51 (3 unrouted), using 8380,83 CPU seconds and 97321 MB memory.
2026-08-14 17:14:12.182 INFO   [8917D0\98883F] Auto-router pass #59 on board '9ac683d28b0a0d7d21ac432bf0c8d2a2' was completed in 0,44 seconds with the score of 969,17 (2 unrouted), using 8508,75 CPU seconds and 98103 MB memory.
2026-08-14 17:14:12.414 INFO   [8917D0\98883F] Restoring an earlier board that has the score of 969,57 (2 unrouted).
2026-08-14 17:14:12.414 INFO   [8917D0\98883F] Auto-router pass #60 on board '9f573405044fa9ba4a21d9eeb4d98716' was completed in 0,21 seconds with the score of 970,95 (1 unrouted), using 8508,75 CPU seconds and 98103 MB memory.
2026-08-14 17:14:13.791 INFO   [8917D0\98883F] Auto-router pass #61 on board 'fb0c8581cd574e130470b6a45b80de56' was completed in 1,37 seconds with the score of 968,35 (3 unrouted), using 8637,62 CPU seconds and 98842 MB memory.
2026-08-14 17:14:15.142 INFO   [8917D0\98883F] Auto-router pass #62 on board '6b581969244662eec69193127e33865e' was completed in 1,32 seconds with the score of 965,63 (4 unrouted), using 8767,46 CPU seconds and 99629 MB memory.
2026-08-14 17:14:18.112 INFO   [8917D0\98883F] Auto-router pass #63 on board '2be5945885d0e3c1b1f49b0dcd862fc5' was completed in 2,94 seconds with the score of 966,09 (4 unrouted), using 9162,72 CPU seconds and 101892 MB memory.
2026-08-14 17:14:23.860 INFO   [8917D0\98883F] Restoring an earlier board that has the score of 969,57 (2 unrouted).
2026-08-14 17:14:23.860 INFO   [8917D0\98883F] Auto-router pass #64 on board 'f7887b1e253912855a2b1ac032daeb48' was completed in 5,72 seconds with the score of 963,85 (5 unrouted), using 9979,24 CPU seconds and 106500 MB memory.
2026-08-14 17:14:25.231 INFO   [8917D0\98883F] Auto-router pass #65 on board 'fb0c8581cd574e130470b6a45b80de56' was completed in 1,36 seconds with the score of 968,35 (3 unrouted), using 10259,12 CPU seconds and 108058 MB memory.
2026-08-14 17:14:25.854 INFO   [8917D0\98883F] Auto-router pass #66 on board 'c2db658d31c6b47f7d3565fc92d6daac' was completed in 0,60 seconds with the score of 965,82 (4 unrouted), using 10259,12 CPU seconds and 108058 MB memory.
2026-08-14 17:14:27.233 INFO   [8917D0\98883F] Auto-router pass #67 on board 'd86f021d49cccd7aab1ceb8bd4fca153' was completed in 1,35 seconds with the score of 967,19 (3 unrouted), using 10542,88 CPU seconds and 109605 MB memory.
2026-08-14 17:14:28.279 INFO   [8917D0\98883F] Restoring an earlier board that has the score of 969,57 (2 unrouted).
2026-08-14 17:14:28.279 INFO   [8917D0\98883F] Auto-router pass #68 on board '90aab243722dd8343e9731710b4a1d24' was completed in 1,02 seconds with the score of 969,13 (2 unrouted), using 10686,21 CPU seconds and 110384 MB memory.
2026-08-14 17:14:29.629 INFO   [8917D0\98883F] Auto-router pass #69 on board 'fb0c8581cd574e130470b6a45b80de56' was completed in 1,34 seconds with the score of 968,35 (3 unrouted), using 10830,49 CPU seconds and 111146 MB memory.
2026-08-14 17:14:31.519 INFO   [8917D0\98883F] Auto-router pass #70 on board 'c2db658d31c6b47f7d3565fc92d6daac' was completed in 1,88 seconds with the score of 968,32 (3 unrouted), using 11121,96 CPU seconds and 112733 MB memory.
2026-08-14 17:14:33.161 INFO   [8917D0\98883F] Auto-router pass #71 on board '5a9ad27d2d8f93b33ec93673f639a857' was completed in 1,62 seconds with the score of 968,19 (3 unrouted), using 11417,33 CPU seconds and 114234 MB memory.
2026-08-14 17:14:36.870 INFO   [8917D0\98883F] Restoring an earlier board that has the score of 969,50 (2 unrouted).
2026-08-14 17:14:36.871 INFO   [8917D0\98883F] Auto-router pass #72 on board '3f90c345cf211ef601ea1298b6ce09e9' was completed in 3,68 seconds with the score of 968,07 (3 unrouted), using 11867,57 CPU seconds and 116556 MB memory.
2026-08-14 17:14:38.224 INFO   [8917D0\98883F] Auto-router pass #73 on board '4a4c77b72fe4e8c7df0b53451f153407' was completed in 1,34 seconds with the score of 969,49 (2 unrouted), using 12172,52 CPU seconds and 118076 MB memory.
2026-08-14 17:14:38.612 INFO   [8917D0\98883F] Auto-router pass #74 on board '18ad118218b886bad95442698f82da5c' was completed in 0,36 seconds with the score of 969,57 (2 unrouted), using 12172,52 CPU seconds and 118076 MB memory.
2026-08-14 17:14:40.083 INFO   [8917D0\98883F] Auto-router pass #75 on board '597f8d2f5655eb9fe6fce588a00762d7' was completed in 1,45 seconds with the score of 968,35 (3 unrouted), using 12326,43 CPU seconds and 118827 MB memory.
2026-08-14 17:14:42.416 INFO   [8917D0\98883F] Restoring an earlier board that has the score of 969,57 (2 unrouted).
2026-08-14 17:14:42.417 INFO   [8917D0\98883F] Auto-router pass #76 on board '42be6fb1b307ad276e1270c8c9502dac' was completed in 2,31 seconds with the score of 969,15 (2 unrouted), using 12793,94 CPU seconds and 121186 MB memory.
2026-08-14 17:14:43.835 INFO   [8917D0\98883F] Auto-router pass #77 on board '597f8d2f5655eb9fe6fce588a00762d7' was completed in 1,41 seconds with the score of 968,35 (3 unrouted), using 12951,70 CPU seconds and 121922 MB memory.
2026-08-14 17:14:44.453 INFO   [8917D0\98883F] Auto-router pass #78 on board '5db96c058650502729e0f0144e90600f' was completed in 0,59 seconds with the score of 965,82 (4 unrouted), using 13110,42 CPU seconds and 122701 MB memory.
2026-08-14 17:14:46.615 INFO   [8917D0\98883F] Auto-router pass #79 on board 'ce2ddb59472d4d74d59880cb28db586b' was completed in 2,13 seconds with the score of 965,78 (4 unrouted), using 13430,76 CPU seconds and 124229 MB memory.
2026-08-14 17:14:49.379 INFO   [8917D0\98883F] Restoring an earlier board that has the score of 969,57 (2 unrouted).
2026-08-14 17:14:49.379 INFO   [8917D0\98883F] Auto-router pass #80 on board 'f5e13bd139f3bfe464db09743d2bebd6' was completed in 2,74 seconds with the score of 968,68 (2 unrouted), using 13918,54 CPU seconds and 126610 MB memory.
2026-08-14 17:14:49.632 INFO   [8917D0\98883F] Auto-router pass #81 on board '597f8d2f5655eb9fe6fce588a00762d7' was completed in 0,24 seconds with the score of 971,19 (1 unrouted), using 13918,54 CPU seconds and 126610 MB memory.
2026-08-14 17:14:49.748 INFO   [8917D0\98883F] Auto-router pass #82 on board 'fc437fd5fa912d7f016092f15024bd08' was completed in 0,09 seconds with the score of 971,19 (1 unrouted), using 13918,54 CPU seconds and 126610 MB memory.
2026-08-14 17:14:49.842 INFO   [8917D0\98883F] Auto-router pass #83 on board 'fc437fd5fa912d7f016092f15024bd08' was completed in 0,09 seconds with the score of 971,19 (1 unrouted), using 13918,54 CPU seconds and 126610 MB memory.
2026-08-14 17:14:49.961 INFO   [8917D0\98883F] Restoring an earlier board that has the score of 971,19 (1 unrouted).
2026-08-14 17:14:49.962 INFO   [8917D0\98883F] Auto-router pass #84 on board 'fc437fd5fa912d7f016092f15024bd08' was completed in 0,11 seconds with the score of 971,19 (1 unrouted), using 13918,54 CPU seconds and 126610 MB memory.
2026-08-14 17:14:50.066 INFO   [8917D0\98883F] Auto-router pass #85 on board 'fc437fd5fa912d7f016092f15024bd08' was completed in 0,09 seconds with the score of 971,19 (1 unrouted), using 13918,54 CPU seconds and 126610 MB memory.
2026-08-14 17:14:50.167 INFO   [8917D0\98883F] Auto-router pass #86 on board 'fc437fd5fa912d7f016092f15024bd08' was completed in 0,09 seconds with the score of 971,19 (1 unrouted), using 13918,54 CPU seconds and 126610 MB memory.
2026-08-14 17:14:50.263 INFO   [8917D0\98883F] Auto-router pass #87 on board 'fc437fd5fa912d7f016092f15024bd08' was completed in 0,09 seconds with the score of 971,19 (1 unrouted), using 14083,08 CPU seconds and 127336 MB memory.
2026-08-14 17:14:50.382 INFO   [8917D0\98883F] Restoring an earlier board that has the score of 971,19 (1 unrouted).
2026-08-14 17:14:50.382 INFO   [8917D0\98883F] Auto-router pass #88 on board 'fc437fd5fa912d7f016092f15024bd08' was completed in 0,11 seconds with the score of 971,19 (1 unrouted), using 14083,08 CPU seconds and 127336 MB memory.
2026-08-14 17:14:50.488 INFO   [8917D0\98883F] Auto-router pass #89 on board 'fc437fd5fa912d7f016092f15024bd08' was completed in 0,10 seconds with the score of 971,19 (1 unrouted), using 14083,08 CPU seconds and 127336 MB memory.
2026-08-14 17:14:50.583 INFO   [8917D0\98883F] Auto-router pass #90 on board 'fc437fd5fa912d7f016092f15024bd08' was completed in 0,09 seconds with the score of 971,19 (1 unrouted), using 14083,08 CPU seconds and 127336 MB memory.
2026-08-14 17:14:50.682 INFO   [8917D0\98883F] Auto-router pass #91 on board 'fc437fd5fa912d7f016092f15024bd08' was completed in 0,09 seconds with the score of 971,19 (1 unrouted), using 14083,08 CPU seconds and 127336 MB memory.
2026-08-14 17:14:50.797 INFO   [8917D0\98883F] Restoring an earlier board that has the score of 971,19 (1 unrouted).
2026-08-14 17:14:50.797 INFO   [8917D0\98883F] Auto-router pass #92 on board 'fc437fd5fa912d7f016092f15024bd08' was completed in 0,11 seconds with the score of 971,19 (1 unrouted), using 14083,08 CPU seconds and 127336 MB memory.
2026-08-14 17:14:50.899 INFO   [8917D0\98883F] Auto-router pass #93 on board 'fc437fd5fa912d7f016092f15024bd08' was completed in 0,09 seconds with the score of 971,19 (1 unrouted), using 14083,08 CPU seconds and 127336 MB memory.
2026-08-14 17:14:50.993 INFO   [8917D0\98883F] Auto-router pass #94 on board 'fc437fd5fa912d7f016092f15024bd08' was completed in 0,09 seconds with the score of 971,19 (1 unrouted), using 14083,08 CPU seconds and 127336 MB memory.
2026-08-14 17:14:51.091 INFO   [8917D0\98883F] Auto-router pass #95 on board 'fc437fd5fa912d7f016092f15024bd08' was completed in 0,09 seconds with the score of 971,19 (1 unrouted), using 14083,08 CPU seconds and 127336 MB memory.
2026-08-14 17:14:51.209 INFO   [8917D0\98883F] Restoring an earlier board that has the score of 971,19 (1 unrouted).
2026-08-14 17:14:51.209 INFO   [8917D0\98883F] Auto-router pass #96 on board 'fc437fd5fa912d7f016092f15024bd08' was completed in 0,11 seconds with the score of 971,19 (1 unrouted), using 14248,60 CPU seconds and 128042 MB memory.
2026-08-14 17:14:51.314 INFO   [8917D0\98883F] Auto-router pass #97 on board 'fc437fd5fa912d7f016092f15024bd08' was completed in 0,10 seconds with the score of 971,19 (1 unrouted), using 14248,60 CPU seconds and 128042 MB memory.
2026-08-14 17:14:51.416 INFO   [8917D0\98883F] Auto-router pass #98 on board 'fc437fd5fa912d7f016092f15024bd08' was completed in 0,09 seconds with the score of 971,19 (1 unrouted), using 14248,60 CPU seconds and 128042 MB memory.
2026-08-14 17:14:51.510 INFO   [8917D0\98883F] Auto-router pass #99 on board 'fc437fd5fa912d7f016092f15024bd08' was completed in 0,09 seconds with the score of 971,19 (1 unrouted), using 14248,60 CPU seconds and 128042 MB memory.
2026-08-14 17:14:51.628 INFO   [8917D0\98883F] Restoring an earlier board that has the score of 969,57 (2 unrouted).
2026-08-14 17:14:51.628 INFO   [8917D0\98883F] Auto-router pass #100 on board 'fc437fd5fa912d7f016092f15024bd08' was completed in 0,11 seconds with the score of 971,19 (1 unrouted), using 14248,60 CPU seconds and 128042 MB memory.
2026-08-14 17:14:51.867 INFO   [8917D0\98883F] Auto-router pass #101 on board '597f8d2f5655eb9fe6fce588a00762d7' was completed in 0,23 seconds with the score of 971,19 (1 unrouted), using 14248,60 CPU seconds and 128042 MB memory.
2026-08-14 17:14:51.965 INFO   [8917D0\98883F] Auto-router pass #102 on board 'fc437fd5fa912d7f016092f15024bd08' was completed in 0,09 seconds with the score of 971,19 (1 unrouted), using 14248,60 CPU seconds and 128042 MB memory.
2026-08-14 17:14:52.060 INFO   [8917D0\98883F] Auto-router pass #103 on board 'fc437fd5fa912d7f016092f15024bd08' was completed in 0,09 seconds with the score of 971,19 (1 unrouted), using 14248,60 CPU seconds and 128042 MB memory.
2026-08-14 17:14:52.178 INFO   [8917D0\98883F] Restoring an earlier board that has the score of 969,57 (2 unrouted).
2026-08-14 17:14:52.178 INFO   [8917D0\98883F] Auto-router pass #104 on board 'fc437fd5fa912d7f016092f15024bd08' was completed in 0,11 seconds with the score of 971,19 (1 unrouted), using 14415,10 CPU seconds and 128761 MB memory.
2026-08-14 17:14:53.526 INFO   [8917D0\98883F] Auto-router pass #105 on board '597f8d2f5655eb9fe6fce588a00762d7' was completed in 1,34 seconds with the score of 968,35 (3 unrouted), using 14582,57 CPU seconds and 129541 MB memory.
2026-08-14 17:14:54.868 INFO   [8917D0\98883F] Auto-router pass #106 on board '76ab004f1cc38e4cb451f8c1eac18e0a' was completed in 1,31 seconds with the score of 965,63 (4 unrouted), using 14751,01 CPU seconds and 130345 MB memory.
2026-08-14 17:14:56.909 INFO   [8917D0\98883F] Auto-router pass #107 on board 'fe4c0278da2dcc0658901bcc53052869' was completed in 2,02 seconds with the score of 967,38 (3 unrouted), using 15090,80 CPU seconds and 131873 MB memory.
2026-08-14 17:14:59.759 INFO   [8917D0\98883F] Restoring an earlier board that has the score of 969,50 (2 unrouted).
2026-08-14 17:14:59.759 INFO   [8917D0\98883F] Auto-router pass #108 on board '009907fbd973c5aa1998a5fc7e5cb353' was completed in 2,82 seconds with the score of 965,15 (4 unrouted), using 15607,75 CPU seconds and 134260 MB memory.
2026-08-14 17:15:01.090 INFO   [8917D0\98883F] Auto-router pass #109 on board '4a4c77b72fe4e8c7df0b53451f153407' was completed in 1,32 seconds with the score of 969,49 (2 unrouted), using 15782,02 CPU seconds and 135050 MB memory.
2026-08-14 17:15:01.447 INFO   [8917D0\98883F] Auto-router pass #110 on board 'e62e274c101bc8f2af1ca60a1e3b118a' was completed in 0,33 seconds with the score of 969,57 (2 unrouted), using 15957,23 CPU seconds and 135799 MB memory.
2026-08-14 17:15:02.907 INFO   [8917D0\98883F] Auto-router pass #111 on board 'ef89f0a4f228f6cf9a1443b97d3169dc' was completed in 1,43 seconds with the score of 968,35 (3 unrouted), using 16133,41 CPU seconds and 136550 MB memory.
2026-08-14 17:15:07.978 INFO   [8917D0\98883F] Restoring an earlier board that has the score of 969,57 (2 unrouted).
2026-08-14 17:15:07.978 INFO   [8917D0\98883F] Auto-router pass #112 on board '7be8941746306069805965e19025d4a6' was completed in 5,05 seconds with the score of 967,93 (3 unrouted), using 17028,73 CPU seconds and 140494 MB memory.
2026-08-14 17:15:08.224 INFO   [8917D0\98883F] Auto-router pass #113 on board 'ef89f0a4f228f6cf9a1443b97d3169dc' was completed in 0,24 seconds with the score of 971,19 (1 unrouted), using 17210,68 CPU seconds and 141294 MB memory.
2026-08-14 17:15:08.334 INFO   [8917D0\98883F] Auto-router pass #114 on board '6fe89cd58f256117c7a41a69a0de60fb' was completed in 0,09 seconds with the score of 971,19 (1 unrouted), using 17210,68 CPU seconds and 141294 MB memory.
2026-08-14 17:15:08.434 INFO   [8917D0\98883F] Auto-router pass #115 on board '6fe89cd58f256117c7a41a69a0de60fb' was completed in 0,09 seconds with the score of 971,19 (1 unrouted), using 17210,68 CPU seconds and 141294 MB memory.
2026-08-14 17:15:08.557 INFO   [8917D0\98883F] Restoring an earlier board that has the score of 971,19 (1 unrouted).
2026-08-14 17:15:08.557 INFO   [8917D0\98883F] Auto-router pass #116 on board '6fe89cd58f256117c7a41a69a0de60fb' was completed in 0,11 seconds with the score of 971,19 (1 unrouted), using 17210,68 CPU seconds and 141294 MB memory.
2026-08-14 17:15:08.659 INFO   [8917D0\98883F] Auto-router pass #117 on board '6fe89cd58f256117c7a41a69a0de60fb' was completed in 0,09 seconds with the score of 971,19 (1 unrouted), using 17210,68 CPU seconds and 141294 MB memory.
2026-08-14 17:15:08.762 INFO   [8917D0\98883F] Auto-router pass #118 on board '6fe89cd58f256117c7a41a69a0de60fb' was completed in 0,09 seconds with the score of 971,19 (1 unrouted), using 17210,68 CPU seconds and 141294 MB memory.
2026-08-14 17:15:08.857 INFO   [8917D0\98883F] Auto-router pass #119 on board '6fe89cd58f256117c7a41a69a0de60fb' was completed in 0,09 seconds with the score of 971,19 (1 unrouted), using 17210,68 CPU seconds and 141294 MB memory.
2026-08-14 17:15:08.977 INFO   [8917D0\98883F] Restoring an earlier board that has the score of 971,19 (1 unrouted).
2026-08-14 17:15:08.977 INFO   [8917D0\98883F] Auto-router pass #120 on board '6fe89cd58f256117c7a41a69a0de60fb' was completed in 0,11 seconds with the score of 971,19 (1 unrouted), using 17210,68 CPU seconds and 141294 MB memory.
2026-08-14 17:15:09.082 INFO   [8917D0\98883F] Auto-router pass #121 on board '6fe89cd58f256117c7a41a69a0de60fb' was completed in 0,10 seconds with the score of 971,19 (1 unrouted), using 17210,68 CPU seconds and 141294 MB memory.
2026-08-14 17:15:09.182 INFO   [8917D0\98883F] Auto-router pass #122 on board '6fe89cd58f256117c7a41a69a0de60fb' was completed in 0,09 seconds with the score of 971,19 (1 unrouted), using 17210,68 CPU seconds and 141294 MB memory.
2026-08-14 17:15:09.282 INFO   [8917D0\98883F] Auto-router pass #123 on board '6fe89cd58f256117c7a41a69a0de60fb' was completed in 0,09 seconds with the score of 971,19 (1 unrouted), using 17393,59 CPU seconds and 141983 MB memory.
2026-08-14 17:15:09.397 INFO   [8917D0\98883F] Restoring an earlier board that has the score of 971,19 (1 unrouted).
2026-08-14 17:15:09.397 INFO   [8917D0\98883F] Auto-router pass #124 on board '6fe89cd58f256117c7a41a69a0de60fb' was completed in 0,11 seconds with the score of 971,19 (1 unrouted), using 17393,59 CPU seconds and 141983 MB memory.
2026-08-14 17:15:09.504 INFO   [8917D0\98883F] Auto-router pass #125 on board '6fe89cd58f256117c7a41a69a0de60fb' was completed in 0,10 seconds with the score of 971,19 (1 unrouted), using 17393,59 CPU seconds and 141983 MB memory.
2026-08-14 17:15:09.599 INFO   [8917D0\98883F] Auto-router pass #126 on board '6fe89cd58f256117c7a41a69a0de60fb' was completed in 0,09 seconds with the score of 971,19 (1 unrouted), using 17393,59 CPU seconds and 141983 MB memory.
2026-08-14 17:15:09.697 INFO   [8917D0\98883F] Auto-router pass #127 on board '6fe89cd58f256117c7a41a69a0de60fb' was completed in 0,09 seconds with the score of 971,19 (1 unrouted), using 17393,59 CPU seconds and 141983 MB memory.
2026-08-14 17:15:09.812 INFO   [8917D0\98883F] Restoring an earlier board that has the score of 971,19 (1 unrouted).
2026-08-14 17:15:09.812 INFO   [8917D0\98883F] Auto-router pass #128 on board '6fe89cd58f256117c7a41a69a0de60fb' was completed in 0,11 seconds with the score of 971,19 (1 unrouted), using 17393,59 CPU seconds and 141983 MB memory.
2026-08-14 17:15:09.915 INFO   [8917D0\98883F] Auto-router pass #129 on board '6fe89cd58f256117c7a41a69a0de60fb' was completed in 0,09 seconds with the score of 971,19 (1 unrouted), using 17393,59 CPU seconds and 141983 MB memory.
2026-08-14 17:15:10.013 INFO   [8917D0\98883F] Auto-router pass #130 on board '6fe89cd58f256117c7a41a69a0de60fb' was completed in 0,09 seconds with the score of 971,19 (1 unrouted), using 17393,59 CPU seconds and 141983 MB memory.
2026-08-14 17:15:10.107 INFO   [8917D0\98883F] Auto-router pass #131 on board '6fe89cd58f256117c7a41a69a0de60fb' was completed in 0,09 seconds with the score of 971,19 (1 unrouted), using 17393,59 CPU seconds and 141983 MB memory.
2026-08-14 17:15:10.226 INFO   [8917D0\98883F] Restoring an earlier board that has the score of 969,57 (2 unrouted).
2026-08-14 17:15:10.226 INFO   [8917D0\98883F] Auto-router pass #132 on board '6fe89cd58f256117c7a41a69a0de60fb' was completed in 0,11 seconds with the score of 971,19 (1 unrouted), using 17577,48 CPU seconds and 142685 MB memory.
2026-08-14 17:15:10.471 INFO   [8917D0\98883F] Auto-router pass #133 on board 'ef89f0a4f228f6cf9a1443b97d3169dc' was completed in 0,24 seconds with the score of 971,19 (1 unrouted), using 17577,48 CPU seconds and 142685 MB memory.
2026-08-14 17:15:10.586 INFO   [8917D0\98883F] Auto-router pass #134 on board 'b4b96e1d451925862234019fafe69559' was completed in 0,09 seconds with the score of 971,19 (1 unrouted), using 17577,48 CPU seconds and 142685 MB memory.
2026-08-14 17:15:10.681 INFO   [8917D0\98883F] Auto-router pass #135 on board 'b4b96e1d451925862234019fafe69559' was completed in 0,09 seconds with the score of 971,19 (1 unrouted), using 17577,48 CPU seconds and 142685 MB memory.
2026-08-14 17:15:10.800 INFO   [8917D0\98883F] Restoring an earlier board that has the score of 971,19 (1 unrouted).
2026-08-14 17:15:10.801 INFO   [8917D0\98883F] Auto-router pass #136 on board 'b4b96e1d451925862234019fafe69559' was completed in 0,11 seconds with the score of 971,19 (1 unrouted), using 17577,48 CPU seconds and 142685 MB memory.
2026-08-14 17:15:10.903 INFO   [8917D0\98883F] Auto-router pass #137 on board 'b4b96e1d451925862234019fafe69559' was completed in 0,09 seconds with the score of 971,19 (1 unrouted), using 17577,48 CPU seconds and 142685 MB memory.
2026-08-14 17:15:11.001 INFO   [8917D0\98883F] Auto-router pass #138 on board 'b4b96e1d451925862234019fafe69559' was completed in 0,09 seconds with the score of 971,19 (1 unrouted), using 17577,48 CPU seconds and 142685 MB memory.
2026-08-14 17:15:11.096 INFO   [8917D0\98883F] Auto-router pass #139 on board 'b4b96e1d451925862234019fafe69559' was completed in 0,09 seconds with the score of 971,19 (1 unrouted), using 17577,48 CPU seconds and 142685 MB memory.
2026-08-14 17:15:11.214 INFO   [8917D0\98883F] Restoring an earlier board that has the score of 971,19 (1 unrouted).
2026-08-14 17:15:11.214 INFO   [8917D0\98883F] Auto-router pass #140 on board 'b4b96e1d451925862234019fafe69559' was completed in 0,11 seconds with the score of 971,19 (1 unrouted), using 17762,35 CPU seconds and 143407 MB memory.
2026-08-14 17:15:11.319 INFO   [8917D0\98883F] Auto-router pass #141 on board 'b4b96e1d451925862234019fafe69559' was completed in 0,10 seconds with the score of 971,19 (1 unrouted), using 17762,35 CPU seconds and 143407 MB memory.
2026-08-14 17:15:11.413 INFO   [8917D0\98883F] Auto-router pass #142 on board 'b4b96e1d451925862234019fafe69559' was completed in 0,09 seconds with the score of 971,19 (1 unrouted), using 17762,35 CPU seconds and 143407 MB memory.
2026-08-14 17:15:11.510 INFO   [8917D0\98883F] Auto-router pass #143 on board 'b4b96e1d451925862234019fafe69559' was completed in 0,09 seconds with the score of 971,19 (1 unrouted), using 17762,35 CPU seconds and 143407 MB memory.
2026-08-14 17:15:11.625 INFO   [8917D0\98883F] Restoring an earlier board that has the score of 971,19 (1 unrouted).
2026-08-14 17:15:11.625 INFO   [8917D0\98883F] Auto-router pass #144 on board 'b4b96e1d451925862234019fafe69559' was completed in 0,11 seconds with the score of 971,19 (1 unrouted), using 17762,35 CPU seconds and 143407 MB memory.
2026-08-14 17:15:11.727 INFO   [8917D0\98883F] Auto-router pass #145 on board 'b4b96e1d451925862234019fafe69559' was completed in 0,09 seconds with the score of 971,19 (1 unrouted), using 17762,35 CPU seconds and 143407 MB memory.
2026-08-14 17:15:11.821 INFO   [8917D0\98883F] Auto-router pass #146 on board 'b4b96e1d451925862234019fafe69559' was completed in 0,09 seconds with the score of 971,19 (1 unrouted), using 17762,35 CPU seconds and 143407 MB memory.
2026-08-14 17:15:11.918 INFO   [8917D0\98883F] Auto-router pass #147 on board 'b4b96e1d451925862234019fafe69559' was completed in 0,09 seconds with the score of 971,19 (1 unrouted), using 17762,35 CPU seconds and 143407 MB memory.
2026-08-14 17:15:12.035 INFO   [8917D0\98883F] Restoring an earlier board that has the score of 971,19 (1 unrouted).
2026-08-14 17:15:12.035 INFO   [8917D0\98883F] Auto-router pass #148 on board 'b4b96e1d451925862234019fafe69559' was completed in 0,11 seconds with the score of 971,19 (1 unrouted), using 17762,35 CPU seconds and 143407 MB memory.
2026-08-14 17:15:12.139 INFO   [8917D0\98883F] Auto-router pass #149 on board 'b4b96e1d451925862234019fafe69559' was completed in 0,09 seconds with the score of 971,19 (1 unrouted), using 17762,35 CPU seconds and 143407 MB memory.
2026-08-14 17:15:12.239 INFO   [8917D0\98883F] Auto-router pass #150 on board 'b4b96e1d451925862234019fafe69559' was completed in 0,09 seconds with the score of 971,19 (1 unrouted), using 17948,21 CPU seconds and 144110 MB memory.
2026-08-14 17:15:12.332 INFO   [8917D0\98883F] Auto-router pass #151 on board 'b4b96e1d451925862234019fafe69559' was completed in 0,08 seconds with the score of 971,19 (1 unrouted), using 17948,21 CPU seconds and 144110 MB memory.
2026-08-14 17:15:12.449 INFO   [8917D0\98883F] Restoring an earlier board that has the score of 969,57 (2 unrouted).
2026-08-14 17:15:12.449 INFO   [8917D0\98883F] Auto-router pass #152 on board 'b4b96e1d451925862234019fafe69559' was completed in 0,11 seconds with the score of 971,19 (1 unrouted), using 17948,21 CPU seconds and 144110 MB memory.
2026-08-14 17:15:12.683 INFO   [8917D0\98883F] Auto-router pass #153 on board 'ef89f0a4f228f6cf9a1443b97d3169dc' was completed in 0,22 seconds with the score of 971,19 (1 unrouted), using 17948,21 CPU seconds and 144110 MB memory.
2026-08-14 17:15:12.781 INFO   [8917D0\98883F] Auto-router pass #154 on board '6fe89cd58f256117c7a41a69a0de60fb' was completed in 0,09 seconds with the score of 971,19 (1 unrouted), using 17948,21 CPU seconds and 144110 MB memory.
2026-08-14 17:15:12.875 INFO   [8917D0\98883F] Auto-router pass #155 on board '6fe89cd58f256117c7a41a69a0de60fb' was completed in 0,09 seconds with the score of 971,19 (1 unrouted), using 17948,21 CPU seconds and 144110 MB memory.
2026-08-14 17:15:12.992 INFO   [8917D0\98883F] Restoring an earlier board that has the score of 969,57 (2 unrouted).
2026-08-14 17:15:12.993 INFO   [8917D0\98883F] Auto-router pass #156 on board '6fe89cd58f256117c7a41a69a0de60fb' was completed in 0,11 seconds with the score of 971,19 (1 unrouted), using 17948,21 CPU seconds and 144110 MB memory.
2026-08-14 17:15:13.226 INFO   [8917D0\98883F] Auto-router pass #157 on board 'ef89f0a4f228f6cf9a1443b97d3169dc' was completed in 0,22 seconds with the score of 971,19 (1 unrouted), using 18135,04 CPU seconds and 144856 MB memory.
2026-08-14 17:15:13.323 INFO   [8917D0\98883F] Auto-router pass #158 on board '6fe89cd58f256117c7a41a69a0de60fb' was completed in 0,09 seconds with the score of 971,19 (1 unrouted), using 18135,04 CPU seconds and 144856 MB memory.
2026-08-14 17:15:13.417 INFO   [8917D0\98883F] Auto-router pass #159 on board '6fe89cd58f256117c7a41a69a0de60fb' was completed in 0,09 seconds with the score of 971,19 (1 unrouted), using 18135,04 CPU seconds and 144856 MB memory.
2026-08-14 17:15:13.534 INFO   [8917D0\98883F] Restoring an earlier board that has the score of 969,50 (2 unrouted).
2026-08-14 17:15:13.534 INFO   [8917D0\98883F] Auto-router pass #160 on board '6fe89cd58f256117c7a41a69a0de60fb' was completed in 0,11 seconds with the score of 971,19 (1 unrouted), using 18135,04 CPU seconds and 144856 MB memory.
2026-08-14 17:15:14.835 INFO   [8917D0\98883F] Auto-router pass #161 on board '4a4c77b72fe4e8c7df0b53451f153407' was completed in 1,29 seconds with the score of 969,49 (2 unrouted), using 18322,85 CPU seconds and 145601 MB memory.
2026-08-14 17:15:15.382 INFO   [8917D0\98883F] Auto-router pass #162 on board 'eaa18310ed84af6a766e339af5cedd3f' was completed in 0,52 seconds with the score of 970,96 (1 unrouted), using 18511,62 CPU seconds and 146409 MB memory.
2026-08-14 17:15:15.495 INFO   [8917D0\98883F] Auto-router pass #163 on board 'c8faeed7bf371af51d553ca3e8165c97' was completed in 0,09 seconds with the score of 970,96 (1 unrouted), using 18511,62 CPU seconds and 146409 MB memory.
2026-08-14 17:15:15.608 INFO   [8917D0\98883F] Restoring an earlier board that has the score of 970,96 (1 unrouted).
2026-08-14 17:15:15.608 INFO   [8917D0\98883F] Auto-router pass #164 on board 'c8faeed7bf371af51d553ca3e8165c97' was completed in 0,10 seconds with the score of 970,96 (1 unrouted), using 18511,62 CPU seconds and 146409 MB memory.
2026-08-14 17:15:15.710 INFO   [8917D0\98883F] Auto-router pass #165 on board 'c8faeed7bf371af51d553ca3e8165c97' was completed in 0,09 seconds with the score of 970,96 (1 unrouted), using 18511,62 CPU seconds and 146409 MB memory.
2026-08-14 17:15:15.802 INFO   [8917D0\98883F] Auto-router pass #166 on board 'c8faeed7bf371af51d553ca3e8165c97' was completed in 0,08 seconds with the score of 970,96 (1 unrouted), using 18511,62 CPU seconds and 146409 MB memory.
2026-08-14 17:15:15.899 INFO   [8917D0\98883F] Auto-router pass #167 on board 'c8faeed7bf371af51d553ca3e8165c97' was completed in 0,09 seconds with the score of 970,96 (1 unrouted), using 18511,62 CPU seconds and 146409 MB memory.
2026-08-14 17:15:16.017 INFO   [8917D0\98883F] Restoring an earlier board that has the score of 970,96 (1 unrouted).
2026-08-14 17:15:16.018 INFO   [8917D0\98883F] Auto-router pass #168 on board 'c8faeed7bf371af51d553ca3e8165c97' was completed in 0,11 seconds with the score of 970,96 (1 unrouted), using 18511,62 CPU seconds and 146409 MB memory.
2026-08-14 17:15:16.120 INFO   [8917D0\98883F] Auto-router pass #169 on board 'c8faeed7bf371af51d553ca3e8165c97' was completed in 0,09 seconds with the score of 970,96 (1 unrouted), using 18511,62 CPU seconds and 146409 MB memory.
2026-08-14 17:15:16.220 INFO   [8917D0\98883F] Auto-router pass #170 on board 'c8faeed7bf371af51d553ca3e8165c97' was completed in 0,09 seconds with the score of 970,96 (1 unrouted), using 18701,38 CPU seconds and 147137 MB memory.
2026-08-14 17:15:16.314 INFO   [8917D0\98883F] Auto-router pass #171 on board 'c8faeed7bf371af51d553ca3e8165c97' was completed in 0,09 seconds with the score of 970,96 (1 unrouted), using 18701,38 CPU seconds and 147137 MB memory.
2026-08-14 17:15:16.432 INFO   [8917D0\98883F] Restoring an earlier board that has the score of 970,96 (1 unrouted).
2026-08-14 17:15:16.432 INFO   [8917D0\98883F] Auto-router pass #172 on board 'c8faeed7bf371af51d553ca3e8165c97' was completed in 0,11 seconds with the score of 970,96 (1 unrouted), using 18701,38 CPU seconds and 147137 MB memory.
2026-08-14 17:15:16.535 INFO   [8917D0\98883F] Auto-router pass #173 on board 'c8faeed7bf371af51d553ca3e8165c97' was completed in 0,09 seconds with the score of 970,96 (1 unrouted), using 18701,38 CPU seconds and 147137 MB memory.
2026-08-14 17:15:16.648 INFO   [8917D0\98883F] Auto-router pass #174 on board 'c8faeed7bf371af51d553ca3e8165c97' was completed in 0,10 seconds with the score of 970,96 (1 unrouted), using 18701,38 CPU seconds and 147137 MB memory.
2026-08-14 17:15:16.744 INFO   [8917D0\98883F] Auto-router pass #175 on board 'c8faeed7bf371af51d553ca3e8165c97' was completed in 0,09 seconds with the score of 970,96 (1 unrouted), using 18701,38 CPU seconds and 147137 MB memory.
2026-08-14 17:15:16.858 INFO   [8917D0\98883F] Restoring an earlier board that has the score of 970,96 (1 unrouted).
2026-08-14 17:15:16.859 INFO   [8917D0\98883F] Auto-router pass #176 on board 'c8faeed7bf371af51d553ca3e8165c97' was completed in 0,10 seconds with the score of 970,96 (1 unrouted), using 18701,38 CPU seconds and 147137 MB memory.
2026-08-14 17:15:16.963 INFO   [8917D0\98883F] Auto-router pass #177 on board 'c8faeed7bf371af51d553ca3e8165c97' was completed in 0,10 seconds with the score of 970,96 (1 unrouted), using 18701,38 CPU seconds and 147137 MB memory.
2026-08-14 17:15:17.057 INFO   [8917D0\98883F] Auto-router pass #178 on board 'c8faeed7bf371af51d553ca3e8165c97' was completed in 0,09 seconds with the score of 970,96 (1 unrouted), using 18701,38 CPU seconds and 147137 MB memory.
2026-08-14 17:15:17.154 INFO   [8917D0\98883F] Auto-router pass #179 on board 'c8faeed7bf371af51d553ca3e8165c97' was completed in 0,09 seconds with the score of 970,96 (1 unrouted), using 18701,38 CPU seconds and 147137 MB memory.
2026-08-14 17:15:17.270 INFO   [8917D0\98883F] Restoring an earlier board that has the score of 969,49 (2 unrouted).
2026-08-14 17:15:17.271 INFO   [8917D0\98883F] Auto-router pass #180 on board 'c8faeed7bf371af51d553ca3e8165c97' was completed in 0,11 seconds with the score of 970,96 (1 unrouted), using 18892,12 CPU seconds and 147834 MB memory.
2026-08-14 17:15:17.626 INFO   [8917D0\98883F] Auto-router pass #181 on board 'e62e274c101bc8f2af1ca60a1e3b118a' was completed in 0,34 seconds with the score of 969,57 (2 unrouted), using 18892,12 CPU seconds and 147834 MB memory.
2026-08-14 17:15:19.002 INFO   [8917D0\98883F] Auto-router pass #182 on board '781a70d44720c634cbb11b9dbb446a64' was completed in 1,35 seconds with the score of 968,35 (3 unrouted), using 19083,82 CPU seconds and 148585 MB memory.
2026-08-14 17:15:20.484 INFO   [8917D0\98883F] Auto-router pass #183 on board 'e1a78b99c8b2b94b6ab8d9671f3026ac' was completed in 1,46 seconds with the score of 965,38 (4 unrouted), using 19470,13 CPU seconds and 150131 MB memory.
2026-08-14 17:15:24.501 INFO   [8917D0\98883F] Restoring an earlier board that has the score of 969,57 (2 unrouted).
2026-08-14 17:15:24.501 INFO   [8917D0\98883F] Auto-router pass #184 on board 'b33992518dea169c89398089ae4841b9' was completed in 3,99 seconds with the score of 966,89 (3 unrouted), using 20254,35 CPU seconds and 153339 MB memory.
2026-08-14 17:15:24.744 INFO   [8917D0\98883F] Auto-router pass #185 on board '781a70d44720c634cbb11b9dbb446a64' was completed in 0,23 seconds with the score of 971,19 (1 unrouted), using 20254,35 CPU seconds and 153339 MB memory.
2026-08-14 17:15:24.859 INFO   [8917D0\98883F] Auto-router pass #186 on board '828576707586049d842fca4a30265ad7' was completed in 0,09 seconds with the score of 971,19 (1 unrouted), using 20254,35 CPU seconds and 153339 MB memory.
2026-08-14 17:15:24.954 INFO   [8917D0\98883F] Auto-router pass #187 on board '828576707586049d842fca4a30265ad7' was completed in 0,09 seconds with the score of 971,19 (1 unrouted), using 20254,35 CPU seconds and 153339 MB memory.
2026-08-14 17:15:25.073 INFO   [8917D0\98883F] Restoring an earlier board that has the score of 971,19 (1 unrouted).
2026-08-14 17:15:25.073 INFO   [8917D0\98883F] Auto-router pass #188 on board '828576707586049d842fca4a30265ad7' was completed in 0,11 seconds with the score of 971,19 (1 unrouted), using 20254,35 CPU seconds and 153339 MB memory.
2026-08-14 17:15:25.177 INFO   [8917D0\98883F] Auto-router pass #189 on board '828576707586049d842fca4a30265ad7' was completed in 0,10 seconds with the score of 971,19 (1 unrouted), using 20254,35 CPU seconds and 153339 MB memory.
2026-08-14 17:15:25.278 INFO   [8917D0\98883F] Auto-router pass #190 on board '828576707586049d842fca4a30265ad7' was completed in 0,09 seconds with the score of 971,19 (1 unrouted), using 20452,83 CPU seconds and 154076 MB memory.
2026-08-14 17:15:25.372 INFO   [8917D0\98883F] Auto-router pass #191 on board '828576707586049d842fca4a30265ad7' was completed in 0,09 seconds with the score of 971,19 (1 unrouted), using 20452,83 CPU seconds and 154076 MB memory.
2026-08-14 17:15:25.490 INFO   [8917D0\98883F] Restoring an earlier board that has the score of 971,19 (1 unrouted).
2026-08-14 17:15:25.491 INFO   [8917D0\98883F] Auto-router pass #192 on board '828576707586049d842fca4a30265ad7' was completed in 0,11 seconds with the score of 971,19 (1 unrouted), using 20452,83 CPU seconds and 154076 MB memory.
2026-08-14 17:15:25.598 INFO   [8917D0\98883F] Auto-router pass #193 on board '828576707586049d842fca4a30265ad7' was completed in 0,10 seconds with the score of 971,19 (1 unrouted), using 20452,83 CPU seconds and 154076 MB memory.
2026-08-14 17:15:25.692 INFO   [8917D0\98883F] Auto-router pass #194 on board '828576707586049d842fca4a30265ad7' was completed in 0,08 seconds with the score of 971,19 (1 unrouted), using 20452,83 CPU seconds and 154076 MB memory.
2026-08-14 17:15:25.789 INFO   [8917D0\98883F] Auto-router pass #195 on board '828576707586049d842fca4a30265ad7' was completed in 0,09 seconds with the score of 971,19 (1 unrouted), using 20452,83 CPU seconds and 154076 MB memory.
2026-08-14 17:15:25.903 INFO   [8917D0\98883F] Restoring an earlier board that has the score of 971,19 (1 unrouted).
2026-08-14 17:15:25.903 INFO   [8917D0\98883F] Auto-router pass #196 on board '828576707586049d842fca4a30265ad7' was completed in 0,10 seconds with the score of 971,19 (1 unrouted), using 20452,83 CPU seconds and 154076 MB memory.
2026-08-14 17:15:26.005 INFO   [8917D0\98883F] Auto-router pass #197 on board '828576707586049d842fca4a30265ad7' was completed in 0,09 seconds with the score of 971,19 (1 unrouted), using 20452,83 CPU seconds and 154076 MB memory.
2026-08-14 17:15:26.098 INFO   [8917D0\98883F] Auto-router pass #198 on board '828576707586049d842fca4a30265ad7' was completed in 0,08 seconds with the score of 971,19 (1 unrouted), using 20452,83 CPU seconds and 154076 MB memory.
2026-08-14 17:15:26.197 INFO   [8917D0\98883F] Auto-router pass #199 on board '828576707586049d842fca4a30265ad7' was completed in 0,09 seconds with the score of 971,19 (1 unrouted), using 20652,29 CPU seconds and 154781 MB memory.
2026-08-14 17:15:26.315 INFO   [8917D0\98883F] Restoring an earlier board that has the score of 971,19 (1 unrouted).
2026-08-14 17:15:26.315 INFO   [8917D0\98883F] Auto-router pass #200 on board '828576707586049d842fca4a30265ad7' was completed in 0,11 seconds with the score of 971,19 (1 unrouted), using 20652,29 CPU seconds and 154781 MB memory.
2026-08-14 17:15:26.413 INFO   [8917D0\98883F] Auto-router pass #201 on board '828576707586049d842fca4a30265ad7' was completed in 0,09 seconds with the score of 971,19 (1 unrouted), using 20652,29 CPU seconds and 154781 MB memory.
2026-08-14 17:15:26.511 INFO   [8917D0\98883F] Auto-router pass #202 on board '828576707586049d842fca4a30265ad7' was completed in 0,09 seconds with the score of 971,19 (1 unrouted), using 20652,29 CPU seconds and 154781 MB memory.
2026-08-14 17:15:26.626 INFO   [8917D0\98883F] Auto-router pass #203 on board '828576707586049d842fca4a30265ad7' was completed in 0,10 seconds with the score of 971,19 (1 unrouted), using 20652,29 CPU seconds and 154781 MB memory.
2026-08-14 17:15:26.744 INFO   [8917D0\98883F] Restoring an earlier board that has the score of 969,57 (2 unrouted).
2026-08-14 17:15:26.744 INFO   [8917D0\98883F] Auto-router pass #204 on board '828576707586049d842fca4a30265ad7' was completed in 0,11 seconds with the score of 971,19 (1 unrouted), using 20652,29 CPU seconds and 154781 MB memory.
2026-08-14 17:15:26.981 INFO   [8917D0\98883F] Auto-router pass #205 on board '781a70d44720c634cbb11b9dbb446a64' was completed in 0,23 seconds with the score of 971,19 (1 unrouted), using 20652,29 CPU seconds and 154781 MB memory.
2026-08-14 17:15:27.079 INFO   [8917D0\98883F] Auto-router pass #206 on board '828576707586049d842fca4a30265ad7' was completed in 0,09 seconds with the score of 971,19 (1 unrouted), using 20652,29 CPU seconds and 154781 MB memory.
2026-08-14 17:15:27.173 INFO   [8917D0\98883F] Auto-router pass #207 on board '828576707586049d842fca4a30265ad7' was completed in 0,09 seconds with the score of 971,19 (1 unrouted), using 20652,29 CPU seconds and 154781 MB memory.
2026-08-14 17:15:27.291 INFO   [8917D0\98883F] Restoring an earlier board that has the score of 969,57 (2 unrouted).
2026-08-14 17:15:27.291 INFO   [8917D0\98883F] Auto-router pass #208 on board '828576707586049d842fca4a30265ad7' was completed in 0,11 seconds with the score of 971,19 (1 unrouted), using 20852,72 CPU seconds and 155492 MB memory.
2026-08-14 17:15:28.639 INFO   [8917D0\98883F] Auto-router pass #209 on board '781a70d44720c634cbb11b9dbb446a64' was completed in 1,34 seconds with the score of 968,35 (3 unrouted), using 21054,12 CPU seconds and 156258 MB memory.
2026-08-14 17:15:30.013 INFO   [8917D0\98883F] Auto-router pass #210 on board '5fd08ea67be99deb724be4a7d2ee6856' was completed in 1,35 seconds with the score of 965,62 (4 unrouted), using 21256,50 CPU seconds and 157071 MB memory.
2026-08-14 17:15:31.336 INFO   [8917D0\98883F] Auto-router pass #211 on board '224a9e49b23199435f22c403da0ef400' was completed in 1,30 seconds with the score of 967,46 (3 unrouted), using 21664,14 CPU seconds and 158634 MB memory.
2026-08-14 17:15:33.447 INFO   [8917D0\98883F] Restoring an earlier board that has the score of 969,57 (2 unrouted).
2026-08-14 17:15:33.447 INFO   [8917D0\98883F] Auto-router pass #212 on board 'e30f5e923311e9cca8dfe33c6a9c7c4e' was completed in 2,09 seconds with the score of 964,39 (5 unrouted), using 22075,69 CPU seconds and 160252 MB memory.
2026-08-14 17:15:34.842 INFO   [8917D0\98883F] Auto-router pass #213 on board '781a70d44720c634cbb11b9dbb446a64' was completed in 1,39 seconds with the score of 968,35 (3 unrouted), using 22282,91 CPU seconds and 161035 MB memory.
2026-08-14 17:15:36.550 INFO   [8917D0\98883F] Auto-router pass #214 on board '5fd08ea67be99deb724be4a7d2ee6856' was completed in 1,70 seconds with the score of 967,74 (3 unrouted), using 22700,24 CPU seconds and 162614 MB memory.
2026-08-14 17:15:37.187 INFO   [8917D0\98883F] Auto-router pass #215 on board 'c2ee9aaa0c84dd5672015124e5d41175' was completed in 0,61 seconds with the score of 965,97 (4 unrouted), using 22700,24 CPU seconds and 162614 MB memory.
2026-08-14 17:15:39.440 INFO   [8917D0\98883F] Restoring an earlier board that has the score of 969,49 (2 unrouted).
2026-08-14 17:15:39.440 INFO   [8917D0\98883F] Auto-router pass #216 on board '64b314993af7de39207e2da19bf0b040' was completed in 2,23 seconds with the score of 963,61 (6 unrouted), using 23333,53 CPU seconds and 165023 MB memory.
2026-08-14 17:15:39.829 INFO   [8917D0\98883F] Auto-router pass #217 on board 'e62e274c101bc8f2af1ca60a1e3b118a' was completed in 0,38 seconds with the score of 969,57 (2 unrouted), using 23333,53 CPU seconds and 165023 MB memory.
2026-08-14 17:15:41.334 INFO   [8917D0\98883F] Auto-router pass #218 on board '2a9f03faaa90dabaa08855161802f45a' was completed in 1,47 seconds with the score of 968,35 (3 unrouted), using 23760,56 CPU seconds and 166519 MB memory.
2026-08-14 17:15:43.671 INFO   [8917D0\98883F] Auto-router pass #219 on board 'df14285ca81bedece53d7ff093237f51' was completed in 2,31 seconds with the score of 963,71 (5 unrouted), using 24191,46 CPU seconds and 168014 MB memory.
2026-08-14 17:15:48.667 INFO   [8917D0\98883F] Restoring an earlier board that has the score of 969,57 (2 unrouted).
2026-08-14 17:15:48.667 INFO   [8917D0\98883F] Auto-router pass #220 on board 'a55d1b4883ac4f7cc9d6770f6d4b208e' was completed in 4,97 seconds with the score of 963,97 (5 unrouted), using 25285,64 CPU seconds and 172056 MB memory.
2026-08-14 17:15:50.051 INFO   [8917D0\98883F] Auto-router pass #221 on board '2a9f03faaa90dabaa08855161802f45a' was completed in 1,38 seconds with the score of 968,35 (3 unrouted), using 25507,39 CPU seconds and 172856 MB memory.
2026-08-14 17:15:51.987 INFO   [8917D0\98883F] Auto-router pass #222 on board 'ed4d3db1cc9045027142ddcdbf717e60' was completed in 1,91 seconds with the score of 966,49 (4 unrouted), using 25953,78 CPU seconds and 174407 MB memory.
2026-08-14 17:15:53.041 INFO   [8917D0\98883F] Auto-router pass #223 on board 'f5b39ba9b6f0de5990b0a399cd970306' was completed in 1,03 seconds with the score of 969,31 (2 unrouted), using 26178,42 CPU seconds and 175171 MB memory.
2026-08-14 17:15:53.275 INFO   [8917D0\98883F] Restoring an earlier board that has the score of 969,57 (2 unrouted).
2026-08-14 17:15:53.275 INFO   [8917D0\98883F] Auto-router pass #224 on board 'ad81be0861c322615a5e7aec9aac85ee' was completed in 0,21 seconds with the score of 969,31 (2 unrouted), using 26404,04 CPU seconds and 175940 MB memory.
2026-08-14 17:15:53.513 INFO   [8917D0\98883F] Auto-router pass #225 on board '2a9f03faaa90dabaa08855161802f45a' was completed in 0,23 seconds with the score of 971,19 (1 unrouted), using 26404,04 CPU seconds and 175940 MB memory.
2026-08-14 17:15:53.629 INFO   [8917D0\98883F] Auto-router pass #226 on board '3d01b26b6a8045a9f190d2ec9ed68649' was completed in 0,09 seconds with the score of 971,19 (1 unrouted), using 26404,04 CPU seconds and 175940 MB memory.
2026-08-14 17:15:53.723 INFO   [8917D0\98883F] Auto-router pass #227 on board '3d01b26b6a8045a9f190d2ec9ed68649' was completed in 0,09 seconds with the score of 971,19 (1 unrouted), using 26404,04 CPU seconds and 175940 MB memory.
2026-08-14 17:15:53.842 INFO   [8917D0\98883F] Restoring an earlier board that has the score of 971,19 (1 unrouted).
2026-08-14 17:15:53.842 INFO   [8917D0\98883F] Auto-router pass #228 on board '3d01b26b6a8045a9f190d2ec9ed68649' was completed in 0,11 seconds with the score of 971,19 (1 unrouted), using 26404,04 CPU seconds and 175940 MB memory.
2026-08-14 17:15:53.949 INFO   [8917D0\98883F] Auto-router pass #229 on board '3d01b26b6a8045a9f190d2ec9ed68649' was completed in 0,10 seconds with the score of 971,19 (1 unrouted), using 26404,04 CPU seconds and 175940 MB memory.
2026-08-14 17:15:54.042 INFO   [8917D0\98883F] Auto-router pass #230 on board '3d01b26b6a8045a9f190d2ec9ed68649' was completed in 0,09 seconds with the score of 971,19 (1 unrouted), using 26404,04 CPU seconds and 175940 MB memory.
2026-08-14 17:15:54.140 INFO   [8917D0\98883F] Auto-router pass #231 on board '3d01b26b6a8045a9f190d2ec9ed68649' was completed in 0,09 seconds with the score of 971,19 (1 unrouted), using 26404,04 CPU seconds and 175940 MB memory.
2026-08-14 17:15:54.254 INFO   [8917D0\98883F] Restoring an earlier board that has the score of 971,19 (1 unrouted).
2026-08-14 17:15:54.254 INFO   [8917D0\98883F] Auto-router pass #232 on board '3d01b26b6a8045a9f190d2ec9ed68649' was completed in 0,10 seconds with the score of 971,19 (1 unrouted), using 26630,64 CPU seconds and 176655 MB memory.
2026-08-14 17:15:54.361 INFO   [8917D0\98883F] Auto-router pass #233 on board '3d01b26b6a8045a9f190d2ec9ed68649' was completed in 0,10 seconds with the score of 971,19 (1 unrouted), using 26630,64 CPU seconds and 176655 MB memory.
2026-08-14 17:15:54.455 INFO   [8917D0\98883F] Auto-router pass #234 on board '3d01b26b6a8045a9f190d2ec9ed68649' was completed in 0,09 seconds with the score of 971,19 (1 unrouted), using 26630,64 CPU seconds and 176655 MB memory.
2026-08-14 17:15:54.553 INFO   [8917D0\98883F] Auto-router pass #235 on board '3d01b26b6a8045a9f190d2ec9ed68649' was completed in 0,09 seconds with the score of 971,19 (1 unrouted), using 26630,64 CPU seconds and 176655 MB memory.
2026-08-14 17:15:54.667 INFO   [8917D0\98883F] Restoring an earlier board that has the score of 971,19 (1 unrouted).
2026-08-14 17:15:54.668 INFO   [8917D0\98883F] Auto-router pass #236 on board '3d01b26b6a8045a9f190d2ec9ed68649' was completed in 0,11 seconds with the score of 971,19 (1 unrouted), using 26630,64 CPU seconds and 176655 MB memory.
2026-08-14 17:15:54.770 INFO   [8917D0\98883F] Auto-router pass #237 on board '3d01b26b6a8045a9f190d2ec9ed68649' was completed in 0,09 seconds with the score of 971,19 (1 unrouted), using 26630,64 CPU seconds and 176655 MB memory.
2026-08-14 17:15:54.867 INFO   [8917D0\98883F] Auto-router pass #238 on board '3d01b26b6a8045a9f190d2ec9ed68649' was completed in 0,09 seconds with the score of 971,19 (1 unrouted), using 26630,64 CPU seconds and 176655 MB memory.
2026-08-14 17:15:54.961 INFO   [8917D0\98883F] Auto-router pass #239 on board '3d01b26b6a8045a9f190d2ec9ed68649' was completed in 0,09 seconds with the score of 971,19 (1 unrouted), using 26630,64 CPU seconds and 176655 MB memory.
2026-08-14 17:15:55.080 INFO   [8917D0\98883F] Restoring an earlier board that has the score of 971,19 (1 unrouted).
2026-08-14 17:15:55.080 INFO   [8917D0\98883F] Auto-router pass #240 on board '3d01b26b6a8045a9f190d2ec9ed68649' was completed in 0,11 seconds with the score of 971,19 (1 unrouted), using 26630,64 CPU seconds and 176655 MB memory.
2026-08-14 17:15:55.184 INFO   [8917D0\98883F] Auto-router pass #241 on board '3d01b26b6a8045a9f190d2ec9ed68649' was completed in 0,10 seconds with the score of 971,19 (1 unrouted), using 26630,64 CPU seconds and 176655 MB memory.
2026-08-14 17:15:55.285 INFO   [8917D0\98883F] Auto-router pass #242 on board '3d01b26b6a8045a9f190d2ec9ed68649' was completed in 0,09 seconds with the score of 971,19 (1 unrouted), using 26858,21 CPU seconds and 177358 MB memory.
2026-08-14 17:15:55.378 INFO   [8917D0\98883F] Auto-router pass #243 on board '3d01b26b6a8045a9f190d2ec9ed68649' was completed in 0,08 seconds with the score of 971,19 (1 unrouted), using 26858,21 CPU seconds and 177358 MB memory.
2026-08-14 17:15:55.495 INFO   [8917D0\98883F] Restoring an earlier board that has the score of 969,57 (2 unrouted).
2026-08-14 17:15:55.495 INFO   [8917D0\98883F] Auto-router pass #244 on board '3d01b26b6a8045a9f190d2ec9ed68649' was completed in 0,11 seconds with the score of 971,19 (1 unrouted), using 26858,21 CPU seconds and 177358 MB memory.
2026-08-14 17:15:56.867 INFO   [8917D0\98883F] Auto-router pass #245 on board '2a9f03faaa90dabaa08855161802f45a' was completed in 1,36 seconds with the score of 968,35 (3 unrouted), using 27086,75 CPU seconds and 178110 MB memory.
2026-08-14 17:15:57.497 INFO   [8917D0\98883F] Auto-router pass #246 on board '97a4c44502118661858066ab4a6c599c' was completed in 0,60 seconds with the score of 969,12 (2 unrouted), using 27316,26 CPU seconds and 178910 MB memory.
2026-08-14 17:15:57.673 INFO   [8917D0\98883F] Auto-router pass #247 on board '79f61cdd55d91b505e8e4ba9b65ead17' was completed in 0,15 seconds with the score of 969,12 (2 unrouted), using 27316,26 CPU seconds and 178910 MB memory.
2026-08-14 17:15:57.896 INFO   [8917D0\98883F] Restoring an earlier board that has the score of 969,57 (2 unrouted).
2026-08-14 17:15:57.896 INFO   [8917D0\98883F] Auto-router pass #248 on board '74e6fecfa85161d447ab569818ff0de6' was completed in 0,20 seconds with the score of 969,13 (2 unrouted), using 27316,26 CPU seconds and 178910 MB memory.
2026-08-14 17:15:58.135 INFO   [8917D0\98883F] Auto-router pass #249 on board '2a9f03faaa90dabaa08855161802f45a' was completed in 0,23 seconds with the score of 971,19 (1 unrouted), using 27316,26 CPU seconds and 178910 MB memory.
2026-08-14 17:15:58.229 INFO   [8917D0\98883F] Auto-router pass #250 on board '3d01b26b6a8045a9f190d2ec9ed68649' was completed in 0,09 seconds with the score of 971,19 (1 unrouted), using 27546,75 CPU seconds and 179679 MB memory.
2026-08-14 17:15:58.327 INFO   [8917D0\98883F] Auto-router pass #251 on board '3d01b26b6a8045a9f190d2ec9ed68649' was completed in 0,09 seconds with the score of 971,19 (1 unrouted), using 27546,75 CPU seconds and 179679 MB memory.
2026-08-14 17:15:58.443 INFO   [8917D0\98883F] Restoring an earlier board that has the score of 969,49 (2 unrouted).
2026-08-14 17:15:58.443 INFO   [8917D0\98883F] Auto-router pass #252 on board '3d01b26b6a8045a9f190d2ec9ed68649' was completed in 0,11 seconds with the score of 971,19 (1 unrouted), using 27546,75 CPU seconds and 179679 MB memory.
2026-08-14 17:15:59.027 INFO   [8917D0\98883F] Auto-router pass #253 on board 'e62e274c101bc8f2af1ca60a1e3b118a' was completed in 0,57 seconds with the score of 970,96 (1 unrouted), using 27546,75 CPU seconds and 179679 MB memory.
2026-08-14 17:15:59.146 INFO   [8917D0\98883F] Auto-router pass #254 on board '5c70ded7922e1d37d2503cd5f45b756c' was completed in 0,09 seconds with the score of 970,96 (1 unrouted), using 27546,75 CPU seconds and 179679 MB memory.
2026-08-14 17:15:59.250 INFO   [8917D0\98883F] Auto-router pass #255 on board '5c70ded7922e1d37d2503cd5f45b756c' was completed in 0,09 seconds with the score of 970,96 (1 unrouted), using 27778,21 CPU seconds and 180409 MB memory.
2026-08-14 17:15:59.369 INFO   [8917D0\98883F] Restoring an earlier board that has the score of 970,96 (1 unrouted).
2026-08-14 17:15:59.369 INFO   [8917D0\98883F] Auto-router pass #256 on board '5c70ded7922e1d37d2503cd5f45b756c' was completed in 0,11 seconds with the score of 970,96 (1 unrouted), using 27778,21 CPU seconds and 180409 MB memory.
2026-08-14 17:15:59.475 INFO   [8917D0\98883F] Auto-router pass #257 on board '5c70ded7922e1d37d2503cd5f45b756c' was completed in 0,10 seconds with the score of 970,96 (1 unrouted), using 27778,21 CPU seconds and 180409 MB memory.
2026-08-14 17:15:59.568 INFO   [8917D0\98883F] Auto-router pass #258 on board '5c70ded7922e1d37d2503cd5f45b756c' was completed in 0,08 seconds with the score of 970,96 (1 unrouted), using 27778,21 CPU seconds and 180409 MB memory.
2026-08-14 17:15:59.665 INFO   [8917D0\98883F] Auto-router pass #259 on board '5c70ded7922e1d37d2503cd5f45b756c' was completed in 0,09 seconds with the score of 970,96 (1 unrouted), using 27778,21 CPU seconds and 180409 MB memory.
2026-08-14 17:15:59.783 INFO   [8917D0\98883F] Restoring an earlier board that has the score of 970,96 (1 unrouted).
2026-08-14 17:15:59.783 INFO   [8917D0\98883F] Auto-router pass #260 on board '5c70ded7922e1d37d2503cd5f45b756c' was completed in 0,11 seconds with the score of 970,96 (1 unrouted), using 27778,21 CPU seconds and 180409 MB memory.
2026-08-14 17:15:59.905 INFO   [8917D0\98883F] Auto-router pass #261 on board '5c70ded7922e1d37d2503cd5f45b756c' was completed in 0,11 seconds with the score of 970,96 (1 unrouted), using 27778,21 CPU seconds and 180409 MB memory.
2026-08-14 17:16:00.005 INFO   [8917D0\98883F] Auto-router pass #262 on board '5c70ded7922e1d37d2503cd5f45b756c' was completed in 0,09 seconds with the score of 970,96 (1 unrouted), using 27778,21 CPU seconds and 180409 MB memory.
2026-08-14 17:16:00.099 INFO   [8917D0\98883F] Auto-router pass #263 on board '5c70ded7922e1d37d2503cd5f45b756c' was completed in 0,09 seconds with the score of 970,96 (1 unrouted), using 27778,21 CPU seconds and 180409 MB memory.
2026-08-14 17:16:00.215 INFO   [8917D0\98883F] Restoring an earlier board that has the score of 970,96 (1 unrouted).
2026-08-14 17:16:00.216 INFO   [8917D0\98883F] Auto-router pass #264 on board '5c70ded7922e1d37d2503cd5f45b756c' was completed in 0,11 seconds with the score of 970,96 (1 unrouted), using 28010,66 CPU seconds and 181095 MB memory.
2026-08-14 17:16:00.319 INFO   [8917D0\98883F] Auto-router pass #265 on board '5c70ded7922e1d37d2503cd5f45b756c' was completed in 0,09 seconds with the score of 970,96 (1 unrouted), using 28010,66 CPU seconds and 181095 MB memory.
2026-08-14 17:16:00.418 INFO   [8917D0\98883F] Auto-router pass #266 on board '5c70ded7922e1d37d2503cd5f45b756c' was completed in 0,09 seconds with the score of 970,96 (1 unrouted), using 28010,66 CPU seconds and 181095 MB memory.
2026-08-14 17:16:00.511 INFO   [8917D0\98883F] Auto-router pass #267 on board '5c70ded7922e1d37d2503cd5f45b756c' was completed in 0,08 seconds with the score of 970,96 (1 unrouted), using 28010,66 CPU seconds and 181095 MB memory.
2026-08-14 17:16:00.628 INFO   [8917D0\98883F] Restoring an earlier board that has the score of 970,96 (1 unrouted).
2026-08-14 17:16:00.628 INFO   [8917D0\98883F] Auto-router pass #268 on board '5c70ded7922e1d37d2503cd5f45b756c' was completed in 0,10 seconds with the score of 970,96 (1 unrouted), using 28010,66 CPU seconds and 181095 MB memory.
2026-08-14 17:16:00.733 INFO   [8917D0\98883F] Auto-router pass #269 on board '5c70ded7922e1d37d2503cd5f45b756c' was completed in 0,10 seconds with the score of 970,96 (1 unrouted), using 28010,66 CPU seconds and 181095 MB memory.
2026-08-14 17:16:00.826 INFO   [8917D0\98883F] Auto-router pass #270 on board '5c70ded7922e1d37d2503cd5f45b756c' was completed in 0,09 seconds with the score of 970,96 (1 unrouted), using 28010,66 CPU seconds and 181095 MB memory.
2026-08-14 17:16:00.923 INFO   [8917D0\98883F] Auto-router pass #271 on board '5c70ded7922e1d37d2503cd5f45b756c' was completed in 0,09 seconds with the score of 970,96 (1 unrouted), using 28010,66 CPU seconds and 181095 MB memory.
2026-08-14 17:16:01.038 INFO   [8917D0\98883F] Restoring an earlier board that has the score of 969,49 (2 unrouted).
2026-08-14 17:16:01.038 INFO   [8917D0\98883F] Auto-router pass #272 on board '5c70ded7922e1d37d2503cd5f45b756c' was completed in 0,11 seconds with the score of 970,96 (1 unrouted), using 28010,66 CPU seconds and 181095 MB memory.
2026-08-14 17:16:01.416 INFO   [8917D0\98883F] Auto-router pass #273 on board 'e62e274c101bc8f2af1ca60a1e3b118a' was completed in 0,37 seconds with the score of 969,57 (2 unrouted), using 28244,09 CPU seconds and 181801 MB memory.
2026-08-14 17:16:03.087 INFO   [8917D0\98883F] Auto-router pass #274 on board '2a9f03faaa90dabaa08855161802f45a' was completed in 1,66 seconds with the score of 966,56 (4 unrouted), using 28478,49 CPU seconds and 182555 MB memory.
2026-08-14 17:16:03.994 INFO   [8917D0\98883F] Auto-router pass #275 on board 'a13b010b3d8e11b7e200f23e8669397b' was completed in 0,88 seconds with the score of 969,85 (2 unrouted), using 28713,85 CPU seconds and 183304 MB memory.
2026-08-14 17:16:06.414 INFO   [8917D0\98883F] Restoring an earlier board that has the score of 969,85 (2 unrouted).
2026-08-14 17:16:06.415 INFO   [8917D0\98883F] Auto-router pass #276 on board '9fd0e628a6947441bf68bb255c80a901' was completed in 2,40 seconds with the score of 967,89 (3 unrouted), using 29425,75 CPU seconds and 185675 MB memory.
2026-08-14 17:16:07.892 INFO   [8917D0\98883F] Auto-router pass #277 on board '9fd0e628a6947441bf68bb255c80a901' was completed in 1,47 seconds with the score of 966,63 (4 unrouted), using 29664,98 CPU seconds and 186457 MB memory.
2026-08-14 17:16:09.489 INFO   [8917D0\98883F] Auto-router pass #278 on board '8a3cd409b031adc2cafcb3e49dd4688e' was completed in 1,57 seconds with the score of 966,37 (4 unrouted), using 30146,36 CPU seconds and 188006 MB memory.
2026-08-14 17:16:10.155 INFO   [8917D0\98883F] Auto-router pass #279 on board 'd63149dd49f571e6dce8bb6505043904' was completed in 0,64 seconds with the score of 967,67 (3 unrouted), using 30146,36 CPU seconds and 188006 MB memory.
2026-08-14 17:16:13.300 INFO   [8917D0\98883F] Restoring an earlier board that has the score of 969,85 (2 unrouted).
2026-08-14 17:16:13.300 INFO   [8917D0\98883F] Auto-router pass #280 on board '186579a2a214a31eb6faa98eb1331db1' was completed in 3,12 seconds with the score of 969,76 (2 unrouted), using 31120,71 CPU seconds and 191183 MB memory.
2026-08-14 17:16:14.869 INFO   [8917D0\98883F] Auto-router pass #281 on board '9fd0e628a6947441bf68bb255c80a901' was completed in 1,56 seconds with the score of 966,63 (4 unrouted), using 31366,68 CPU seconds and 191940 MB memory.
2026-08-14 17:16:17.078 INFO   [8917D0\98883F] Auto-router pass #282 on board '13ef71351f466abd60203159b13f2430' was completed in 2,19 seconds with the score of 968,25 (3 unrouted), using 31861,51 CPU seconds and 193490 MB memory.
2026-08-14 17:16:18.140 INFO   [8917D0\98883F] Auto-router pass #283 on board 'ee03083da1b6fb6838e7b95643eba795' was completed in 1,04 seconds with the score of 968,32 (3 unrouted), using 32110,37 CPU seconds and 194279 MB memory.
2026-08-14 17:16:22.713 INFO   [8917D0\98883F] Restoring an earlier board that has the score of 969,85 (2 unrouted).
2026-08-14 17:16:22.713 INFO   [8917D0\98883F] Auto-router pass #284 on board '33c5d4cd3d66f5ef06528a484d68bb0e' was completed in 4,55 seconds with the score of 970,19 (2 unrouted), using 33369,19 CPU seconds and 198119 MB memory.
2026-08-14 17:16:23.991 INFO   [8917D0\98883F] Auto-router pass #285 on board '9fd0e628a6947441bf68bb255c80a901' was completed in 1,27 seconds with the score of 966,63 (4 unrouted), using 33623,85 CPU seconds and 198888 MB memory.
2026-08-14 17:16:25.600 INFO   [8917D0\98883F] Auto-router pass #286 on board 'c2be2102591c3f803192811766fb6746' was completed in 1,58 seconds with the score of 968,38 (3 unrouted), using 34136,05 CPU seconds and 200479 MB memory.
2026-08-14 17:16:26.590 INFO   [8917D0\98883F] Auto-router pass #287 on board '44d5f415d4d5235a5e628f506e41ec61' was completed in 0,96 seconds with the score of 968,27 (3 unrouted), using 34393,60 CPU seconds and 201231 MB memory.
2026-08-14 17:16:31.355 INFO   [8917D0\98883F] Restoring an earlier board that has the score of 969,85 (2 unrouted).
2026-08-14 17:16:31.355 INFO   [8917D0\98883F] Auto-router pass #288 on board '0398306c1d247c32b5278dde1a844df7' was completed in 4,74 seconds with the score of 969,66 (2 unrouted), using 35695,80 CPU seconds and 205094 MB memory.
2026-08-14 17:16:32.629 INFO   [8917D0\98883F] Auto-router pass #289 on board '9fd0e628a6947441bf68bb255c80a901' was completed in 1,26 seconds with the score of 966,63 (4 unrouted), using 35959,13 CPU seconds and 205840 MB memory.
2026-08-14 17:16:35.090 INFO   [8917D0\98883F] Auto-router pass #290 on board 'e869c74047b6a2f45665d52c81824b31' was completed in 2,44 seconds with the score of 968,59 (3 unrouted), using 36488,70 CPU seconds and 207385 MB memory.
2026-08-14 17:16:37.010 INFO   [8917D0\98883F] Auto-router pass #291 on board 'f5a229f723227f05db81091f36d8667d' was completed in 1,90 seconds with the score of 965,12 (5 unrouted), using 37022,14 CPU seconds and 208993 MB memory.
2026-08-14 17:16:40.214 INFO   [8917D0\98883F] Restoring an earlier board that has the score of 969,49 (2 unrouted).
2026-08-14 17:16:40.214 INFO   [8917D0\98883F] Auto-router pass #292 on board 'eecbab3899c28b530e68a490fcbe7067' was completed in 3,18 seconds with the score of 970,03 (2 unrouted), using 37829,59 CPU seconds and 211444 MB memory.
2026-08-14 17:16:40.594 INFO   [8917D0\98883F] Auto-router pass #293 on board '913379f0f835d757fa1ffa961fd646db' was completed in 0,37 seconds with the score of 969,57 (2 unrouted), using 38100,69 CPU seconds and 212243 MB memory.
2026-08-14 17:16:40.871 INFO   [8917D0\98883F] Auto-router pass #294 on board 'b8064978afe97e6c9af7ea8ac71d14c4' was completed in 0,25 seconds with the score of 971,19 (1 unrouted), using 38100,69 CPU seconds and 212243 MB memory.
2026-08-14 17:16:40.987 INFO   [8917D0\98883F] Auto-router pass #295 on board '020d3ccf9183b2fd1effbc85bce00b20' was completed in 0,09 seconds with the score of 971,19 (1 unrouted), using 38100,69 CPU seconds and 212243 MB memory.
2026-08-14 17:16:41.113 INFO   [8917D0\98883F] Restoring an earlier board that has the score of 971,19 (1 unrouted).
2026-08-14 17:16:41.113 INFO   [8917D0\98883F] Auto-router pass #296 on board '020d3ccf9183b2fd1effbc85bce00b20' was completed in 0,12 seconds with the score of 971,19 (1 unrouted), using 38100,69 CPU seconds and 212243 MB memory.
2026-08-14 17:16:41.221 INFO   [8917D0\98883F] Auto-router pass #297 on board '020d3ccf9183b2fd1effbc85bce00b20' was completed in 0,10 seconds with the score of 971,19 (1 unrouted), using 38100,69 CPU seconds and 212243 MB memory.
2026-08-14 17:16:41.317 INFO   [8917D0\98883F] Auto-router pass #298 on board '020d3ccf9183b2fd1effbc85bce00b20' was completed in 0,09 seconds with the score of 971,19 (1 unrouted), using 38372,75 CPU seconds and 212951 MB memory.
2026-08-14 17:16:41.417 INFO   [8917D0\98883F] Auto-router pass #299 on board '020d3ccf9183b2fd1effbc85bce00b20' was completed in 0,09 seconds with the score of 971,19 (1 unrouted), using 38372,75 CPU seconds and 212951 MB memory.
2026-08-14 17:16:41.532 INFO   [8917D0\98883F] Restoring an earlier board that has the score of 971,19 (1 unrouted).
2026-08-14 17:16:41.532 INFO   [8917D0\98883F] Auto-router pass #300 on board '020d3ccf9183b2fd1effbc85bce00b20' was completed in 0,11 seconds with the score of 971,19 (1 unrouted), using 38372,75 CPU seconds and 212951 MB memory.
2026-08-14 17:16:41.635 INFO   [8917D0\98883F] Auto-router pass #301 on board '020d3ccf9183b2fd1effbc85bce00b20' was completed in 0,09 seconds with the score of 971,19 (1 unrouted), using 38372,75 CPU seconds and 212951 MB memory.
2026-08-14 17:16:41.730 INFO   [8917D0\98883F] Auto-router pass #302 on board '020d3ccf9183b2fd1effbc85bce00b20' was completed in 0,09 seconds with the score of 971,19 (1 unrouted), using 38372,75 CPU seconds and 212951 MB memory.
2026-08-14 17:16:41.830 INFO   [8917D0\98883F] Auto-router pass #303 on board '020d3ccf9183b2fd1effbc85bce00b20' was completed in 0,09 seconds with the score of 971,19 (1 unrouted), using 38372,75 CPU seconds and 212951 MB memory.
2026-08-14 17:16:41.950 INFO   [8917D0\98883F] Restoring an earlier board that has the score of 971,19 (1 unrouted).
2026-08-14 17:16:41.950 INFO   [8917D0\98883F] Auto-router pass #304 on board '020d3ccf9183b2fd1effbc85bce00b20' was completed in 0,11 seconds with the score of 971,19 (1 unrouted), using 38372,75 CPU seconds and 212951 MB memory.
2026-08-14 17:16:42.054 INFO   [8917D0\98883F] Auto-router pass #305 on board '020d3ccf9183b2fd1effbc85bce00b20' was completed in 0,09 seconds with the score of 971,19 (1 unrouted), using 38372,75 CPU seconds and 212951 MB memory.
2026-08-14 17:16:42.170 INFO   [8917D0\98883F] Auto-router pass #306 on board '020d3ccf9183b2fd1effbc85bce00b20' was completed in 0,11 seconds with the score of 971,19 (1 unrouted), using 38372,75 CPU seconds and 212951 MB memory.
2026-08-14 17:16:42.266 INFO   [8917D0\98883F] Auto-router pass #307 on board '020d3ccf9183b2fd1effbc85bce00b20' was completed in 0,09 seconds with the score of 971,19 (1 unrouted), using 38645,80 CPU seconds and 213639 MB memory.
2026-08-14 17:16:42.385 INFO   [8917D0\98883F] Restoring an earlier board that has the score of 971,19 (1 unrouted).
2026-08-14 17:16:42.385 INFO   [8917D0\98883F] Auto-router pass #308 on board '020d3ccf9183b2fd1effbc85bce00b20' was completed in 0,11 seconds with the score of 971,19 (1 unrouted), using 38645,80 CPU seconds and 213639 MB memory.
2026-08-14 17:16:42.495 INFO   [8917D0\98883F] Auto-router pass #309 on board '020d3ccf9183b2fd1effbc85bce00b20' was completed in 0,10 seconds with the score of 971,19 (1 unrouted), using 38645,80 CPU seconds and 213639 MB memory.
2026-08-14 17:16:42.590 INFO   [8917D0\98883F] Auto-router pass #310 on board '020d3ccf9183b2fd1effbc85bce00b20' was completed in 0,09 seconds with the score of 971,19 (1 unrouted), using 38645,80 CPU seconds and 213639 MB memory.
2026-08-14 17:16:42.688 INFO   [8917D0\98883F] Auto-router pass #311 on board '020d3ccf9183b2fd1effbc85bce00b20' was completed in 0,09 seconds with the score of 971,19 (1 unrouted), using 38645,80 CPU seconds and 213639 MB memory.
2026-08-14 17:16:42.803 INFO   [8917D0\98883F] Restoring an earlier board that has the score of 969,57 (2 unrouted).
2026-08-14 17:16:42.803 INFO   [8917D0\98883F] Auto-router pass #312 on board '020d3ccf9183b2fd1effbc85bce00b20' was completed in 0,11 seconds with the score of 971,19 (1 unrouted), using 38645,80 CPU seconds and 213639 MB memory.
2026-08-14 17:16:44.152 INFO   [8917D0\98883F] Auto-router pass #313 on board 'b8064978afe97e6c9af7ea8ac71d14c4' was completed in 1,34 seconds with the score of 968,34 (3 unrouted), using 38919,81 CPU seconds and 214376 MB memory.
2026-08-14 17:16:45.519 INFO   [8917D0\98883F] Auto-router pass #314 on board '534fd206a1ca88e478e7451300f8a408' was completed in 1,34 seconds with the score of 965,63 (4 unrouted), using 39470,72 CPU seconds and 215963 MB memory.
2026-08-14 17:16:48.038 INFO   [8917D0\98883F] Auto-router pass #315 on board '583ab604b563e0d6a5ef163655021172' was completed in 2,49 seconds with the score of 965,62 (4 unrouted), using 40025,49 CPU seconds and 217487 MB memory.
2026-08-14 17:16:51.562 INFO   [8917D0\98883F] Restoring an earlier board that has the score of 969,57 (2 unrouted).
2026-08-14 17:16:51.562 INFO   [8917D0\98883F] Auto-router pass #316 on board '18dd276cac1d5d75c45aeb0489b9cc65' was completed in 3,50 seconds with the score of 965,47 (4 unrouted), using 41146,72 CPU seconds and 220629 MB memory.
2026-08-14 17:16:52.926 INFO   [8917D0\98883F] Auto-router pass #317 on board 'b8064978afe97e6c9af7ea8ac71d14c4' was completed in 1,35 seconds with the score of 968,34 (3 unrouted), using 41429,44 CPU seconds and 221401 MB memory.
2026-08-14 17:16:55.828 INFO   [8917D0\98883F] Auto-router pass #318 on board '792e3c196ea2da16cdf10ff7d4de5450' was completed in 2,87 seconds with the score of 967,74 (3 unrouted), using 41997,77 CPU seconds and 222979 MB memory.
2026-08-14 17:16:56.468 INFO   [8917D0\98883F] Auto-router pass #319 on board 'a4c3d9c5925add5c22ad8eb06bccb597' was completed in 0,62 seconds with the score of 967,79 (3 unrouted), using 42283,39 CPU seconds and 223705 MB memory.
2026-08-14 17:16:58.475 INFO   [8917D0\98883F] Restoring an earlier board that has the score of 969,57 (2 unrouted).
2026-08-14 17:16:58.476 INFO   [8917D0\98883F] Auto-router pass #320 on board '2190966716eb627e7a094a92ba9498c2' was completed in 1,98 seconds with the score of 963,61 (6 unrouted), using 42857,55 CPU seconds and 225347 MB memory.
2026-08-14 17:16:58.724 INFO   [8917D0\98883F] Auto-router pass #321 on board 'b8064978afe97e6c9af7ea8ac71d14c4' was completed in 0,24 seconds with the score of 971,19 (1 unrouted), using 42857,55 CPU seconds and 225347 MB memory.
2026-08-14 17:16:58.840 INFO   [8917D0\98883F] Auto-router pass #322 on board '0b7b394fc8a9e69d007b5aad974fc8a7' was completed in 0,09 seconds with the score of 971,19 (1 unrouted), using 42857,55 CPU seconds and 225347 MB memory.
2026-08-14 17:16:58.934 INFO   [8917D0\98883F] Auto-router pass #323 on board '0b7b394fc8a9e69d007b5aad974fc8a7' was completed in 0,09 seconds with the score of 971,19 (1 unrouted), using 42857,55 CPU seconds and 225347 MB memory.
2026-08-14 17:16:59.053 INFO   [8917D0\98883F] Restoring an earlier board that has the score of 971,19 (1 unrouted).
2026-08-14 17:16:59.054 INFO   [8917D0\98883F] Auto-router pass #324 on board '0b7b394fc8a9e69d007b5aad974fc8a7' was completed in 0,11 seconds with the score of 971,19 (1 unrouted), using 42857,55 CPU seconds and 225347 MB memory.
2026-08-14 17:16:59.157 INFO   [8917D0\98883F] Auto-router pass #325 on board '0b7b394fc8a9e69d007b5aad974fc8a7' was completed in 0,09 seconds with the score of 971,19 (1 unrouted), using 42857,55 CPU seconds and 225347 MB memory.
2026-08-14 17:16:59.259 INFO   [8917D0\98883F] Auto-router pass #326 on board '0b7b394fc8a9e69d007b5aad974fc8a7' was completed in 0,09 seconds with the score of 971,19 (1 unrouted), using 43146,09 CPU seconds and 226081 MB memory.
2026-08-14 17:16:59.353 INFO   [8917D0\98883F] Auto-router pass #327 on board '0b7b394fc8a9e69d007b5aad974fc8a7' was completed in 0,09 seconds with the score of 971,19 (1 unrouted), using 43146,09 CPU seconds and 226081 MB memory.
2026-08-14 17:16:59.474 INFO   [8917D0\98883F] Restoring an earlier board that has the score of 971,19 (1 unrouted).
2026-08-14 17:16:59.474 INFO   [8917D0\98883F] Auto-router pass #328 on board '0b7b394fc8a9e69d007b5aad974fc8a7' was completed in 0,11 seconds with the score of 971,19 (1 unrouted), using 43146,09 CPU seconds and 226081 MB memory.
2026-08-14 17:16:59.581 INFO   [8917D0\98883F] Auto-router pass #329 on board '0b7b394fc8a9e69d007b5aad974fc8a7' was completed in 0,10 seconds with the score of 971,19 (1 unrouted), using 43146,09 CPU seconds and 226081 MB memory.
2026-08-14 17:16:59.675 INFO   [8917D0\98883F] Auto-router pass #330 on board '0b7b394fc8a9e69d007b5aad974fc8a7' was completed in 0,09 seconds with the score of 971,19 (1 unrouted), using 43146,09 CPU seconds and 226081 MB memory.
2026-08-14 17:16:59.774 INFO   [8917D0\98883F] Auto-router pass #331 on board '0b7b394fc8a9e69d007b5aad974fc8a7' was completed in 0,09 seconds with the score of 971,19 (1 unrouted), using 43146,09 CPU seconds and 226081 MB memory.
2026-08-14 17:16:59.890 INFO   [8917D0\98883F] Restoring an earlier board that has the score of 971,19 (1 unrouted).
2026-08-14 17:16:59.890 INFO   [8917D0\98883F] Auto-router pass #332 on board '0b7b394fc8a9e69d007b5aad974fc8a7' was completed in 0,11 seconds with the score of 971,19 (1 unrouted), using 43146,09 CPU seconds and 226081 MB memory.
2026-08-14 17:16:59.994 INFO   [8917D0\98883F] Auto-router pass #333 on board '0b7b394fc8a9e69d007b5aad974fc8a7' was completed in 0,09 seconds with the score of 971,19 (1 unrouted), using 43146,09 CPU seconds and 226081 MB memory.
2026-08-14 17:17:00.093 INFO   [8917D0\98883F] Auto-router pass #334 on board '0b7b394fc8a9e69d007b5aad974fc8a7' was completed in 0,09 seconds with the score of 971,19 (1 unrouted), using 43146,09 CPU seconds and 226081 MB memory.
2026-08-14 17:17:00.187 INFO   [8917D0\98883F] Auto-router pass #335 on board '0b7b394fc8a9e69d007b5aad974fc8a7' was completed in 0,09 seconds with the score of 971,19 (1 unrouted), using 43146,09 CPU seconds and 226081 MB memory.
2026-08-14 17:17:00.307 INFO   [8917D0\98883F] Restoring an earlier board that has the score of 971,19 (1 unrouted).
2026-08-14 17:17:00.307 INFO   [8917D0\98883F] Auto-router pass #336 on board '0b7b394fc8a9e69d007b5aad974fc8a7' was completed in 0,11 seconds with the score of 971,19 (1 unrouted), using 43435,59 CPU seconds and 226782 MB memory.
2026-08-14 17:17:00.412 INFO   [8917D0\98883F] Auto-router pass #337 on board '0b7b394fc8a9e69d007b5aad974fc8a7' was completed in 0,10 seconds with the score of 971,19 (1 unrouted), using 43435,59 CPU seconds and 226782 MB memory.
2026-08-14 17:17:00.514 INFO   [8917D0\98883F] Auto-router pass #338 on board '0b7b394fc8a9e69d007b5aad974fc8a7' was completed in 0,09 seconds with the score of 971,19 (1 unrouted), using 43435,59 CPU seconds and 226782 MB memory.
2026-08-14 17:17:00.608 INFO   [8917D0\98883F] Auto-router pass #339 on board '0b7b394fc8a9e69d007b5aad974fc8a7' was completed in 0,09 seconds with the score of 971,19 (1 unrouted), using 43435,59 CPU seconds and 226782 MB memory.
2026-08-14 17:17:00.727 INFO   [8917D0\98883F] Restoring an earlier board that has the score of 969,57 (2 unrouted).
2026-08-14 17:17:00.727 INFO   [8917D0\98883F] Auto-router pass #340 on board '0b7b394fc8a9e69d007b5aad974fc8a7' was completed in 0,11 seconds with the score of 971,19 (1 unrouted), using 43435,59 CPU seconds and 226782 MB memory.
2026-08-14 17:17:00.983 INFO   [8917D0\98883F] Auto-router pass #341 on board 'b8064978afe97e6c9af7ea8ac71d14c4' was completed in 0,25 seconds with the score of 971,19 (1 unrouted), using 43435,59 CPU seconds and 226782 MB memory.
2026-08-14 17:17:01.099 INFO   [8917D0\98883F] Auto-router pass #342 on board 'a5d61f0bca34ebb721c45a6997877596' was completed in 0,09 seconds with the score of 971,19 (1 unrouted), using 43435,59 CPU seconds and 226782 MB memory.
2026-08-14 17:17:01.193 INFO   [8917D0\98883F] Auto-router pass #343 on board 'a5d61f0bca34ebb721c45a6997877596' was completed in 0,09 seconds with the score of 971,19 (1 unrouted), using 43435,59 CPU seconds and 226782 MB memory.
2026-08-14 17:17:01.313 INFO   [8917D0\98883F] Restoring an earlier board that has the score of 971,19 (1 unrouted).
2026-08-14 17:17:01.313 INFO   [8917D0\98883F] Auto-router pass #344 on board 'a5d61f0bca34ebb721c45a6997877596' was completed in 0,11 seconds with the score of 971,19 (1 unrouted), using 43726,07 CPU seconds and 227477 MB memory.
2026-08-14 17:17:01.419 INFO   [8917D0\98883F] Auto-router pass #345 on board 'a5d61f0bca34ebb721c45a6997877596' was completed in 0,10 seconds with the score of 971,19 (1 unrouted), using 43726,07 CPU seconds and 227477 MB memory.
2026-08-14 17:17:01.514 INFO   [8917D0\98883F] Auto-router pass #346 on board 'a5d61f0bca34ebb721c45a6997877596' was completed in 0,09 seconds with the score of 971,19 (1 unrouted), using 43726,07 CPU seconds and 227477 MB memory.
2026-08-14 17:17:01.612 INFO   [8917D0\98883F] Auto-router pass #347 on board 'a5d61f0bca34ebb721c45a6997877596' was completed in 0,09 seconds with the score of 971,19 (1 unrouted), using 43726,07 CPU seconds and 227477 MB memory.
2026-08-14 17:17:01.727 INFO   [8917D0\98883F] Restoring an earlier board that has the score of 971,19 (1 unrouted).
2026-08-14 17:17:01.727 INFO   [8917D0\98883F] Auto-router pass #348 on board 'a5d61f0bca34ebb721c45a6997877596' was completed in 0,11 seconds with the score of 971,19 (1 unrouted), using 43726,07 CPU seconds and 227477 MB memory.
2026-08-14 17:17:01.830 INFO   [8917D0\98883F] Auto-router pass #349 on board 'a5d61f0bca34ebb721c45a6997877596' was completed in 0,09 seconds with the score of 971,19 (1 unrouted), using 43726,07 CPU seconds and 227477 MB memory.
2026-08-14 17:17:01.924 INFO   [8917D0\98883F] Auto-router pass #350 on board 'a5d61f0bca34ebb721c45a6997877596' was completed in 0,09 seconds with the score of 971,19 (1 unrouted), using 43726,07 CPU seconds and 227477 MB memory.
2026-08-14 17:17:02.023 INFO   [8917D0\98883F] Auto-router pass #351 on board 'a5d61f0bca34ebb721c45a6997877596' was completed in 0,09 seconds with the score of 971,19 (1 unrouted), using 43726,07 CPU seconds and 227477 MB memory.
2026-08-14 17:17:02.141 INFO   [8917D0\98883F] Restoring an earlier board that has the score of 971,19 (1 unrouted).
2026-08-14 17:17:02.141 INFO   [8917D0\98883F] Auto-router pass #352 on board 'a5d61f0bca34ebb721c45a6997877596' was completed in 0,11 seconds with the score of 971,19 (1 unrouted), using 43726,07 CPU seconds and 227477 MB memory.
2026-08-14 17:17:02.246 INFO   [8917D0\98883F] Auto-router pass #353 on board 'a5d61f0bca34ebb721c45a6997877596' was completed in 0,10 seconds with the score of 971,19 (1 unrouted), using 44017,53 CPU seconds and 228184 MB memory.
2026-08-14 17:17:02.351 INFO   [8917D0\98883F] Auto-router pass #354 on board 'a5d61f0bca34ebb721c45a6997877596' was completed in 0,10 seconds with the score of 971,19 (1 unrouted), using 44017,53 CPU seconds and 228184 MB memory.
2026-08-14 17:17:02.445 INFO   [8917D0\98883F] Auto-router pass #355 on board 'a5d61f0bca34ebb721c45a6997877596' was completed in 0,09 seconds with the score of 971,19 (1 unrouted), using 44017,53 CPU seconds and 228184 MB memory.
2026-08-14 17:17:02.564 INFO   [8917D0\98883F] Restoring an earlier board that has the score of 971,19 (1 unrouted).
2026-08-14 17:17:02.564 INFO   [8917D0\98883F] Auto-router pass #356 on board 'a5d61f0bca34ebb721c45a6997877596' was completed in 0,11 seconds with the score of 971,19 (1 unrouted), using 44017,53 CPU seconds and 228184 MB memory.
2026-08-14 17:17:02.671 INFO   [8917D0\98883F] Auto-router pass #357 on board 'a5d61f0bca34ebb721c45a6997877596' was completed in 0,10 seconds with the score of 971,19 (1 unrouted), using 44017,53 CPU seconds and 228184 MB memory.
2026-08-14 17:17:02.765 INFO   [8917D0\98883F] Auto-router pass #358 on board 'a5d61f0bca34ebb721c45a6997877596' was completed in 0,09 seconds with the score of 971,19 (1 unrouted), using 44017,53 CPU seconds and 228184 MB memory.
2026-08-14 17:17:02.864 INFO   [8917D0\98883F] Auto-router pass #359 on board 'a5d61f0bca34ebb721c45a6997877596' was completed in 0,09 seconds with the score of 971,19 (1 unrouted), using 44017,53 CPU seconds and 228184 MB memory.
2026-08-14 17:17:02.981 INFO   [8917D0\98883F] Restoring an earlier board that has the score of 969,49 (2 unrouted).
2026-08-14 17:17:02.981 INFO   [8917D0\98883F] Auto-router pass #360 on board 'a5d61f0bca34ebb721c45a6997877596' was completed in 0,11 seconds with the score of 971,19 (1 unrouted), using 44017,53 CPU seconds and 228184 MB memory.
2026-08-14 17:17:03.520 INFO   [8917D0\98883F] Auto-router pass #361 on board '913379f0f835d757fa1ffa961fd646db' was completed in 0,53 seconds with the score of 970,96 (1 unrouted), using 44309,97 CPU seconds and 228894 MB memory.
2026-08-14 17:17:03.641 INFO   [8917D0\98883F] Auto-router pass #362 on board '6b4207575fd95aaa9498fc0f189e6d04' was completed in 0,10 seconds with the score of 970,96 (1 unrouted), using 44309,97 CPU seconds and 228894 MB memory.
2026-08-14 17:17:03.741 INFO   [8917D0\98883F] Auto-router pass #363 on board '6b4207575fd95aaa9498fc0f189e6d04' was completed in 0,09 seconds with the score of 970,96 (1 unrouted), using 44309,97 CPU seconds and 228894 MB memory.
2026-08-14 17:17:03.865 INFO   [8917D0\98883F] Restoring an earlier board that has the score of 970,96 (1 unrouted).
2026-08-14 17:17:03.866 INFO   [8917D0\98883F] Auto-router pass #364 on board '6b4207575fd95aaa9498fc0f189e6d04' was completed in 0,11 seconds with the score of 970,96 (1 unrouted), using 44309,97 CPU seconds and 228894 MB memory.
2026-08-14 17:17:03.971 INFO   [8917D0\98883F] Auto-router pass #365 on board '6b4207575fd95aaa9498fc0f189e6d04' was completed in 0,10 seconds with the score of 970,96 (1 unrouted), using 44309,97 CPU seconds and 228894 MB memory.
2026-08-14 17:17:04.064 INFO   [8917D0\98883F] Auto-router pass #366 on board '6b4207575fd95aaa9498fc0f189e6d04' was completed in 0,08 seconds with the score of 970,96 (1 unrouted), using 44309,97 CPU seconds and 228894 MB memory.
2026-08-14 17:17:04.161 INFO   [8917D0\98883F] Auto-router pass #367 on board '6b4207575fd95aaa9498fc0f189e6d04' was completed in 0,09 seconds with the score of 970,96 (1 unrouted), using 44309,97 CPU seconds and 228894 MB memory.
2026-08-14 17:17:04.274 INFO   [8917D0\98883F] Restoring an earlier board that has the score of 970,96 (1 unrouted).
2026-08-14 17:17:04.274 INFO   [8917D0\98883F] Auto-router pass #368 on board '6b4207575fd95aaa9498fc0f189e6d04' was completed in 0,10 seconds with the score of 970,96 (1 unrouted), using 44603,39 CPU seconds and 229615 MB memory.
2026-08-14 17:17:04.375 INFO   [8917D0\98883F] Auto-router pass #369 on board '6b4207575fd95aaa9498fc0f189e6d04' was completed in 0,09 seconds with the score of 970,96 (1 unrouted), using 44603,39 CPU seconds and 229615 MB memory.
2026-08-14 17:17:04.467 INFO   [8917D0\98883F] Auto-router pass #370 on board '6b4207575fd95aaa9498fc0f189e6d04' was completed in 0,08 seconds with the score of 970,96 (1 unrouted), using 44603,39 CPU seconds and 229615 MB memory.
2026-08-14 17:17:04.563 INFO   [8917D0\98883F] Auto-router pass #371 on board '6b4207575fd95aaa9498fc0f189e6d04' was completed in 0,08 seconds with the score of 970,96 (1 unrouted), using 44603,39 CPU seconds and 229615 MB memory.
2026-08-14 17:17:04.681 INFO   [8917D0\98883F] Restoring an earlier board that has the score of 970,96 (1 unrouted).
2026-08-14 17:17:04.681 INFO   [8917D0\98883F] Auto-router pass #372 on board '6b4207575fd95aaa9498fc0f189e6d04' was completed in 0,11 seconds with the score of 970,96 (1 unrouted), using 44603,39 CPU seconds and 229615 MB memory.
2026-08-14 17:17:04.784 INFO   [8917D0\98883F] Auto-router pass #373 on board '6b4207575fd95aaa9498fc0f189e6d04' was completed in 0,09 seconds with the score of 970,96 (1 unrouted), using 44603,39 CPU seconds and 229615 MB memory.
2026-08-14 17:17:04.884 INFO   [8917D0\98883F] Auto-router pass #374 on board '6b4207575fd95aaa9498fc0f189e6d04' was completed in 0,09 seconds with the score of 970,96 (1 unrouted), using 44603,39 CPU seconds and 229615 MB memory.
2026-08-14 17:17:04.977 INFO   [8917D0\98883F] Auto-router pass #375 on board '6b4207575fd95aaa9498fc0f189e6d04' was completed in 0,08 seconds with the score of 970,96 (1 unrouted), using 44603,39 CPU seconds and 229615 MB memory.
2026-08-14 17:17:05.094 INFO   [8917D0\98883F] Restoring an earlier board that has the score of 970,96 (1 unrouted).
2026-08-14 17:17:05.094 INFO   [8917D0\98883F] Auto-router pass #376 on board '6b4207575fd95aaa9498fc0f189e6d04' was completed in 0,11 seconds with the score of 970,96 (1 unrouted), using 44603,39 CPU seconds and 229615 MB memory.
2026-08-14 17:17:05.197 INFO   [8917D0\98883F] Auto-router pass #377 on board '6b4207575fd95aaa9498fc0f189e6d04' was completed in 0,09 seconds with the score of 970,96 (1 unrouted), using 44603,39 CPU seconds and 229615 MB memory.
2026-08-14 17:17:05.292 INFO   [8917D0\98883F] Auto-router pass #378 on board '6b4207575fd95aaa9498fc0f189e6d04' was completed in 0,08 seconds with the score of 970,96 (1 unrouted), using 44897,79 CPU seconds and 230322 MB memory.
2026-08-14 17:17:05.388 INFO   [8917D0\98883F] Auto-router pass #379 on board '6b4207575fd95aaa9498fc0f189e6d04' was completed in 0,09 seconds with the score of 970,96 (1 unrouted), using 44897,79 CPU seconds and 230322 MB memory.
2026-08-14 17:17:05.503 INFO   [8917D0\98883F] Restoring an earlier board that has the score of 969,49 (2 unrouted).
2026-08-14 17:17:05.503 INFO   [8917D0\98883F] Auto-router pass #380 on board '6b4207575fd95aaa9498fc0f189e6d04' was completed in 0,11 seconds with the score of 970,96 (1 unrouted), using 44897,79 CPU seconds and 230322 MB memory.
2026-08-14 17:17:06.046 INFO   [8917D0\98883F] Auto-router pass #381 on board '913379f0f835d757fa1ffa961fd646db' was completed in 0,53 seconds with the score of 970,96 (1 unrouted), using 44897,79 CPU seconds and 230322 MB memory.
2026-08-14 17:17:06.168 INFO   [8917D0\98883F] Auto-router pass #382 on board '468467025c4575a42b038b9dbedc2e17' was completed in 0,10 seconds with the score of 970,96 (1 unrouted), using 44897,79 CPU seconds and 230322 MB memory.
2026-08-14 17:17:06.267 INFO   [8917D0\98883F] Auto-router pass #383 on board '468467025c4575a42b038b9dbedc2e17' was completed in 0,09 seconds with the score of 970,96 (1 unrouted), using 45193,17 CPU seconds and 231066 MB memory.
2026-08-14 17:17:06.392 INFO   [8917D0\98883F] Restoring an earlier board that has the score of 970,96 (1 unrouted).
2026-08-14 17:17:06.392 INFO   [8917D0\98883F] Auto-router pass #384 on board '468467025c4575a42b038b9dbedc2e17' was completed in 0,12 seconds with the score of 970,96 (1 unrouted), using 45193,17 CPU seconds and 231066 MB memory.
2026-08-14 17:17:06.497 INFO   [8917D0\98883F] Auto-router pass #385 on board '468467025c4575a42b038b9dbedc2e17' was completed in 0,10 seconds with the score of 970,96 (1 unrouted), using 45193,17 CPU seconds and 231066 MB memory.
2026-08-14 17:17:06.590 INFO   [8917D0\98883F] Auto-router pass #386 on board '468467025c4575a42b038b9dbedc2e17' was completed in 0,09 seconds with the score of 970,96 (1 unrouted), using 45193,17 CPU seconds and 231066 MB memory.
2026-08-14 17:17:06.686 INFO   [8917D0\98883F] Auto-router pass #387 on board '468467025c4575a42b038b9dbedc2e17' was completed in 0,09 seconds with the score of 970,96 (1 unrouted), using 45193,17 CPU seconds and 231066 MB memory.
2026-08-14 17:17:06.800 INFO   [8917D0\98883F] Restoring an earlier board that has the score of 970,96 (1 unrouted).
2026-08-14 17:17:06.800 INFO   [8917D0\98883F] Auto-router pass #388 on board '468467025c4575a42b038b9dbedc2e17' was completed in 0,11 seconds with the score of 970,96 (1 unrouted), using 45193,17 CPU seconds and 231066 MB memory.
2026-08-14 17:17:06.902 INFO   [8917D0\98883F] Auto-router pass #389 on board '468467025c4575a42b038b9dbedc2e17' was completed in 0,09 seconds with the score of 970,96 (1 unrouted), using 45193,17 CPU seconds and 231066 MB memory.
2026-08-14 17:17:06.995 INFO   [8917D0\98883F] Auto-router pass #390 on board '468467025c4575a42b038b9dbedc2e17' was completed in 0,08 seconds with the score of 970,96 (1 unrouted), using 45193,17 CPU seconds and 231066 MB memory.
2026-08-14 17:17:07.092 INFO   [8917D0\98883F] Auto-router pass #391 on board '468467025c4575a42b038b9dbedc2e17' was completed in 0,09 seconds with the score of 970,96 (1 unrouted), using 45193,17 CPU seconds and 231066 MB memory.
2026-08-14 17:17:07.210 INFO   [8917D0\98883F] Restoring an earlier board that has the score of 970,96 (1 unrouted).
2026-08-14 17:17:07.210 INFO   [8917D0\98883F] Auto-router pass #392 on board '468467025c4575a42b038b9dbedc2e17' was completed in 0,11 seconds with the score of 970,96 (1 unrouted), using 45193,17 CPU seconds and 231066 MB memory.
2026-08-14 17:17:07.313 INFO   [8917D0\98883F] Auto-router pass #393 on board '468467025c4575a42b038b9dbedc2e17' was completed in 0,09 seconds with the score of 970,96 (1 unrouted), using 45489,54 CPU seconds and 231768 MB memory.
2026-08-14 17:17:07.413 INFO   [8917D0\98883F] Auto-router pass #394 on board '468467025c4575a42b038b9dbedc2e17' was completed in 0,09 seconds with the score of 970,96 (1 unrouted), using 45489,54 CPU seconds and 231768 MB memory.
2026-08-14 17:17:07.507 INFO   [8917D0\98883F] Auto-router pass #395 on board '468467025c4575a42b038b9dbedc2e17' was completed in 0,09 seconds with the score of 970,96 (1 unrouted), using 45489,54 CPU seconds and 231768 MB memory.
2026-08-14 17:17:07.624 INFO   [8917D0\98883F] Restoring an earlier board that has the score of 970,96 (1 unrouted).
2026-08-14 17:17:07.624 INFO   [8917D0\98883F] Auto-router pass #396 on board '468467025c4575a42b038b9dbedc2e17' was completed in 0,11 seconds with the score of 970,96 (1 unrouted), using 45489,54 CPU seconds and 231768 MB memory.
2026-08-14 17:17:07.731 INFO   [8917D0\98883F] Auto-router pass #397 on board '468467025c4575a42b038b9dbedc2e17' was completed in 0,10 seconds with the score of 970,96 (1 unrouted), using 45489,54 CPU seconds and 231768 MB memory.
2026-08-14 17:17:07.825 INFO   [8917D0\98883F] Auto-router pass #398 on board '468467025c4575a42b038b9dbedc2e17' was completed in 0,09 seconds with the score of 970,96 (1 unrouted), using 45489,54 CPU seconds and 231768 MB memory.
2026-08-14 17:17:07.922 INFO   [8917D0\98883F] Auto-router pass #399 on board '468467025c4575a42b038b9dbedc2e17' was completed in 0,09 seconds with the score of 970,96 (1 unrouted), using 45489,54 CPU seconds and 231768 MB memory.
2026-08-14 17:17:08.038 INFO   [8917D0\98883F] Restoring an earlier board that has the score of 969,49 (2 unrouted).
2026-08-14 17:17:08.038 INFO   [8917D0\98883F] Auto-router pass #400 on board '468467025c4575a42b038b9dbedc2e17' was completed in 0,11 seconds with the score of 970,96 (1 unrouted), using 45489,54 CPU seconds and 231768 MB memory.
2026-08-14 17:17:08.414 INFO   [8917D0\98883F] Auto-router pass #401 on board '913379f0f835d757fa1ffa961fd646db' was completed in 0,36 seconds with the score of 969,57 (2 unrouted), using 45786,89 CPU seconds and 232480 MB memory.
2026-08-14 17:17:08.669 INFO   [8917D0\98883F] Auto-router pass #402 on board 'b8064978afe97e6c9af7ea8ac71d14c4' was completed in 0,25 seconds with the score of 971,19 (1 unrouted), using 45786,89 CPU seconds and 232480 MB memory.
2026-08-14 17:17:08.785 INFO   [8917D0\98883F] Auto-router pass #403 on board 'f1e29da12a8dbdbe22cf54d24154fe8b' was completed in 0,09 seconds with the score of 971,19 (1 unrouted), using 45786,89 CPU seconds and 232480 MB memory.
2026-08-14 17:17:08.908 INFO   [8917D0\98883F] Restoring an earlier board that has the score of 971,19 (1 unrouted).
2026-08-14 17:17:08.908 INFO   [8917D0\98883F] Auto-router pass #404 on board 'f1e29da12a8dbdbe22cf54d24154fe8b' was completed in 0,11 seconds with the score of 971,19 (1 unrouted), using 45786,89 CPU seconds and 232480 MB memory.
2026-08-14 17:17:09.014 INFO   [8917D0\98883F] Auto-router pass #405 on board 'f1e29da12a8dbdbe22cf54d24154fe8b' was completed in 0,10 seconds with the score of 971,19 (1 unrouted), using 45786,89 CPU seconds and 232480 MB memory.
2026-08-14 17:17:09.109 INFO   [8917D0\98883F] Auto-router pass #406 on board 'f1e29da12a8dbdbe22cf54d24154fe8b' was completed in 0,09 seconds with the score of 971,19 (1 unrouted), using 45786,89 CPU seconds and 232480 MB memory.
2026-08-14 17:17:09.206 INFO   [8917D0\98883F] Auto-router pass #407 on board 'f1e29da12a8dbdbe22cf54d24154fe8b' was completed in 0,09 seconds with the score of 971,19 (1 unrouted), using 45786,89 CPU seconds and 232480 MB memory.
2026-08-14 17:17:09.320 INFO   [8917D0\98883F] Restoring an earlier board that has the score of 971,19 (1 unrouted).
2026-08-14 17:17:09.320 INFO   [8917D0\98883F] Auto-router pass #408 on board 'f1e29da12a8dbdbe22cf54d24154fe8b' was completed in 0,10 seconds with the score of 971,19 (1 unrouted), using 46085,22 CPU seconds and 233187 MB memory.
2026-08-14 17:17:09.425 INFO   [8917D0\98883F] Auto-router pass #409 on board 'f1e29da12a8dbdbe22cf54d24154fe8b' was completed in 0,10 seconds with the score of 971,19 (1 unrouted), using 46085,22 CPU seconds and 233187 MB memory.
2026-08-14 17:17:09.519 INFO   [8917D0\98883F] Auto-router pass #410 on board 'f1e29da12a8dbdbe22cf54d24154fe8b' was completed in 0,09 seconds with the score of 971,19 (1 unrouted), using 46085,22 CPU seconds and 233187 MB memory.
2026-08-14 17:17:09.619 INFO   [8917D0\98883F] Auto-router pass #411 on board 'f1e29da12a8dbdbe22cf54d24154fe8b' was completed in 0,09 seconds with the score of 971,19 (1 unrouted), using 46085,22 CPU seconds and 233187 MB memory.
2026-08-14 17:17:09.737 INFO   [8917D0\98883F] Restoring an earlier board that has the score of 971,19 (1 unrouted).
2026-08-14 17:17:09.737 INFO   [8917D0\98883F] Auto-router pass #412 on board 'f1e29da12a8dbdbe22cf54d24154fe8b' was completed in 0,11 seconds with the score of 971,19 (1 unrouted), using 46085,22 CPU seconds and 233187 MB memory.
2026-08-14 17:17:09.841 INFO   [8917D0\98883F] Auto-router pass #413 on board 'f1e29da12a8dbdbe22cf54d24154fe8b' was completed in 0,10 seconds with the score of 971,19 (1 unrouted), using 46085,22 CPU seconds and 233187 MB memory.
2026-08-14 17:17:09.944 INFO   [8917D0\98883F] Auto-router pass #414 on board 'f1e29da12a8dbdbe22cf54d24154fe8b' was completed in 0,09 seconds with the score of 971,19 (1 unrouted), using 46085,22 CPU seconds and 233187 MB memory.
2026-08-14 17:17:10.038 INFO   [8917D0\98883F] Auto-router pass #415 on board 'f1e29da12a8dbdbe22cf54d24154fe8b' was completed in 0,09 seconds with the score of 971,19 (1 unrouted), using 46085,22 CPU seconds and 233187 MB memory.
2026-08-14 17:17:10.156 INFO   [8917D0\98883F] Restoring an earlier board that has the score of 971,19 (1 unrouted).
2026-08-14 17:17:10.156 INFO   [8917D0\98883F] Auto-router pass #416 on board 'f1e29da12a8dbdbe22cf54d24154fe8b' was completed in 0,11 seconds with the score of 971,19 (1 unrouted), using 46085,22 CPU seconds and 233187 MB memory.
2026-08-14 17:17:10.265 INFO   [8917D0\98883F] Auto-router pass #417 on board 'f1e29da12a8dbdbe22cf54d24154fe8b' was completed in 0,10 seconds with the score of 971,19 (1 unrouted), using 46384,54 CPU seconds and 233892 MB memory.
2026-08-14 17:17:10.375 INFO   [8917D0\98883F] Auto-router pass #418 on board 'f1e29da12a8dbdbe22cf54d24154fe8b' was completed in 0,10 seconds with the score of 971,19 (1 unrouted), using 46384,54 CPU seconds and 233892 MB memory.
2026-08-14 17:17:10.473 INFO   [8917D0\98883F] Auto-router pass #419 on board 'f1e29da12a8dbdbe22cf54d24154fe8b' was completed in 0,09 seconds with the score of 971,19 (1 unrouted), using 46384,54 CPU seconds and 233892 MB memory.
2026-08-14 17:17:10.587 INFO   [8917D0\98883F] Restoring an earlier board that has the score of 969,49 (2 unrouted).
2026-08-14 17:17:10.587 INFO   [8917D0\98883F] Auto-router pass #420 on board 'f1e29da12a8dbdbe22cf54d24154fe8b' was completed in 0,10 seconds with the score of 971,19 (1 unrouted), using 46384,54 CPU seconds and 233892 MB memory.
2026-08-14 17:17:11.123 INFO   [8917D0\98883F] Auto-router pass #421 on board 'dd287dcbfedeb5a3e3ebe2ac8b30c59d' was completed in 0,53 seconds with the score of 970,96 (1 unrouted), using 46384,54 CPU seconds and 233892 MB memory.
2026-08-14 17:17:11.235 INFO   [8917D0\98883F] Auto-router pass #422 on board '987474a505273e0bdefa05bf297ffd9c' was completed in 0,09 seconds with the score of 970,96 (1 unrouted), using 46684,83 CPU seconds and 234628 MB memory.
2026-08-14 17:17:11.328 INFO   [8917D0\98883F] Auto-router pass #423 on board '987474a505273e0bdefa05bf297ffd9c' was completed in 0,08 seconds with the score of 970,96 (1 unrouted), using 46684,83 CPU seconds and 234628 MB memory.
2026-08-14 17:17:11.444 INFO   [8917D0\98883F] Restoring an earlier board that has the score of 970,96 (1 unrouted).
2026-08-14 17:17:11.444 INFO   [8917D0\98883F] Auto-router pass #424 on board '987474a505273e0bdefa05bf297ffd9c' was completed in 0,11 seconds with the score of 970,96 (1 unrouted), using 46684,83 CPU seconds and 234628 MB memory.
2026-08-14 17:17:11.549 INFO   [8917D0\98883F] Auto-router pass #425 on board '987474a505273e0bdefa05bf297ffd9c' was completed in 0,10 seconds with the score of 970,96 (1 unrouted), using 46684,83 CPU seconds and 234628 MB memory.
2026-08-14 17:17:11.642 INFO   [8917D0\98883F] Auto-router pass #426 on board '987474a505273e0bdefa05bf297ffd9c' was completed in 0,08 seconds with the score of 970,96 (1 unrouted), using 46684,83 CPU seconds and 234628 MB memory.
2026-08-14 17:17:11.738 INFO   [8917D0\98883F] Auto-router pass #427 on board '987474a505273e0bdefa05bf297ffd9c' was completed in 0,09 seconds with the score of 970,96 (1 unrouted), using 46684,83 CPU seconds and 234628 MB memory.
2026-08-14 17:17:11.852 INFO   [8917D0\98883F] Restoring an earlier board that has the score of 970,96 (1 unrouted).
2026-08-14 17:17:11.852 INFO   [8917D0\98883F] Auto-router pass #428 on board '987474a505273e0bdefa05bf297ffd9c' was completed in 0,10 seconds with the score of 970,96 (1 unrouted), using 46684,83 CPU seconds and 234628 MB memory.
2026-08-14 17:17:11.954 INFO   [8917D0\98883F] Auto-router pass #429 on board '987474a505273e0bdefa05bf297ffd9c' was completed in 0,09 seconds with the score of 970,96 (1 unrouted), using 46684,83 CPU seconds and 234628 MB memory.
2026-08-14 17:17:12.047 INFO   [8917D0\98883F] Auto-router pass #430 on board '987474a505273e0bdefa05bf297ffd9c' was completed in 0,08 seconds with the score of 970,96 (1 unrouted), using 46684,83 CPU seconds and 234628 MB memory.
2026-08-14 17:17:12.143 INFO   [8917D0\98883F] Auto-router pass #431 on board '987474a505273e0bdefa05bf297ffd9c' was completed in 0,09 seconds with the score of 970,96 (1 unrouted), using 46684,83 CPU seconds and 234628 MB memory.
2026-08-14 17:17:12.258 INFO   [8917D0\98883F] Restoring an earlier board that has the score of 970,96 (1 unrouted).
2026-08-14 17:17:12.259 INFO   [8917D0\98883F] Auto-router pass #432 on board '987474a505273e0bdefa05bf297ffd9c' was completed in 0,11 seconds with the score of 970,96 (1 unrouted), using 46986,11 CPU seconds and 235340 MB memory.
2026-08-14 17:17:12.356 INFO   [8917D0\98883F] Auto-router pass #433 on board '987474a505273e0bdefa05bf297ffd9c' was completed in 0,09 seconds with the score of 970,96 (1 unrouted), using 46986,11 CPU seconds and 235340 MB memory.
2026-08-14 17:17:12.452 INFO   [8917D0\98883F] Auto-router pass #434 on board '987474a505273e0bdefa05bf297ffd9c' was completed in 0,09 seconds with the score of 970,96 (1 unrouted), using 46986,11 CPU seconds and 235340 MB memory.
2026-08-14 17:17:12.545 INFO   [8917D0\98883F] Auto-router pass #435 on board '987474a505273e0bdefa05bf297ffd9c' was completed in 0,08 seconds with the score of 970,96 (1 unrouted), using 46986,11 CPU seconds and 235340 MB memory.
2026-08-14 17:17:12.662 INFO   [8917D0\98883F] Restoring an earlier board that has the score of 970,96 (1 unrouted).
2026-08-14 17:17:12.662 INFO   [8917D0\98883F] Auto-router pass #436 on board '987474a505273e0bdefa05bf297ffd9c' was completed in 0,11 seconds with the score of 970,96 (1 unrouted), using 46986,11 CPU seconds and 235340 MB memory.
2026-08-14 17:17:12.765 INFO   [8917D0\98883F] Auto-router pass #437 on board '987474a505273e0bdefa05bf297ffd9c' was completed in 0,09 seconds with the score of 970,96 (1 unrouted), using 46986,11 CPU seconds and 235340 MB memory.
2026-08-14 17:17:12.863 INFO   [8917D0\98883F] Auto-router pass #438 on board '987474a505273e0bdefa05bf297ffd9c' was completed in 0,09 seconds with the score of 970,96 (1 unrouted), using 46986,11 CPU seconds and 235340 MB memory.
2026-08-14 17:17:12.955 INFO   [8917D0\98883F] Auto-router pass #439 on board '987474a505273e0bdefa05bf297ffd9c' was completed in 0,08 seconds with the score of 970,96 (1 unrouted), using 46986,11 CPU seconds and 235340 MB memory.
2026-08-14 17:17:13.071 INFO   [8917D0\98883F] Restoring an earlier board that has the score of 969,49 (2 unrouted).
2026-08-14 17:17:13.071 INFO   [8917D0\98883F] Auto-router pass #440 on board '987474a505273e0bdefa05bf297ffd9c' was completed in 0,11 seconds with the score of 970,96 (1 unrouted), using 46986,11 CPU seconds and 235340 MB memory.
2026-08-14 17:17:13.637 INFO   [8917D0\98883F] Auto-router pass #441 on board 'dd287dcbfedeb5a3e3ebe2ac8b30c59d' was completed in 0,56 seconds with the score of 969,49 (2 unrouted), using 47288,37 CPU seconds and 236057 MB memory.
2026-08-14 17:17:14.198 INFO   [8917D0\98883F] Auto-router pass #442 on board '9fac49a67e9272102a619d2ab28776c9' was completed in 0,54 seconds with the score of 970,95 (1 unrouted), using 47288,37 CPU seconds and 236057 MB memory.
2026-08-14 17:17:14.312 INFO   [8917D0\98883F] Auto-router pass #443 on board '992eb2b33e3ef4868ec96c43b5e75cdf' was completed in 0,09 seconds with the score of 970,95 (1 unrouted), using 47591,61 CPU seconds and 236799 MB memory.
2026-08-14 17:17:14.425 INFO   [8917D0\98883F] Restoring an earlier board that has the score of 970,95 (1 unrouted).
2026-08-14 17:17:14.425 INFO   [8917D0\98883F] Auto-router pass #444 on board '992eb2b33e3ef4868ec96c43b5e75cdf' was completed in 0,10 seconds with the score of 970,95 (1 unrouted), using 47591,61 CPU seconds and 236799 MB memory.
2026-08-14 17:17:14.525 INFO   [8917D0\98883F] Auto-router pass #445 on board '992eb2b33e3ef4868ec96c43b5e75cdf' was completed in 0,09 seconds with the score of 970,95 (1 unrouted), using 47591,61 CPU seconds and 236799 MB memory.
2026-08-14 17:17:14.622 INFO   [8917D0\98883F] Auto-router pass #446 on board '992eb2b33e3ef4868ec96c43b5e75cdf' was completed in 0,09 seconds with the score of 970,95 (1 unrouted), using 47591,61 CPU seconds and 236799 MB memory.
2026-08-14 17:17:14.715 INFO   [8917D0\98883F] Auto-router pass #447 on board '992eb2b33e3ef4868ec96c43b5e75cdf' was completed in 0,08 seconds with the score of 970,95 (1 unrouted), using 47591,61 CPU seconds and 236799 MB memory.
2026-08-14 17:17:14.832 INFO   [8917D0\98883F] Restoring an earlier board that has the score of 970,95 (1 unrouted).
2026-08-14 17:17:14.832 INFO   [8917D0\98883F] Auto-router pass #448 on board '992eb2b33e3ef4868ec96c43b5e75cdf' was completed in 0,11 seconds with the score of 970,95 (1 unrouted), using 47591,61 CPU seconds and 236799 MB memory.
2026-08-14 17:17:14.936 INFO   [8917D0\98883F] Auto-router pass #449 on board '992eb2b33e3ef4868ec96c43b5e75cdf' was completed in 0,09 seconds with the score of 970,95 (1 unrouted), using 47591,61 CPU seconds and 236799 MB memory.
2026-08-14 17:17:15.034 INFO   [8917D0\98883F] Auto-router pass #450 on board '992eb2b33e3ef4868ec96c43b5e75cdf' was completed in 0,09 seconds with the score of 970,95 (1 unrouted), using 47591,61 CPU seconds and 236799 MB memory.
2026-08-14 17:17:15.128 INFO   [8917D0\98883F] Auto-router pass #451 on board '992eb2b33e3ef4868ec96c43b5e75cdf' was completed in 0,09 seconds with the score of 970,95 (1 unrouted), using 47591,61 CPU seconds and 236799 MB memory.
2026-08-14 17:17:15.245 INFO   [8917D0\98883F] Restoring an earlier board that has the score of 970,95 (1 unrouted).
2026-08-14 17:17:15.245 INFO   [8917D0\98883F] Auto-router pass #452 on board '992eb2b33e3ef4868ec96c43b5e75cdf' was completed in 0,11 seconds with the score of 970,95 (1 unrouted), using 47895,84 CPU seconds and 237507 MB memory.
2026-08-14 17:17:15.349 INFO   [8917D0\98883F] Auto-router pass #453 on board '992eb2b33e3ef4868ec96c43b5e75cdf' was completed in 0,10 seconds with the score of 970,95 (1 unrouted), using 47895,84 CPU seconds and 237507 MB memory.
2026-08-14 17:17:15.443 INFO   [8917D0\98883F] Auto-router pass #454 on board '992eb2b33e3ef4868ec96c43b5e75cdf' was completed in 0,09 seconds with the score of 970,95 (1 unrouted), using 47895,84 CPU seconds and 237507 MB memory.
2026-08-14 17:17:15.540 INFO   [8917D0\98883F] Auto-router pass #455 on board '992eb2b33e3ef4868ec96c43b5e75cdf' was completed in 0,09 seconds with the score of 970,95 (1 unrouted), using 47895,84 CPU seconds and 237507 MB memory.
2026-08-14 17:17:15.653 INFO   [8917D0\98883F] Restoring an earlier board that has the score of 970,95 (1 unrouted).
2026-08-14 17:17:15.654 INFO   [8917D0\98883F] Auto-router pass #456 on board '992eb2b33e3ef4868ec96c43b5e75cdf' was completed in 0,10 seconds with the score of 970,95 (1 unrouted), using 47895,84 CPU seconds and 237507 MB memory.
2026-08-14 17:17:15.757 INFO   [8917D0\98883F] Auto-router pass #457 on board '992eb2b33e3ef4868ec96c43b5e75cdf' was completed in 0,09 seconds with the score of 970,95 (1 unrouted), using 47895,84 CPU seconds and 237507 MB memory.
2026-08-14 17:17:15.850 INFO   [8917D0\98883F] Auto-router pass #458 on board '992eb2b33e3ef4868ec96c43b5e75cdf' was completed in 0,08 seconds with the score of 970,95 (1 unrouted), using 47895,84 CPU seconds and 237507 MB memory.
2026-08-14 17:17:15.947 INFO   [8917D0\98883F] Auto-router pass #459 on board '992eb2b33e3ef4868ec96c43b5e75cdf' was completed in 0,09 seconds with the score of 970,95 (1 unrouted), using 47895,84 CPU seconds and 237507 MB memory.
2026-08-14 17:17:16.064 INFO   [8917D0\98883F] Restoring an earlier board that has the score of 969,49 (2 unrouted).
2026-08-14 17:17:16.064 INFO   [8917D0\98883F] Auto-router pass #460 on board '992eb2b33e3ef4868ec96c43b5e75cdf' was completed in 0,11 seconds with the score of 970,95 (1 unrouted), using 47895,84 CPU seconds and 237507 MB memory.
2026-08-14 17:17:16.612 INFO   [8917D0\98883F] Auto-router pass #461 on board 'dd287dcbfedeb5a3e3ebe2ac8b30c59d' was completed in 0,54 seconds with the score of 969,49 (2 unrouted), using 48201,04 CPU seconds and 238215 MB memory.
2026-08-14 17:17:17.181 INFO   [8917D0\98883F] Auto-router pass #462 on board 'c88ff80306cd35877bbe79cf58e89304' was completed in 0,55 seconds with the score of 970,95 (1 unrouted), using 48201,04 CPU seconds and 238215 MB memory.
2026-08-14 17:17:17.289 INFO   [8917D0\98883F] Auto-router pass #463 on board 'c8a437a87d4fc363fdb90d7529e49252' was completed in 0,08 seconds with the score of 970,95 (1 unrouted), using 48507,22 CPU seconds and 238977 MB memory.
2026-08-14 17:17:17.421 INFO   [8917D0\98883F] Restoring an earlier board that has the score of 970,95 (1 unrouted).
2026-08-14 17:17:17.422 INFO   [8917D0\98883F] Auto-router pass #464 on board 'c8a437a87d4fc363fdb90d7529e49252' was completed in 0,12 seconds with the score of 970,95 (1 unrouted), using 48507,22 CPU seconds and 238977 MB memory.
2026-08-14 17:17:17.527 INFO   [8917D0\98883F] Auto-router pass #465 on board 'c8a437a87d4fc363fdb90d7529e49252' was completed in 0,10 seconds with the score of 970,95 (1 unrouted), using 48507,22 CPU seconds and 238977 MB memory.
2026-08-14 17:17:17.619 INFO   [8917D0\98883F] Auto-router pass #466 on board 'c8a437a87d4fc363fdb90d7529e49252' was completed in 0,08 seconds with the score of 970,95 (1 unrouted), using 48507,22 CPU seconds and 238977 MB memory.
2026-08-14 17:17:17.719 INFO   [8917D0\98883F] Auto-router pass #467 on board 'c8a437a87d4fc363fdb90d7529e49252' was completed in 0,09 seconds with the score of 970,95 (1 unrouted), using 48507,22 CPU seconds and 238977 MB memory.
2026-08-14 17:17:17.831 INFO   [8917D0\98883F] Restoring an earlier board that has the score of 970,95 (1 unrouted).
2026-08-14 17:17:17.832 INFO   [8917D0\98883F] Auto-router pass #468 on board 'c8a437a87d4fc363fdb90d7529e49252' was completed in 0,10 seconds with the score of 970,95 (1 unrouted), using 48507,22 CPU seconds and 238977 MB memory.
2026-08-14 17:17:17.932 INFO   [8917D0\98883F] Auto-router pass #469 on board 'c8a437a87d4fc363fdb90d7529e49252' was completed in 0,09 seconds with the score of 970,95 (1 unrouted), using 48507,22 CPU seconds and 238977 MB memory.
2026-08-14 17:17:18.025 INFO   [8917D0\98883F] Auto-router pass #470 on board 'c8a437a87d4fc363fdb90d7529e49252' was completed in 0,08 seconds with the score of 970,95 (1 unrouted), using 48507,22 CPU seconds and 238977 MB memory.
2026-08-14 17:17:18.121 INFO   [8917D0\98883F] Auto-router pass #471 on board 'c8a437a87d4fc363fdb90d7529e49252' was completed in 0,09 seconds with the score of 970,95 (1 unrouted), using 48507,22 CPU seconds and 238977 MB memory.
2026-08-14 17:17:18.237 INFO   [8917D0\98883F] Restoring an earlier board that has the score of 970,95 (1 unrouted).
2026-08-14 17:17:18.237 INFO   [8917D0\98883F] Auto-router pass #472 on board 'c8a437a87d4fc363fdb90d7529e49252' was completed in 0,11 seconds with the score of 970,95 (1 unrouted), using 48814,39 CPU seconds and 239678 MB memory.
2026-08-14 17:17:18.338 INFO   [8917D0\98883F] Auto-router pass #473 on board 'c8a437a87d4fc363fdb90d7529e49252' was completed in 0,09 seconds with the score of 970,95 (1 unrouted), using 48814,39 CPU seconds and 239678 MB memory.
2026-08-14 17:17:18.438 INFO   [8917D0\98883F] Auto-router pass #474 on board 'c8a437a87d4fc363fdb90d7529e49252' was completed in 0,09 seconds with the score of 970,95 (1 unrouted), using 48814,39 CPU seconds and 239678 MB memory.
2026-08-14 17:17:18.532 INFO   [8917D0\98883F] Auto-router pass #475 on board 'c8a437a87d4fc363fdb90d7529e49252' was completed in 0,09 seconds with the score of 970,95 (1 unrouted), using 48814,39 CPU seconds and 239678 MB memory.
2026-08-14 17:17:18.649 INFO   [8917D0\98883F] Restoring an earlier board that has the score of 970,95 (1 unrouted).
2026-08-14 17:17:18.649 INFO   [8917D0\98883F] Auto-router pass #476 on board 'c8a437a87d4fc363fdb90d7529e49252' was completed in 0,11 seconds with the score of 970,95 (1 unrouted), using 48814,39 CPU seconds and 239678 MB memory.
2026-08-14 17:17:18.753 INFO   [8917D0\98883F] Auto-router pass #477 on board 'c8a437a87d4fc363fdb90d7529e49252' was completed in 0,09 seconds with the score of 970,95 (1 unrouted), using 48814,39 CPU seconds and 239678 MB memory.
2026-08-14 17:17:18.850 INFO   [8917D0\98883F] Auto-router pass #478 on board 'c8a437a87d4fc363fdb90d7529e49252' was completed in 0,08 seconds with the score of 970,95 (1 unrouted), using 48814,39 CPU seconds and 239678 MB memory.
2026-08-14 17:17:18.946 INFO   [8917D0\98883F] Auto-router pass #479 on board 'c8a437a87d4fc363fdb90d7529e49252' was completed in 0,09 seconds with the score of 970,95 (1 unrouted), using 48814,39 CPU seconds and 239678 MB memory.
2026-08-14 17:17:19.058 INFO   [8917D0\98883F] Restoring an earlier board that has the score of 969,49 (2 unrouted).
2026-08-14 17:17:19.058 INFO   [8917D0\98883F] Auto-router pass #480 on board 'c8a437a87d4fc363fdb90d7529e49252' was completed in 0,10 seconds with the score of 970,95 (1 unrouted), using 48814,39 CPU seconds and 239678 MB memory.
2026-08-14 17:17:19.587 INFO   [8917D0\98883F] Auto-router pass #481 on board 'dd287dcbfedeb5a3e3ebe2ac8b30c59d' was completed in 0,52 seconds with the score of 970,96 (1 unrouted), using 49122,54 CPU seconds and 240405 MB memory.
2026-08-14 17:17:19.698 INFO   [8917D0\98883F] Auto-router pass #482 on board '216998b9365a4c5d51c05331374abfd9' was completed in 0,09 seconds with the score of 970,96 (1 unrouted), using 49122,54 CPU seconds and 240405 MB memory.
2026-08-14 17:17:19.790 INFO   [8917D0\98883F] Auto-router pass #483 on board '216998b9365a4c5d51c05331374abfd9' was completed in 0,08 seconds with the score of 970,96 (1 unrouted), using 49122,54 CPU seconds and 240405 MB memory.
2026-08-14 17:17:19.905 INFO   [8917D0\98883F] Restoring an earlier board that has the score of 970,96 (1 unrouted).
2026-08-14 17:17:19.906 INFO   [8917D0\98883F] Auto-router pass #484 on board '216998b9365a4c5d51c05331374abfd9' was completed in 0,11 seconds with the score of 970,96 (1 unrouted), using 49122,54 CPU seconds and 240405 MB memory.
2026-08-14 17:17:20.013 INFO   [8917D0\98883F] Auto-router pass #485 on board '216998b9365a4c5d51c05331374abfd9' was completed in 0,10 seconds with the score of 970,96 (1 unrouted), using 49122,54 CPU seconds and 240405 MB memory.
2026-08-14 17:17:20.107 INFO   [8917D0\98883F] Auto-router pass #486 on board '216998b9365a4c5d51c05331374abfd9' was completed in 0,09 seconds with the score of 970,96 (1 unrouted), using 49122,54 CPU seconds and 240405 MB memory.
2026-08-14 17:17:20.203 INFO   [8917D0\98883F] Auto-router pass #487 on board '216998b9365a4c5d51c05331374abfd9' was completed in 0,09 seconds with the score of 970,96 (1 unrouted), using 49122,54 CPU seconds and 240405 MB memory.
2026-08-14 17:17:20.317 INFO   [8917D0\98883F] Restoring an earlier board that has the score of 970,96 (1 unrouted).
2026-08-14 17:17:20.317 INFO   [8917D0\98883F] Auto-router pass #488 on board '216998b9365a4c5d51c05331374abfd9' was completed in 0,10 seconds with the score of 970,96 (1 unrouted), using 49431,66 CPU seconds and 241142 MB memory.
2026-08-14 17:17:20.421 INFO   [8917D0\98883F] Auto-router pass #489 on board '216998b9365a4c5d51c05331374abfd9' was completed in 0,09 seconds with the score of 970,96 (1 unrouted), using 49431,66 CPU seconds and 241142 MB memory.
2026-08-14 17:17:20.514 INFO   [8917D0\98883F] Auto-router pass #490 on board '216998b9365a4c5d51c05331374abfd9' was completed in 0,08 seconds with the score of 970,96 (1 unrouted), using 49431,66 CPU seconds and 241142 MB memory.
2026-08-14 17:17:20.610 INFO   [8917D0\98883F] Auto-router pass #491 on board '216998b9365a4c5d51c05331374abfd9' was completed in 0,09 seconds with the score of 970,96 (1 unrouted), using 49431,66 CPU seconds and 241142 MB memory.
2026-08-14 17:17:20.727 INFO   [8917D0\98883F] Restoring an earlier board that has the score of 970,96 (1 unrouted).
2026-08-14 17:17:20.727 INFO   [8917D0\98883F] Auto-router pass #492 on board '216998b9365a4c5d51c05331374abfd9' was completed in 0,11 seconds with the score of 970,96 (1 unrouted), using 49431,66 CPU seconds and 241142 MB memory.
2026-08-14 17:17:20.824 INFO   [8917D0\98883F] Auto-router pass #493 on board '216998b9365a4c5d51c05331374abfd9' was completed in 0,09 seconds with the score of 970,96 (1 unrouted), using 49431,66 CPU seconds and 241142 MB memory.
2026-08-14 17:17:20.920 INFO   [8917D0\98883F] Auto-router pass #494 on board '216998b9365a4c5d51c05331374abfd9' was completed in 0,09 seconds with the score of 970,96 (1 unrouted), using 49431,66 CPU seconds and 241142 MB memory.
2026-08-14 17:17:21.014 INFO   [8917D0\98883F] Auto-router pass #495 on board '216998b9365a4c5d51c05331374abfd9' was completed in 0,09 seconds with the score of 970,96 (1 unrouted), using 49431,66 CPU seconds and 241142 MB memory.
2026-08-14 17:17:21.130 INFO   [8917D0\98883F] Restoring an earlier board that has the score of 970,96 (1 unrouted).
2026-08-14 17:17:21.131 INFO   [8917D0\98883F] Auto-router pass #496 on board '216998b9365a4c5d51c05331374abfd9' was completed in 0,11 seconds with the score of 970,96 (1 unrouted), using 49431,66 CPU seconds and 241142 MB memory.
2026-08-14 17:17:21.234 INFO   [8917D0\98883F] Auto-router pass #497 on board '216998b9365a4c5d51c05331374abfd9' was completed in 0,09 seconds with the score of 970,96 (1 unrouted), using 49741,77 CPU seconds and 241857 MB memory.
2026-08-14 17:17:21.332 INFO   [8917D0\98883F] Auto-router pass #498 on board '216998b9365a4c5d51c05331374abfd9' was completed in 0,09 seconds with the score of 970,96 (1 unrouted), using 49741,77 CPU seconds and 241857 MB memory.
2026-08-14 17:17:21.425 INFO   [8917D0\98883F] Auto-router pass #499 on board '216998b9365a4c5d51c05331374abfd9' was completed in 0,09 seconds with the score of 970,96 (1 unrouted), using 49741,77 CPU seconds and 241857 MB memory.
2026-08-14 17:17:21.544 INFO   [8917D0\98883F] Restoring an earlier board that has the score of 969,49 (2 unrouted).
2026-08-14 17:17:21.544 INFO   [8917D0\98883F] Auto-router pass #500 on board '216998b9365a4c5d51c05331374abfd9' was completed in 0,11 seconds with the score of 970,96 (1 unrouted), using 49741,77 CPU seconds and 241857 MB memory.
2026-08-14 17:17:22.084 INFO   [8917D0\98883F] Auto-router pass #501 on board '5a3f71cb72ae0bf0ff80f0336a308aa4' was completed in 0,53 seconds with the score of 970,96 (1 unrouted), using 49741,77 CPU seconds and 241857 MB memory.
2026-08-14 17:17:22.204 INFO   [8917D0\98883F] Auto-router pass #502 on board '67621cde42b2f69eabe9e2e3c9e7285b' was completed in 0,09 seconds with the score of 970,96 (1 unrouted), using 49741,77 CPU seconds and 241857 MB memory.
2026-08-14 17:17:22.304 INFO   [8917D0\98883F] Auto-router pass #503 on board '67621cde42b2f69eabe9e2e3c9e7285b' was completed in 0,09 seconds with the score of 970,96 (1 unrouted), using 50052,86 CPU seconds and 242597 MB memory.
2026-08-14 17:17:22.427 INFO   [8917D0\98883F] Restoring an earlier board that has the score of 970,96 (1 unrouted).
2026-08-14 17:17:22.427 INFO   [8917D0\98883F] Auto-router pass #504 on board '67621cde42b2f69eabe9e2e3c9e7285b' was completed in 0,11 seconds with the score of 970,96 (1 unrouted), using 50052,86 CPU seconds and 242597 MB memory.
2026-08-14 17:17:22.530 INFO   [8917D0\98883F] Auto-router pass #505 on board '67621cde42b2f69eabe9e2e3c9e7285b' was completed in 0,09 seconds with the score of 970,96 (1 unrouted), using 50052,86 CPU seconds and 242597 MB memory.
2026-08-14 17:17:22.623 INFO   [8917D0\98883F] Auto-router pass #506 on board '67621cde42b2f69eabe9e2e3c9e7285b' was completed in 0,08 seconds with the score of 970,96 (1 unrouted), using 50052,86 CPU seconds and 242597 MB memory.
2026-08-14 17:17:22.719 INFO   [8917D0\98883F] Auto-router pass #507 on board '67621cde42b2f69eabe9e2e3c9e7285b' was completed in 0,09 seconds with the score of 970,96 (1 unrouted), using 50052,86 CPU seconds and 242597 MB memory.
2026-08-14 17:17:22.833 INFO   [8917D0\98883F] Restoring an earlier board that has the score of 970,96 (1 unrouted).
2026-08-14 17:17:22.833 INFO   [8917D0\98883F] Auto-router pass #508 on board '67621cde42b2f69eabe9e2e3c9e7285b' was completed in 0,11 seconds with the score of 970,96 (1 unrouted), using 50052,86 CPU seconds and 242597 MB memory.
2026-08-14 17:17:22.934 INFO   [8917D0\98883F] Auto-router pass #509 on board '67621cde42b2f69eabe9e2e3c9e7285b' was completed in 0,09 seconds with the score of 970,96 (1 unrouted), using 50052,86 CPU seconds and 242597 MB memory.
2026-08-14 17:17:23.026 INFO   [8917D0\98883F] Auto-router pass #510 on board '67621cde42b2f69eabe9e2e3c9e7285b' was completed in 0,08 seconds with the score of 970,96 (1 unrouted), using 50052,86 CPU seconds and 242597 MB memory.
2026-08-14 17:17:23.123 INFO   [8917D0\98883F] Auto-router pass #511 on board '67621cde42b2f69eabe9e2e3c9e7285b' was completed in 0,08 seconds with the score of 970,96 (1 unrouted), using 50052,86 CPU seconds and 242597 MB memory.
2026-08-14 17:17:23.239 INFO   [8917D0\98883F] Restoring an earlier board that has the score of 970,96 (1 unrouted).
2026-08-14 17:17:23.240 INFO   [8917D0\98883F] Auto-router pass #512 on board '67621cde42b2f69eabe9e2e3c9e7285b' was completed in 0,11 seconds with the score of 970,96 (1 unrouted), using 50364,94 CPU seconds and 243306 MB memory.
2026-08-14 17:17:23.342 INFO   [8917D0\98883F] Auto-router pass #513 on board '67621cde42b2f69eabe9e2e3c9e7285b' was completed in 0,09 seconds with the score of 970,96 (1 unrouted), using 50364,94 CPU seconds and 243306 MB memory.
2026-08-14 17:17:23.441 INFO   [8917D0\98883F] Auto-router pass #514 on board '67621cde42b2f69eabe9e2e3c9e7285b' was completed in 0,09 seconds with the score of 970,96 (1 unrouted), using 50364,94 CPU seconds and 243306 MB memory.
2026-08-14 17:17:23.533 INFO   [8917D0\98883F] Auto-router pass #515 on board '67621cde42b2f69eabe9e2e3c9e7285b' was completed in 0,08 seconds with the score of 970,96 (1 unrouted), using 50364,94 CPU seconds and 243306 MB memory.
2026-08-14 17:17:23.650 INFO   [8917D0\98883F] Restoring an earlier board that has the score of 970,96 (1 unrouted).
2026-08-14 17:17:23.651 INFO   [8917D0\98883F] Auto-router pass #516 on board '67621cde42b2f69eabe9e2e3c9e7285b' was completed in 0,11 seconds with the score of 970,96 (1 unrouted), using 50364,94 CPU seconds and 243306 MB memory.
2026-08-14 17:17:23.756 INFO   [8917D0\98883F] Auto-router pass #517 on board '67621cde42b2f69eabe9e2e3c9e7285b' was completed in 0,10 seconds with the score of 970,96 (1 unrouted), using 50364,94 CPU seconds and 243306 MB memory.
2026-08-14 17:17:23.848 INFO   [8917D0\98883F] Auto-router pass #518 on board '67621cde42b2f69eabe9e2e3c9e7285b' was completed in 0,08 seconds with the score of 970,96 (1 unrouted), using 50364,94 CPU seconds and 243306 MB memory.
2026-08-14 17:17:23.944 INFO   [8917D0\98883F] Auto-router pass #519 on board '67621cde42b2f69eabe9e2e3c9e7285b' was completed in 0,09 seconds with the score of 970,96 (1 unrouted), using 50364,94 CPU seconds and 243306 MB memory.
2026-08-14 17:17:24.059 INFO   [8917D0\98883F] Restoring an earlier board that has the score of 969,49 (2 unrouted).
2026-08-14 17:17:24.059 INFO   [8917D0\98883F] Auto-router pass #520 on board '67621cde42b2f69eabe9e2e3c9e7285b' was completed in 0,11 seconds with the score of 970,96 (1 unrouted), using 50364,94 CPU seconds and 243306 MB memory.
2026-08-14 17:17:24.648 INFO   [8917D0\98883F] Auto-router pass #521 on board '5a3f71cb72ae0bf0ff80f0336a308aa4' was completed in 0,58 seconds with the score of 970,96 (1 unrouted), using 50678,00 CPU seconds and 244014 MB memory.
2026-08-14 17:17:24.764 INFO   [8917D0\98883F] Auto-router pass #522 on board '6d75c7f2cf75e96047b277f1f8e019aa' was completed in 0,09 seconds with the score of 970,96 (1 unrouted), using 50678,00 CPU seconds and 244014 MB memory.
2026-08-14 17:17:24.867 INFO   [8917D0\98883F] Auto-router pass #523 on board '6d75c7f2cf75e96047b277f1f8e019aa' was completed in 0,09 seconds with the score of 970,96 (1 unrouted), using 50678,00 CPU seconds and 244014 MB memory.
2026-08-14 17:17:24.989 INFO   [8917D0\98883F] Restoring an earlier board that has the score of 970,96 (1 unrouted).
2026-08-14 17:17:24.989 INFO   [8917D0\98883F] Auto-router pass #524 on board '6d75c7f2cf75e96047b277f1f8e019aa' was completed in 0,11 seconds with the score of 970,96 (1 unrouted), using 50678,00 CPU seconds and 244014 MB memory.
2026-08-14 17:17:25.085 INFO   [8917D0\98883F] Auto-router pass #525 on board '6d75c7f2cf75e96047b277f1f8e019aa' was completed in 0,09 seconds with the score of 970,96 (1 unrouted), using 50678,00 CPU seconds and 244014 MB memory.
2026-08-14 17:17:25.181 INFO   [8917D0\98883F] Auto-router pass #526 on board '6d75c7f2cf75e96047b277f1f8e019aa' was completed in 0,09 seconds with the score of 970,96 (1 unrouted), using 50678,00 CPU seconds and 244014 MB memory.
2026-08-14 17:17:25.273 INFO   [8917D0\98883F] Auto-router pass #527 on board '6d75c7f2cf75e96047b277f1f8e019aa' was completed in 0,08 seconds with the score of 970,96 (1 unrouted), using 50992,04 CPU seconds and 244740 MB memory.
2026-08-14 17:17:25.390 INFO   [8917D0\98883F] Restoring an earlier board that has the score of 970,96 (1 unrouted).
2026-08-14 17:17:25.390 INFO   [8917D0\98883F] Auto-router pass #528 on board '6d75c7f2cf75e96047b277f1f8e019aa' was completed in 0,11 seconds with the score of 970,96 (1 unrouted), using 50992,04 CPU seconds and 244740 MB memory.
2026-08-14 17:17:25.493 INFO   [8917D0\98883F] Auto-router pass #529 on board '6d75c7f2cf75e96047b277f1f8e019aa' was completed in 0,09 seconds with the score of 970,96 (1 unrouted), using 50992,04 CPU seconds and 244740 MB memory.
2026-08-14 17:17:25.591 INFO   [8917D0\98883F] Auto-router pass #530 on board '6d75c7f2cf75e96047b277f1f8e019aa' was completed in 0,09 seconds with the score of 970,96 (1 unrouted), using 50992,04 CPU seconds and 244740 MB memory.
2026-08-14 17:17:25.683 INFO   [8917D0\98883F] Auto-router pass #531 on board '6d75c7f2cf75e96047b277f1f8e019aa' was completed in 0,08 seconds with the score of 970,96 (1 unrouted), using 50992,04 CPU seconds and 244740 MB memory.
2026-08-14 17:17:25.800 INFO   [8917D0\98883F] Restoring an earlier board that has the score of 970,96 (1 unrouted).
2026-08-14 17:17:25.800 INFO   [8917D0\98883F] Auto-router pass #532 on board '6d75c7f2cf75e96047b277f1f8e019aa' was completed in 0,11 seconds with the score of 970,96 (1 unrouted), using 50992,04 CPU seconds and 244740 MB memory.
2026-08-14 17:17:25.905 INFO   [8917D0\98883F] Auto-router pass #533 on board '6d75c7f2cf75e96047b277f1f8e019aa' was completed in 0,10 seconds with the score of 970,96 (1 unrouted), using 50992,04 CPU seconds and 244740 MB memory.
2026-08-14 17:17:25.998 INFO   [8917D0\98883F] Auto-router pass #534 on board '6d75c7f2cf75e96047b277f1f8e019aa' was completed in 0,08 seconds with the score of 970,96 (1 unrouted), using 50992,04 CPU seconds and 244740 MB memory.
2026-08-14 17:17:26.094 INFO   [8917D0\98883F] Auto-router pass #535 on board '6d75c7f2cf75e96047b277f1f8e019aa' was completed in 0,09 seconds with the score of 970,96 (1 unrouted), using 50992,04 CPU seconds and 244740 MB memory.
2026-08-14 17:17:26.207 INFO   [8917D0\98883F] Restoring an earlier board that has the score of 970,96 (1 unrouted).
2026-08-14 17:17:26.207 INFO   [8917D0\98883F] Auto-router pass #536 on board '6d75c7f2cf75e96047b277f1f8e019aa' was completed in 0,10 seconds with the score of 970,96 (1 unrouted), using 50992,04 CPU seconds and 244740 MB memory.
2026-08-14 17:17:26.308 INFO   [8917D0\98883F] Auto-router pass #537 on board '6d75c7f2cf75e96047b277f1f8e019aa' was completed in 0,09 seconds with the score of 970,96 (1 unrouted), using 51307,06 CPU seconds and 245449 MB memory.
2026-08-14 17:17:26.400 INFO   [8917D0\98883F] Auto-router pass #538 on board '6d75c7f2cf75e96047b277f1f8e019aa' was completed in 0,08 seconds with the score of 970,96 (1 unrouted), using 51307,06 CPU seconds and 245449 MB memory.
2026-08-14 17:17:26.496 INFO   [8917D0\98883F] Auto-router pass #539 on board '6d75c7f2cf75e96047b277f1f8e019aa' was completed in 0,09 seconds with the score of 970,96 (1 unrouted), using 51307,06 CPU seconds and 245449 MB memory.
2026-08-14 17:17:26.615 INFO   [8917D0\98883F] Restoring an earlier board that has the score of 969,49 (2 unrouted).
2026-08-14 17:17:26.615 INFO   [8917D0\98883F] Auto-router pass #540 on board '6d75c7f2cf75e96047b277f1f8e019aa' was completed in 0,11 seconds with the score of 970,96 (1 unrouted), using 51307,06 CPU seconds and 245449 MB memory.
2026-08-14 17:17:27.158 INFO   [8917D0\98883F] Auto-router pass #541 on board '5a3f71cb72ae0bf0ff80f0336a308aa4' was completed in 0,53 seconds with the score of 970,96 (1 unrouted), using 51307,06 CPU seconds and 245449 MB memory.
2026-08-14 17:17:27.257 INFO   [8917D0\98883F] Auto-router pass #542 on board '67621cde42b2f69eabe9e2e3c9e7285b' was completed in 0,09 seconds with the score of 970,96 (1 unrouted), using 51623,07 CPU seconds and 246195 MB memory.
2026-08-14 17:17:27.359 INFO   [8917D0\98883F] Auto-router pass #543 on board '67621cde42b2f69eabe9e2e3c9e7285b' was completed in 0,09 seconds with the score of 970,96 (1 unrouted), using 51623,07 CPU seconds and 246195 MB memory.
2026-08-14 17:17:27.483 INFO   [8917D0\98883F] Restoring an earlier board that has the score of 969,49 (2 unrouted).
2026-08-14 17:17:27.483 INFO   [8917D0\98883F] Auto-router pass #544 on board '67621cde42b2f69eabe9e2e3c9e7285b' was completed in 0,12 seconds with the score of 970,96 (1 unrouted), using 51623,07 CPU seconds and 246195 MB memory.
2026-08-14 17:17:27.881 INFO   [8917D0\98883F] Auto-router pass #545 on board '5a3f71cb72ae0bf0ff80f0336a308aa4' was completed in 0,39 seconds with the score of 969,57 (2 unrouted), using 51623,07 CPU seconds and 246195 MB memory.
2026-08-14 17:17:29.561 INFO   [8917D0\98883F] Auto-router pass #546 on board 'd12ecb96dd7349ab1d6972857a1634ec' was completed in 1,66 seconds with the score of 966,56 (4 unrouted), using 52258,01 CPU seconds and 247649 MB memory.
2026-08-14 17:17:31.250 INFO   [8917D0\98883F] Auto-router pass #547 on board '53d8a685e10cabe6178bbed987800396' was completed in 1,66 seconds with the score of 963,60 (5 unrouted), using 52896,80 CPU seconds and 249155 MB memory.
2026-08-14 17:17:36.460 INFO   [8917D0\98883F] Restoring an earlier board that has the score of 969,57 (2 unrouted).
2026-08-14 17:17:36.460 INFO   [8917D0\98883F] Auto-router pass #548 on board 'd797bc10c4e1fd97fa6f5b2c1d38fa0c' was completed in 5,19 seconds with the score of 957,49 (9 unrouted), using 54510,48 CPU seconds and 253073 MB memory.
2026-08-14 17:17:37.848 INFO   [8917D0\98883F] Auto-router pass #549 on board 'd12ecb96dd7349ab1d6972857a1634ec' was completed in 1,38 seconds with the score of 968,35 (3 unrouted), using 54836,06 CPU seconds and 253824 MB memory.
2026-08-14 17:17:38.491 INFO   [8917D0\98883F] Auto-router pass #550 on board '1f2fdf4c2b2a4da0a7ab60df7fa9d1a9' was completed in 0,62 seconds with the score of 965,82 (4 unrouted), using 55162,61 CPU seconds and 254617 MB memory.
2026-08-14 17:17:39.483 INFO   [8917D0\98883F] Auto-router pass #551 on board 'c2b36851471edcb8ac976e84c84afc9c' was completed in 0,97 seconds with the score of 967,53 (3 unrouted), using 55490,11 CPU seconds and 255411 MB memory.
2026-08-14 17:17:43.272 INFO   [8917D0\98883F] Restoring an earlier board that has the score of 969,57 (2 unrouted).
2026-08-14 17:17:43.272 INFO   [8917D0\98883F] Auto-router pass #552 on board '34e8e3c75ce800529711e51b1b3fa527' was completed in 3,76 seconds with the score of 967,89 (3 unrouted), using 56809,73 CPU seconds and 258530 MB memory.
2026-08-14 17:17:43.514 INFO   [8917D0\98883F] Auto-router pass #553 on board 'd12ecb96dd7349ab1d6972857a1634ec' was completed in 0,23 seconds with the score of 971,19 (1 unrouted), using 56809,73 CPU seconds and 258530 MB memory.
2026-08-14 17:17:43.624 INFO   [8917D0\98883F] Auto-router pass #554 on board 'beb664b5a53a725448da8f778a86b342' was completed in 0,09 seconds with the score of 971,19 (1 unrouted), using 56809,73 CPU seconds and 258530 MB memory.
2026-08-14 17:17:43.726 INFO   [8917D0\98883F] Auto-router pass #555 on board 'beb664b5a53a725448da8f778a86b342' was completed in 0,09 seconds with the score of 971,19 (1 unrouted), using 56809,73 CPU seconds and 258530 MB memory.
2026-08-14 17:17:43.847 INFO   [8917D0\98883F] Restoring an earlier board that has the score of 971,19 (1 unrouted).
2026-08-14 17:17:43.847 INFO   [8917D0\98883F] Auto-router pass #556 on board 'beb664b5a53a725448da8f778a86b342' was completed in 0,11 seconds with the score of 971,19 (1 unrouted), using 56809,73 CPU seconds and 258530 MB memory.
2026-08-14 17:17:43.946 INFO   [8917D0\98883F] Auto-router pass #557 on board 'beb664b5a53a725448da8f778a86b342' was completed in 0,09 seconds with the score of 971,19 (1 unrouted), using 56809,73 CPU seconds and 258530 MB memory.
2026-08-14 17:17:44.047 INFO   [8917D0\98883F] Auto-router pass #558 on board 'beb664b5a53a725448da8f778a86b342' was completed in 0,09 seconds with the score of 971,19 (1 unrouted), using 56809,73 CPU seconds and 258530 MB memory.
2026-08-14 17:17:44.142 INFO   [8917D0\98883F] Auto-router pass #559 on board 'beb664b5a53a725448da8f778a86b342' was completed in 0,09 seconds with the score of 971,19 (1 unrouted), using 56809,73 CPU seconds and 258530 MB memory.
2026-08-14 17:17:44.262 INFO   [8917D0\98883F] Restoring an earlier board that has the score of 971,19 (1 unrouted).
2026-08-14 17:17:44.263 INFO   [8917D0\98883F] Auto-router pass #560 on board 'beb664b5a53a725448da8f778a86b342' was completed in 0,11 seconds with the score of 971,19 (1 unrouted), using 57142,03 CPU seconds and 259245 MB memory.
2026-08-14 17:17:44.372 INFO   [8917D0\98883F] Auto-router pass #561 on board 'beb664b5a53a725448da8f778a86b342' was completed in 0,10 seconds with the score of 971,19 (1 unrouted), using 57142,03 CPU seconds and 259245 MB memory.
2026-08-14 17:17:44.467 INFO   [8917D0\98883F] Auto-router pass #562 on board 'beb664b5a53a725448da8f778a86b342' was completed in 0,09 seconds with the score of 971,19 (1 unrouted), using 57142,03 CPU seconds and 259245 MB memory.
2026-08-14 17:17:44.566 INFO   [8917D0\98883F] Auto-router pass #563 on board 'beb664b5a53a725448da8f778a86b342' was completed in 0,09 seconds with the score of 971,19 (1 unrouted), using 57142,03 CPU seconds and 259245 MB memory.
2026-08-14 17:17:44.682 INFO   [8917D0\98883F] Restoring an earlier board that has the score of 971,19 (1 unrouted).
2026-08-14 17:17:44.682 INFO   [8917D0\98883F] Auto-router pass #564 on board 'beb664b5a53a725448da8f778a86b342' was completed in 0,11 seconds with the score of 971,19 (1 unrouted), using 57142,03 CPU seconds and 259245 MB memory.
2026-08-14 17:17:44.784 INFO   [8917D0\98883F] Auto-router pass #565 on board 'beb664b5a53a725448da8f778a86b342' was completed in 0,09 seconds with the score of 971,19 (1 unrouted), using 57142,03 CPU seconds and 259245 MB memory.
2026-08-14 17:17:44.884 INFO   [8917D0\98883F] Auto-router pass #566 on board 'beb664b5a53a725448da8f778a86b342' was completed in 0,09 seconds with the score of 971,19 (1 unrouted), using 57142,03 CPU seconds and 259245 MB memory.
2026-08-14 17:17:44.979 INFO   [8917D0\98883F] Auto-router pass #567 on board 'beb664b5a53a725448da8f778a86b342' was completed in 0,09 seconds with the score of 971,19 (1 unrouted), using 57142,03 CPU seconds and 259245 MB memory.
2026-08-14 17:17:45.100 INFO   [8917D0\98883F] Restoring an earlier board that has the score of 971,19 (1 unrouted).
2026-08-14 17:17:45.100 INFO   [8917D0\98883F] Auto-router pass #568 on board 'beb664b5a53a725448da8f778a86b342' was completed in 0,11 seconds with the score of 971,19 (1 unrouted), using 57142,03 CPU seconds and 259245 MB memory.
2026-08-14 17:17:45.209 INFO   [8917D0\98883F] Auto-router pass #569 on board 'beb664b5a53a725448da8f778a86b342' was completed in 0,10 seconds with the score of 971,19 (1 unrouted), using 57142,03 CPU seconds and 259245 MB memory.
2026-08-14 17:17:45.304 INFO   [8917D0\98883F] Auto-router pass #570 on board 'beb664b5a53a725448da8f778a86b342' was completed in 0,09 seconds with the score of 971,19 (1 unrouted), using 57475,30 CPU seconds and 259938 MB memory.
2026-08-14 17:17:45.402 INFO   [8917D0\98883F] Auto-router pass #571 on board 'beb664b5a53a725448da8f778a86b342' was completed in 0,09 seconds with the score of 971,19 (1 unrouted), using 57475,30 CPU seconds and 259938 MB memory.
2026-08-14 17:17:45.517 INFO   [8917D0\98883F] Restoring an earlier board that has the score of 969,57 (2 unrouted).
2026-08-14 17:17:45.517 INFO   [8917D0\98883F] Auto-router pass #572 on board 'beb664b5a53a725448da8f778a86b342' was completed in 0,11 seconds with the score of 971,19 (1 unrouted), using 57475,30 CPU seconds and 259938 MB memory.
2026-08-14 17:17:46.864 INFO   [8917D0\98883F] Auto-router pass #573 on board 'd12ecb96dd7349ab1d6972857a1634ec' was completed in 1,34 seconds with the score of 968,35 (3 unrouted), using 57809,53 CPU seconds and 260693 MB memory.
2026-08-14 17:17:49.074 INFO   [8917D0\98883F] Auto-router pass #574 on board '009fa82818c26b1a201b4bf17f18aaac' was completed in 2,19 seconds with the score of 967,90 (3 unrouted), using 58480,90 CPU seconds and 262305 MB memory.
2026-08-14 17:17:49.452 INFO   [8917D0\98883F] Auto-router pass #575 on board '600d72e3054e423ed8205b549bf75cb1' was completed in 0,35 seconds with the score of 969,13 (2 unrouted), using 58818,04 CPU seconds and 263099 MB memory.
2026-08-14 17:17:49.677 INFO   [8917D0\98883F] Restoring an earlier board that has the score of 969,57 (2 unrouted).
2026-08-14 17:17:49.677 INFO   [8917D0\98883F] Auto-router pass #576 on board '9ef5b1bc3b3f670e343c15b07561d9da' was completed in 0,20 seconds with the score of 970,93 (1 unrouted), using 58818,04 CPU seconds and 263099 MB memory.
2026-08-14 17:17:51.015 INFO   [8917D0\98883F] Auto-router pass #577 on board 'd12ecb96dd7349ab1d6972857a1634ec' was completed in 1,33 seconds with the score of 968,37 (3 unrouted), using 59156,15 CPU seconds and 263890 MB memory.
2026-08-14 17:17:52.702 INFO   [8917D0\98883F] Auto-router pass #578 on board '51dc0520980961876debd5f2b2643e06' was completed in 1,66 seconds with the score of 969,82 (2 unrouted), using 59835,22 CPU seconds and 265440 MB memory.
2026-08-14 17:17:53.987 INFO   [8917D0\98883F] Auto-router pass #579 on board 'ac76bc106bce12f7fd238ff4d043d117' was completed in 1,26 seconds with the score of 969,63 (2 unrouted), using 60176,20 CPU seconds and 266186 MB memory.
2026-08-14 17:17:56.410 INFO   [8917D0\98883F] Restoring an earlier board that has the score of 969,82 (2 unrouted).
2026-08-14 17:17:56.410 INFO   [8917D0\98883F] Auto-router pass #580 on board 'af1462befd6499b11200cf970dce9114' was completed in 2,40 seconds with the score of 969,16 (2 unrouted), using 61204,93 CPU seconds and 268577 MB memory.
2026-08-14 17:17:57.716 INFO   [8917D0\98883F] Auto-router pass #581 on board 'ac76bc106bce12f7fd238ff4d043d117' was completed in 1,30 seconds with the score of 969,63 (2 unrouted), using 61549,75 CPU seconds and 269340 MB memory.
2026-08-14 17:17:59.192 INFO   [8917D0\98883F] Auto-router pass #582 on board 'cc25286e46455fdf23a50390f2fb1ba4' was completed in 1,45 seconds with the score of 969,49 (2 unrouted), using 61895,53 CPU seconds and 270109 MB memory.
2026-08-14 17:18:00.163 INFO   [8917D0\98883F] Auto-router pass #583 on board '9141fe89d801f66b49b1a424455569ed' was completed in 0,95 seconds with the score of 971,10 (1 unrouted), using 62242,26 CPU seconds and 270876 MB memory.
2026-08-14 17:18:00.298 INFO   [8917D0\98883F] Restoring an earlier board that has the score of 971,10 (1 unrouted).
2026-08-14 17:18:00.298 INFO   [8917D0\98883F] Auto-router pass #584 on board '412f673db3e3ae91bfd99616165c905e' was completed in 0,11 seconds with the score of 971,10 (1 unrouted), using 62589,96 CPU seconds and 271652 MB memory.
2026-08-14 17:18:00.414 INFO   [8917D0\98883F] Auto-router pass #585 on board '412f673db3e3ae91bfd99616165c905e' was completed in 0,11 seconds with the score of 971,10 (1 unrouted), using 62589,96 CPU seconds and 271652 MB memory.
2026-08-14 17:18:00.531 INFO   [8917D0\98883F] Auto-router pass #586 on board '412f673db3e3ae91bfd99616165c905e' was completed in 0,11 seconds with the score of 971,10 (1 unrouted), using 62589,96 CPU seconds and 271652 MB memory.
2026-08-14 17:18:00.626 INFO   [8917D0\98883F] Auto-router pass #587 on board '412f673db3e3ae91bfd99616165c905e' was completed in 0,09 seconds with the score of 971,10 (1 unrouted), using 62589,96 CPU seconds and 271652 MB memory.
2026-08-14 17:18:00.745 INFO   [8917D0\98883F] Restoring an earlier board that has the score of 971,10 (1 unrouted).
2026-08-14 17:18:00.746 INFO   [8917D0\98883F] Auto-router pass #588 on board '412f673db3e3ae91bfd99616165c905e' was completed in 0,11 seconds with the score of 971,10 (1 unrouted), using 62589,96 CPU seconds and 271652 MB memory.
2026-08-14 17:18:00.850 INFO   [8917D0\98883F] Auto-router pass #589 on board '412f673db3e3ae91bfd99616165c905e' was completed in 0,10 seconds with the score of 971,10 (1 unrouted), using 62589,96 CPU seconds and 271652 MB memory.
2026-08-14 17:18:00.945 INFO   [8917D0\98883F] Auto-router pass #590 on board '412f673db3e3ae91bfd99616165c905e' was completed in 0,09 seconds with the score of 971,10 (1 unrouted), using 62589,96 CPU seconds and 271652 MB memory.
2026-08-14 17:18:01.043 INFO   [8917D0\98883F] Auto-router pass #591 on board '412f673db3e3ae91bfd99616165c905e' was completed in 0,09 seconds with the score of 971,10 (1 unrouted), using 62589,96 CPU seconds and 271652 MB memory.
2026-08-14 17:18:01.161 INFO   [8917D0\98883F] Restoring an earlier board that has the score of 971,10 (1 unrouted).
2026-08-14 17:18:01.161 INFO   [8917D0\98883F] Auto-router pass #592 on board '412f673db3e3ae91bfd99616165c905e' was completed in 0,11 seconds with the score of 971,10 (1 unrouted), using 62589,96 CPU seconds and 271652 MB memory.
2026-08-14 17:18:01.269 INFO   [8917D0\98883F] Auto-router pass #593 on board '412f673db3e3ae91bfd99616165c905e' was completed in 0,10 seconds with the score of 971,10 (1 unrouted), using 62938,64 CPU seconds and 272333 MB memory.
2026-08-14 17:18:01.363 INFO   [8917D0\98883F] Auto-router pass #594 on board '412f673db3e3ae91bfd99616165c905e' was completed in 0,09 seconds with the score of 971,10 (1 unrouted), using 62938,64 CPU seconds and 272333 MB memory.
2026-08-14 17:18:01.462 INFO   [8917D0\98883F] Auto-router pass #595 on board '412f673db3e3ae91bfd99616165c905e' was completed in 0,09 seconds with the score of 971,10 (1 unrouted), using 62938,64 CPU seconds and 272333 MB memory.
2026-08-14 17:18:01.577 INFO   [8917D0\98883F] Restoring an earlier board that has the score of 971,10 (1 unrouted).
2026-08-14 17:18:01.577 INFO   [8917D0\98883F] Auto-router pass #596 on board '412f673db3e3ae91bfd99616165c905e' was completed in 0,11 seconds with the score of 971,10 (1 unrouted), using 62938,64 CPU seconds and 272333 MB memory.
2026-08-14 17:18:01.678 INFO   [8917D0\98883F] Auto-router pass #597 on board '412f673db3e3ae91bfd99616165c905e' was completed in 0,09 seconds with the score of 971,10 (1 unrouted), using 62938,64 CPU seconds and 272333 MB memory.
2026-08-14 17:18:01.775 INFO   [8917D0\98883F] Auto-router pass #598 on board '412f673db3e3ae91bfd99616165c905e' was completed in 0,09 seconds with the score of 971,10 (1 unrouted), using 62938,64 CPU seconds and 272333 MB memory.
2026-08-14 17:18:01.869 INFO   [8917D0\98883F] Auto-router pass #599 on board '412f673db3e3ae91bfd99616165c905e' was completed in 0,09 seconds with the score of 971,10 (1 unrouted), using 62938,64 CPU seconds and 272333 MB memory.
2026-08-14 17:18:01.986 INFO   [8917D0\98883F] Restoring an earlier board that has the score of 969,82 (2 unrouted).
2026-08-14 17:18:01.987 INFO   [8917D0\98883F] Auto-router pass #600 on board '412f673db3e3ae91bfd99616165c905e' was completed in 0,11 seconds with the score of 971,10 (1 unrouted), using 62938,64 CPU seconds and 272333 MB memory.
2026-08-14 17:18:03.272 INFO   [8917D0\98883F] Auto-router pass #601 on board 'ac76bc106bce12f7fd238ff4d043d117' was completed in 1,28 seconds with the score of 969,63 (2 unrouted), using 63638,90 CPU seconds and 273844 MB memory.
2026-08-14 17:18:04.497 INFO   [8917D0\98883F] Auto-router pass #602 on board 'ffa45c3878ca122e18667292b80392d4' was completed in 1,20 seconds with the score of 969,46 (2 unrouted), using 63990,46 CPU seconds and 274626 MB memory.
2026-08-14 17:18:05.525 INFO   [8917D0\98883F] Auto-router pass #603 on board '6b90185e8401726e797521ebfec1b71d' was completed in 1,00 seconds with the score of 971,07 (1 unrouted), using 64343,00 CPU seconds and 275382 MB memory.
2026-08-14 17:18:05.678 INFO   [8917D0\98883F] Restoring an earlier board that has the score of 971,07 (1 unrouted).
2026-08-14 17:18:05.678 INFO   [8917D0\98883F] Auto-router pass #604 on board '57ebb9ce10042093ca4613a4a0c763da' was completed in 0,12 seconds with the score of 971,07 (1 unrouted), using 64343,00 CPU seconds and 275382 MB memory.
2026-08-14 17:18:05.797 INFO   [8917D0\98883F] Auto-router pass #605 on board '57ebb9ce10042093ca4613a4a0c763da' was completed in 0,11 seconds with the score of 971,07 (1 unrouted), using 64343,00 CPU seconds and 275382 MB memory.
2026-08-14 17:18:05.898 INFO   [8917D0\98883F] Auto-router pass #606 on board '57ebb9ce10042093ca4613a4a0c763da' was completed in 0,09 seconds with the score of 971,07 (1 unrouted), using 64343,00 CPU seconds and 275382 MB memory.
2026-08-14 17:18:05.992 INFO   [8917D0\98883F] Auto-router pass #607 on board '57ebb9ce10042093ca4613a4a0c763da' was completed in 0,09 seconds with the score of 971,07 (1 unrouted), using 64343,00 CPU seconds and 275382 MB memory.
2026-08-14 17:18:06.111 INFO   [8917D0\98883F] Restoring an earlier board that has the score of 971,07 (1 unrouted).
2026-08-14 17:18:06.111 INFO   [8917D0\98883F] Auto-router pass #608 on board '57ebb9ce10042093ca4613a4a0c763da' was completed in 0,11 seconds with the score of 971,07 (1 unrouted), using 64343,00 CPU seconds and 275382 MB memory.
2026-08-14 17:18:06.217 INFO   [8917D0\98883F] Auto-router pass #609 on board '57ebb9ce10042093ca4613a4a0c763da' was completed in 0,10 seconds with the score of 971,07 (1 unrouted), using 64343,00 CPU seconds and 275382 MB memory.
2026-08-14 17:18:06.311 INFO   [8917D0\98883F] Auto-router pass #610 on board '57ebb9ce10042093ca4613a4a0c763da' was completed in 0,09 seconds with the score of 971,07 (1 unrouted), using 64696,51 CPU seconds and 276078 MB memory.
2026-08-14 17:18:06.408 INFO   [8917D0\98883F] Auto-router pass #611 on board '57ebb9ce10042093ca4613a4a0c763da' was completed in 0,09 seconds with the score of 971,07 (1 unrouted), using 64696,51 CPU seconds and 276078 MB memory.
2026-08-14 17:18:06.527 INFO   [8917D0\98883F] Restoring an earlier board that has the score of 971,07 (1 unrouted).
2026-08-14 17:18:06.527 INFO   [8917D0\98883F] Auto-router pass #612 on board '57ebb9ce10042093ca4613a4a0c763da' was completed in 0,11 seconds with the score of 971,07 (1 unrouted), using 64696,51 CPU seconds and 276078 MB memory.
2026-08-14 17:18:06.636 INFO   [8917D0\98883F] Auto-router pass #613 on board '57ebb9ce10042093ca4613a4a0c763da' was completed in 0,10 seconds with the score of 971,07 (1 unrouted), using 64696,51 CPU seconds and 276078 MB memory.
2026-08-14 17:18:06.731 INFO   [8917D0\98883F] Auto-router pass #614 on board '57ebb9ce10042093ca4613a4a0c763da' was completed in 0,09 seconds with the score of 971,07 (1 unrouted), using 64696,51 CPU seconds and 276078 MB memory.
2026-08-14 17:18:06.830 INFO   [8917D0\98883F] Auto-router pass #615 on board '57ebb9ce10042093ca4613a4a0c763da' was completed in 0,09 seconds with the score of 971,07 (1 unrouted), using 64696,51 CPU seconds and 276078 MB memory.
2026-08-14 17:18:06.949 INFO   [8917D0\98883F] Restoring an earlier board that has the score of 971,07 (1 unrouted).
2026-08-14 17:18:06.950 INFO   [8917D0\98883F] Auto-router pass #616 on board '57ebb9ce10042093ca4613a4a0c763da' was completed in 0,11 seconds with the score of 971,07 (1 unrouted), using 64696,51 CPU seconds and 276078 MB memory.
2026-08-14 17:18:07.048 INFO   [8917D0\98883F] Auto-router pass #617 on board '57ebb9ce10042093ca4613a4a0c763da' was completed in 0,09 seconds with the score of 971,07 (1 unrouted), using 64696,51 CPU seconds and 276078 MB memory.
2026-08-14 17:18:07.146 INFO   [8917D0\98883F] Auto-router pass #618 on board '57ebb9ce10042093ca4613a4a0c763da' was completed in 0,09 seconds with the score of 971,07 (1 unrouted), using 64696,51 CPU seconds and 276078 MB memory.
2026-08-14 17:18:07.241 INFO   [8917D0\98883F] Auto-router pass #619 on board '57ebb9ce10042093ca4613a4a0c763da' was completed in 0,09 seconds with the score of 971,07 (1 unrouted), using 64696,51 CPU seconds and 276078 MB memory.
2026-08-14 17:18:07.360 INFO   [8917D0\98883F] Restoring an earlier board that has the score of 969,82 (2 unrouted).
2026-08-14 17:18:07.360 INFO   [8917D0\98883F] Auto-router pass #620 on board '57ebb9ce10042093ca4613a4a0c763da' was completed in 0,11 seconds with the score of 971,07 (1 unrouted), using 65051,00 CPU seconds and 276779 MB memory.
2026-08-14 17:18:07.829 INFO   [8917D0\98883F] Auto-router pass #621 on board 'ac76bc106bce12f7fd238ff4d043d117' was completed in 0,46 seconds with the score of 969,86 (2 unrouted), using 65051,00 CPU seconds and 276779 MB memory.
2026-08-14 17:18:09.208 INFO   [8917D0\98883F] Auto-router pass #622 on board '8d2119102c923b7544cd4588b114c7b3' was completed in 1,35 seconds with the score of 969,69 (2 unrouted), using 65406,45 CPU seconds and 277551 MB memory.
2026-08-14 17:18:10.207 INFO   [8917D0\98883F] Auto-router pass #623 on board '94c719717b8439839cafda8d1ece0ecd' was completed in 0,97 seconds with the score of 971,29 (1 unrouted), using 65762,86 CPU seconds and 278320 MB memory.
2026-08-14 17:18:10.337 INFO   [8917D0\98883F] Restoring an earlier board that has the score of 971,29 (1 unrouted).
2026-08-14 17:18:10.337 INFO   [8917D0\98883F] Auto-router pass #624 on board '82e1c32316bda0d376431ff0b88e5ba5' was completed in 0,11 seconds with the score of 971,29 (1 unrouted), using 66120,24 CPU seconds and 279069 MB memory.
2026-08-14 17:18:10.438 INFO   [8917D0\98883F] Auto-router pass #625 on board '82e1c32316bda0d376431ff0b88e5ba5' was completed in 0,09 seconds with the score of 971,29 (1 unrouted), using 66120,24 CPU seconds and 279069 MB memory.
2026-08-14 17:18:10.536 INFO   [8917D0\98883F] Auto-router pass #626 on board '82e1c32316bda0d376431ff0b88e5ba5' was completed in 0,09 seconds with the score of 971,29 (1 unrouted), using 66120,24 CPU seconds and 279069 MB memory.
2026-08-14 17:18:10.630 INFO   [8917D0\98883F] Auto-router pass #627 on board '82e1c32316bda0d376431ff0b88e5ba5' was completed in 0,09 seconds with the score of 971,29 (1 unrouted), using 66120,24 CPU seconds and 279069 MB memory.
2026-08-14 17:18:10.749 INFO   [8917D0\98883F] Restoring an earlier board that has the score of 971,29 (1 unrouted).
2026-08-14 17:18:10.749 INFO   [8917D0\98883F] Auto-router pass #628 on board '82e1c32316bda0d376431ff0b88e5ba5' was completed in 0,11 seconds with the score of 971,29 (1 unrouted), using 66120,24 CPU seconds and 279069 MB memory.
2026-08-14 17:18:10.854 INFO   [8917D0\98883F] Auto-router pass #629 on board '82e1c32316bda0d376431ff0b88e5ba5' was completed in 0,10 seconds with the score of 971,29 (1 unrouted), using 66120,24 CPU seconds and 279069 MB memory.
2026-08-14 17:18:10.948 INFO   [8917D0\98883F] Auto-router pass #630 on board '82e1c32316bda0d376431ff0b88e5ba5' was completed in 0,09 seconds with the score of 971,29 (1 unrouted), using 66120,24 CPU seconds and 279069 MB memory.
2026-08-14 17:18:11.048 INFO   [8917D0\98883F] Auto-router pass #631 on board '82e1c32316bda0d376431ff0b88e5ba5' was completed in 0,09 seconds with the score of 971,29 (1 unrouted), using 66120,24 CPU seconds and 279069 MB memory.
2026-08-14 17:18:11.167 INFO   [8917D0\98883F] Restoring an earlier board that has the score of 971,29 (1 unrouted).
2026-08-14 17:18:11.167 INFO   [8917D0\98883F] Auto-router pass #632 on board '82e1c32316bda0d376431ff0b88e5ba5' was completed in 0,11 seconds with the score of 971,29 (1 unrouted), using 66120,24 CPU seconds and 279069 MB memory.
2026-08-14 17:18:11.272 INFO   [8917D0\98883F] Auto-router pass #633 on board '82e1c32316bda0d376431ff0b88e5ba5' was completed in 0,10 seconds with the score of 971,29 (1 unrouted), using 66478,59 CPU seconds and 279779 MB memory.
2026-08-14 17:18:11.371 INFO   [8917D0\98883F] Auto-router pass #634 on board '82e1c32316bda0d376431ff0b88e5ba5' was completed in 0,09 seconds with the score of 971,29 (1 unrouted), using 66478,59 CPU seconds and 279779 MB memory.
2026-08-14 17:18:11.469 INFO   [8917D0\98883F] Auto-router pass #635 on board '82e1c32316bda0d376431ff0b88e5ba5' was completed in 0,09 seconds with the score of 971,29 (1 unrouted), using 66478,59 CPU seconds and 279779 MB memory.
2026-08-14 17:18:11.584 INFO   [8917D0\98883F] Restoring an earlier board that has the score of 971,29 (1 unrouted).
2026-08-14 17:18:11.584 INFO   [8917D0\98883F] Auto-router pass #636 on board '82e1c32316bda0d376431ff0b88e5ba5' was completed in 0,11 seconds with the score of 971,29 (1 unrouted), using 66478,59 CPU seconds and 279779 MB memory.
2026-08-14 17:18:11.685 INFO   [8917D0\98883F] Auto-router pass #637 on board '82e1c32316bda0d376431ff0b88e5ba5' was completed in 0,09 seconds with the score of 971,29 (1 unrouted), using 66478,59 CPU seconds and 279779 MB memory.
2026-08-14 17:18:11.782 INFO   [8917D0\98883F] Auto-router pass #638 on board '82e1c32316bda0d376431ff0b88e5ba5' was completed in 0,09 seconds with the score of 971,29 (1 unrouted), using 66478,59 CPU seconds and 279779 MB memory.
2026-08-14 17:18:11.876 INFO   [8917D0\98883F] Auto-router pass #639 on board '82e1c32316bda0d376431ff0b88e5ba5' was completed in 0,09 seconds with the score of 971,29 (1 unrouted), using 66478,59 CPU seconds and 279779 MB memory.
2026-08-14 17:18:11.994 INFO   [8917D0\98883F] Restoring an earlier board that has the score of 969,86 (2 unrouted).
2026-08-14 17:18:11.994 INFO   [8917D0\98883F] Auto-router pass #640 on board '82e1c32316bda0d376431ff0b88e5ba5' was completed in 0,11 seconds with the score of 971,29 (1 unrouted), using 66478,59 CPU seconds and 279779 MB memory.
2026-08-14 17:18:13.173 INFO   [8917D0\98883F] Auto-router pass #641 on board '8d2119102c923b7544cd4588b114c7b3' was completed in 1,17 seconds with the score of 969,45 (2 unrouted), using 66837,92 CPU seconds and 280503 MB memory.
2026-08-14 17:18:13.562 INFO   [8917D0\98883F] Auto-router pass #642 on board 'f574e3c04cf64039460bd9dc422cb3fe' was completed in 0,36 seconds with the score of 971,06 (1 unrouted), using 67198,20 CPU seconds and 281285 MB memory.
2026-08-14 17:18:13.678 INFO   [8917D0\98883F] Auto-router pass #643 on board '03f181894ff06cfc60e1e2e4a88fa28c' was completed in 0,09 seconds with the score of 971,06 (1 unrouted), using 67198,20 CPU seconds and 281285 MB memory.
2026-08-14 17:18:13.798 INFO   [8917D0\98883F] Restoring an earlier board that has the score of 971,06 (1 unrouted).
2026-08-14 17:18:13.799 INFO   [8917D0\98883F] Auto-router pass #644 on board '03f181894ff06cfc60e1e2e4a88fa28c' was completed in 0,11 seconds with the score of 971,06 (1 unrouted), using 67198,20 CPU seconds and 281285 MB memory.
2026-08-14 17:18:13.903 INFO   [8917D0\98883F] Auto-router pass #645 on board '03f181894ff06cfc60e1e2e4a88fa28c' was completed in 0,10 seconds with the score of 971,06 (1 unrouted), using 67198,20 CPU seconds and 281285 MB memory.
2026-08-14 17:18:13.994 INFO   [8917D0\98883F] Auto-router pass #646 on board '03f181894ff06cfc60e1e2e4a88fa28c' was completed in 0,08 seconds with the score of 971,06 (1 unrouted), using 67198,20 CPU seconds and 281285 MB memory.
2026-08-14 17:18:14.089 INFO   [8917D0\98883F] Auto-router pass #647 on board '03f181894ff06cfc60e1e2e4a88fa28c' was completed in 0,09 seconds with the score of 971,06 (1 unrouted), using 67198,20 CPU seconds and 281285 MB memory.
2026-08-14 17:18:14.204 INFO   [8917D0\98883F] Restoring an earlier board that has the score of 971,06 (1 unrouted).
2026-08-14 17:18:14.204 INFO   [8917D0\98883F] Auto-router pass #648 on board '03f181894ff06cfc60e1e2e4a88fa28c' was completed in 0,11 seconds with the score of 971,06 (1 unrouted), using 67198,20 CPU seconds and 281285 MB memory.
2026-08-14 17:18:14.300 INFO   [8917D0\98883F] Auto-router pass #649 on board '03f181894ff06cfc60e1e2e4a88fa28c' was completed in 0,09 seconds with the score of 971,06 (1 unrouted), using 67559,45 CPU seconds and 282039 MB memory.
2026-08-14 17:18:14.395 INFO   [8917D0\98883F] Auto-router pass #650 on board '03f181894ff06cfc60e1e2e4a88fa28c' was completed in 0,09 seconds with the score of 971,06 (1 unrouted), using 67559,45 CPU seconds and 282039 MB memory.
2026-08-14 17:18:14.487 INFO   [8917D0\98883F] Auto-router pass #651 on board '03f181894ff06cfc60e1e2e4a88fa28c' was completed in 0,08 seconds with the score of 971,06 (1 unrouted), using 67559,45 CPU seconds and 282039 MB memory.
2026-08-14 17:18:14.607 INFO   [8917D0\98883F] Restoring an earlier board that has the score of 971,06 (1 unrouted).
2026-08-14 17:18:14.607 INFO   [8917D0\98883F] Auto-router pass #652 on board '03f181894ff06cfc60e1e2e4a88fa28c' was completed in 0,11 seconds with the score of 971,06 (1 unrouted), using 67559,45 CPU seconds and 282039 MB memory.
2026-08-14 17:18:14.709 INFO   [8917D0\98883F] Auto-router pass #653 on board '03f181894ff06cfc60e1e2e4a88fa28c' was completed in 0,09 seconds with the score of 971,06 (1 unrouted), using 67559,45 CPU seconds and 282039 MB memory.
2026-08-14 17:18:14.801 INFO   [8917D0\98883F] Auto-router pass #654 on board '03f181894ff06cfc60e1e2e4a88fa28c' was completed in 0,08 seconds with the score of 971,06 (1 unrouted), using 67559,45 CPU seconds and 282039 MB memory.
2026-08-14 17:18:14.896 INFO   [8917D0\98883F] Auto-router pass #655 on board '03f181894ff06cfc60e1e2e4a88fa28c' was completed in 0,09 seconds with the score of 971,06 (1 unrouted), using 67559,45 CPU seconds and 282039 MB memory.
2026-08-14 17:18:15.013 INFO   [8917D0\98883F] Restoring an earlier board that has the score of 971,06 (1 unrouted).
2026-08-14 17:18:15.013 INFO   [8917D0\98883F] Auto-router pass #656 on board '03f181894ff06cfc60e1e2e4a88fa28c' was completed in 0,11 seconds with the score of 971,06 (1 unrouted), using 67559,45 CPU seconds and 282039 MB memory.
2026-08-14 17:18:15.115 INFO   [8917D0\98883F] Auto-router pass #657 on board '03f181894ff06cfc60e1e2e4a88fa28c' was completed in 0,09 seconds with the score of 971,06 (1 unrouted), using 67559,45 CPU seconds and 282039 MB memory.
2026-08-14 17:18:15.211 INFO   [8917D0\98883F] Auto-router pass #658 on board '03f181894ff06cfc60e1e2e4a88fa28c' was completed in 0,08 seconds with the score of 971,06 (1 unrouted), using 67559,45 CPU seconds and 282039 MB memory.
2026-08-14 17:18:15.307 INFO   [8917D0\98883F] Auto-router pass #659 on board '03f181894ff06cfc60e1e2e4a88fa28c' was completed in 0,09 seconds with the score of 971,06 (1 unrouted), using 67921,69 CPU seconds and 282758 MB memory.
2026-08-14 17:18:15.420 INFO   [8917D0\98883F] Restoring an earlier board that has the score of 969,86 (2 unrouted).
2026-08-14 17:18:15.421 INFO   [8917D0\98883F] Auto-router pass #660 on board '03f181894ff06cfc60e1e2e4a88fa28c' was completed in 0,10 seconds with the score of 971,06 (1 unrouted), using 67921,69 CPU seconds and 282758 MB memory.
2026-08-14 17:18:15.880 INFO   [8917D0\98883F] Auto-router pass #661 on board '8d2119102c923b7544cd4588b114c7b3' was completed in 0,45 seconds with the score of 969,39 (2 unrouted), using 67921,69 CPU seconds and 282758 MB memory.
2026-08-14 17:18:16.057 INFO   [8917D0\98883F] Auto-router pass #662 on board 'dba4531d32936dc206d6ede775c850ae' was completed in 0,15 seconds with the score of 969,39 (2 unrouted), using 67921,69 CPU seconds and 282758 MB memory.
2026-08-14 17:18:16.258 INFO   [8917D0\98883F] Auto-router pass #663 on board 'e05a8bcce504c0203339667633703a3d' was completed in 0,17 seconds with the score of 969,53 (2 unrouted), using 68284,89 CPU seconds and 283548 MB memory.
2026-08-14 17:18:16.496 INFO   [8917D0\98883F] Restoring an earlier board that has the score of 969,86 (2 unrouted).
2026-08-14 17:18:16.496 INFO   [8917D0\98883F] Auto-router pass #664 on board '560ed6521b235e1dfc5cf879e0d704f2' was completed in 0,21 seconds with the score of 971,28 (1 unrouted), using 68284,89 CPU seconds and 283548 MB memory.
2026-08-14 17:18:16.961 INFO   [8917D0\98883F] Auto-router pass #665 on board '8d2119102c923b7544cd4588b114c7b3' was completed in 0,46 seconds with the score of 969,39 (2 unrouted), using 68284,89 CPU seconds and 283548 MB memory.
2026-08-14 17:18:17.125 INFO   [8917D0\98883F] Auto-router pass #666 on board 'dba4531d32936dc206d6ede775c850ae' was completed in 0,15 seconds with the score of 969,39 (2 unrouted), using 68284,89 CPU seconds and 283548 MB memory.
2026-08-14 17:18:17.309 INFO   [8917D0\98883F] Auto-router pass #667 on board 'e05a8bcce504c0203339667633703a3d' was completed in 0,17 seconds with the score of 969,53 (2 unrouted), using 68649,06 CPU seconds and 284331 MB memory.
2026-08-14 17:18:17.525 INFO   [8917D0\98883F] Restoring an earlier board that has the score of 969,86 (2 unrouted).
2026-08-14 17:18:17.525 INFO   [8917D0\98883F] Auto-router pass #668 on board '560ed6521b235e1dfc5cf879e0d704f2' was completed in 0,21 seconds with the score of 971,28 (1 unrouted), using 68649,06 CPU seconds and 284331 MB memory.
2026-08-14 17:18:18.827 INFO   [8917D0\98883F] Auto-router pass #669 on board '8d2119102c923b7544cd4588b114c7b3' was completed in 1,29 seconds with the score of 969,69 (2 unrouted), using 69014,21 CPU seconds and 285076 MB memory.
2026-08-14 17:18:19.697 INFO   [8917D0\98883F] Auto-router pass #670 on board '62dc05964a5b8c500038934330201715' was completed in 0,84 seconds with the score of 971,29 (1 unrouted), using 69380,31 CPU seconds and 285855 MB memory.
2026-08-14 17:18:19.822 INFO   [8917D0\98883F] Auto-router pass #671 on board '18187e1cb15db5ae01b89175c0a9f5f7' was completed in 0,10 seconds with the score of 971,29 (1 unrouted), using 69380,31 CPU seconds and 285855 MB memory.
2026-08-14 17:18:19.940 INFO   [8917D0\98883F] Restoring an earlier board that has the score of 971,29 (1 unrouted).
2026-08-14 17:18:19.940 INFO   [8917D0\98883F] Auto-router pass #672 on board '18187e1cb15db5ae01b89175c0a9f5f7' was completed in 0,11 seconds with the score of 971,29 (1 unrouted), using 69380,31 CPU seconds and 285855 MB memory.
2026-08-14 17:18:20.042 INFO   [8917D0\98883F] Auto-router pass #673 on board '18187e1cb15db5ae01b89175c0a9f5f7' was completed in 0,09 seconds with the score of 971,29 (1 unrouted), using 69380,31 CPU seconds and 285855 MB memory.
2026-08-14 17:18:20.137 INFO   [8917D0\98883F] Auto-router pass #674 on board '18187e1cb15db5ae01b89175c0a9f5f7' was completed in 0,09 seconds with the score of 971,29 (1 unrouted), using 69380,31 CPU seconds and 285855 MB memory.
2026-08-14 17:18:20.230 INFO   [8917D0\98883F] Auto-router pass #675 on board '18187e1cb15db5ae01b89175c0a9f5f7' was completed in 0,08 seconds with the score of 971,29 (1 unrouted), using 69380,31 CPU seconds and 285855 MB memory.
2026-08-14 17:18:20.347 INFO   [8917D0\98883F] Restoring an earlier board that has the score of 971,29 (1 unrouted).
2026-08-14 17:18:20.347 INFO   [8917D0\98883F] Auto-router pass #676 on board '18187e1cb15db5ae01b89175c0a9f5f7' was completed in 0,11 seconds with the score of 971,29 (1 unrouted), using 69747,38 CPU seconds and 286606 MB memory.
2026-08-14 17:18:20.449 INFO   [8917D0\98883F] Auto-router pass #677 on board '18187e1cb15db5ae01b89175c0a9f5f7' was completed in 0,09 seconds with the score of 971,29 (1 unrouted), using 69747,38 CPU seconds and 286606 MB memory.
2026-08-14 17:18:20.551 INFO   [8917D0\98883F] Auto-router pass #678 on board '18187e1cb15db5ae01b89175c0a9f5f7' was completed in 0,09 seconds with the score of 971,29 (1 unrouted), using 69747,38 CPU seconds and 286606 MB memory.
2026-08-14 17:18:20.643 INFO   [8917D0\98883F] Auto-router pass #679 on board '18187e1cb15db5ae01b89175c0a9f5f7' was completed in 0,08 seconds with the score of 971,29 (1 unrouted), using 69747,38 CPU seconds and 286606 MB memory.
2026-08-14 17:18:20.758 INFO   [8917D0\98883F] Restoring an earlier board that has the score of 971,29 (1 unrouted).
2026-08-14 17:18:20.758 INFO   [8917D0\98883F] Auto-router pass #680 on board '18187e1cb15db5ae01b89175c0a9f5f7' was completed in 0,11 seconds with the score of 971,29 (1 unrouted), using 69747,38 CPU seconds and 286606 MB memory.
2026-08-14 17:18:20.861 INFO   [8917D0\98883F] Auto-router pass #681 on board '18187e1cb15db5ae01b89175c0a9f5f7' was completed in 0,09 seconds with the score of 971,29 (1 unrouted), using 69747,38 CPU seconds and 286606 MB memory.
2026-08-14 17:18:20.956 INFO   [8917D0\98883F] Auto-router pass #682 on board '18187e1cb15db5ae01b89175c0a9f5f7' was completed in 0,08 seconds with the score of 971,29 (1 unrouted), using 69747,38 CPU seconds and 286606 MB memory.
2026-08-14 17:18:21.053 INFO   [8917D0\98883F] Auto-router pass #683 on board '18187e1cb15db5ae01b89175c0a9f5f7' was completed in 0,09 seconds with the score of 971,29 (1 unrouted), using 69747,38 CPU seconds and 286606 MB memory.
2026-08-14 17:18:21.166 INFO   [8917D0\98883F] Restoring an earlier board that has the score of 971,29 (1 unrouted).
2026-08-14 17:18:21.166 INFO   [8917D0\98883F] Auto-router pass #684 on board '18187e1cb15db5ae01b89175c0a9f5f7' was completed in 0,10 seconds with the score of 971,29 (1 unrouted), using 69747,38 CPU seconds and 286606 MB memory.
2026-08-14 17:18:21.269 INFO   [8917D0\98883F] Auto-router pass #685 on board '18187e1cb15db5ae01b89175c0a9f5f7' was completed in 0,09 seconds with the score of 971,29 (1 unrouted), using 70115,43 CPU seconds and 287325 MB memory.
2026-08-14 17:18:21.362 INFO   [8917D0\98883F] Auto-router pass #686 on board '18187e1cb15db5ae01b89175c0a9f5f7' was completed in 0,08 seconds with the score of 971,29 (1 unrouted), using 70115,43 CPU seconds and 287325 MB memory.
2026-08-14 17:18:21.457 INFO   [8917D0\98883F] Auto-router pass #687 on board '18187e1cb15db5ae01b89175c0a9f5f7' was completed in 0,09 seconds with the score of 971,29 (1 unrouted), using 70115,43 CPU seconds and 287325 MB memory.
2026-08-14 17:18:21.570 INFO   [8917D0\98883F] Restoring an earlier board that has the score of 969,82 (2 unrouted).
2026-08-14 17:18:21.570 INFO   [8917D0\98883F] Auto-router pass #688 on board '18187e1cb15db5ae01b89175c0a9f5f7' was completed in 0,10 seconds with the score of 971,29 (1 unrouted), using 70115,43 CPU seconds and 287325 MB memory.
2026-08-14 17:18:22.039 INFO   [8917D0\98883F] Auto-router pass #689 on board 'ac76bc106bce12f7fd238ff4d043d117' was completed in 0,46 seconds with the score of 969,86 (2 unrouted), using 70115,43 CPU seconds and 287325 MB memory.
2026-08-14 17:18:23.216 INFO   [8917D0\98883F] Auto-router pass #690 on board '8d2119102c923b7544cd4588b114c7b3' was completed in 1,17 seconds with the score of 969,45 (2 unrouted), using 70484,46 CPU seconds and 288094 MB memory.
2026-08-14 17:18:24.216 INFO   [8917D0\98883F] Auto-router pass #691 on board '34529bc9754c9ccc60867a929a4f0c40' was completed in 0,97 seconds with the score of 971,06 (1 unrouted), using 70854,45 CPU seconds and 288889 MB memory.
2026-08-14 17:18:24.367 INFO   [8917D0\98883F] Restoring an earlier board that has the score of 971,06 (1 unrouted).
2026-08-14 17:18:24.368 INFO   [8917D0\98883F] Auto-router pass #692 on board 'a31ad9ea9ca86e5719008c1f97ca301a' was completed in 0,13 seconds with the score of 971,06 (1 unrouted), using 71225,42 CPU seconds and 289658 MB memory.
2026-08-14 17:18:24.474 INFO   [8917D0\98883F] Auto-router pass #693 on board 'a31ad9ea9ca86e5719008c1f97ca301a' was completed in 0,10 seconds with the score of 971,06 (1 unrouted), using 71225,42 CPU seconds and 289658 MB memory.
2026-08-14 17:18:24.578 INFO   [8917D0\98883F] Auto-router pass #694 on board 'a31ad9ea9ca86e5719008c1f97ca301a' was completed in 0,09 seconds with the score of 971,06 (1 unrouted), using 71225,42 CPU seconds and 289658 MB memory.
2026-08-14 17:18:24.672 INFO   [8917D0\98883F] Auto-router pass #695 on board 'a31ad9ea9ca86e5719008c1f97ca301a' was completed in 0,09 seconds with the score of 971,06 (1 unrouted), using 71225,42 CPU seconds and 289658 MB memory.
2026-08-14 17:18:24.793 INFO   [8917D0\98883F] Restoring an earlier board that has the score of 971,06 (1 unrouted).
2026-08-14 17:18:24.793 INFO   [8917D0\98883F] Auto-router pass #696 on board 'a31ad9ea9ca86e5719008c1f97ca301a' was completed in 0,11 seconds with the score of 971,06 (1 unrouted), using 71225,42 CPU seconds and 289658 MB memory.
2026-08-14 17:18:24.902 INFO   [8917D0\98883F] Auto-router pass #697 on board 'a31ad9ea9ca86e5719008c1f97ca301a' was completed in 0,10 seconds with the score of 971,06 (1 unrouted), using 71225,42 CPU seconds and 289658 MB memory.
2026-08-14 17:18:24.997 INFO   [8917D0\98883F] Auto-router pass #698 on board 'a31ad9ea9ca86e5719008c1f97ca301a' was completed in 0,09 seconds with the score of 971,06 (1 unrouted), using 71225,42 CPU seconds and 289658 MB memory.
2026-08-14 17:18:25.099 INFO   [8917D0\98883F] Auto-router pass #699 on board 'a31ad9ea9ca86e5719008c1f97ca301a' was completed in 0,09 seconds with the score of 971,06 (1 unrouted), using 71225,42 CPU seconds and 289658 MB memory.
2026-08-14 17:18:25.216 INFO   [8917D0\98883F] Restoring an earlier board that has the score of 971,06 (1 unrouted).
2026-08-14 17:18:25.216 INFO   [8917D0\98883F] Auto-router pass #700 on board 'a31ad9ea9ca86e5719008c1f97ca301a' was completed in 0,11 seconds with the score of 971,06 (1 unrouted), using 71225,42 CPU seconds and 289658 MB memory.
2026-08-14 17:18:25.319 INFO   [8917D0\98883F] Auto-router pass #701 on board 'a31ad9ea9ca86e5719008c1f97ca301a' was completed in 0,09 seconds with the score of 971,06 (1 unrouted), using 71597,36 CPU seconds and 290337 MB memory.
2026-08-14 17:18:25.414 INFO   [8917D0\98883F] Auto-router pass #702 on board 'a31ad9ea9ca86e5719008c1f97ca301a' was completed in 0,09 seconds with the score of 971,06 (1 unrouted), using 71597,36 CPU seconds and 290337 MB memory.
2026-08-14 17:18:25.513 INFO   [8917D0\98883F] Auto-router pass #703 on board 'a31ad9ea9ca86e5719008c1f97ca301a' was completed in 0,09 seconds with the score of 971,06 (1 unrouted), using 71597,36 CPU seconds and 290337 MB memory.
2026-08-14 17:18:25.633 INFO   [8917D0\98883F] Restoring an earlier board that has the score of 971,06 (1 unrouted).
2026-08-14 17:18:25.633 INFO   [8917D0\98883F] Auto-router pass #704 on board 'a31ad9ea9ca86e5719008c1f97ca301a' was completed in 0,11 seconds with the score of 971,06 (1 unrouted), using 71597,36 CPU seconds and 290337 MB memory.
2026-08-14 17:18:25.738 INFO   [8917D0\98883F] Auto-router pass #705 on board 'a31ad9ea9ca86e5719008c1f97ca301a' was completed in 0,10 seconds with the score of 971,06 (1 unrouted), using 71597,36 CPU seconds and 290337 MB memory.
2026-08-14 17:18:25.839 INFO   [8917D0\98883F] Auto-router pass #706 on board 'a31ad9ea9ca86e5719008c1f97ca301a' was completed in 0,09 seconds with the score of 971,06 (1 unrouted), using 71597,36 CPU seconds and 290337 MB memory.
2026-08-14 17:18:25.934 INFO   [8917D0\98883F] Auto-router pass #707 on board 'a31ad9ea9ca86e5719008c1f97ca301a' was completed in 0,09 seconds with the score of 971,06 (1 unrouted), using 71597,36 CPU seconds and 290337 MB memory.
2026-08-14 17:18:26.052 INFO   [8917D0\98883F] Restoring an earlier board that has the score of 969,69 (2 unrouted).
2026-08-14 17:18:26.052 INFO   [8917D0\98883F] Auto-router pass #708 on board 'a31ad9ea9ca86e5719008c1f97ca301a' was completed in 0,11 seconds with the score of 971,06 (1 unrouted), using 71597,36 CPU seconds and 290337 MB memory.
2026-08-14 17:18:26.428 INFO   [8917D0\98883F] Auto-router pass #709 on board '94c719717b8439839cafda8d1ece0ecd' was completed in 0,37 seconds with the score of 971,29 (1 unrouted), using 71970,28 CPU seconds and 291060 MB memory.
2026-08-14 17:18:26.542 INFO   [8917D0\98883F] Auto-router pass #710 on board '16d23f8a9b5e765f5b22189dc5cc3abc' was completed in 0,09 seconds with the score of 971,29 (1 unrouted), using 71970,28 CPU seconds and 291060 MB memory.
2026-08-14 17:18:26.637 INFO   [8917D0\98883F] Auto-router pass #711 on board '16d23f8a9b5e765f5b22189dc5cc3abc' was completed in 0,09 seconds with the score of 971,29 (1 unrouted), using 71970,28 CPU seconds and 291060 MB memory.
2026-08-14 17:18:26.758 INFO   [8917D0\98883F] Restoring an earlier board that has the score of 971,29 (1 unrouted).
2026-08-14 17:18:26.758 INFO   [8917D0\98883F] Auto-router pass #712 on board '16d23f8a9b5e765f5b22189dc5cc3abc' was completed in 0,11 seconds with the score of 971,29 (1 unrouted), using 71970,28 CPU seconds and 291060 MB memory.
2026-08-14 17:18:26.860 INFO   [8917D0\98883F] Auto-router pass #713 on board '16d23f8a9b5e765f5b22189dc5cc3abc' was completed in 0,09 seconds with the score of 971,29 (1 unrouted), using 71970,28 CPU seconds and 291060 MB memory.
2026-08-14 17:18:26.956 INFO   [8917D0\98883F] Auto-router pass #714 on board '16d23f8a9b5e765f5b22189dc5cc3abc' was completed in 0,09 seconds with the score of 971,29 (1 unrouted), using 71970,28 CPU seconds and 291060 MB memory.
2026-08-14 17:18:27.048 INFO   [8917D0\98883F] Auto-router pass #715 on board '16d23f8a9b5e765f5b22189dc5cc3abc' was completed in 0,08 seconds with the score of 971,29 (1 unrouted), using 71970,28 CPU seconds and 291060 MB memory.
2026-08-14 17:18:27.165 INFO   [8917D0\98883F] Restoring an earlier board that has the score of 971,29 (1 unrouted).
2026-08-14 17:18:27.165 INFO   [8917D0\98883F] Auto-router pass #716 on board '16d23f8a9b5e765f5b22189dc5cc3abc' was completed in 0,10 seconds with the score of 971,29 (1 unrouted), using 71970,28 CPU seconds and 291060 MB memory.
2026-08-14 17:18:27.268 INFO   [8917D0\98883F] Auto-router pass #717 on board '16d23f8a9b5e765f5b22189dc5cc3abc' was completed in 0,09 seconds with the score of 971,29 (1 unrouted), using 72344,17 CPU seconds and 291791 MB memory.
2026-08-14 17:18:27.359 INFO   [8917D0\98883F] Auto-router pass #718 on board '16d23f8a9b5e765f5b22189dc5cc3abc' was completed in 0,08 seconds with the score of 971,29 (1 unrouted), using 72344,17 CPU seconds and 291791 MB memory.
2026-08-14 17:18:27.454 INFO   [8917D0\98883F] Auto-router pass #719 on board '16d23f8a9b5e765f5b22189dc5cc3abc' was completed in 0,09 seconds with the score of 971,29 (1 unrouted), using 72344,17 CPU seconds and 291791 MB memory.
2026-08-14 17:18:27.567 INFO   [8917D0\98883F] Restoring an earlier board that has the score of 971,29 (1 unrouted).
2026-08-14 17:18:27.567 INFO   [8917D0\98883F] Auto-router pass #720 on board '16d23f8a9b5e765f5b22189dc5cc3abc' was completed in 0,10 seconds with the score of 971,29 (1 unrouted), using 72344,17 CPU seconds and 291791 MB memory.
2026-08-14 17:18:27.667 INFO   [8917D0\98883F] Auto-router pass #721 on board '16d23f8a9b5e765f5b22189dc5cc3abc' was completed in 0,09 seconds with the score of 971,29 (1 unrouted), using 72344,17 CPU seconds and 291791 MB memory.
2026-08-14 17:18:27.759 INFO   [8917D0\98883F] Auto-router pass #722 on board '16d23f8a9b5e765f5b22189dc5cc3abc' was completed in 0,08 seconds with the score of 971,29 (1 unrouted), using 72344,17 CPU seconds and 291791 MB memory.
2026-08-14 17:18:27.854 INFO   [8917D0\98883F] Auto-router pass #723 on board '16d23f8a9b5e765f5b22189dc5cc3abc' was completed in 0,09 seconds with the score of 971,29 (1 unrouted), using 72344,17 CPU seconds and 291791 MB memory.
2026-08-14 17:18:27.969 INFO   [8917D0\98883F] Restoring an earlier board that has the score of 971,29 (1 unrouted).
2026-08-14 17:18:27.969 INFO   [8917D0\98883F] Auto-router pass #724 on board '16d23f8a9b5e765f5b22189dc5cc3abc' was completed in 0,11 seconds with the score of 971,29 (1 unrouted), using 72344,17 CPU seconds and 291791 MB memory.
2026-08-14 17:18:28.065 INFO   [8917D0\98883F] Auto-router pass #725 on board '16d23f8a9b5e765f5b22189dc5cc3abc' was completed in 0,09 seconds with the score of 971,29 (1 unrouted), using 72344,17 CPU seconds and 291791 MB memory.
2026-08-14 17:18:28.160 INFO   [8917D0\98883F] Auto-router pass #726 on board '16d23f8a9b5e765f5b22189dc5cc3abc' was completed in 0,09 seconds with the score of 971,29 (1 unrouted), using 72344,17 CPU seconds and 291791 MB memory.
2026-08-14 17:18:28.252 INFO   [8917D0\98883F] Auto-router pass #727 on board '16d23f8a9b5e765f5b22189dc5cc3abc' was completed in 0,08 seconds with the score of 971,29 (1 unrouted), using 72344,17 CPU seconds and 291791 MB memory.
2026-08-14 17:18:28.367 INFO   [8917D0\98883F] Restoring an earlier board that has the score of 969,69 (2 unrouted).
2026-08-14 17:18:28.368 INFO   [8917D0\98883F] Auto-router pass #728 on board '16d23f8a9b5e765f5b22189dc5cc3abc' was completed in 0,11 seconds with the score of 971,29 (1 unrouted), using 72719,05 CPU seconds and 292523 MB memory.
2026-08-14 17:18:28.741 INFO   [8917D0\98883F] Auto-router pass #729 on board '94c719717b8439839cafda8d1ece0ecd' was completed in 0,36 seconds with the score of 971,29 (1 unrouted), using 72719,05 CPU seconds and 292523 MB memory.
2026-08-14 17:18:28.836 INFO   [8917D0\98883F] Auto-router pass #730 on board '16d23f8a9b5e765f5b22189dc5cc3abc' was completed in 0,09 seconds with the score of 971,29 (1 unrouted), using 72719,05 CPU seconds and 292523 MB memory.
2026-08-14 17:18:28.933 INFO   [8917D0\98883F] Auto-router pass #731 on board '16d23f8a9b5e765f5b22189dc5cc3abc' was completed in 0,09 seconds with the score of 971,29 (1 unrouted), using 72719,05 CPU seconds and 292523 MB memory.
2026-08-14 17:18:29.053 INFO   [8917D0\98883F] Restoring an earlier board that has the score of 969,69 (2 unrouted).
2026-08-14 17:18:29.053 INFO   [8917D0\98883F] Auto-router pass #732 on board '16d23f8a9b5e765f5b22189dc5cc3abc' was completed in 0,11 seconds with the score of 971,29 (1 unrouted), using 72719,05 CPU seconds and 292523 MB memory.
2026-08-14 17:18:29.894 INFO   [8917D0\98883F] Auto-router pass #733 on board '94c719717b8439839cafda8d1ece0ecd' was completed in 0,83 seconds with the score of 971,29 (1 unrouted), using 73094,91 CPU seconds and 293292 MB memory.
2026-08-14 17:18:30.009 INFO   [8917D0\98883F] Auto-router pass #734 on board 'ed35c05ff106a56ea61d2a8afe29754c' was completed in 0,09 seconds with the score of 971,29 (1 unrouted), using 73094,91 CPU seconds and 293292 MB memory.
2026-08-14 17:18:30.103 INFO   [8917D0\98883F] Auto-router pass #735 on board 'ed35c05ff106a56ea61d2a8afe29754c' was completed in 0,09 seconds with the score of 971,29 (1 unrouted), using 73094,91 CPU seconds and 293292 MB memory.
2026-08-14 17:18:30.222 INFO   [8917D0\98883F] Restoring an earlier board that has the score of 971,29 (1 unrouted).
2026-08-14 17:18:30.222 INFO   [8917D0\98883F] Auto-router pass #736 on board 'ed35c05ff106a56ea61d2a8afe29754c' was completed in 0,11 seconds with the score of 971,29 (1 unrouted), using 73094,91 CPU seconds and 293292 MB memory.
2026-08-14 17:18:30.327 INFO   [8917D0\98883F] Auto-router pass #737 on board 'ed35c05ff106a56ea61d2a8afe29754c' was completed in 0,10 seconds with the score of 971,29 (1 unrouted), using 73471,76 CPU seconds and 294065 MB memory.
2026-08-14 17:18:30.419 INFO   [8917D0\98883F] Auto-router pass #738 on board 'ed35c05ff106a56ea61d2a8afe29754c' was completed in 0,08 seconds with the score of 971,29 (1 unrouted), using 73471,76 CPU seconds and 294065 MB memory.
2026-08-14 17:18:30.514 INFO   [8917D0\98883F] Auto-router pass #739 on board 'ed35c05ff106a56ea61d2a8afe29754c' was completed in 0,09 seconds with the score of 971,29 (1 unrouted), using 73471,76 CPU seconds and 294065 MB memory.
2026-08-14 17:18:30.627 INFO   [8917D0\98883F] Restoring an earlier board that has the score of 971,29 (1 unrouted).
2026-08-14 17:18:30.628 INFO   [8917D0\98883F] Auto-router pass #740 on board 'ed35c05ff106a56ea61d2a8afe29754c' was completed in 0,10 seconds with the score of 971,29 (1 unrouted), using 73471,76 CPU seconds and 294065 MB memory.
2026-08-14 17:18:30.729 INFO   [8917D0\98883F] Auto-router pass #741 on board 'ed35c05ff106a56ea61d2a8afe29754c' was completed in 0,09 seconds with the score of 971,29 (1 unrouted), using 73471,76 CPU seconds and 294065 MB memory.
2026-08-14 17:18:30.820 INFO   [8917D0\98883F] Auto-router pass #742 on board 'ed35c05ff106a56ea61d2a8afe29754c' was completed in 0,08 seconds with the score of 971,29 (1 unrouted), using 73471,76 CPU seconds and 294065 MB memory.
2026-08-14 17:18:30.916 INFO   [8917D0\98883F] Auto-router pass #743 on board 'ed35c05ff106a56ea61d2a8afe29754c' was completed in 0,09 seconds with the score of 971,29 (1 unrouted), using 73471,76 CPU seconds and 294065 MB memory.
2026-08-14 17:18:31.029 INFO   [8917D0\98883F] Restoring an earlier board that has the score of 971,29 (1 unrouted).
2026-08-14 17:18:31.029 INFO   [8917D0\98883F] Auto-router pass #744 on board 'ed35c05ff106a56ea61d2a8afe29754c' was completed in 0,10 seconds with the score of 971,29 (1 unrouted), using 73471,76 CPU seconds and 294065 MB memory.
2026-08-14 17:18:31.140 INFO   [8917D0\98883F] Auto-router pass #745 on board 'ed35c05ff106a56ea61d2a8afe29754c' was completed in 0,10 seconds with the score of 971,29 (1 unrouted), using 73471,76 CPU seconds and 294065 MB memory.
2026-08-14 17:18:31.235 INFO   [8917D0\98883F] Auto-router pass #746 on board 'ed35c05ff106a56ea61d2a8afe29754c' was completed in 0,09 seconds with the score of 971,29 (1 unrouted), using 73471,76 CPU seconds and 294065 MB memory.
2026-08-14 17:18:31.328 INFO   [8917D0\98883F] Auto-router pass #747 on board 'ed35c05ff106a56ea61d2a8afe29754c' was completed in 0,08 seconds with the score of 971,29 (1 unrouted), using 73849,59 CPU seconds and 294783 MB memory.
2026-08-14 17:18:31.446 INFO   [8917D0\98883F] Restoring an earlier board that has the score of 971,29 (1 unrouted).
2026-08-14 17:18:31.446 INFO   [8917D0\98883F] Auto-router pass #748 on board 'ed35c05ff106a56ea61d2a8afe29754c' was completed in 0,11 seconds with the score of 971,29 (1 unrouted), using 73849,59 CPU seconds and 294783 MB memory.
2026-08-14 17:18:31.549 INFO   [8917D0\98883F] Auto-router pass #749 on board 'ed35c05ff106a56ea61d2a8afe29754c' was completed in 0,09 seconds with the score of 971,29 (1 unrouted), using 73849,59 CPU seconds and 294783 MB memory.
2026-08-14 17:18:31.648 INFO   [8917D0\98883F] Auto-router pass #750 on board 'ed35c05ff106a56ea61d2a8afe29754c' was completed in 0,09 seconds with the score of 971,29 (1 unrouted), using 73849,59 CPU seconds and 294783 MB memory.
2026-08-14 17:18:31.741 INFO   [8917D0\98883F] Auto-router pass #751 on board 'ed35c05ff106a56ea61d2a8afe29754c' was completed in 0,08 seconds with the score of 971,29 (1 unrouted), using 73849,59 CPU seconds and 294783 MB memory.
2026-08-14 17:18:31.857 INFO   [8917D0\98883F] Restoring an earlier board that has the score of 969,69 (2 unrouted).
2026-08-14 17:18:31.858 INFO   [8917D0\98883F] Auto-router pass #752 on board 'ed35c05ff106a56ea61d2a8afe29754c' was completed in 0,11 seconds with the score of 971,29 (1 unrouted), using 73849,59 CPU seconds and 294783 MB memory.
2026-08-14 17:18:32.695 INFO   [8917D0\98883F] Auto-router pass #753 on board '94c719717b8439839cafda8d1ece0ecd' was completed in 0,83 seconds with the score of 971,29 (1 unrouted), using 74228,39 CPU seconds and 295536 MB memory.
2026-08-14 17:18:32.806 INFO   [8917D0\98883F] Auto-router pass #754 on board '5ea2485ee5b2e79cbb98305e5a93f8e3' was completed in 0,09 seconds with the score of 971,29 (1 unrouted), using 74228,39 CPU seconds and 295536 MB memory.
2026-08-14 17:18:32.907 INFO   [8917D0\98883F] Auto-router pass #755 on board '5ea2485ee5b2e79cbb98305e5a93f8e3' was completed in 0,09 seconds with the score of 971,29 (1 unrouted), using 74228,39 CPU seconds and 295536 MB memory.
2026-08-14 17:18:33.023 INFO   [8917D0\98883F] Restoring an earlier board that has the score of 971,29 (1 unrouted).
2026-08-14 17:18:33.023 INFO   [8917D0\98883F] Auto-router pass #756 on board '5ea2485ee5b2e79cbb98305e5a93f8e3' was completed in 0,11 seconds with the score of 971,29 (1 unrouted), using 74228,39 CPU seconds and 295536 MB memory.
2026-08-14 17:18:33.122 INFO   [8917D0\98883F] Auto-router pass #757 on board '5ea2485ee5b2e79cbb98305e5a93f8e3' was completed in 0,09 seconds with the score of 971,29 (1 unrouted), using 74228,39 CPU seconds and 295536 MB memory.
2026-08-14 17:18:33.218 INFO   [8917D0\98883F] Auto-router pass #758 on board '5ea2485ee5b2e79cbb98305e5a93f8e3' was completed in 0,09 seconds with the score of 971,29 (1 unrouted), using 74228,39 CPU seconds and 295536 MB memory.
2026-08-14 17:18:33.310 INFO   [8917D0\98883F] Auto-router pass #759 on board '5ea2485ee5b2e79cbb98305e5a93f8e3' was completed in 0,08 seconds with the score of 971,29 (1 unrouted), using 74608,17 CPU seconds and 296292 MB memory.
2026-08-14 17:18:33.426 INFO   [8917D0\98883F] Restoring an earlier board that has the score of 971,29 (1 unrouted).
2026-08-14 17:18:33.426 INFO   [8917D0\98883F] Auto-router pass #760 on board '5ea2485ee5b2e79cbb98305e5a93f8e3' was completed in 0,11 seconds with the score of 971,29 (1 unrouted), using 74608,17 CPU seconds and 296292 MB memory.
2026-08-14 17:18:33.528 INFO   [8917D0\98883F] Auto-router pass #761 on board '5ea2485ee5b2e79cbb98305e5a93f8e3' was completed in 0,09 seconds with the score of 971,29 (1 unrouted), using 74608,17 CPU seconds and 296292 MB memory.
2026-08-14 17:18:33.627 INFO   [8917D0\98883F] Auto-router pass #762 on board '5ea2485ee5b2e79cbb98305e5a93f8e3' was completed in 0,09 seconds with the score of 971,29 (1 unrouted), using 74608,17 CPU seconds and 296292 MB memory.
2026-08-14 17:18:33.719 INFO   [8917D0\98883F] Auto-router pass #763 on board '5ea2485ee5b2e79cbb98305e5a93f8e3' was completed in 0,08 seconds with the score of 971,29 (1 unrouted), using 74608,17 CPU seconds and 296292 MB memory.
2026-08-14 17:18:33.836 INFO   [8917D0\98883F] Restoring an earlier board that has the score of 971,29 (1 unrouted).
2026-08-14 17:18:33.836 INFO   [8917D0\98883F] Auto-router pass #764 on board '5ea2485ee5b2e79cbb98305e5a93f8e3' was completed in 0,11 seconds with the score of 971,29 (1 unrouted), using 74608,17 CPU seconds and 296292 MB memory.
2026-08-14 17:18:33.939 INFO   [8917D0\98883F] Auto-router pass #765 on board '5ea2485ee5b2e79cbb98305e5a93f8e3' was completed in 0,09 seconds with the score of 971,29 (1 unrouted), using 74608,17 CPU seconds and 296292 MB memory.
2026-08-14 17:18:34.033 INFO   [8917D0\98883F] Auto-router pass #766 on board '5ea2485ee5b2e79cbb98305e5a93f8e3' was completed in 0,08 seconds with the score of 971,29 (1 unrouted), using 74608,17 CPU seconds and 296292 MB memory.
2026-08-14 17:18:34.129 INFO   [8917D0\98883F] Auto-router pass #767 on board '5ea2485ee5b2e79cbb98305e5a93f8e3' was completed in 0,09 seconds with the score of 971,29 (1 unrouted), using 74608,17 CPU seconds and 296292 MB memory.
2026-08-14 17:18:34.242 INFO   [8917D0\98883F] Restoring an earlier board that has the score of 971,29 (1 unrouted).
2026-08-14 17:18:34.242 INFO   [8917D0\98883F] Auto-router pass #768 on board '5ea2485ee5b2e79cbb98305e5a93f8e3' was completed in 0,10 seconds with the score of 971,29 (1 unrouted), using 74608,17 CPU seconds and 296292 MB memory.
2026-08-14 17:18:34.344 INFO   [8917D0\98883F] Auto-router pass #769 on board '5ea2485ee5b2e79cbb98305e5a93f8e3' was completed in 0,09 seconds with the score of 971,29 (1 unrouted), using 74988,94 CPU seconds and 297013 MB memory.
2026-08-14 17:18:34.436 INFO   [8917D0\98883F] Auto-router pass #770 on board '5ea2485ee5b2e79cbb98305e5a93f8e3' was completed in 0,08 seconds with the score of 971,29 (1 unrouted), using 74988,94 CPU seconds and 297013 MB memory.
2026-08-14 17:18:34.531 INFO   [8917D0\98883F] Auto-router pass #771 on board '5ea2485ee5b2e79cbb98305e5a93f8e3' was completed in 0,09 seconds with the score of 971,29 (1 unrouted), using 74988,94 CPU seconds and 297013 MB memory.
2026-08-14 17:18:34.643 INFO   [8917D0\98883F] Restoring an earlier board that has the score of 969,69 (2 unrouted).
2026-08-14 17:18:34.643 INFO   [8917D0\98883F] Auto-router pass #772 on board '5ea2485ee5b2e79cbb98305e5a93f8e3' was completed in 0,10 seconds with the score of 971,29 (1 unrouted), using 74988,94 CPU seconds and 297013 MB memory.
2026-08-14 17:18:35.027 INFO   [8917D0\98883F] Auto-router pass #773 on board '62dc05964a5b8c500038934330201715' was completed in 0,38 seconds with the score of 971,29 (1 unrouted), using 74988,94 CPU seconds and 297013 MB memory.
2026-08-14 17:18:35.141 INFO   [8917D0\98883F] Auto-router pass #774 on board '2f6da45c371cbe81b4a47e3ee04346a9' was completed in 0,09 seconds with the score of 971,29 (1 unrouted), using 74988,94 CPU seconds and 297013 MB memory.
2026-08-14 17:18:35.240 INFO   [8917D0\98883F] Auto-router pass #775 on board '2f6da45c371cbe81b4a47e3ee04346a9' was completed in 0,09 seconds with the score of 971,29 (1 unrouted), using 74988,94 CPU seconds and 297013 MB memory.
2026-08-14 17:18:35.356 INFO   [8917D0\98883F] Restoring an earlier board that has the score of 971,29 (1 unrouted).
2026-08-14 17:18:35.356 INFO   [8917D0\98883F] Auto-router pass #776 on board '2f6da45c371cbe81b4a47e3ee04346a9' was completed in 0,11 seconds with the score of 971,29 (1 unrouted), using 75370,69 CPU seconds and 297758 MB memory.
2026-08-14 17:18:35.457 INFO   [8917D0\98883F] Auto-router pass #777 on board '2f6da45c371cbe81b4a47e3ee04346a9' was completed in 0,09 seconds with the score of 971,29 (1 unrouted), using 75370,69 CPU seconds and 297758 MB memory.
2026-08-14 17:18:35.548 INFO   [8917D0\98883F] Auto-router pass #778 on board '2f6da45c371cbe81b4a47e3ee04346a9' was completed in 0,08 seconds with the score of 971,29 (1 unrouted), using 75370,69 CPU seconds and 297758 MB memory.
2026-08-14 17:18:35.644 INFO   [8917D0\98883F] Auto-router pass #779 on board '2f6da45c371cbe81b4a47e3ee04346a9' was completed in 0,09 seconds with the score of 971,29 (1 unrouted), using 75370,69 CPU seconds and 297758 MB memory.
2026-08-14 17:18:35.760 INFO   [8917D0\98883F] Restoring an earlier board that has the score of 971,29 (1 unrouted).
2026-08-14 17:18:35.760 INFO   [8917D0\98883F] Auto-router pass #780 on board '2f6da45c371cbe81b4a47e3ee04346a9' was completed in 0,11 seconds with the score of 971,29 (1 unrouted), using 75370,69 CPU seconds and 297758 MB memory.
2026-08-14 17:18:35.857 INFO   [8917D0\98883F] Auto-router pass #781 on board '2f6da45c371cbe81b4a47e3ee04346a9' was completed in 0,09 seconds with the score of 971,29 (1 unrouted), using 75370,69 CPU seconds and 297758 MB memory.
2026-08-14 17:18:35.952 INFO   [8917D0\98883F] Auto-router pass #782 on board '2f6da45c371cbe81b4a47e3ee04346a9' was completed in 0,09 seconds with the score of 971,29 (1 unrouted), using 75370,69 CPU seconds and 297758 MB memory.
2026-08-14 17:18:36.045 INFO   [8917D0\98883F] Auto-router pass #783 on board '2f6da45c371cbe81b4a47e3ee04346a9' was completed in 0,08 seconds with the score of 971,29 (1 unrouted), using 75370,69 CPU seconds and 297758 MB memory.
2026-08-14 17:18:36.162 INFO   [8917D0\98883F] Restoring an earlier board that has the score of 971,29 (1 unrouted).
2026-08-14 17:18:36.162 INFO   [8917D0\98883F] Auto-router pass #784 on board '2f6da45c371cbe81b4a47e3ee04346a9' was completed in 0,11 seconds with the score of 971,29 (1 unrouted), using 75370,69 CPU seconds and 297758 MB memory.
2026-08-14 17:18:36.265 INFO   [8917D0\98883F] Auto-router pass #785 on board '2f6da45c371cbe81b4a47e3ee04346a9' was completed in 0,09 seconds with the score of 971,29 (1 unrouted), using 75753,42 CPU seconds and 298486 MB memory.
2026-08-14 17:18:36.364 INFO   [8917D0\98883F] Auto-router pass #786 on board '2f6da45c371cbe81b4a47e3ee04346a9' was completed in 0,09 seconds with the score of 971,29 (1 unrouted), using 75753,42 CPU seconds and 298486 MB memory.
2026-08-14 17:18:36.457 INFO   [8917D0\98883F] Auto-router pass #787 on board '2f6da45c371cbe81b4a47e3ee04346a9' was completed in 0,08 seconds with the score of 971,29 (1 unrouted), using 75753,42 CPU seconds and 298486 MB memory.
2026-08-14 17:18:36.573 INFO   [8917D0\98883F] Restoring an earlier board that has the score of 971,29 (1 unrouted).
2026-08-14 17:18:36.573 INFO   [8917D0\98883F] Auto-router pass #788 on board '2f6da45c371cbe81b4a47e3ee04346a9' was completed in 0,11 seconds with the score of 971,29 (1 unrouted), using 75753,42 CPU seconds and 298486 MB memory.
2026-08-14 17:18:36.678 INFO   [8917D0\98883F] Auto-router pass #789 on board '2f6da45c371cbe81b4a47e3ee04346a9' was completed in 0,10 seconds with the score of 971,29 (1 unrouted), using 75753,42 CPU seconds and 298486 MB memory.
2026-08-14 17:18:36.771 INFO   [8917D0\98883F] Auto-router pass #790 on board '2f6da45c371cbe81b4a47e3ee04346a9' was completed in 0,08 seconds with the score of 971,29 (1 unrouted), using 75753,42 CPU seconds and 298486 MB memory.
2026-08-14 17:18:36.867 INFO   [8917D0\98883F] Auto-router pass #791 on board '2f6da45c371cbe81b4a47e3ee04346a9' was completed in 0,09 seconds with the score of 971,29 (1 unrouted), using 75753,42 CPU seconds and 298486 MB memory.
2026-08-14 17:18:36.980 INFO   [8917D0\98883F] Restoring an earlier board that has the score of 969,69 (2 unrouted).
2026-08-14 17:18:36.980 INFO   [8917D0\98883F] Auto-router pass #792 on board '2f6da45c371cbe81b4a47e3ee04346a9' was completed in 0,10 seconds with the score of 971,29 (1 unrouted), using 75753,42 CPU seconds and 298486 MB memory.
2026-08-14 17:18:37.361 INFO   [8917D0\98883F] Auto-router pass #793 on board '62dc05964a5b8c500038934330201715' was completed in 0,37 seconds with the score of 971,29 (1 unrouted), using 76137,13 CPU seconds and 299230 MB memory.
2026-08-14 17:18:37.459 INFO   [8917D0\98883F] Auto-router pass #794 on board '2f6da45c371cbe81b4a47e3ee04346a9' was completed in 0,09 seconds with the score of 971,29 (1 unrouted), using 76137,13 CPU seconds and 299230 MB memory.
2026-08-14 17:18:37.553 INFO   [8917D0\98883F] Auto-router pass #795 on board '2f6da45c371cbe81b4a47e3ee04346a9' was completed in 0,09 seconds with the score of 971,29 (1 unrouted), using 76137,13 CPU seconds and 299230 MB memory.
2026-08-14 17:18:37.671 INFO   [8917D0\98883F] Restoring an earlier board that has the score of 969,69 (2 unrouted).
2026-08-14 17:18:37.671 INFO   [8917D0\98883F] Auto-router pass #796 on board '2f6da45c371cbe81b4a47e3ee04346a9' was completed in 0,11 seconds with the score of 971,29 (1 unrouted), using 76137,13 CPU seconds and 299230 MB memory.
2026-08-14 17:18:38.501 INFO   [8917D0\98883F] Auto-router pass #797 on board '62dc05964a5b8c500038934330201715' was completed in 0,82 seconds with the score of 971,29 (1 unrouted), using 76521,83 CPU seconds and 300001 MB memory.
2026-08-14 17:18:38.612 INFO   [8917D0\98883F] Auto-router pass #798 on board '7004fdfaffbc780300cf5526323e40b9' was completed in 0,09 seconds with the score of 971,29 (1 unrouted), using 76521,83 CPU seconds and 300001 MB memory.
2026-08-14 17:18:38.710 INFO   [8917D0\98883F] Auto-router pass #799 on board '7004fdfaffbc780300cf5526323e40b9' was completed in 0,09 seconds with the score of 971,29 (1 unrouted), using 76521,83 CPU seconds and 300001 MB memory.
2026-08-14 17:18:38.829 INFO   [8917D0\98883F] Restoring an earlier board that has the score of 971,29 (1 unrouted).
2026-08-14 17:18:38.829 INFO   [8917D0\98883F] Auto-router pass #800 on board '7004fdfaffbc780300cf5526323e40b9' was completed in 0,11 seconds with the score of 971,29 (1 unrouted), using 76521,83 CPU seconds and 300001 MB memory.
2026-08-14 17:18:38.925 INFO   [8917D0\98883F] Auto-router pass #801 on board '7004fdfaffbc780300cf5526323e40b9' was completed in 0,09 seconds with the score of 971,29 (1 unrouted), using 76521,83 CPU seconds and 300001 MB memory.
2026-08-14 17:18:39.021 INFO   [8917D0\98883F] Auto-router pass #802 on board '7004fdfaffbc780300cf5526323e40b9' was completed in 0,09 seconds with the score of 971,29 (1 unrouted), using 76521,83 CPU seconds and 300001 MB memory.
2026-08-14 17:18:39.113 INFO   [8917D0\98883F] Auto-router pass #803 on board '7004fdfaffbc780300cf5526323e40b9' was completed in 0,08 seconds with the score of 971,29 (1 unrouted), using 76521,83 CPU seconds and 300001 MB memory.
2026-08-14 17:18:39.229 INFO   [8917D0\98883F] Restoring an earlier board that has the score of 971,29 (1 unrouted).
2026-08-14 17:18:39.229 INFO   [8917D0\98883F] Auto-router pass #804 on board '7004fdfaffbc780300cf5526323e40b9' was completed in 0,11 seconds with the score of 971,29 (1 unrouted), using 76521,83 CPU seconds and 300001 MB memory.
2026-08-14 17:18:39.331 INFO   [8917D0\98883F] Auto-router pass #805 on board '7004fdfaffbc780300cf5526323e40b9' was completed in 0,09 seconds with the score of 971,29 (1 unrouted), using 76907,50 CPU seconds and 300753 MB memory.
2026-08-14 17:18:39.430 INFO   [8917D0\98883F] Auto-router pass #806 on board '7004fdfaffbc780300cf5526323e40b9' was completed in 0,09 seconds with the score of 971,29 (1 unrouted), using 76907,50 CPU seconds and 300753 MB memory.
2026-08-14 17:18:39.522 INFO   [8917D0\98883F] Auto-router pass #807 on board '7004fdfaffbc780300cf5526323e40b9' was completed in 0,08 seconds with the score of 971,29 (1 unrouted), using 76907,50 CPU seconds and 300753 MB memory.
2026-08-14 17:18:39.637 INFO   [8917D0\98883F] Restoring an earlier board that has the score of 971,29 (1 unrouted).
2026-08-14 17:18:39.637 INFO   [8917D0\98883F] Auto-router pass #808 on board '7004fdfaffbc780300cf5526323e40b9' was completed in 0,11 seconds with the score of 971,29 (1 unrouted), using 76907,50 CPU seconds and 300753 MB memory.
2026-08-14 17:18:39.742 INFO   [8917D0\98883F] Auto-router pass #809 on board '7004fdfaffbc780300cf5526323e40b9' was completed in 0,10 seconds with the score of 971,29 (1 unrouted), using 76907,50 CPU seconds and 300753 MB memory.
2026-08-14 17:18:39.834 INFO   [8917D0\98883F] Auto-router pass #810 on board '7004fdfaffbc780300cf5526323e40b9' was completed in 0,08 seconds with the score of 971,29 (1 unrouted), using 76907,50 CPU seconds and 300753 MB memory.
2026-08-14 17:18:39.929 INFO   [8917D0\98883F] Auto-router pass #811 on board '7004fdfaffbc780300cf5526323e40b9' was completed in 0,09 seconds with the score of 971,29 (1 unrouted), using 76907,50 CPU seconds and 300753 MB memory.
2026-08-14 17:18:40.042 INFO   [8917D0\98883F] Restoring an earlier board that has the score of 971,29 (1 unrouted).
2026-08-14 17:18:40.042 INFO   [8917D0\98883F] Auto-router pass #812 on board '7004fdfaffbc780300cf5526323e40b9' was completed in 0,10 seconds with the score of 971,29 (1 unrouted), using 76907,50 CPU seconds and 300753 MB memory.
2026-08-14 17:18:40.145 INFO   [8917D0\98883F] Auto-router pass #813 on board '7004fdfaffbc780300cf5526323e40b9' was completed in 0,09 seconds with the score of 971,29 (1 unrouted), using 76907,50 CPU seconds and 300753 MB memory.
2026-08-14 17:18:40.237 INFO   [8917D0\98883F] Auto-router pass #814 on board '7004fdfaffbc780300cf5526323e40b9' was completed in 0,08 seconds with the score of 971,29 (1 unrouted), using 76907,50 CPU seconds and 300753 MB memory.
2026-08-14 17:18:40.332 INFO   [8917D0\98883F] Auto-router pass #815 on board '7004fdfaffbc780300cf5526323e40b9' was completed in 0,09 seconds with the score of 971,29 (1 unrouted), using 77294,16 CPU seconds and 301474 MB memory.
2026-08-14 17:18:40.444 INFO   [8917D0\98883F] Restoring an earlier board that has the score of 969,69 (2 unrouted).
2026-08-14 17:18:40.445 INFO   [8917D0\98883F] Auto-router pass #816 on board '7004fdfaffbc780300cf5526323e40b9' was completed in 0,10 seconds with the score of 971,29 (1 unrouted), using 77294,16 CPU seconds and 301474 MB memory.
2026-08-14 17:18:40.829 INFO   [8917D0\98883F] Auto-router pass #817 on board '62dc05964a5b8c500038934330201715' was completed in 0,38 seconds with the score of 971,29 (1 unrouted), using 77294,16 CPU seconds and 301474 MB memory.
2026-08-14 17:18:40.923 INFO   [8917D0\98883F] Auto-router pass #818 on board '2f6da45c371cbe81b4a47e3ee04346a9' was completed in 0,09 seconds with the score of 971,29 (1 unrouted), using 77294,16 CPU seconds and 301474 MB memory.
2026-08-14 17:18:41.021 INFO   [8917D0\98883F] Auto-router pass #819 on board '2f6da45c371cbe81b4a47e3ee04346a9' was completed in 0,09 seconds with the score of 971,29 (1 unrouted), using 77294,16 CPU seconds and 301474 MB memory.
2026-08-14 17:18:41.135 INFO   [8917D0\98883F] Restoring an earlier board that has the score of 969,63 (2 unrouted).
2026-08-14 17:18:41.135 INFO   [8917D0\98883F] Auto-router pass #820 on board '2f6da45c371cbe81b4a47e3ee04346a9' was completed in 0,10 seconds with the score of 971,29 (1 unrouted), using 77294,16 CPU seconds and 301474 MB memory.
2026-08-14 17:18:42.334 INFO   [8917D0\98883F] Auto-router pass #821 on board 'af1462befd6499b11200cf970dce9114' was completed in 1,19 seconds with the score of 969,49 (2 unrouted), using 78070,40 CPU seconds and 303028 MB memory.
2026-08-14 17:18:42.752 INFO   [8917D0\98883F] Auto-router pass #822 on board '81dd5a5b107c72828e9965b946da5545' was completed in 0,39 seconds with the score of 971,24 (1 unrouted), using 78070,40 CPU seconds and 303028 MB memory.
2026-08-14 17:18:42.865 INFO   [8917D0\98883F] Auto-router pass #823 on board '4c3a0c289cfd51df0dc3386d9f9eea33' was completed in 0,09 seconds with the score of 971,24 (1 unrouted), using 78070,40 CPU seconds and 303028 MB memory.
2026-08-14 17:18:42.978 INFO   [8917D0\98883F] Restoring an earlier board that has the score of 971,24 (1 unrouted).
2026-08-14 17:18:42.978 INFO   [8917D0\98883F] Auto-router pass #824 on board '4c3a0c289cfd51df0dc3386d9f9eea33' was completed in 0,10 seconds with the score of 971,24 (1 unrouted), using 78070,40 CPU seconds and 303028 MB memory.
2026-08-14 17:18:43.079 INFO   [8917D0\98883F] Auto-router pass #825 on board '4c3a0c289cfd51df0dc3386d9f9eea33' was completed in 0,09 seconds with the score of 971,24 (1 unrouted), using 78070,40 CPU seconds and 303028 MB memory.
2026-08-14 17:18:43.173 INFO   [8917D0\98883F] Auto-router pass #826 on board '4c3a0c289cfd51df0dc3386d9f9eea33' was completed in 0,09 seconds with the score of 971,24 (1 unrouted), using 78070,40 CPU seconds and 303028 MB memory.
2026-08-14 17:18:43.270 INFO   [8917D0\98883F] Auto-router pass #827 on board '4c3a0c289cfd51df0dc3386d9f9eea33' was completed in 0,08 seconds with the score of 971,24 (1 unrouted), using 78459,98 CPU seconds and 303776 MB memory.
2026-08-14 17:18:43.387 INFO   [8917D0\98883F] Restoring an earlier board that has the score of 971,24 (1 unrouted).
2026-08-14 17:18:43.388 INFO   [8917D0\98883F] Auto-router pass #828 on board '4c3a0c289cfd51df0dc3386d9f9eea33' was completed in 0,11 seconds with the score of 971,24 (1 unrouted), using 78459,98 CPU seconds and 303776 MB memory.
2026-08-14 17:18:43.490 INFO   [8917D0\98883F] Auto-router pass #829 on board '4c3a0c289cfd51df0dc3386d9f9eea33' was completed in 0,09 seconds with the score of 971,24 (1 unrouted), using 78459,98 CPU seconds and 303776 MB memory.
2026-08-14 17:18:43.591 INFO   [8917D0\98883F] Auto-router pass #830 on board '4c3a0c289cfd51df0dc3386d9f9eea33' was completed in 0,09 seconds with the score of 971,24 (1 unrouted), using 78459,98 CPU seconds and 303776 MB memory.
2026-08-14 17:18:43.684 INFO   [8917D0\98883F] Auto-router pass #831 on board '4c3a0c289cfd51df0dc3386d9f9eea33' was completed in 0,08 seconds with the score of 971,24 (1 unrouted), using 78459,98 CPU seconds and 303776 MB memory.
2026-08-14 17:18:43.801 INFO   [8917D0\98883F] Restoring an earlier board that has the score of 971,24 (1 unrouted).
2026-08-14 17:18:43.801 INFO   [8917D0\98883F] Auto-router pass #832 on board '4c3a0c289cfd51df0dc3386d9f9eea33' was completed in 0,11 seconds with the score of 971,24 (1 unrouted), using 78459,98 CPU seconds and 303776 MB memory.
2026-08-14 17:18:43.904 INFO   [8917D0\98883F] Auto-router pass #833 on board '4c3a0c289cfd51df0dc3386d9f9eea33' was completed in 0,09 seconds with the score of 971,24 (1 unrouted), using 78459,98 CPU seconds and 303776 MB memory.
2026-08-14 17:18:44.000 INFO   [8917D0\98883F] Auto-router pass #834 on board '4c3a0c289cfd51df0dc3386d9f9eea33' was completed in 0,08 seconds with the score of 971,24 (1 unrouted), using 78459,98 CPU seconds and 303776 MB memory.
2026-08-14 17:18:44.096 INFO   [8917D0\98883F] Auto-router pass #835 on board '4c3a0c289cfd51df0dc3386d9f9eea33' was completed in 0,09 seconds with the score of 971,24 (1 unrouted), using 78459,98 CPU seconds and 303776 MB memory.
2026-08-14 17:18:44.209 INFO   [8917D0\98883F] Restoring an earlier board that has the score of 971,24 (1 unrouted).
2026-08-14 17:18:44.209 INFO   [8917D0\98883F] Auto-router pass #836 on board '4c3a0c289cfd51df0dc3386d9f9eea33' was completed in 0,10 seconds with the score of 971,24 (1 unrouted), using 78459,98 CPU seconds and 303776 MB memory.
2026-08-14 17:18:44.314 INFO   [8917D0\98883F] Auto-router pass #837 on board '4c3a0c289cfd51df0dc3386d9f9eea33' was completed in 0,10 seconds with the score of 971,24 (1 unrouted), using 78850,54 CPU seconds and 304490 MB memory.
2026-08-14 17:18:44.407 INFO   [8917D0\98883F] Auto-router pass #838 on board '4c3a0c289cfd51df0dc3386d9f9eea33' was completed in 0,08 seconds with the score of 971,24 (1 unrouted), using 78850,54 CPU seconds and 304490 MB memory.
2026-08-14 17:18:44.503 INFO   [8917D0\98883F] Auto-router pass #839 on board '4c3a0c289cfd51df0dc3386d9f9eea33' was completed in 0,09 seconds with the score of 971,24 (1 unrouted), using 78850,54 CPU seconds and 304490 MB memory.
2026-08-14 17:18:44.615 INFO   [8917D0\98883F] Restoring an earlier board that has the score of 969,63 (2 unrouted).
2026-08-14 17:18:44.615 INFO   [8917D0\98883F] Auto-router pass #840 on board '4c3a0c289cfd51df0dc3386d9f9eea33' was completed in 0,10 seconds with the score of 971,24 (1 unrouted), using 78850,54 CPU seconds and 304490 MB memory.
2026-08-14 17:18:46.005 INFO   [8917D0\98883F] Auto-router pass #841 on board 'af1462befd6499b11200cf970dce9114' was completed in 1,38 seconds with the score of 969,49 (2 unrouted), using 79242,08 CPU seconds and 305233 MB memory.
2026-08-14 17:18:46.421 INFO   [8917D0\98883F] Auto-router pass #842 on board 'fc443da6fa1ddca30adf93dccfd2d8c9' was completed in 0,39 seconds with the score of 971,24 (1 unrouted), using 79634,58 CPU seconds and 306028 MB memory.
2026-08-14 17:18:46.532 INFO   [8917D0\98883F] Auto-router pass #843 on board '05fb9026de52c7aa10164a0fe326787f' was completed in 0,08 seconds with the score of 971,24 (1 unrouted), using 79634,58 CPU seconds and 306028 MB memory.
2026-08-14 17:18:46.648 INFO   [8917D0\98883F] Restoring an earlier board that has the score of 971,24 (1 unrouted).
2026-08-14 17:18:46.649 INFO   [8917D0\98883F] Auto-router pass #844 on board '05fb9026de52c7aa10164a0fe326787f' was completed in 0,11 seconds with the score of 971,24 (1 unrouted), using 79634,58 CPU seconds and 306028 MB memory.
2026-08-14 17:18:46.751 INFO   [8917D0\98883F] Auto-router pass #845 on board '05fb9026de52c7aa10164a0fe326787f' was completed in 0,09 seconds with the score of 971,24 (1 unrouted), using 79634,58 CPU seconds and 306028 MB memory.
2026-08-14 17:18:46.850 INFO   [8917D0\98883F] Auto-router pass #846 on board '05fb9026de52c7aa10164a0fe326787f' was completed in 0,09 seconds with the score of 971,24 (1 unrouted), using 79634,58 CPU seconds and 306028 MB memory.
2026-08-14 17:18:46.942 INFO   [8917D0\98883F] Auto-router pass #847 on board '05fb9026de52c7aa10164a0fe326787f' was completed in 0,08 seconds with the score of 971,24 (1 unrouted), using 79634,58 CPU seconds and 306028 MB memory.
2026-08-14 17:18:47.059 INFO   [8917D0\98883F] Restoring an earlier board that has the score of 971,24 (1 unrouted).
2026-08-14 17:18:47.059 INFO   [8917D0\98883F] Auto-router pass #848 on board '05fb9026de52c7aa10164a0fe326787f' was completed in 0,11 seconds with the score of 971,24 (1 unrouted), using 79634,58 CPU seconds and 306028 MB memory.
2026-08-14 17:18:47.162 INFO   [8917D0\98883F] Auto-router pass #849 on board '05fb9026de52c7aa10164a0fe326787f' was completed in 0,09 seconds with the score of 971,24 (1 unrouted), using 79634,58 CPU seconds and 306028 MB memory.
2026-08-14 17:18:47.259 INFO   [8917D0\98883F] Auto-router pass #850 on board '05fb9026de52c7aa10164a0fe326787f' was completed in 0,08 seconds with the score of 971,24 (1 unrouted), using 79634,58 CPU seconds and 306028 MB memory.
2026-08-14 17:18:47.355 INFO   [8917D0\98883F] Auto-router pass #851 on board '05fb9026de52c7aa10164a0fe326787f' was completed in 0,09 seconds with the score of 971,24 (1 unrouted), using 80028,05 CPU seconds and 306757 MB memory.
2026-08-14 17:18:47.468 INFO   [8917D0\98883F] Restoring an earlier board that has the score of 971,24 (1 unrouted).
2026-08-14 17:18:47.468 INFO   [8917D0\98883F] Auto-router pass #852 on board '05fb9026de52c7aa10164a0fe326787f' was completed in 0,10 seconds with the score of 971,24 (1 unrouted), using 80028,05 CPU seconds and 306757 MB memory.
2026-08-14 17:18:47.571 INFO   [8917D0\98883F] Auto-router pass #853 on board '05fb9026de52c7aa10164a0fe326787f' was completed in 0,09 seconds with the score of 971,24 (1 unrouted), using 80028,05 CPU seconds and 306757 MB memory.
2026-08-14 17:18:47.664 INFO   [8917D0\98883F] Auto-router pass #854 on board '05fb9026de52c7aa10164a0fe326787f' was completed in 0,08 seconds with the score of 971,24 (1 unrouted), using 80028,05 CPU seconds and 306757 MB memory.
2026-08-14 17:18:47.760 INFO   [8917D0\98883F] Auto-router pass #855 on board '05fb9026de52c7aa10164a0fe326787f' was completed in 0,09 seconds with the score of 971,24 (1 unrouted), using 80028,05 CPU seconds and 306757 MB memory.
2026-08-14 17:18:47.872 INFO   [8917D0\98883F] Restoring an earlier board that has the score of 971,24 (1 unrouted).
2026-08-14 17:18:47.872 INFO   [8917D0\98883F] Auto-router pass #856 on board '05fb9026de52c7aa10164a0fe326787f' was completed in 0,10 seconds with the score of 971,24 (1 unrouted), using 80028,05 CPU seconds and 306757 MB memory.
2026-08-14 17:18:47.973 INFO   [8917D0\98883F] Auto-router pass #857 on board '05fb9026de52c7aa10164a0fe326787f' was completed in 0,09 seconds with the score of 971,24 (1 unrouted), using 80028,05 CPU seconds and 306757 MB memory.
2026-08-14 17:18:48.065 INFO   [8917D0\98883F] Auto-router pass #858 on board '05fb9026de52c7aa10164a0fe326787f' was completed in 0,08 seconds with the score of 971,24 (1 unrouted), using 80028,05 CPU seconds and 306757 MB memory.
2026-08-14 17:18:48.161 INFO   [8917D0\98883F] Auto-router pass #859 on board '05fb9026de52c7aa10164a0fe326787f' was completed in 0,09 seconds with the score of 971,24 (1 unrouted), using 80028,05 CPU seconds and 306757 MB memory.
2026-08-14 17:18:48.276 INFO   [8917D0\98883F] Restoring an earlier board that has the score of 969,63 (2 unrouted).
2026-08-14 17:18:48.276 INFO   [8917D0\98883F] Auto-router pass #860 on board '05fb9026de52c7aa10164a0fe326787f' was completed in 0,11 seconds with the score of 971,24 (1 unrouted), using 80422,52 CPU seconds and 307485 MB memory.
2026-08-14 17:18:49.647 INFO   [8917D0\98883F] Auto-router pass #861 on board 'af1462befd6499b11200cf970dce9114' was completed in 1,36 seconds with the score of 969,49 (2 unrouted), using 80817,95 CPU seconds and 308264 MB memory.
2026-08-14 17:18:50.048 INFO   [8917D0\98883F] Auto-router pass #862 on board 'fc443da6fa1ddca30adf93dccfd2d8c9' was completed in 0,39 seconds with the score of 971,24 (1 unrouted), using 80817,95 CPU seconds and 308264 MB memory.
2026-08-14 17:18:50.144 INFO   [8917D0\98883F] Auto-router pass #863 on board '05fb9026de52c7aa10164a0fe326787f' was completed in 0,09 seconds with the score of 971,24 (1 unrouted), using 80817,95 CPU seconds and 308264 MB memory.
2026-08-14 17:18:50.260 INFO   [8917D0\98883F] Restoring an earlier board that has the score of 969,63 (2 unrouted).
2026-08-14 17:18:50.260 INFO   [8917D0\98883F] Auto-router pass #864 on board '05fb9026de52c7aa10164a0fe326787f' was completed in 0,11 seconds with the score of 971,24 (1 unrouted), using 80817,95 CPU seconds and 308264 MB memory.
2026-08-14 17:18:51.470 INFO   [8917D0\98883F] Auto-router pass #865 on board 'af1462befd6499b11200cf970dce9114' was completed in 1,20 seconds with the score of 969,49 (2 unrouted), using 81611,72 CPU seconds and 309819 MB memory.
2026-08-14 17:18:51.892 INFO   [8917D0\98883F] Auto-router pass #866 on board '07e2131463ed42a20a4721616b024e20' was completed in 0,40 seconds with the score of 971,24 (1 unrouted), using 81611,72 CPU seconds and 309819 MB memory.
2026-08-14 17:18:52.000 INFO   [8917D0\98883F] Auto-router pass #867 on board '24e267bd16425235f368ff86bfef5e60' was completed in 0,08 seconds with the score of 971,24 (1 unrouted), using 81611,72 CPU seconds and 309819 MB memory.
2026-08-14 17:18:52.118 INFO   [8917D0\98883F] Restoring an earlier board that has the score of 971,24 (1 unrouted).
2026-08-14 17:18:52.118 INFO   [8917D0\98883F] Auto-router pass #868 on board '24e267bd16425235f368ff86bfef5e60' was completed in 0,11 seconds with the score of 971,24 (1 unrouted), using 81611,72 CPU seconds and 309819 MB memory.
2026-08-14 17:18:52.221 INFO   [8917D0\98883F] Auto-router pass #869 on board '24e267bd16425235f368ff86bfef5e60' was completed in 0,09 seconds with the score of 971,24 (1 unrouted), using 81611,72 CPU seconds and 309819 MB memory.
2026-08-14 17:18:52.318 INFO   [8917D0\98883F] Auto-router pass #870 on board '24e267bd16425235f368ff86bfef5e60' was completed in 0,08 seconds with the score of 971,24 (1 unrouted), using 82010,05 CPU seconds and 310582 MB memory.
2026-08-14 17:18:52.414 INFO   [8917D0\98883F] Auto-router pass #871 on board '24e267bd16425235f368ff86bfef5e60' was completed in 0,09 seconds with the score of 971,24 (1 unrouted), using 82010,05 CPU seconds and 310582 MB memory.
2026-08-14 17:18:52.527 INFO   [8917D0\98883F] Restoring an earlier board that has the score of 971,24 (1 unrouted).
2026-08-14 17:18:52.527 INFO   [8917D0\98883F] Auto-router pass #872 on board '24e267bd16425235f368ff86bfef5e60' was completed in 0,10 seconds with the score of 971,24 (1 unrouted), using 82010,05 CPU seconds and 310582 MB memory.
2026-08-14 17:18:52.631 INFO   [8917D0\98883F] Auto-router pass #873 on board '24e267bd16425235f368ff86bfef5e60' was completed in 0,09 seconds with the score of 971,24 (1 unrouted), using 82010,05 CPU seconds and 310582 MB memory.
2026-08-14 17:18:52.723 INFO   [8917D0\98883F] Auto-router pass #874 on board '24e267bd16425235f368ff86bfef5e60' was completed in 0,08 seconds with the score of 971,24 (1 unrouted), using 82010,05 CPU seconds and 310582 MB memory.
2026-08-14 17:18:52.819 INFO   [8917D0\98883F] Auto-router pass #875 on board '24e267bd16425235f368ff86bfef5e60' was completed in 0,09 seconds with the score of 971,24 (1 unrouted), using 82010,05 CPU seconds and 310582 MB memory.
2026-08-14 17:18:52.933 INFO   [8917D0\98883F] Restoring an earlier board that has the score of 971,24 (1 unrouted).
2026-08-14 17:18:52.933 INFO   [8917D0\98883F] Auto-router pass #876 on board '24e267bd16425235f368ff86bfef5e60' was completed in 0,10 seconds with the score of 971,24 (1 unrouted), using 82010,05 CPU seconds and 310582 MB memory.
2026-08-14 17:18:53.034 INFO   [8917D0\98883F] Auto-router pass #877 on board '24e267bd16425235f368ff86bfef5e60' was completed in 0,09 seconds with the score of 971,24 (1 unrouted), using 82010,05 CPU seconds and 310582 MB memory.
2026-08-14 17:18:53.127 INFO   [8917D0\98883F] Auto-router pass #878 on board '24e267bd16425235f368ff86bfef5e60' was completed in 0,08 seconds with the score of 971,24 (1 unrouted), using 82010,05 CPU seconds and 310582 MB memory.
2026-08-14 17:18:53.223 INFO   [8917D0\98883F] Auto-router pass #879 on board '24e267bd16425235f368ff86bfef5e60' was completed in 0,09 seconds with the score of 971,24 (1 unrouted), using 82010,05 CPU seconds and 310582 MB memory.
2026-08-14 17:18:53.340 INFO   [8917D0\98883F] Restoring an earlier board that has the score of 971,24 (1 unrouted).
2026-08-14 17:18:53.340 INFO   [8917D0\98883F] Auto-router pass #880 on board '24e267bd16425235f368ff86bfef5e60' was completed in 0,11 seconds with the score of 971,24 (1 unrouted), using 82409,38 CPU seconds and 311306 MB memory.
2026-08-14 17:18:53.442 INFO   [8917D0\98883F] Auto-router pass #881 on board '24e267bd16425235f368ff86bfef5e60' was completed in 0,09 seconds with the score of 971,24 (1 unrouted), using 82409,38 CPU seconds and 311306 MB memory.
2026-08-14 17:18:53.543 INFO   [8917D0\98883F] Auto-router pass #882 on board '24e267bd16425235f368ff86bfef5e60' was completed in 0,09 seconds with the score of 971,24 (1 unrouted), using 82409,38 CPU seconds and 311306 MB memory.
2026-08-14 17:18:53.636 INFO   [8917D0\98883F] Auto-router pass #883 on board '24e267bd16425235f368ff86bfef5e60' was completed in 0,08 seconds with the score of 971,24 (1 unrouted), using 82409,38 CPU seconds and 311306 MB memory.
2026-08-14 17:18:53.751 INFO   [8917D0\98883F] Restoring an earlier board that has the score of 969,63 (2 unrouted).
2026-08-14 17:18:53.752 INFO   [8917D0\98883F] Auto-router pass #884 on board '24e267bd16425235f368ff86bfef5e60' was completed in 0,11 seconds with the score of 971,24 (1 unrouted), using 82409,38 CPU seconds and 311306 MB memory.
2026-08-14 17:18:54.235 INFO   [8917D0\98883F] Auto-router pass #885 on board 'cc25286e46455fdf23a50390f2fb1ba4' was completed in 0,47 seconds with the score of 969,15 (2 unrouted), using 82409,38 CPU seconds and 311306 MB memory.
2026-08-14 17:18:54.411 INFO   [8917D0\98883F] Auto-router pass #886 on board '738e6575bcab9e2e8b1a0d94bfb4b12c' was completed in 0,15 seconds with the score of 969,15 (2 unrouted), using 82809,68 CPU seconds and 312075 MB memory.
2026-08-14 17:18:54.605 INFO   [8917D0\98883F] Auto-router pass #887 on board '568c1aa22799a2902d5375f4a2f6c750' was completed in 0,17 seconds with the score of 969,29 (2 unrouted), using 82809,68 CPU seconds and 312075 MB memory.
2026-08-14 17:18:54.845 INFO   [8917D0\98883F] Restoring an earlier board that has the score of 969,63 (2 unrouted).
2026-08-14 17:18:54.845 INFO   [8917D0\98883F] Auto-router pass #888 on board '88b79eb49c5b8dc0345f38f44ca4168a' was completed in 0,22 seconds with the score of 971,06 (1 unrouted), using 82809,68 CPU seconds and 312075 MB memory.
2026-08-14 17:18:55.347 INFO   [8917D0\98883F] Auto-router pass #889 on board 'cc25286e46455fdf23a50390f2fb1ba4' was completed in 0,49 seconds with the score of 969,15 (2 unrouted), using 83210,96 CPU seconds and 312861 MB memory.
2026-08-14 17:18:55.521 INFO   [8917D0\98883F] Auto-router pass #890 on board 'e98d8f7f3f79aae965cf24ebcef09dc0' was completed in 0,15 seconds with the score of 969,15 (2 unrouted), using 83210,96 CPU seconds and 312861 MB memory.
2026-08-14 17:18:55.716 INFO   [8917D0\98883F] Auto-router pass #891 on board '676630d3ebcb03b7661a0294b9f56fee' was completed in 0,17 seconds with the score of 969,29 (2 unrouted), using 83210,96 CPU seconds and 312861 MB memory.
2026-08-14 17:18:55.952 INFO   [8917D0\98883F] Restoring an earlier board that has the score of 969,63 (2 unrouted).
2026-08-14 17:18:55.952 INFO   [8917D0\98883F] Auto-router pass #892 on board 'f4e69aa9e088988cccb8c53bf9bb0c4b' was completed in 0,21 seconds with the score of 971,06 (1 unrouted), using 83210,96 CPU seconds and 312861 MB memory.
2026-08-14 17:18:57.181 INFO   [8917D0\98883F] Auto-router pass #893 on board 'cc25286e46455fdf23a50390f2fb1ba4' was completed in 1,22 seconds with the score of 969,49 (2 unrouted), using 83613,20 CPU seconds and 313618 MB memory.
2026-08-14 17:18:57.608 INFO   [8917D0\98883F] Auto-router pass #894 on board '32dac185a5aa34b5e3e3f3f6ef271967' was completed in 0,40 seconds with the score of 971,10 (1 unrouted), using 84016,39 CPU seconds and 314393 MB memory.
2026-08-14 17:18:57.721 INFO   [8917D0\98883F] Auto-router pass #895 on board 'b3116e1ed7f78c1907897c7dff4c1912' was completed in 0,09 seconds with the score of 971,10 (1 unrouted), using 84016,39 CPU seconds and 314393 MB memory.
2026-08-14 17:18:57.835 INFO   [8917D0\98883F] Restoring an earlier board that has the score of 971,10 (1 unrouted).
2026-08-14 17:18:57.835 INFO   [8917D0\98883F] Auto-router pass #896 on board 'b3116e1ed7f78c1907897c7dff4c1912' was completed in 0,10 seconds with the score of 971,10 (1 unrouted), using 84016,39 CPU seconds and 314393 MB memory.
2026-08-14 17:18:57.937 INFO   [8917D0\98883F] Auto-router pass #897 on board 'b3116e1ed7f78c1907897c7dff4c1912' was completed in 0,09 seconds with the score of 971,10 (1 unrouted), using 84016,39 CPU seconds and 314393 MB memory.
2026-08-14 17:18:58.038 INFO   [8917D0\98883F] Auto-router pass #898 on board 'b3116e1ed7f78c1907897c7dff4c1912' was completed in 0,09 seconds with the score of 971,10 (1 unrouted), using 84016,39 CPU seconds and 314393 MB memory.
2026-08-14 17:18:58.132 INFO   [8917D0\98883F] Auto-router pass #899 on board 'b3116e1ed7f78c1907897c7dff4c1912' was completed in 0,09 seconds with the score of 971,10 (1 unrouted), using 84016,39 CPU seconds and 314393 MB memory.
2026-08-14 17:18:58.257 INFO   [8917D0\98883F] Restoring an earlier board that has the score of 971,10 (1 unrouted).
2026-08-14 17:18:58.258 INFO   [8917D0\98883F] Auto-router pass #900 on board 'b3116e1ed7f78c1907897c7dff4c1912' was completed in 0,12 seconds with the score of 971,10 (1 unrouted), using 84016,39 CPU seconds and 314393 MB memory.
2026-08-14 17:18:58.372 INFO   [8917D0\98883F] Auto-router pass #901 on board 'b3116e1ed7f78c1907897c7dff4c1912' was completed in 0,10 seconds with the score of 971,10 (1 unrouted), using 84420,55 CPU seconds and 315133 MB memory.
2026-08-14 17:18:58.473 INFO   [8917D0\98883F] Auto-router pass #902 on board 'b3116e1ed7f78c1907897c7dff4c1912' was completed in 0,09 seconds with the score of 971,10 (1 unrouted), using 84420,55 CPU seconds and 315133 MB memory.
2026-08-14 17:18:58.567 INFO   [8917D0\98883F] Auto-router pass #903 on board 'b3116e1ed7f78c1907897c7dff4c1912' was completed in 0,09 seconds with the score of 971,10 (1 unrouted), using 84420,55 CPU seconds and 315133 MB memory.
2026-08-14 17:18:58.687 INFO   [8917D0\98883F] Restoring an earlier board that has the score of 971,10 (1 unrouted).
2026-08-14 17:18:58.687 INFO   [8917D0\98883F] Auto-router pass #904 on board 'b3116e1ed7f78c1907897c7dff4c1912' was completed in 0,11 seconds with the score of 971,10 (1 unrouted), using 84420,55 CPU seconds and 315133 MB memory.
2026-08-14 17:18:58.794 INFO   [8917D0\98883F] Auto-router pass #905 on board 'b3116e1ed7f78c1907897c7dff4c1912' was completed in 0,10 seconds with the score of 971,10 (1 unrouted), using 84420,55 CPU seconds and 315133 MB memory.
2026-08-14 17:18:58.889 INFO   [8917D0\98883F] Auto-router pass #906 on board 'b3116e1ed7f78c1907897c7dff4c1912' was completed in 0,09 seconds with the score of 971,10 (1 unrouted), using 84420,55 CPU seconds and 315133 MB memory.
2026-08-14 17:18:58.987 INFO   [8917D0\98883F] Auto-router pass #907 on board 'b3116e1ed7f78c1907897c7dff4c1912' was completed in 0,09 seconds with the score of 971,10 (1 unrouted), using 84420,55 CPU seconds and 315133 MB memory.
2026-08-14 17:18:59.103 INFO   [8917D0\98883F] Restoring an earlier board that has the score of 971,10 (1 unrouted).
2026-08-14 17:18:59.103 INFO   [8917D0\98883F] Auto-router pass #908 on board 'b3116e1ed7f78c1907897c7dff4c1912' was completed in 0,11 seconds with the score of 971,10 (1 unrouted), using 84420,55 CPU seconds and 315133 MB memory.
2026-08-14 17:18:59.208 INFO   [8917D0\98883F] Auto-router pass #909 on board 'b3116e1ed7f78c1907897c7dff4c1912' was completed in 0,10 seconds with the score of 971,10 (1 unrouted), using 84420,55 CPU seconds and 315133 MB memory.
2026-08-14 17:18:59.302 INFO   [8917D0\98883F] Auto-router pass #910 on board 'b3116e1ed7f78c1907897c7dff4c1912' was completed in 0,09 seconds with the score of 971,10 (1 unrouted), using 84825,70 CPU seconds and 315829 MB memory.
2026-08-14 17:18:59.401 INFO   [8917D0\98883F] Auto-router pass #911 on board 'b3116e1ed7f78c1907897c7dff4c1912' was completed in 0,09 seconds with the score of 971,10 (1 unrouted), using 84825,70 CPU seconds and 315829 MB memory.
2026-08-14 17:18:59.519 INFO   [8917D0\98883F] Restoring an earlier board that has the score of 969,63 (2 unrouted).
2026-08-14 17:18:59.519 INFO   [8917D0\98883F] Auto-router pass #912 on board 'b3116e1ed7f78c1907897c7dff4c1912' was completed in 0,11 seconds with the score of 971,10 (1 unrouted), using 84825,70 CPU seconds and 315829 MB memory.
2026-08-14 17:19:00.011 INFO   [8917D0\98883F] Auto-router pass #913 on board 'cc25286e46455fdf23a50390f2fb1ba4' was completed in 0,48 seconds with the score of 969,15 (2 unrouted), using 84825,70 CPU seconds and 315829 MB memory.
2026-08-14 17:19:00.169 INFO   [8917D0\98883F] Auto-router pass #914 on board '738e6575bcab9e2e8b1a0d94bfb4b12c' was completed in 0,15 seconds with the score of 969,15 (2 unrouted), using 84825,70 CPU seconds and 315829 MB memory.
2026-08-14 17:19:00.362 INFO   [8917D0\98883F] Auto-router pass #915 on board 'f4e725f1c7923c0d64b1422307c0775b' was completed in 0,17 seconds with the score of 969,29 (2 unrouted), using 85231,81 CPU seconds and 316594 MB memory.
2026-08-14 17:19:00.570 INFO   [8917D0\98883F] Restoring an earlier board that has the score of 969,63 (2 unrouted).
2026-08-14 17:19:00.570 INFO   [8917D0\98883F] Auto-router pass #916 on board '88b79eb49c5b8dc0345f38f44ca4168a' was completed in 0,20 seconds with the score of 971,06 (1 unrouted), using 85231,81 CPU seconds and 316594 MB memory.
2026-08-14 17:19:01.774 INFO   [8917D0\98883F] Auto-router pass #917 on board 'ffa45c3878ca122e18667292b80392d4' was completed in 1,19 seconds with the score of 969,49 (2 unrouted), using 85638,91 CPU seconds and 317373 MB memory.
2026-08-14 17:19:02.750 INFO   [8917D0\98883F] Auto-router pass #918 on board '1edebcc389df449e3db291f0ad2802f5' was completed in 0,95 seconds with the score of 971,24 (1 unrouted), using 86046,96 CPU seconds and 318159 MB memory.
2026-08-14 17:19:02.859 INFO   [8917D0\98883F] Auto-router pass #919 on board '6b27aa2eba7139392fb32ace1ca72311' was completed in 0,09 seconds with the score of 971,24 (1 unrouted), using 86046,96 CPU seconds and 318159 MB memory.
2026-08-14 17:19:02.977 INFO   [8917D0\98883F] Restoring an earlier board that has the score of 971,24 (1 unrouted).
2026-08-14 17:19:02.977 INFO   [8917D0\98883F] Auto-router pass #920 on board '6b27aa2eba7139392fb32ace1ca72311' was completed in 0,11 seconds with the score of 971,24 (1 unrouted), using 86046,96 CPU seconds and 318159 MB memory.
2026-08-14 17:19:03.081 INFO   [8917D0\98883F] Auto-router pass #921 on board '6b27aa2eba7139392fb32ace1ca72311' was completed in 0,09 seconds with the score of 971,24 (1 unrouted), using 86046,96 CPU seconds and 318159 MB memory.
2026-08-14 17:19:03.185 INFO   [8917D0\98883F] Auto-router pass #922 on board '6b27aa2eba7139392fb32ace1ca72311' was completed in 0,09 seconds with the score of 971,24 (1 unrouted), using 86046,96 CPU seconds and 318159 MB memory.
2026-08-14 17:19:03.282 INFO   [8917D0\98883F] Auto-router pass #923 on board '6b27aa2eba7139392fb32ace1ca72311' was completed in 0,09 seconds with the score of 971,24 (1 unrouted), using 86456,00 CPU seconds and 318898 MB memory.
2026-08-14 17:19:03.396 INFO   [8917D0\98883F] Restoring an earlier board that has the score of 971,24 (1 unrouted).
2026-08-14 17:19:03.396 INFO   [8917D0\98883F] Auto-router pass #924 on board '6b27aa2eba7139392fb32ace1ca72311' was completed in 0,10 seconds with the score of 971,24 (1 unrouted), using 86456,00 CPU seconds and 318898 MB memory.
2026-08-14 17:19:03.500 INFO   [8917D0\98883F] Auto-router pass #925 on board '6b27aa2eba7139392fb32ace1ca72311' was completed in 0,10 seconds with the score of 971,24 (1 unrouted), using 86456,00 CPU seconds and 318898 MB memory.
2026-08-14 17:19:03.593 INFO   [8917D0\98883F] Auto-router pass #926 on board '6b27aa2eba7139392fb32ace1ca72311' was completed in 0,08 seconds with the score of 971,24 (1 unrouted), using 86456,00 CPU seconds and 318898 MB memory.
2026-08-14 17:19:03.690 INFO   [8917D0\98883F] Auto-router pass #927 on board '6b27aa2eba7139392fb32ace1ca72311' was completed in 0,09 seconds with the score of 971,24 (1 unrouted), using 86456,00 CPU seconds and 318898 MB memory.
2026-08-14 17:19:03.802 INFO   [8917D0\98883F] Restoring an earlier board that has the score of 971,24 (1 unrouted).
2026-08-14 17:19:03.803 INFO   [8917D0\98883F] Auto-router pass #928 on board '6b27aa2eba7139392fb32ace1ca72311' was completed in 0,10 seconds with the score of 971,24 (1 unrouted), using 86456,00 CPU seconds and 318898 MB memory.
2026-08-14 17:19:03.903 INFO   [8917D0\98883F] Auto-router pass #929 on board '6b27aa2eba7139392fb32ace1ca72311' was completed in 0,09 seconds with the score of 971,24 (1 unrouted), using 86456,00 CPU seconds and 318898 MB memory.
2026-08-14 17:19:03.996 INFO   [8917D0\98883F] Auto-router pass #930 on board '6b27aa2eba7139392fb32ace1ca72311' was completed in 0,08 seconds with the score of 971,24 (1 unrouted), using 86456,00 CPU seconds and 318898 MB memory.
2026-08-14 17:19:04.093 INFO   [8917D0\98883F] Auto-router pass #931 on board '6b27aa2eba7139392fb32ace1ca72311' was completed in 0,09 seconds with the score of 971,24 (1 unrouted), using 86456,00 CPU seconds and 318898 MB memory.
2026-08-14 17:19:04.209 INFO   [8917D0\98883F] Restoring an earlier board that has the score of 971,24 (1 unrouted).
2026-08-14 17:19:04.209 INFO   [8917D0\98883F] Auto-router pass #932 on board '6b27aa2eba7139392fb32ace1ca72311' was completed in 0,11 seconds with the score of 971,24 (1 unrouted), using 86456,00 CPU seconds and 318898 MB memory.
2026-08-14 17:19:04.312 INFO   [8917D0\98883F] Auto-router pass #933 on board '6b27aa2eba7139392fb32ace1ca72311' was completed in 0,09 seconds with the score of 971,24 (1 unrouted), using 86866,02 CPU seconds and 319622 MB memory.
2026-08-14 17:19:04.411 INFO   [8917D0\98883F] Auto-router pass #934 on board '6b27aa2eba7139392fb32ace1ca72311' was completed in 0,09 seconds with the score of 971,24 (1 unrouted), using 86866,02 CPU seconds and 319622 MB memory.
2026-08-14 17:19:04.503 INFO   [8917D0\98883F] Auto-router pass #935 on board '6b27aa2eba7139392fb32ace1ca72311' was completed in 0,08 seconds with the score of 971,24 (1 unrouted), using 86866,02 CPU seconds and 319622 MB memory.
2026-08-14 17:19:04.618 INFO   [8917D0\98883F] Restoring an earlier board that has the score of 969,63 (2 unrouted).
2026-08-14 17:19:04.619 INFO   [8917D0\98883F] Auto-router pass #936 on board '6b27aa2eba7139392fb32ace1ca72311' was completed in 0,11 seconds with the score of 971,24 (1 unrouted), using 86866,02 CPU seconds and 319622 MB memory.
2026-08-14 17:19:05.805 INFO   [8917D0\98883F] Auto-router pass #937 on board 'ffa45c3878ca122e18667292b80392d4' was completed in 1,18 seconds with the score of 969,49 (2 unrouted), using 87277,01 CPU seconds and 320378 MB memory.
2026-08-14 17:19:06.210 INFO   [8917D0\98883F] Auto-router pass #938 on board '1edebcc389df449e3db291f0ad2802f5' was completed in 0,39 seconds with the score of 971,24 (1 unrouted), using 87277,01 CPU seconds and 320378 MB memory.
2026-08-14 17:19:06.319 INFO   [8917D0\98883F] Auto-router pass #939 on board 'e5754d3e2795212eeaa93989865dfda8' was completed in 0,08 seconds with the score of 971,24 (1 unrouted), using 87688,98 CPU seconds and 321172 MB memory.
2026-08-14 17:19:06.436 INFO   [8917D0\98883F] Restoring an earlier board that has the score of 971,24 (1 unrouted).
2026-08-14 17:19:06.436 INFO   [8917D0\98883F] Auto-router pass #940 on board 'e5754d3e2795212eeaa93989865dfda8' was completed in 0,11 seconds with the score of 971,24 (1 unrouted), using 87688,98 CPU seconds and 321172 MB memory.
2026-08-14 17:19:06.541 INFO   [8917D0\98883F] Auto-router pass #941 on board 'e5754d3e2795212eeaa93989865dfda8' was completed in 0,10 seconds with the score of 971,24 (1 unrouted), using 87688,98 CPU seconds and 321172 MB memory.
2026-08-14 17:19:06.633 INFO   [8917D0\98883F] Auto-router pass #942 on board 'e5754d3e2795212eeaa93989865dfda8' was completed in 0,08 seconds with the score of 971,24 (1 unrouted), using 87688,98 CPU seconds and 321172 MB memory.
2026-08-14 17:19:06.728 INFO   [8917D0\98883F] Auto-router pass #943 on board 'e5754d3e2795212eeaa93989865dfda8' was completed in 0,09 seconds with the score of 971,24 (1 unrouted), using 87688,98 CPU seconds and 321172 MB memory.
2026-08-14 17:19:06.840 INFO   [8917D0\98883F] Restoring an earlier board that has the score of 971,24 (1 unrouted).
2026-08-14 17:19:06.840 INFO   [8917D0\98883F] Auto-router pass #944 on board 'e5754d3e2795212eeaa93989865dfda8' was completed in 0,10 seconds with the score of 971,24 (1 unrouted), using 87688,98 CPU seconds and 321172 MB memory.
2026-08-14 17:19:06.943 INFO   [8917D0\98883F] Auto-router pass #945 on board 'e5754d3e2795212eeaa93989865dfda8' was completed in 0,09 seconds with the score of 971,24 (1 unrouted), using 87688,98 CPU seconds and 321172 MB memory.
2026-08-14 17:19:07.036 INFO   [8917D0\98883F] Auto-router pass #946 on board 'e5754d3e2795212eeaa93989865dfda8' was completed in 0,08 seconds with the score of 971,24 (1 unrouted), using 87688,98 CPU seconds and 321172 MB memory.
2026-08-14 17:19:07.131 INFO   [8917D0\98883F] Auto-router pass #947 on board 'e5754d3e2795212eeaa93989865dfda8' was completed in 0,09 seconds with the score of 971,24 (1 unrouted), using 87688,98 CPU seconds and 321172 MB memory.
2026-08-14 17:19:07.245 INFO   [8917D0\98883F] Restoring an earlier board that has the score of 971,24 (1 unrouted).
2026-08-14 17:19:07.245 INFO   [8917D0\98883F] Auto-router pass #948 on board 'e5754d3e2795212eeaa93989865dfda8' was completed in 0,10 seconds with the score of 971,24 (1 unrouted), using 87688,98 CPU seconds and 321172 MB memory.
2026-08-14 17:19:07.345 INFO   [8917D0\98883F] Auto-router pass #949 on board 'e5754d3e2795212eeaa93989865dfda8' was completed in 0,09 seconds with the score of 971,24 (1 unrouted), using 88101,93 CPU seconds and 321895 MB memory.
2026-08-14 17:19:07.437 INFO   [8917D0\98883F] Auto-router pass #950 on board 'e5754d3e2795212eeaa93989865dfda8' was completed in 0,08 seconds with the score of 971,24 (1 unrouted), using 88101,93 CPU seconds and 321895 MB memory.
2026-08-14 17:19:07.534 INFO   [8917D0\98883F] Auto-router pass #951 on board 'e5754d3e2795212eeaa93989865dfda8' was completed in 0,08 seconds with the score of 971,24 (1 unrouted), using 88101,93 CPU seconds and 321895 MB memory.
2026-08-14 17:19:07.650 INFO   [8917D0\98883F] Restoring an earlier board that has the score of 971,24 (1 unrouted).
2026-08-14 17:19:07.650 INFO   [8917D0\98883F] Auto-router pass #952 on board 'e5754d3e2795212eeaa93989865dfda8' was completed in 0,11 seconds with the score of 971,24 (1 unrouted), using 88101,93 CPU seconds and 321895 MB memory.
2026-08-14 17:19:07.753 INFO   [8917D0\98883F] Auto-router pass #953 on board 'e5754d3e2795212eeaa93989865dfda8' was completed in 0,09 seconds with the score of 971,24 (1 unrouted), using 88101,93 CPU seconds and 321895 MB memory.
2026-08-14 17:19:07.853 INFO   [8917D0\98883F] Auto-router pass #954 on board 'e5754d3e2795212eeaa93989865dfda8' was completed in 0,09 seconds with the score of 971,24 (1 unrouted), using 88101,93 CPU seconds and 321895 MB memory.
2026-08-14 17:19:07.947 INFO   [8917D0\98883F] Auto-router pass #955 on board 'e5754d3e2795212eeaa93989865dfda8' was completed in 0,09 seconds with the score of 971,24 (1 unrouted), using 88101,93 CPU seconds and 321895 MB memory.
2026-08-14 17:19:08.064 INFO   [8917D0\98883F] Restoring an earlier board that has the score of 969,63 (2 unrouted).
2026-08-14 17:19:08.064 INFO   [8917D0\98883F] Auto-router pass #956 on board 'e5754d3e2795212eeaa93989865dfda8' was completed in 0,11 seconds with the score of 971,24 (1 unrouted), using 88101,93 CPU seconds and 321895 MB memory.
2026-08-14 17:19:09.271 INFO   [8917D0\98883F] Auto-router pass #957 on board 'ffa45c3878ca122e18667292b80392d4' was completed in 1,20 seconds with the score of 969,49 (2 unrouted), using 88515,87 CPU seconds and 322628 MB memory.
2026-08-14 17:19:10.239 INFO   [8917D0\98883F] Auto-router pass #958 on board '1aed2ae485a2fbdbb4eaaa1455a26b57' was completed in 0,94 seconds with the score of 971,10 (1 unrouted), using 88930,76 CPU seconds and 323408 MB memory.
2026-08-14 17:19:10.352 INFO   [8917D0\98883F] Auto-router pass #959 on board '7980cbbcd9ec469618ee1e9b3d1bd4ff' was completed in 0,09 seconds with the score of 971,10 (1 unrouted), using 89346,63 CPU seconds and 324202 MB memory.
2026-08-14 17:19:10.465 INFO   [8917D0\98883F] Restoring an earlier board that has the score of 971,10 (1 unrouted).
2026-08-14 17:19:10.465 INFO   [8917D0\98883F] Auto-router pass #960 on board '7980cbbcd9ec469618ee1e9b3d1bd4ff' was completed in 0,10 seconds with the score of 971,10 (1 unrouted), using 89346,63 CPU seconds and 324202 MB memory.
2026-08-14 17:19:10.570 INFO   [8917D0\98883F] Auto-router pass #961 on board '7980cbbcd9ec469618ee1e9b3d1bd4ff' was completed in 0,10 seconds with the score of 971,10 (1 unrouted), using 89346,63 CPU seconds and 324202 MB memory.
2026-08-14 17:19:10.665 INFO   [8917D0\98883F] Auto-router pass #962 on board '7980cbbcd9ec469618ee1e9b3d1bd4ff' was completed in 0,09 seconds with the score of 971,10 (1 unrouted), using 89346,63 CPU seconds and 324202 MB memory.
2026-08-14 17:19:10.763 INFO   [8917D0\98883F] Auto-router pass #963 on board '7980cbbcd9ec469618ee1e9b3d1bd4ff' was completed in 0,09 seconds with the score of 971,10 (1 unrouted), using 89346,63 CPU seconds and 324202 MB memory.
2026-08-14 17:19:10.881 INFO   [8917D0\98883F] Restoring an earlier board that has the score of 971,10 (1 unrouted).
2026-08-14 17:19:10.881 INFO   [8917D0\98883F] Auto-router pass #964 on board '7980cbbcd9ec469618ee1e9b3d1bd4ff' was completed in 0,11 seconds with the score of 971,10 (1 unrouted), using 89346,63 CPU seconds and 324202 MB memory.
2026-08-14 17:19:10.979 INFO   [8917D0\98883F] Auto-router pass #965 on board '7980cbbcd9ec469618ee1e9b3d1bd4ff' was completed in 0,09 seconds with the score of 971,10 (1 unrouted), using 89346,63 CPU seconds and 324202 MB memory.
2026-08-14 17:19:11.078 INFO   [8917D0\98883F] Auto-router pass #966 on board '7980cbbcd9ec469618ee1e9b3d1bd4ff' was completed in 0,09 seconds with the score of 971,10 (1 unrouted), using 89346,63 CPU seconds and 324202 MB memory.
2026-08-14 17:19:11.172 INFO   [8917D0\98883F] Auto-router pass #967 on board '7980cbbcd9ec469618ee1e9b3d1bd4ff' was completed in 0,09 seconds with the score of 971,10 (1 unrouted), using 89346,63 CPU seconds and 324202 MB memory.
2026-08-14 17:19:11.292 INFO   [8917D0\98883F] Restoring an earlier board that has the score of 971,10 (1 unrouted).
2026-08-14 17:19:11.292 INFO   [8917D0\98883F] Auto-router pass #968 on board '7980cbbcd9ec469618ee1e9b3d1bd4ff' was completed in 0,11 seconds with the score of 971,10 (1 unrouted), using 89763,48 CPU seconds and 324914 MB memory.
2026-08-14 17:19:11.396 INFO   [8917D0\98883F] Auto-router pass #969 on board '7980cbbcd9ec469618ee1e9b3d1bd4ff' was completed in 0,10 seconds with the score of 971,10 (1 unrouted), using 89763,48 CPU seconds and 324914 MB memory.
2026-08-14 17:19:11.497 INFO   [8917D0\98883F] Auto-router pass #970 on board '7980cbbcd9ec469618ee1e9b3d1bd4ff' was completed in 0,09 seconds with the score of 971,10 (1 unrouted), using 89763,48 CPU seconds and 324914 MB memory.
2026-08-14 17:19:11.591 INFO   [8917D0\98883F] Auto-router pass #971 on board '7980cbbcd9ec469618ee1e9b3d1bd4ff' was completed in 0,09 seconds with the score of 971,10 (1 unrouted), using 89763,48 CPU seconds and 324914 MB memory.
2026-08-14 17:19:11.711 INFO   [8917D0\98883F] Restoring an earlier board that has the score of 971,10 (1 unrouted).
2026-08-14 17:19:11.711 INFO   [8917D0\98883F] Auto-router pass #972 on board '7980cbbcd9ec469618ee1e9b3d1bd4ff' was completed in 0,11 seconds with the score of 971,10 (1 unrouted), using 89763,48 CPU seconds and 324914 MB memory.
2026-08-14 17:19:11.819 INFO   [8917D0\98883F] Auto-router pass #973 on board '7980cbbcd9ec469618ee1e9b3d1bd4ff' was completed in 0,10 seconds with the score of 971,10 (1 unrouted), using 89763,48 CPU seconds and 324914 MB memory.
2026-08-14 17:19:11.913 INFO   [8917D0\98883F] Auto-router pass #974 on board '7980cbbcd9ec469618ee1e9b3d1bd4ff' was completed in 0,09 seconds with the score of 971,10 (1 unrouted), using 89763,48 CPU seconds and 324914 MB memory.
2026-08-14 17:19:12.011 INFO   [8917D0\98883F] Auto-router pass #975 on board '7980cbbcd9ec469618ee1e9b3d1bd4ff' was completed in 0,09 seconds with the score of 971,10 (1 unrouted), using 89763,48 CPU seconds and 324914 MB memory.
2026-08-14 17:19:12.131 INFO   [8917D0\98883F] Restoring an earlier board that has the score of 969,63 (2 unrouted).
2026-08-14 17:19:12.131 INFO   [8917D0\98883F] Auto-router pass #976 on board '7980cbbcd9ec469618ee1e9b3d1bd4ff' was completed in 0,11 seconds with the score of 971,10 (1 unrouted), using 89763,48 CPU seconds and 324914 MB memory.
2026-08-14 17:19:13.572 INFO   [8917D0\98883F] Auto-router pass #977 on board 'ffa45c3878ca122e18667292b80392d4' was completed in 1,43 seconds with the score of 969,49 (2 unrouted), using 90600,05 CPU seconds and 326361 MB memory.
2026-08-14 17:19:14.011 INFO   [8917D0\98883F] Auto-router pass #978 on board 'e168f65cc32cb3c4fc6704e6ca64e151' was completed in 0,41 seconds with the score of 971,24 (1 unrouted), using 90600,05 CPU seconds and 326361 MB memory.
2026-08-14 17:19:14.128 INFO   [8917D0\98883F] Auto-router pass #979 on board '4f83a727b5cbd5ccfed51fed280a00d8' was completed in 0,09 seconds with the score of 971,24 (1 unrouted), using 90600,05 CPU seconds and 326361 MB memory.
2026-08-14 17:19:14.249 INFO   [8917D0\98883F] Restoring an earlier board that has the score of 971,24 (1 unrouted).
2026-08-14 17:19:14.249 INFO   [8917D0\98883F] Auto-router pass #980 on board '4f83a727b5cbd5ccfed51fed280a00d8' was completed in 0,11 seconds with the score of 971,24 (1 unrouted), using 90600,05 CPU seconds and 326361 MB memory.
2026-08-14 17:19:14.352 INFO   [8917D0\98883F] Auto-router pass #981 on board '4f83a727b5cbd5ccfed51fed280a00d8' was completed in 0,09 seconds with the score of 971,24 (1 unrouted), using 91019,73 CPU seconds and 327107 MB memory.
2026-08-14 17:19:14.455 INFO   [8917D0\98883F] Auto-router pass #982 on board '4f83a727b5cbd5ccfed51fed280a00d8' was completed in 0,09 seconds with the score of 971,24 (1 unrouted), using 91019,73 CPU seconds and 327107 MB memory.
2026-08-14 17:19:14.552 INFO   [8917D0\98883F] Auto-router pass #983 on board '4f83a727b5cbd5ccfed51fed280a00d8' was completed in 0,09 seconds with the score of 971,24 (1 unrouted), using 91019,73 CPU seconds and 327107 MB memory.
2026-08-14 17:19:14.673 INFO   [8917D0\98883F] Restoring an earlier board that has the score of 971,24 (1 unrouted).
2026-08-14 17:19:14.673 INFO   [8917D0\98883F] Auto-router pass #984 on board '4f83a727b5cbd5ccfed51fed280a00d8' was completed in 0,11 seconds with the score of 971,24 (1 unrouted), using 91019,73 CPU seconds and 327107 MB memory.
2026-08-14 17:19:14.779 INFO   [8917D0\98883F] Auto-router pass #985 on board '4f83a727b5cbd5ccfed51fed280a00d8' was completed in 0,10 seconds with the score of 971,24 (1 unrouted), using 91019,73 CPU seconds and 327107 MB memory.
2026-08-14 17:19:14.882 INFO   [8917D0\98883F] Auto-router pass #986 on board '4f83a727b5cbd5ccfed51fed280a00d8' was completed in 0,09 seconds with the score of 971,24 (1 unrouted), using 91019,73 CPU seconds and 327107 MB memory.
2026-08-14 17:19:14.978 INFO   [8917D0\98883F] Auto-router pass #987 on board '4f83a727b5cbd5ccfed51fed280a00d8' was completed in 0,09 seconds with the score of 971,24 (1 unrouted), using 91019,73 CPU seconds and 327107 MB memory.
2026-08-14 17:19:15.099 INFO   [8917D0\98883F] Restoring an earlier board that has the score of 971,24 (1 unrouted).
2026-08-14 17:19:15.099 INFO   [8917D0\98883F] Auto-router pass #988 on board '4f83a727b5cbd5ccfed51fed280a00d8' was completed in 0,11 seconds with the score of 971,24 (1 unrouted), using 91019,73 CPU seconds and 327107 MB memory.
2026-08-14 17:19:15.206 INFO   [8917D0\98883F] Auto-router pass #989 on board '4f83a727b5cbd5ccfed51fed280a00d8' was completed in 0,10 seconds with the score of 971,24 (1 unrouted), using 91019,73 CPU seconds and 327107 MB memory.
2026-08-14 17:19:15.303 INFO   [8917D0\98883F] Auto-router pass #990 on board '4f83a727b5cbd5ccfed51fed280a00d8' was completed in 0,09 seconds with the score of 971,24 (1 unrouted), using 91440,35 CPU seconds and 327795 MB memory.
2026-08-14 17:19:15.407 INFO   [8917D0\98883F] Auto-router pass #991 on board '4f83a727b5cbd5ccfed51fed280a00d8' was completed in 0,10 seconds with the score of 971,24 (1 unrouted), using 91440,35 CPU seconds and 327795 MB memory.
2026-08-14 17:19:15.537 INFO   [8917D0\98883F] Restoring an earlier board that has the score of 971,24 (1 unrouted).
2026-08-14 17:19:15.537 INFO   [8917D0\98883F] Auto-router pass #992 on board '4f83a727b5cbd5ccfed51fed280a00d8' was completed in 0,12 seconds with the score of 971,24 (1 unrouted), using 91440,35 CPU seconds and 327795 MB memory.
2026-08-14 17:19:15.641 INFO   [8917D0\98883F] Auto-router pass #993 on board '4f83a727b5cbd5ccfed51fed280a00d8' was completed in 0,09 seconds with the score of 971,24 (1 unrouted), using 91440,35 CPU seconds and 327795 MB memory.
2026-08-14 17:19:15.736 INFO   [8917D0\98883F] Auto-router pass #994 on board '4f83a727b5cbd5ccfed51fed280a00d8' was completed in 0,09 seconds with the score of 971,24 (1 unrouted), using 91440,35 CPU seconds and 327795 MB memory.
2026-08-14 17:19:15.836 INFO   [8917D0\98883F] Auto-router pass #995 on board '4f83a727b5cbd5ccfed51fed280a00d8' was completed in 0,09 seconds with the score of 971,24 (1 unrouted), using 91440,35 CPU seconds and 327795 MB memory.
{
  "host": "KiCad's Pcbnew,9.0.3+dfsg-1",
  "unit": "mm",
  "board": {
    "bounding_box": {
      "x": 1501.0,
      "y": 1.0,
      "width": -1.0,
      "height": -581.0
    },
    "size": {
      "x": 0.0,
      "y": 0.0,
      "width": 1502.0,
      "height": 582.0
    }
  },
  "layers": {
    "total_count": 2,
    "signal_count": 2
  },
  "items": {
    "total_count": 1000,
    "trace_count": 260,
    "via_count": 151,
    "conduction_area_count": 3,
    "drill_item_count": 272,
    "pin_count": 0,
    "component_count": 313,
    "other_count": 1
  },
  "components": {
    "total_count": 26
  },
  "pads": {
    "total_count": 272
  },
  "nets": {
    "total_count": 69,
    "class_count": 3
  },
  "connections": {
    "maximum_count": 578,
    "incomplete_count": 1
  },
  "traces": {
    "total_count": 260,
    "total_segment_count": 1025,
    "total_length": 47291.598,
    "total_weighted_length": 1.5342122E8,
    "average_length": 181.89075,
    "total_vertical_length": 5570.238,
    "total_horizontal_length": 27246.18,
    "total_angled_length": 10178.745
  },
  "bends": {
    "total_count": 765,
    "90_degree_count": 7,
    "45_degree_count": 758,
    "other_angle_count": 0
  },
  "vias": {
    "total_count": 151,
    "through_hole_count": 151,
    "blind_count": 0,
    "buried_count": 0
  },
  "clearance_violations": {
    "total_count": 0
  }
}
17:19:16: Debug: Adding duplicate image handler for 'PNG file'
17:19:16: Debug: Adding duplicate image handler for 'JPEG file'
17:19:16: Debug: Adding duplicate image handler for 'TIFF file'
17:19:16: Debug: Adding duplicate image handler for 'GIF file'
17:19:16: Debug: Adding duplicate image handler for 'PNM file'
17:19:16: Debug: Adding duplicate image handler for 'PCX file'
17:19:16: Debug: Adding duplicate image handler for 'IFF file'
17:19:16: Debug: Adding duplicate image handler for 'Windows icon file'
17:19:16: Debug: Adding duplicate image handler for 'Windows cursor file'
17:19:16: Debug: Adding duplicate image handler for 'Windows animated cursor file'
17:19:16: Debug: Adding duplicate image handler for 'TGA file'
17:19:16: Debug: Adding duplicate image handler for 'XPM file'
17:19:17: Debug: Adding duplicate image handler for 'PNG file'
17:19:17: Debug: Adding duplicate image handler for 'JPEG file'
17:19:17: Debug: Adding duplicate image handler for 'TIFF file'
17:19:17: Debug: Adding duplicate image handler for 'GIF file'
17:19:17: Debug: Adding duplicate image handler for 'PNM file'
17:19:17: Debug: Adding duplicate image handler for 'PCX file'
17:19:17: Debug: Adding duplicate image handler for 'IFF file'
17:19:17: Debug: Adding duplicate image handler for 'Windows icon file'
17:19:17: Debug: Adding duplicate image handler for 'Windows cursor file'
17:19:17: Debug: Adding duplicate image handler for 'Windows animated cursor file'
17:19:17: Debug: Adding duplicate image handler for 'TGA file'
17:19:17: Debug: Adding duplicate image handler for 'XPM file'
freerouting : java -Djava.awt.headless=true -jar ../phaseA/freerouting.jar -de berceau_fr.dsn -do berceau.ses -mp 5
liaisons non routées restantes : 44
