2026-08-14 16:38:04.377 INFO   Freerouting v2.1.0 (build-date: 2025-04-12)
2026-08-14 16:38:04.481 WARN   No default constructor found for field: currentLocale
2026-08-14 16:38:04.481 INFO   Settings were loaded from freerouting.json
2026-08-14 16:38:04.488 WARN   Couldn't get screen resolution. If you are running in a headless environment, disable the GUI by setting gui.enabled to false.
2026-08-14 16:38:06.831 INFO   [11415E\7588A6] Job '11415E\7588A6' started at 2026-08-14T14:38:06.830774872Z
2026-08-14 16:38:14.194 INFO   [11415E\7588A6] Auto-router pass #1 on board '82686ae9000d50a1bdf98045e95d1f71' was completed in 7,20 seconds with the score of 720,38 (65 unrouted), using 25,72 CPU seconds and 4063 MB memory.
2026-08-14 16:38:15.521 INFO   New version available: v2.3.0
2026-08-14 16:38:18.689 INFO   [11415E\7588A6] Auto-router pass #2 on board '35da61238f78e7bc2a0410c4b55d6007' was completed in 4,47 seconds with the score of 766,88 (57 unrouted), using 61,73 CPU seconds and 6850 MB memory.
2026-08-14 16:38:22.090 INFO   [11415E\7588A6] Auto-router pass #3 on board '8a02d1d11999d84f5a31500b70849187' was completed in 3,38 seconds with the score of 777,59 (55 unrouted), using 113,43 CPU seconds and 9585 MB memory.
2026-08-14 16:38:22.797 WARN   ItemAutorouteInfo.get_expansion_room: p_index out of range
2026-08-14 16:38:22.798 WARN   ItemAutorouteInfo.get_expansion_room: p_index out of range
2026-08-14 16:38:22.850 WARN   ItemAutorouteInfo.get_expansion_room: p_index out of range
2026-08-14 16:38:22.850 WARN   ItemAutorouteInfo.get_expansion_room: p_index out of range
2026-08-14 16:38:39.519 INFO   [11415E\7588A6] Auto-router pass #4 on board '3c97b58f96516ae5711a16e799b66db9' was completed in 17,41 seconds with the score of 868,71 (36 unrouted), using 506,40 CPU seconds and 19867 MB memory.
2026-08-14 16:38:39.946 WARN   ShapeSearchTree45Degree.complete_shape: cannot convert room shape Simplex to IntOctagon
2026-08-14 16:38:39.946 WARN   ShapeSearchTree45Degree.complete_shape: cannot convert room shape Simplex to IntOctagon
2026-08-14 16:38:39.947 WARN   ShapeSearchTree45Degree.complete_shape: cannot convert room shape Simplex to IntOctagon
2026-08-14 16:38:39.947 WARN   ShapeSearchTree45Degree.complete_shape: cannot convert room shape Simplex to IntOctagon
2026-08-14 16:38:39.947 WARN   ShapeSearchTree45Degree.complete_shape: cannot convert room shape Simplex to IntOctagon
2026-08-14 16:38:39.947 WARN   ShapeSearchTree45Degree.complete_shape: cannot convert room shape Simplex to IntOctagon
2026-08-14 16:38:39.947 WARN   ShapeSearchTree45Degree.complete_shape: cannot convert room shape Simplex to IntOctagon
2026-08-14 16:38:39.948 WARN   ShapeSearchTree45Degree.complete_shape: cannot convert room shape Simplex to IntOctagon
2026-08-14 16:38:40.212 WARN   ShapeSearchTree45Degree.complete_shape: cannot convert room shape Simplex to IntOctagon
2026-08-14 16:38:40.212 WARN   ShapeSearchTree45Degree.complete_shape: cannot convert room shape Simplex to IntOctagon
2026-08-14 16:38:40.212 WARN   ShapeSearchTree45Degree.complete_shape: cannot convert room shape Simplex to IntOctagon
2026-08-14 16:38:40.212 WARN   ShapeSearchTree45Degree.complete_shape: cannot convert room shape Simplex to IntOctagon
2026-08-14 16:38:40.213 WARN   ShapeSearchTree45Degree.complete_shape: cannot convert room shape Simplex to IntOctagon
2026-08-14 16:38:40.232 WARN   ShapeSearchTree45Degree.complete_shape: cannot convert room shape Simplex to IntOctagon
2026-08-14 16:38:40.232 WARN   ShapeSearchTree45Degree.complete_shape: cannot convert room shape Simplex to IntOctagon
2026-08-14 16:38:40.232 WARN   ShapeSearchTree45Degree.complete_shape: cannot convert room shape Simplex to IntOctagon
2026-08-14 16:38:40.232 WARN   ShapeSearchTree45Degree.complete_shape: cannot convert room shape Simplex to IntOctagon
2026-08-14 16:38:40.251 WARN   ShapeSearchTree45Degree.complete_shape: cannot convert room shape Simplex to IntOctagon
2026-08-14 16:38:40.251 WARN   ShapeSearchTree45Degree.complete_shape: cannot convert room shape Simplex to IntOctagon
2026-08-14 16:38:40.251 WARN   ShapeSearchTree45Degree.complete_shape: cannot convert room shape Simplex to IntOctagon
2026-08-14 16:38:40.251 WARN   ShapeSearchTree45Degree.complete_shape: cannot convert room shape Simplex to IntOctagon
2026-08-14 16:38:40.251 WARN   ShapeSearchTree45Degree.complete_shape: cannot convert room shape Simplex to IntOctagon
2026-08-14 16:38:40.251 WARN   ShapeSearchTree45Degree.complete_shape: cannot convert room shape Simplex to IntOctagon
2026-08-14 16:38:40.251 WARN   ShapeSearchTree45Degree.complete_shape: cannot convert room shape Simplex to IntOctagon
2026-08-14 16:38:40.251 WARN   ShapeSearchTree45Degree.complete_shape: cannot convert room shape Simplex to IntOctagon
2026-08-14 16:38:40.251 WARN   ShapeSearchTree45Degree.complete_shape: cannot convert room shape Simplex to IntOctagon
2026-08-14 16:38:40.252 WARN   ShapeSearchTree45Degree.complete_shape: cannot convert room shape Simplex to IntOctagon
2026-08-14 16:38:40.252 WARN   ShapeSearchTree45Degree.complete_shape: cannot convert room shape Simplex to IntOctagon
2026-08-14 16:38:40.252 WARN   ShapeSearchTree45Degree.complete_shape: cannot convert room shape Simplex to IntOctagon
2026-08-14 16:38:40.252 WARN   ShapeSearchTree45Degree.complete_shape: cannot convert room shape Simplex to IntOctagon
2026-08-14 16:38:40.252 WARN   ShapeSearchTree45Degree.complete_shape: cannot convert room shape Simplex to IntOctagon
2026-08-14 16:38:40.252 WARN   ShapeSearchTree45Degree.complete_shape: cannot convert room shape Simplex to IntOctagon
2026-08-14 16:38:40.252 WARN   ShapeSearchTree45Degree.complete_shape: cannot convert room shape Simplex to IntOctagon
2026-08-14 16:38:40.252 WARN   ShapeSearchTree45Degree.complete_shape: cannot convert room shape Simplex to IntOctagon
2026-08-14 16:38:40.252 WARN   ShapeSearchTree45Degree.complete_shape: cannot convert room shape Simplex to IntOctagon
2026-08-14 16:38:40.252 WARN   ShapeSearchTree45Degree.complete_shape: cannot convert room shape Simplex to IntOctagon
2026-08-14 16:38:40.252 WARN   ShapeSearchTree45Degree.complete_shape: cannot convert room shape Simplex to IntOctagon
2026-08-14 16:38:40.252 WARN   ShapeSearchTree45Degree.complete_shape: cannot convert room shape Simplex to IntOctagon
2026-08-14 16:38:40.253 WARN   ShapeSearchTree45Degree.complete_shape: cannot convert room shape Simplex to IntOctagon
2026-08-14 16:38:40.253 WARN   ShapeSearchTree45Degree.complete_shape: cannot convert room shape Simplex to IntOctagon
2026-08-14 16:38:40.259 WARN   ShapeSearchTree45Degree.complete_shape: cannot convert room shape Simplex to IntOctagon
2026-08-14 16:38:40.267 WARN   ShapeSearchTree45Degree.complete_shape: cannot convert room shape Simplex to IntOctagon
2026-08-14 16:38:40.268 WARN   ShapeSearchTree45Degree.complete_shape: cannot convert room shape Simplex to IntOctagon
2026-08-14 16:38:40.268 WARN   ShapeSearchTree45Degree.complete_shape: cannot convert room shape Simplex to IntOctagon
2026-08-14 16:38:40.268 WARN   ShapeSearchTree45Degree.complete_shape: cannot convert room shape Simplex to IntOctagon
2026-08-14 16:38:40.270 WARN   ShapeSearchTree45Degree.complete_shape: cannot convert room shape Simplex to IntOctagon
2026-08-14 16:38:40.270 WARN   ShapeSearchTree45Degree.complete_shape: cannot convert room shape Simplex to IntOctagon
2026-08-14 16:38:40.276 WARN   ShapeSearchTree45Degree.complete_shape: cannot convert room shape Simplex to IntOctagon
2026-08-14 16:38:40.276 WARN   ShapeSearchTree45Degree.complete_shape: cannot convert room shape Simplex to IntOctagon
2026-08-14 16:38:40.276 WARN   ShapeSearchTree45Degree.complete_shape: cannot convert room shape Simplex to IntOctagon
2026-08-14 16:38:40.276 WARN   ShapeSearchTree45Degree.complete_shape: cannot convert room shape Simplex to IntOctagon
2026-08-14 16:38:40.276 WARN   ShapeSearchTree45Degree.complete_shape: cannot convert room shape Simplex to IntOctagon
2026-08-14 16:38:40.276 WARN   ShapeSearchTree45Degree.complete_shape: cannot convert room shape Simplex to IntOctagon
2026-08-14 16:38:40.276 WARN   ShapeSearchTree45Degree.complete_shape: cannot convert room shape Simplex to IntOctagon
2026-08-14 16:38:40.276 WARN   ShapeSearchTree45Degree.complete_shape: cannot convert room shape Simplex to IntOctagon
2026-08-14 16:38:40.277 WARN   ShapeSearchTree45Degree.complete_shape: cannot convert room shape Simplex to IntOctagon
2026-08-14 16:38:40.277 WARN   ShapeSearchTree45Degree.complete_shape: cannot convert room shape Simplex to IntOctagon
2026-08-14 16:38:40.277 WARN   ShapeSearchTree45Degree.complete_shape: cannot convert room shape Simplex to IntOctagon
2026-08-14 16:38:40.277 WARN   ShapeSearchTree45Degree.complete_shape: cannot convert room shape Simplex to IntOctagon
2026-08-14 16:38:40.277 WARN   ShapeSearchTree45Degree.complete_shape: cannot convert room shape Simplex to IntOctagon
2026-08-14 16:38:40.277 WARN   ShapeSearchTree45Degree.complete_shape: cannot convert room shape Simplex to IntOctagon
2026-08-14 16:38:40.277 WARN   ShapeSearchTree45Degree.complete_shape: cannot convert room shape Simplex to IntOctagon
2026-08-14 16:38:40.278 WARN   ShapeSearchTree45Degree.complete_shape: cannot convert room shape Simplex to IntOctagon
2026-08-14 16:38:40.278 WARN   ShapeSearchTree45Degree.complete_shape: cannot convert room shape Simplex to IntOctagon
2026-08-14 16:38:40.278 WARN   ShapeSearchTree45Degree.complete_shape: cannot convert room shape Simplex to IntOctagon
2026-08-14 16:38:40.282 WARN   ShapeSearchTree45Degree.complete_shape: cannot convert room shape Simplex to IntOctagon
2026-08-14 16:38:40.282 WARN   ShapeSearchTree45Degree.complete_shape: cannot convert room shape Simplex to IntOctagon
2026-08-14 16:38:40.282 WARN   ShapeSearchTree45Degree.complete_shape: cannot convert room shape Simplex to IntOctagon
2026-08-14 16:38:40.283 WARN   ShapeSearchTree45Degree.complete_shape: cannot convert room shape Simplex to IntOctagon
2026-08-14 16:38:40.296 WARN   ShapeSearchTree45Degree.complete_shape: cannot convert room shape Simplex to IntOctagon
2026-08-14 16:38:40.297 WARN   ShapeSearchTree45Degree.complete_shape: cannot convert room shape Simplex to IntOctagon
2026-08-14 16:38:40.297 WARN   ShapeSearchTree45Degree.complete_shape: cannot convert room shape Simplex to IntOctagon
2026-08-14 16:38:40.299 WARN   ShapeSearchTree45Degree.complete_shape: cannot convert room shape Simplex to IntOctagon
2026-08-14 16:38:40.299 WARN   ShapeSearchTree45Degree.complete_shape: cannot convert room shape Simplex to IntOctagon
2026-08-14 16:38:40.299 WARN   ShapeSearchTree45Degree.complete_shape: cannot convert room shape Simplex to IntOctagon
2026-08-14 16:38:40.300 WARN   ShapeSearchTree45Degree.complete_shape: cannot convert room shape Simplex to IntOctagon
2026-08-14 16:38:40.301 WARN   ShapeSearchTree45Degree.complete_shape: cannot convert room shape Simplex to IntOctagon
2026-08-14 16:38:40.301 WARN   ShapeSearchTree45Degree.complete_shape: cannot convert room shape Simplex to IntOctagon
2026-08-14 16:38:40.301 WARN   ShapeSearchTree45Degree.complete_shape: cannot convert room shape Simplex to IntOctagon
2026-08-14 16:38:40.306 WARN   ShapeSearchTree45Degree.complete_shape: cannot convert room shape Simplex to IntOctagon
2026-08-14 16:38:40.306 WARN   ShapeSearchTree45Degree.complete_shape: cannot convert room shape Simplex to IntOctagon
2026-08-14 16:38:40.306 WARN   ShapeSearchTree45Degree.complete_shape: cannot convert room shape Simplex to IntOctagon
2026-08-14 16:38:40.306 WARN   ShapeSearchTree45Degree.complete_shape: cannot convert room shape Simplex to IntOctagon
2026-08-14 16:38:40.307 WARN   ShapeSearchTree45Degree.complete_shape: cannot convert room shape Simplex to IntOctagon
2026-08-14 16:38:40.307 WARN   ShapeSearchTree45Degree.complete_shape: cannot convert room shape Simplex to IntOctagon
2026-08-14 16:38:40.308 WARN   ShapeSearchTree45Degree.complete_shape: cannot convert room shape Simplex to IntOctagon
2026-08-14 16:38:40.308 WARN   ShapeSearchTree45Degree.complete_shape: cannot convert room shape Simplex to IntOctagon
2026-08-14 16:38:40.308 WARN   ShapeSearchTree45Degree.complete_shape: cannot convert room shape Simplex to IntOctagon
2026-08-14 16:38:40.308 WARN   ShapeSearchTree45Degree.complete_shape: cannot convert room shape Simplex to IntOctagon
2026-08-14 16:38:40.308 WARN   ShapeSearchTree45Degree.complete_shape: cannot convert room shape Simplex to IntOctagon
2026-08-14 16:38:40.316 WARN   ShapeSearchTree45Degree.complete_shape: cannot convert room shape Simplex to IntOctagon
2026-08-14 16:38:40.317 WARN   ShapeSearchTree45Degree.complete_shape: cannot convert room shape Simplex to IntOctagon
2026-08-14 16:38:40.317 WARN   ShapeSearchTree45Degree.complete_shape: cannot convert room shape Simplex to IntOctagon
2026-08-14 16:38:40.317 WARN   ShapeSearchTree45Degree.complete_shape: cannot convert room shape Simplex to IntOctagon
2026-08-14 16:38:40.320 WARN   ShapeSearchTree45Degree.complete_shape: cannot convert room shape Simplex to IntOctagon
2026-08-14 16:38:40.320 WARN   ShapeSearchTree45Degree.complete_shape: cannot convert room shape Simplex to IntOctagon
2026-08-14 16:38:40.320 WARN   ShapeSearchTree45Degree.complete_shape: cannot convert room shape Simplex to IntOctagon
2026-08-14 16:38:40.326 WARN   ShapeSearchTree45Degree.complete_shape: cannot convert room shape Simplex to IntOctagon
2026-08-14 16:38:40.332 WARN   ShapeSearchTree45Degree.complete_shape: cannot convert room shape Simplex to IntOctagon
2026-08-14 16:38:40.332 WARN   ShapeSearchTree45Degree.complete_shape: cannot convert room shape Simplex to IntOctagon
2026-08-14 16:38:40.333 WARN   ShapeSearchTree45Degree.complete_shape: cannot convert room shape Simplex to IntOctagon
2026-08-14 16:38:40.333 WARN   ShapeSearchTree45Degree.complete_shape: cannot convert room shape Simplex to IntOctagon
2026-08-14 16:38:40.333 WARN   ShapeSearchTree45Degree.complete_shape: cannot convert room shape Simplex to IntOctagon
2026-08-14 16:38:40.334 WARN   ShapeSearchTree45Degree.complete_shape: cannot convert room shape Simplex to IntOctagon
2026-08-14 16:38:40.334 WARN   ShapeSearchTree45Degree.complete_shape: cannot convert room shape Simplex to IntOctagon
2026-08-14 16:38:40.337 WARN   ShapeSearchTree45Degree.complete_shape: cannot convert room shape Simplex to IntOctagon
2026-08-14 16:38:40.338 WARN   ShapeSearchTree45Degree.complete_shape: cannot convert room shape Simplex to IntOctagon
2026-08-14 16:38:40.338 WARN   ShapeSearchTree45Degree.complete_shape: cannot convert room shape Simplex to IntOctagon
2026-08-14 16:38:40.340 WARN   ShapeSearchTree45Degree.complete_shape: cannot convert room shape Simplex to IntOctagon
2026-08-14 16:38:40.347 WARN   ShapeSearchTree45Degree.complete_shape: cannot convert room shape Simplex to IntOctagon
2026-08-14 16:38:40.348 WARN   ShapeSearchTree45Degree.complete_shape: cannot convert room shape Simplex to IntOctagon
2026-08-14 16:38:40.348 WARN   ShapeSearchTree45Degree.complete_shape: cannot convert room shape Simplex to IntOctagon
2026-08-14 16:38:40.349 WARN   ShapeSearchTree45Degree.complete_shape: cannot convert room shape Simplex to IntOctagon
2026-08-14 16:38:40.349 WARN   ShapeSearchTree45Degree.complete_shape: cannot convert room shape Simplex to IntOctagon
2026-08-14 16:38:40.349 WARN   ShapeSearchTree45Degree.complete_shape: cannot convert room shape Simplex to IntOctagon
2026-08-14 16:38:40.352 WARN   ShapeSearchTree45Degree.complete_shape: cannot convert room shape Simplex to IntOctagon
2026-08-14 16:38:40.357 WARN   ShapeSearchTree45Degree.complete_shape: cannot convert room shape Simplex to IntOctagon
2026-08-14 16:38:40.357 WARN   ShapeSearchTree45Degree.complete_shape: cannot convert room shape Simplex to IntOctagon
2026-08-14 16:38:40.362 WARN   ShapeSearchTree45Degree.complete_shape: cannot convert room shape Simplex to IntOctagon
2026-08-14 16:38:40.362 WARN   ShapeSearchTree45Degree.complete_shape: cannot convert room shape Simplex to IntOctagon
2026-08-14 16:38:40.362 WARN   ShapeSearchTree45Degree.complete_shape: cannot convert room shape Simplex to IntOctagon
2026-08-14 16:38:40.363 WARN   ShapeSearchTree45Degree.complete_shape: cannot convert room shape Simplex to IntOctagon
2026-08-14 16:38:40.364 WARN   ShapeSearchTree45Degree.complete_shape: cannot convert room shape Simplex to IntOctagon
2026-08-14 16:38:40.368 WARN   ShapeSearchTree45Degree.complete_shape: cannot convert room shape Simplex to IntOctagon
2026-08-14 16:38:40.369 WARN   ShapeSearchTree45Degree.complete_shape: cannot convert room shape Simplex to IntOctagon
2026-08-14 16:38:40.369 WARN   ShapeSearchTree45Degree.complete_shape: cannot convert room shape Simplex to IntOctagon
2026-08-14 16:38:40.370 WARN   ShapeSearchTree45Degree.complete_shape: cannot convert room shape Simplex to IntOctagon
2026-08-14 16:38:40.378 WARN   ShapeSearchTree45Degree.complete_shape: cannot convert room shape Simplex to IntOctagon
2026-08-14 16:38:40.379 WARN   ShapeSearchTree45Degree.complete_shape: cannot convert room shape Simplex to IntOctagon
2026-08-14 16:38:40.402 WARN   ShapeSearchTree45Degree.complete_shape: cannot convert room shape Simplex to IntOctagon
2026-08-14 16:38:40.402 WARN   ShapeSearchTree45Degree.complete_shape: cannot convert room shape Simplex to IntOctagon
2026-08-14 16:38:40.402 WARN   ShapeSearchTree45Degree.complete_shape: cannot convert room shape Simplex to IntOctagon
2026-08-14 16:38:40.403 WARN   ShapeSearchTree45Degree.complete_shape: cannot convert room shape Simplex to IntOctagon
2026-08-14 16:38:40.426 WARN   ShapeSearchTree45Degree.complete_shape: cannot convert room shape Simplex to IntOctagon
2026-08-14 16:38:40.426 WARN   ShapeSearchTree45Degree.complete_shape: cannot convert room shape Simplex to IntOctagon
2026-08-14 16:38:40.426 WARN   ShapeSearchTree45Degree.complete_shape: cannot convert room shape Simplex to IntOctagon
2026-08-14 16:38:40.426 WARN   ShapeSearchTree45Degree.complete_shape: cannot convert room shape Simplex to IntOctagon
2026-08-14 16:38:40.427 WARN   ShapeSearchTree45Degree.complete_shape: cannot convert room shape Simplex to IntOctagon
2026-08-14 16:38:40.427 WARN   ShapeSearchTree45Degree.complete_shape: cannot convert room shape Simplex to IntOctagon
2026-08-14 16:38:40.433 WARN   ShapeSearchTree45Degree.complete_shape: cannot convert room shape Simplex to IntOctagon
2026-08-14 16:38:40.434 WARN   ShapeSearchTree45Degree.complete_shape: cannot convert room shape Simplex to IntOctagon
2026-08-14 16:38:40.434 WARN   ShapeSearchTree45Degree.complete_shape: cannot convert room shape Simplex to IntOctagon
2026-08-14 16:38:40.437 WARN   ShapeSearchTree45Degree.complete_shape: cannot convert room shape Simplex to IntOctagon
2026-08-14 16:38:40.446 WARN   ShapeSearchTree45Degree.complete_shape: cannot convert room shape Simplex to IntOctagon
2026-08-14 16:38:40.446 WARN   ShapeSearchTree45Degree.complete_shape: cannot convert room shape Simplex to IntOctagon
2026-08-14 16:38:40.446 WARN   ShapeSearchTree45Degree.complete_shape: cannot convert room shape Simplex to IntOctagon
2026-08-14 16:38:40.446 WARN   ShapeSearchTree45Degree.complete_shape: cannot convert room shape Simplex to IntOctagon
2026-08-14 16:38:40.456 WARN   ShapeSearchTree45Degree.complete_shape: cannot convert room shape Simplex to IntOctagon
2026-08-14 16:38:40.456 WARN   ShapeSearchTree45Degree.complete_shape: cannot convert room shape Simplex to IntOctagon
2026-08-14 16:38:40.456 WARN   ShapeSearchTree45Degree.complete_shape: cannot convert room shape Simplex to IntOctagon
2026-08-14 16:38:40.482 WARN   ShapeSearchTree45Degree.complete_shape: cannot convert room shape Simplex to IntOctagon
2026-08-14 16:38:40.482 WARN   ShapeSearchTree45Degree.complete_shape: cannot convert room shape Simplex to IntOctagon
2026-08-14 16:38:40.482 WARN   ShapeSearchTree45Degree.complete_shape: cannot convert room shape Simplex to IntOctagon
2026-08-14 16:38:40.484 WARN   ShapeSearchTree45Degree.complete_shape: cannot convert room shape Simplex to IntOctagon
2026-08-14 16:38:40.484 WARN   ShapeSearchTree45Degree.complete_shape: cannot convert room shape Simplex to IntOctagon
2026-08-14 16:38:40.484 WARN   ShapeSearchTree45Degree.complete_shape: cannot convert room shape Simplex to IntOctagon
2026-08-14 16:38:40.485 WARN   ShapeSearchTree45Degree.complete_shape: cannot convert room shape Simplex to IntOctagon
2026-08-14 16:38:40.493 WARN   ShapeSearchTree45Degree.complete_shape: cannot convert room shape Simplex to IntOctagon
2026-08-14 16:38:40.495 WARN   ShapeSearchTree45Degree.complete_shape: cannot convert room shape Simplex to IntOctagon
2026-08-14 16:38:40.496 WARN   ShapeSearchTree45Degree.complete_shape: cannot convert room shape Simplex to IntOctagon
2026-08-14 16:38:40.496 WARN   ShapeSearchTree45Degree.complete_shape: cannot convert room shape Simplex to IntOctagon
2026-08-14 16:38:40.496 WARN   ShapeSearchTree45Degree.complete_shape: cannot convert room shape Simplex to IntOctagon
2026-08-14 16:38:40.496 WARN   ShapeSearchTree45Degree.complete_shape: cannot convert room shape Simplex to IntOctagon
2026-08-14 16:38:40.496 WARN   ShapeSearchTree45Degree.complete_shape: cannot convert room shape Simplex to IntOctagon
2026-08-14 16:38:40.496 WARN   ShapeSearchTree45Degree.complete_shape: cannot convert room shape Simplex to IntOctagon
2026-08-14 16:38:40.496 WARN   ShapeSearchTree45Degree.complete_shape: cannot convert room shape Simplex to IntOctagon
2026-08-14 16:38:40.499 WARN   ShapeSearchTree45Degree.complete_shape: cannot convert room shape Simplex to IntOctagon
2026-08-14 16:38:40.499 WARN   ShapeSearchTree45Degree.complete_shape: cannot convert room shape Simplex to IntOctagon
2026-08-14 16:38:40.499 WARN   ShapeSearchTree45Degree.complete_shape: cannot convert room shape Simplex to IntOctagon
2026-08-14 16:38:40.500 WARN   ShapeSearchTree45Degree.complete_shape: cannot convert room shape Simplex to IntOctagon
2026-08-14 16:38:40.500 WARN   ShapeSearchTree45Degree.complete_shape: cannot convert room shape Simplex to IntOctagon
2026-08-14 16:38:40.504 WARN   ShapeSearchTree45Degree.complete_shape: cannot convert room shape Simplex to IntOctagon
2026-08-14 16:38:40.504 WARN   ShapeSearchTree45Degree.complete_shape: cannot convert room shape Simplex to IntOctagon
2026-08-14 16:38:40.504 WARN   ShapeSearchTree45Degree.complete_shape: cannot convert room shape Simplex to IntOctagon
2026-08-14 16:38:40.504 WARN   ShapeSearchTree45Degree.complete_shape: cannot convert room shape Simplex to IntOctagon
2026-08-14 16:38:40.504 WARN   ShapeSearchTree45Degree.complete_shape: cannot convert room shape Simplex to IntOctagon
2026-08-14 16:38:40.504 WARN   ShapeSearchTree45Degree.complete_shape: cannot convert room shape Simplex to IntOctagon
2026-08-14 16:38:40.506 WARN   ShapeSearchTree45Degree.complete_shape: cannot convert room shape Simplex to IntOctagon
2026-08-14 16:38:40.506 WARN   ShapeSearchTree45Degree.complete_shape: cannot convert room shape Simplex to IntOctagon
2026-08-14 16:38:40.507 WARN   ShapeSearchTree45Degree.complete_shape: cannot convert room shape Simplex to IntOctagon
2026-08-14 16:38:40.507 WARN   ShapeSearchTree45Degree.complete_shape: cannot convert room shape Simplex to IntOctagon
2026-08-14 16:38:40.507 WARN   ShapeSearchTree45Degree.complete_shape: cannot convert room shape Simplex to IntOctagon
2026-08-14 16:38:40.508 WARN   ShapeSearchTree45Degree.complete_shape: cannot convert room shape Simplex to IntOctagon
2026-08-14 16:38:40.508 WARN   ShapeSearchTree45Degree.complete_shape: cannot convert room shape Simplex to IntOctagon
2026-08-14 16:38:40.508 WARN   ShapeSearchTree45Degree.complete_shape: cannot convert room shape Simplex to IntOctagon
2026-08-14 16:38:40.514 WARN   ShapeSearchTree45Degree.complete_shape: cannot convert room shape Simplex to IntOctagon
2026-08-14 16:38:40.515 WARN   ShapeSearchTree45Degree.complete_shape: cannot convert room shape Simplex to IntOctagon
2026-08-14 16:38:40.516 WARN   ShapeSearchTree45Degree.complete_shape: cannot convert room shape Simplex to IntOctagon
2026-08-14 16:38:40.517 WARN   ShapeSearchTree45Degree.complete_shape: cannot convert room shape Simplex to IntOctagon
2026-08-14 16:38:40.517 WARN   ShapeSearchTree45Degree.complete_shape: cannot convert room shape Simplex to IntOctagon
2026-08-14 16:38:40.517 WARN   ShapeSearchTree45Degree.complete_shape: cannot convert room shape Simplex to IntOctagon
2026-08-14 16:38:40.517 WARN   ShapeSearchTree45Degree.complete_shape: cannot convert room shape Simplex to IntOctagon
2026-08-14 16:38:40.517 WARN   ShapeSearchTree45Degree.complete_shape: cannot convert room shape Simplex to IntOctagon
2026-08-14 16:38:40.518 WARN   ShapeSearchTree45Degree.complete_shape: cannot convert room shape Simplex to IntOctagon
2026-08-14 16:38:40.518 WARN   ShapeSearchTree45Degree.complete_shape: cannot convert room shape Simplex to IntOctagon
2026-08-14 16:38:40.518 WARN   ShapeSearchTree45Degree.complete_shape: cannot convert room shape Simplex to IntOctagon
2026-08-14 16:38:40.518 WARN   ShapeSearchTree45Degree.complete_shape: cannot convert room shape Simplex to IntOctagon
2026-08-14 16:38:40.518 WARN   ShapeSearchTree45Degree.complete_shape: cannot convert room shape Simplex to IntOctagon
2026-08-14 16:38:40.518 WARN   ShapeSearchTree45Degree.complete_shape: cannot convert room shape Simplex to IntOctagon
2026-08-14 16:38:40.519 WARN   ShapeSearchTree45Degree.complete_shape: cannot convert room shape Simplex to IntOctagon
2026-08-14 16:38:40.519 WARN   ShapeSearchTree45Degree.complete_shape: cannot convert room shape Simplex to IntOctagon
2026-08-14 16:38:40.520 WARN   ShapeSearchTree45Degree.complete_shape: cannot convert room shape Simplex to IntOctagon
2026-08-14 16:38:40.520 WARN   ShapeSearchTree45Degree.complete_shape: cannot convert room shape Simplex to IntOctagon
2026-08-14 16:38:40.520 WARN   ShapeSearchTree45Degree.complete_shape: cannot convert room shape Simplex to IntOctagon
2026-08-14 16:38:40.520 WARN   ShapeSearchTree45Degree.complete_shape: cannot convert room shape Simplex to IntOctagon
2026-08-14 16:38:40.523 WARN   ShapeSearchTree45Degree.complete_shape: cannot convert room shape Simplex to IntOctagon
2026-08-14 16:38:40.523 WARN   ShapeSearchTree45Degree.complete_shape: cannot convert room shape Simplex to IntOctagon
2026-08-14 16:38:40.523 WARN   ShapeSearchTree45Degree.complete_shape: cannot convert room shape Simplex to IntOctagon
2026-08-14 16:38:40.523 WARN   ShapeSearchTree45Degree.complete_shape: cannot convert room shape Simplex to IntOctagon
2026-08-14 16:38:40.530 WARN   ShapeSearchTree45Degree.complete_shape: cannot convert room shape Simplex to IntOctagon
2026-08-14 16:38:40.533 WARN   ShapeSearchTree45Degree.complete_shape: cannot convert room shape Simplex to IntOctagon
2026-08-14 16:38:40.533 WARN   ShapeSearchTree45Degree.complete_shape: cannot convert room shape Simplex to IntOctagon
2026-08-14 16:38:40.533 WARN   ShapeSearchTree45Degree.complete_shape: cannot convert room shape Simplex to IntOctagon
2026-08-14 16:38:40.533 WARN   ShapeSearchTree45Degree.complete_shape: cannot convert room shape Simplex to IntOctagon
2026-08-14 16:38:40.533 WARN   ShapeSearchTree45Degree.complete_shape: cannot convert room shape Simplex to IntOctagon
2026-08-14 16:38:40.533 WARN   ShapeSearchTree45Degree.complete_shape: cannot convert room shape Simplex to IntOctagon
2026-08-14 16:38:40.536 WARN   ShapeSearchTree45Degree.complete_shape: cannot convert room shape Simplex to IntOctagon
2026-08-14 16:38:40.536 WARN   ShapeSearchTree45Degree.complete_shape: cannot convert room shape Simplex to IntOctagon
2026-08-14 16:38:40.536 WARN   ShapeSearchTree45Degree.complete_shape: cannot convert room shape Simplex to IntOctagon
2026-08-14 16:38:40.536 WARN   ShapeSearchTree45Degree.complete_shape: cannot convert room shape Simplex to IntOctagon
2026-08-14 16:38:40.536 WARN   ShapeSearchTree45Degree.complete_shape: cannot convert room shape Simplex to IntOctagon
2026-08-14 16:38:40.536 WARN   ShapeSearchTree45Degree.complete_shape: cannot convert room shape Simplex to IntOctagon
2026-08-14 16:38:40.536 WARN   ShapeSearchTree45Degree.complete_shape: cannot convert room shape Simplex to IntOctagon
2026-08-14 16:38:40.537 WARN   ShapeSearchTree45Degree.complete_shape: cannot convert room shape Simplex to IntOctagon
2026-08-14 16:38:40.657 WARN   ShapeSearchTree45Degree.complete_shape: cannot convert room shape Simplex to IntOctagon
2026-08-14 16:38:40.658 WARN   ShapeSearchTree45Degree.complete_shape: cannot convert room shape Simplex to IntOctagon
2026-08-14 16:38:40.658 WARN   ShapeSearchTree45Degree.complete_shape: cannot convert room shape Simplex to IntOctagon
2026-08-14 16:38:40.658 WARN   ShapeSearchTree45Degree.complete_shape: cannot convert room shape Simplex to IntOctagon
2026-08-14 16:38:40.658 WARN   ShapeSearchTree45Degree.complete_shape: cannot convert room shape Simplex to IntOctagon
2026-08-14 16:38:40.658 WARN   ShapeSearchTree45Degree.complete_shape: cannot convert room shape Simplex to IntOctagon
2026-08-14 16:38:40.660 WARN   ShapeSearchTree45Degree.complete_shape: cannot convert room shape Simplex to IntOctagon
2026-08-14 16:38:41.401 INFO   [11415E\7588A6] Auto-router pass #5 on board '38ba96a8960046113eab1b2949164273' was completed in 1,86 seconds with the score of 868,71 (36 unrouted), using 571,17 CPU seconds and 21187 MB memory.
2026-08-14 16:38:42.383 INFO   [11415E\7588A6] Auto-router pass #6 on board '38ba96a8960046113eab1b2949164273' was completed in 0,97 seconds with the score of 868,71 (36 unrouted), using 605,03 CPU seconds and 21783 MB memory.
2026-08-14 16:38:43.354 INFO   [11415E\7588A6] Auto-router pass #7 on board '38ba96a8960046113eab1b2949164273' was completed in 0,96 seconds with the score of 868,71 (36 unrouted), using 639,87 CPU seconds and 22375 MB memory.
2026-08-14 16:38:56.642 INFO   [11415E\7588A6] Auto-router pass #8 on board '38ba96a8960046113eab1b2949164273' was completed in 13,28 seconds with the score of 884,66 (33 unrouted), using 1181,88 CPU seconds and 30413 MB memory.
2026-08-14 16:38:57.299 WARN   ShapeSearchTree45Degree.complete_shape: cannot convert room shape Simplex to IntOctagon
2026-08-14 16:38:57.299 WARN   ShapeSearchTree45Degree.complete_shape: cannot convert room shape Simplex to IntOctagon
2026-08-14 16:38:57.299 WARN   ShapeSearchTree45Degree.complete_shape: cannot convert room shape Simplex to IntOctagon
2026-08-14 16:38:57.299 WARN   ShapeSearchTree45Degree.complete_shape: cannot convert room shape Simplex to IntOctagon
2026-08-14 16:38:57.300 WARN   ShapeSearchTree45Degree.complete_shape: cannot convert room shape Simplex to IntOctagon
2026-08-14 16:38:57.300 WARN   ShapeSearchTree45Degree.complete_shape: cannot convert room shape Simplex to IntOctagon
2026-08-14 16:38:57.300 WARN   ShapeSearchTree45Degree.complete_shape: cannot convert room shape Simplex to IntOctagon
2026-08-14 16:38:57.314 WARN   ShapeSearchTree45Degree.complete_shape: cannot convert room shape Simplex to IntOctagon
2026-08-14 16:38:57.314 WARN   ShapeSearchTree45Degree.complete_shape: cannot convert room shape Simplex to IntOctagon
2026-08-14 16:38:57.811 INFO   [11415E\7588A6] Auto-router pass #9 on board 'c8e342e1b672d98a59eb34bff3ed45a2' was completed in 1,15 seconds with the score of 884,66 (33 unrouted), using 1230,42 CPU seconds and 31021 MB memory.
2026-08-14 16:38:58.780 INFO   [11415E\7588A6] Auto-router pass #10 on board 'c8e342e1b672d98a59eb34bff3ed45a2' was completed in 0,96 seconds with the score of 884,66 (33 unrouted), using 1279,93 CPU seconds and 31653 MB memory.
2026-08-14 16:38:59.745 INFO   [11415E\7588A6] Auto-router pass #11 on board 'c8e342e1b672d98a59eb34bff3ed45a2' was completed in 0,95 seconds with the score of 884,66 (33 unrouted), using 1330,43 CPU seconds and 32248 MB memory.
2026-08-14 16:39:11.057 INFO   [11415E\7588A6] Auto-router pass #12 on board 'c8e342e1b672d98a59eb34bff3ed45a2' was completed in 11,30 seconds with the score of 899,79 (29 unrouted), using 2012,80 CPU seconds and 39420 MB memory.
2026-08-14 16:39:11.946 INFO   [11415E\7588A6] Auto-router pass #13 on board '58391798ab14628197090b1e13bd1dbe' was completed in 0,87 seconds with the score of 899,79 (29 unrouted), using 2075,99 CPU seconds and 40006 MB memory.
2026-08-14 16:39:12.810 INFO   [11415E\7588A6] Auto-router pass #14 on board '58391798ab14628197090b1e13bd1dbe' was completed in 0,85 seconds with the score of 899,79 (29 unrouted), using 2075,99 CPU seconds and 40006 MB memory.
2026-08-14 16:39:13.671 INFO   [11415E\7588A6] Auto-router pass #15 on board '58391798ab14628197090b1e13bd1dbe' was completed in 0,85 seconds with the score of 899,79 (29 unrouted), using 2140,16 CPU seconds and 40593 MB memory.
2026-08-14 16:39:23.258 INFO   [11415E\7588A6] Auto-router pass #16 on board '58391798ab14628197090b1e13bd1dbe' was completed in 9,58 seconds with the score of 913,18 (25 unrouted), using 2835,65 CPU seconds and 46489 MB memory.
2026-08-14 16:39:24.112 INFO   [11415E\7588A6] Auto-router pass #17 on board 'e884dc61a9daeb9951c0e8ac1b2ee6e3' was completed in 0,83 seconds with the score of 912,80 (25 unrouted), using 2910,57 CPU seconds and 47097 MB memory.
2026-08-14 16:39:24.886 INFO   [11415E\7588A6] Auto-router pass #18 on board '6a25e15205dee78217d60862fa31e89e' was completed in 0,75 seconds with the score of 912,80 (25 unrouted), using 2986,48 CPU seconds and 47684 MB memory.
2026-08-14 16:39:25.647 INFO   [11415E\7588A6] Auto-router pass #19 on board '6a25e15205dee78217d60862fa31e89e' was completed in 0,75 seconds with the score of 912,80 (25 unrouted), using 2986,48 CPU seconds and 47684 MB memory.
2026-08-14 16:39:31.851 INFO   [11415E\7588A6] Auto-router pass #20 on board '6a25e15205dee78217d60862fa31e89e' was completed in 6,20 seconds with the score of 915,40 (24 unrouted), using 3462,55 CPU seconds and 51264 MB memory.
2026-08-14 16:39:32.602 INFO   [11415E\7588A6] Auto-router pass #21 on board '923a1928ee35eb07236cd8992b36d0bb' was completed in 0,73 seconds with the score of 915,40 (24 unrouted), using 3545,33 CPU seconds and 51857 MB memory.
2026-08-14 16:39:33.367 INFO   [11415E\7588A6] Auto-router pass #22 on board '923a1928ee35eb07236cd8992b36d0bb' was completed in 0,76 seconds with the score of 915,40 (24 unrouted), using 3629,09 CPU seconds and 52440 MB memory.
2026-08-14 16:39:34.113 INFO   [11415E\7588A6] Auto-router pass #23 on board '923a1928ee35eb07236cd8992b36d0bb' was completed in 0,74 seconds with the score of 915,40 (24 unrouted), using 3713,83 CPU seconds and 53007 MB memory.
2026-08-14 16:39:42.025 INFO   [11415E\7588A6] Auto-router pass #24 on board '923a1928ee35eb07236cd8992b36d0bb' was completed in 7,90 seconds with the score of 922,15 (22 unrouted), using 4426,98 CPU seconds and 57716 MB memory.
2026-08-14 16:39:42.737 INFO   [11415E\7588A6] Auto-router pass #25 on board '9bdbd893b83a5ef9eba7e31176c9c835' was completed in 0,69 seconds with the score of 922,15 (22 unrouted), using 4426,98 CPU seconds and 57716 MB memory.
2026-08-14 16:39:43.454 INFO   [11415E\7588A6] Auto-router pass #26 on board '9bdbd893b83a5ef9eba7e31176c9c835' was completed in 0,70 seconds with the score of 922,15 (22 unrouted), using 4520,51 CPU seconds and 58286 MB memory.
2026-08-14 16:39:44.153 INFO   [11415E\7588A6] Auto-router pass #27 on board '9bdbd893b83a5ef9eba7e31176c9c835' was completed in 0,69 seconds with the score of 922,15 (22 unrouted), using 4615,00 CPU seconds and 58839 MB memory.
2026-08-14 16:39:49.076 INFO   [11415E\7588A6] Auto-router pass #28 on board '9bdbd893b83a5ef9eba7e31176c9c835' was completed in 4,91 seconds with the score of 922,29 (22 unrouted), using 5101,92 CPU seconds and 61740 MB memory.
2026-08-14 16:39:49.779 INFO   [11415E\7588A6] Auto-router pass #29 on board '559b2af92d468e1d335e52433a842048' was completed in 0,68 seconds with the score of 922,29 (22 unrouted), using 5101,92 CPU seconds and 61740 MB memory.
2026-08-14 16:39:50.464 INFO   [11415E\7588A6] Auto-router pass #30 on board '559b2af92d468e1d335e52433a842048' was completed in 0,68 seconds with the score of 922,29 (22 unrouted), using 5202,20 CPU seconds and 62320 MB memory.
2026-08-14 16:39:51.145 INFO   [11415E\7588A6] Auto-router pass #31 on board '559b2af92d468e1d335e52433a842048' was completed in 0,67 seconds with the score of 922,29 (22 unrouted), using 5303,46 CPU seconds and 62901 MB memory.
2026-08-14 16:39:54.937 INFO   [11415E\7588A6] Auto-router pass #32 on board '559b2af92d468e1d335e52433a842048' was completed in 3,78 seconds with the score of 925,53 (21 unrouted), using 5718,24 CPU seconds and 65227 MB memory.
2026-08-14 16:39:55.598 INFO   [11415E\7588A6] Auto-router pass #33 on board 'd661792110fbd73c367cf352f8266acd' was completed in 0,64 seconds with the score of 925,53 (21 unrouted), using 5718,24 CPU seconds and 65227 MB memory.
2026-08-14 16:39:56.281 INFO   [11415E\7588A6] Auto-router pass #34 on board 'd661792110fbd73c367cf352f8266acd' was completed in 0,67 seconds with the score of 925,53 (21 unrouted), using 5824,38 CPU seconds and 65793 MB memory.
2026-08-14 16:39:56.924 INFO   [11415E\7588A6] Auto-router pass #35 on board 'd661792110fbd73c367cf352f8266acd' was completed in 0,63 seconds with the score of 925,53 (21 unrouted), using 5931,51 CPU seconds and 66360 MB memory.
2026-08-14 16:39:58.964 INFO   [11415E\7588A6] Auto-router pass #36 on board 'd661792110fbd73c367cf352f8266acd' was completed in 2,03 seconds with the score of 928,59 (20 unrouted), using 6148,69 CPU seconds and 67527 MB memory.
2026-08-14 16:39:59.595 INFO   [11415E\7588A6] Auto-router pass #37 on board 'bff52215a0c9dd8e877db611dc81a669' was completed in 0,61 seconds with the score of 928,59 (20 unrouted), using 6148,69 CPU seconds and 67527 MB memory.
2026-08-14 16:40:00.208 INFO   [11415E\7588A6] Auto-router pass #38 on board 'bff52215a0c9dd8e877db611dc81a669' was completed in 0,60 seconds with the score of 928,59 (20 unrouted), using 6258,75 CPU seconds and 68099 MB memory.
2026-08-14 16:40:00.815 INFO   [11415E\7588A6] Auto-router pass #39 on board 'bff52215a0c9dd8e877db611dc81a669' was completed in 0,60 seconds with the score of 928,59 (20 unrouted), using 6258,75 CPU seconds and 68099 MB memory.
2026-08-14 16:40:01.933 INFO   [11415E\7588A6] Restoring an earlier board that has the score of 928,59 (20 unrouted).
2026-08-14 16:40:01.934 INFO   [11415E\7588A6] Auto-router pass #40 on board 'bff52215a0c9dd8e877db611dc81a669' was completed in 1,11 seconds with the score of 928,59 (20 unrouted), using 6481,82 CPU seconds and 69276 MB memory.
2026-08-14 16:40:06.147 INFO   [11415E\7588A6] Auto-router pass #41 on board 'bff52215a0c9dd8e877db611dc81a669' was completed in 4,21 seconds with the score of 953,42 (9 unrouted), using 6939,71 CPU seconds and 71985 MB memory.
2026-08-14 16:40:07.524 INFO   [11415E\7588A6] Auto-router pass #42 on board '96e89643919fb605eb114c7f31785b01' was completed in 1,35 seconds with the score of 953,56 (9 unrouted), using 7056,61 CPU seconds and 72676 MB memory.
2026-08-14 16:40:08.523 INFO   [11415E\7588A6] Auto-router pass #43 on board '43577fc1344fa6753223a16014ea1b7f' was completed in 0,97 seconds with the score of 957,73 (7 unrouted), using 7174,49 CPU seconds and 73349 MB memory.
2026-08-14 16:40:15.849 INFO   [11415E\7588A6] Auto-router pass #44 on board 'a5f49d59f62c46c0680df9d15d0f1712' was completed in 7,30 seconds with the score of 960,29 (6 unrouted), using 8026,85 CPU seconds and 77496 MB memory.
2026-08-14 16:40:17.625 INFO   [11415E\7588A6] Auto-router pass #45 on board '8e5d3a0519ca0099545c6d38c62cd1a0' was completed in 1,75 seconds with the score of 963,93 (4 unrouted), using 8279,12 CPU seconds and 78742 MB memory.
2026-08-14 16:40:19.006 INFO   [11415E\7588A6] Auto-router pass #46 on board '9b9dc76a30653ba15a3195970f5c73d0' was completed in 1,36 seconds with the score of 963,93 (4 unrouted), using 8535,24 CPU seconds and 79993 MB memory.
2026-08-14 16:40:19.207 INFO   [11415E\7588A6] Auto-router pass #47 on board '9b9dc76a30653ba15a3195970f5c73d0' was completed in 0,19 seconds with the score of 963,93 (4 unrouted), using 8535,24 CPU seconds and 79993 MB memory.
2026-08-14 16:40:21.506 INFO   [11415E\7588A6] Restoring an earlier board that has the score of 963,93 (4 unrouted).
2026-08-14 16:40:21.506 INFO   [11415E\7588A6] Auto-router pass #48 on board '9b9dc76a30653ba15a3195970f5c73d0' was completed in 2,29 seconds with the score of 963,93 (4 unrouted), using 8795,19 CPU seconds and 81218 MB memory.
2026-08-14 16:40:24.063 INFO   [11415E\7588A6] Auto-router pass #49 on board '9b9dc76a30653ba15a3195970f5c73d0' was completed in 2,55 seconds with the score of 965,99 (3 unrouted), using 9192,29 CPU seconds and 83094 MB memory.
2026-08-14 16:40:24.243 INFO   [11415E\7588A6] Auto-router pass #50 on board '91523de354ba70d259d83317097136a5' was completed in 0,15 seconds with the score of 965,99 (3 unrouted), using 9192,29 CPU seconds and 83094 MB memory.
2026-08-14 16:40:24.408 INFO   [11415E\7588A6] Auto-router pass #51 on board '91523de354ba70d259d83317097136a5' was completed in 0,16 seconds with the score of 965,99 (3 unrouted), using 9192,29 CPU seconds and 83094 MB memory.
2026-08-14 16:40:29.510 INFO   [11415E\7588A6] Restoring an earlier board that has the score of 965,99 (3 unrouted).
2026-08-14 16:40:29.510 INFO   [11415E\7588A6] Auto-router pass #52 on board '91523de354ba70d259d83317097136a5' was completed in 5,09 seconds with the score of 965,99 (3 unrouted), using 9873,23 CPU seconds and 86102 MB memory.
2026-08-14 16:40:31.960 INFO   [11415E\7588A6] Auto-router pass #53 on board '91523de354ba70d259d83317097136a5' was completed in 2,44 seconds with the score of 967,48 (2 unrouted), using 10293,31 CPU seconds and 88096 MB memory.
2026-08-14 16:40:32.119 INFO   [11415E\7588A6] Auto-router pass #54 on board '40881e650c1a5a7c104cdb44a9a599e1' was completed in 0,14 seconds with the score of 967,48 (2 unrouted), using 10293,31 CPU seconds and 88096 MB memory.
2026-08-14 16:40:32.267 INFO   [11415E\7588A6] Auto-router pass #55 on board '40881e650c1a5a7c104cdb44a9a599e1' was completed in 0,14 seconds with the score of 967,48 (2 unrouted), using 10293,31 CPU seconds and 88096 MB memory.
2026-08-14 16:40:37.349 INFO   [11415E\7588A6] Restoring an earlier board that has the score of 967,48 (2 unrouted).
2026-08-14 16:40:37.350 INFO   [11415E\7588A6] Auto-router pass #56 on board '40881e650c1a5a7c104cdb44a9a599e1' was completed in 5,07 seconds with the score of 965,58 (3 unrouted), using 11012,34 CPU seconds and 91185 MB memory.
2026-08-14 16:40:39.654 INFO   [11415E\7588A6] Auto-router pass #57 on board '40881e650c1a5a7c104cdb44a9a599e1' was completed in 2,29 seconds with the score of 965,60 (3 unrouted), using 11306,42 CPU seconds and 92338 MB memory.
2026-08-14 16:40:39.770 WARN   ItemAutorouteInfo.get_expansion_room: p_index out of range
2026-08-14 16:40:39.770 WARN   ItemAutorouteInfo.get_expansion_room: p_index out of range
2026-08-14 16:40:39.770 WARN   ItemAutorouteInfo.get_expansion_room: p_index out of range
2026-08-14 16:40:39.779 WARN   ItemAutorouteInfo.get_expansion_room: p_index out of range
2026-08-14 16:40:39.878 WARN   ItemAutorouteInfo.get_expansion_room: p_index out of range
2026-08-14 16:40:40.113 WARN   ItemAutorouteInfo.get_expansion_room: p_index out of range
2026-08-14 16:40:40.113 WARN   ItemAutorouteInfo.get_expansion_room: p_index out of range
2026-08-14 16:40:40.113 WARN   ItemAutorouteInfo.get_expansion_room: p_index out of range
2026-08-14 16:40:40.145 WARN   ItemAutorouteInfo.get_expansion_room: p_index out of range
2026-08-14 16:40:40.195 WARN   ItemAutorouteInfo.get_expansion_room: p_index out of range
2026-08-14 16:40:40.195 WARN   ItemAutorouteInfo.get_expansion_room: p_index out of range
2026-08-14 16:40:40.415 WARN   ItemAutorouteInfo.get_expansion_room: p_index out of range
2026-08-14 16:40:40.419 WARN   ItemAutorouteInfo.get_expansion_room: p_index out of range
2026-08-14 16:40:41.584 INFO   [11415E\7588A6] Auto-router pass #58 on board 'fd37a521f906d49a6c9002ad50632764' was completed in 1,91 seconds with the score of 965,60 (3 unrouted), using 11604,23 CPU seconds and 93638 MB memory.
2026-08-14 16:40:41.771 INFO   [11415E\7588A6] Auto-router pass #59 on board 'fd37a521f906d49a6c9002ad50632764' was completed in 0,18 seconds with the score of 965,60 (3 unrouted), using 11604,23 CPU seconds and 93638 MB memory.
2026-08-14 16:40:42.099 WARN   ItemAutorouteInfo.get_expansion_room: p_index out of range
2026-08-14 16:40:42.128 WARN   ItemAutorouteInfo.get_expansion_room: p_index out of range
2026-08-14 16:40:42.334 WARN   ItemAutorouteInfo.get_expansion_room: p_index out of range
2026-08-14 16:40:42.610 WARN   ItemAutorouteInfo.get_expansion_room: p_index out of range
2026-08-14 16:40:42.786 WARN   ItemAutorouteInfo.get_expansion_room: p_index out of range
2026-08-14 16:40:42.906 WARN   ItemAutorouteInfo.get_expansion_room: p_index out of range
2026-08-14 16:40:43.400 WARN   ItemAutorouteInfo.get_expansion_room: p_index out of range
2026-08-14 16:40:43.400 WARN   ItemAutorouteInfo.get_expansion_room: p_index out of range
2026-08-14 16:40:48.769 INFO   [11415E\7588A6] Restoring an earlier board that has the score of 967,48 (2 unrouted).
2026-08-14 16:40:48.769 INFO   [11415E\7588A6] Auto-router pass #60 on board 'fd37a521f906d49a6c9002ad50632764' was completed in 6,99 seconds with the score of 963,97 (4 unrouted), using 12676,10 CPU seconds and 97841 MB memory.
2026-08-14 16:40:50.853 INFO   [11415E\7588A6] Auto-router pass #61 on board '40881e650c1a5a7c104cdb44a9a599e1' was completed in 2,07 seconds with the score of 967,48 (2 unrouted), using 12990,83 CPU seconds and 99046 MB memory.
2026-08-14 16:40:50.993 INFO   [11415E\7588A6] Auto-router pass #62 on board '40881e650c1a5a7c104cdb44a9a599e1' was completed in 0,13 seconds with the score of 967,48 (2 unrouted), using 13149,65 CPU seconds and 99831 MB memory.
2026-08-14 16:40:51.123 INFO   [11415E\7588A6] Auto-router pass #63 on board '40881e650c1a5a7c104cdb44a9a599e1' was completed in 0,12 seconds with the score of 967,48 (2 unrouted), using 13149,65 CPU seconds and 99831 MB memory.
2026-08-14 16:40:56.291 INFO   [11415E\7588A6] Restoring an earlier board that has the score of 967,48 (2 unrouted).
2026-08-14 16:40:56.292 INFO   [11415E\7588A6] Auto-router pass #64 on board '40881e650c1a5a7c104cdb44a9a599e1' was completed in 5,16 seconds with the score of 965,58 (3 unrouted), using 13957,66 CPU seconds and 102743 MB memory.
2026-08-14 16:40:58.702 INFO   [11415E\7588A6] Auto-router pass #65 on board '40881e650c1a5a7c104cdb44a9a599e1' was completed in 2,40 seconds with the score of 967,48 (2 unrouted), using 14287,39 CPU seconds and 104053 MB memory.
2026-08-14 16:40:58.830 INFO   [11415E\7588A6] Auto-router pass #66 on board '40881e650c1a5a7c104cdb44a9a599e1' was completed in 0,12 seconds with the score of 967,48 (2 unrouted), using 14287,39 CPU seconds and 104053 MB memory.
2026-08-14 16:40:58.970 INFO   [11415E\7588A6] Auto-router pass #67 on board '40881e650c1a5a7c104cdb44a9a599e1' was completed in 0,13 seconds with the score of 967,48 (2 unrouted), using 14453,65 CPU seconds and 104660 MB memory.
2026-08-14 16:41:04.022 INFO   [11415E\7588A6] Restoring an earlier board that has the score of 967,48 (2 unrouted).
2026-08-14 16:41:04.022 INFO   [11415E\7588A6] Auto-router pass #68 on board '40881e650c1a5a7c104cdb44a9a599e1' was completed in 5,04 seconds with the score of 965,58 (3 unrouted), using 15299,16 CPU seconds and 107724 MB memory.
2026-08-14 16:41:06.163 INFO   [11415E\7588A6] Auto-router pass #69 on board '40881e650c1a5a7c104cdb44a9a599e1' was completed in 2,13 seconds with the score of 967,48 (2 unrouted), using 15643,80 CPU seconds and 109024 MB memory.
2026-08-14 16:41:06.341 INFO   [11415E\7588A6] Auto-router pass #70 on board '40881e650c1a5a7c104cdb44a9a599e1' was completed in 0,17 seconds with the score of 967,48 (2 unrouted), using 15643,80 CPU seconds and 109024 MB memory.
2026-08-14 16:41:06.470 INFO   [11415E\7588A6] Auto-router pass #71 on board '40881e650c1a5a7c104cdb44a9a599e1' was completed in 0,12 seconds with the score of 967,48 (2 unrouted), using 15643,80 CPU seconds and 109024 MB memory.
2026-08-14 16:41:12.719 INFO   [11415E\7588A6] Restoring an earlier board that has the score of 965,99 (3 unrouted).
2026-08-14 16:41:12.719 INFO   [11415E\7588A6] Auto-router pass #72 on board '40881e650c1a5a7c104cdb44a9a599e1' was completed in 6,24 seconds with the score of 967,48 (2 unrouted), using 16699,73 CPU seconds and 112632 MB memory.
2026-08-14 16:41:15.220 INFO   [11415E\7588A6] Auto-router pass #73 on board '91523de354ba70d259d83317097136a5' was completed in 2,49 seconds with the score of 967,48 (2 unrouted), using 17240,29 CPU seconds and 114380 MB memory.
2026-08-14 16:41:15.350 INFO   [11415E\7588A6] Auto-router pass #74 on board '40881e650c1a5a7c104cdb44a9a599e1' was completed in 0,12 seconds with the score of 967,48 (2 unrouted), using 17240,29 CPU seconds and 114380 MB memory.
2026-08-14 16:41:15.481 INFO   [11415E\7588A6] Auto-router pass #75 on board '40881e650c1a5a7c104cdb44a9a599e1' was completed in 0,12 seconds with the score of 967,48 (2 unrouted), using 17240,29 CPU seconds and 114380 MB memory.
2026-08-14 16:41:21.560 INFO   [11415E\7588A6] Restoring an earlier board that has the score of 965,99 (3 unrouted).
2026-08-14 16:41:21.560 INFO   [11415E\7588A6] Auto-router pass #76 on board '40881e650c1a5a7c104cdb44a9a599e1' was completed in 6,07 seconds with the score of 967,48 (2 unrouted), using 18347,03 CPU seconds and 117936 MB memory.
2026-08-14 16:41:24.004 INFO   [11415E\7588A6] Auto-router pass #77 on board '91523de354ba70d259d83317097136a5' was completed in 2,43 seconds with the score of 965,99 (3 unrouted), using 18913,05 CPU seconds and 119711 MB memory.
2026-08-14 16:41:24.161 INFO   [11415E\7588A6] Auto-router pass #78 on board '91523de354ba70d259d83317097136a5' was completed in 0,15 seconds with the score of 965,99 (3 unrouted), using 18913,05 CPU seconds and 119711 MB memory.
2026-08-14 16:41:24.332 INFO   [11415E\7588A6] Auto-router pass #79 on board '91523de354ba70d259d83317097136a5' was completed in 0,16 seconds with the score of 965,99 (3 unrouted), using 18913,05 CPU seconds and 119711 MB memory.
2026-08-14 16:41:29.068 INFO   [11415E\7588A6] Restoring an earlier board that has the score of 965,99 (3 unrouted).
2026-08-14 16:41:29.068 INFO   [11415E\7588A6] Auto-router pass #80 on board '91523de354ba70d259d83317097136a5' was completed in 4,73 seconds with the score of 964,08 (4 unrouted), using 19875,71 CPU seconds and 122777 MB memory.
2026-08-14 16:41:31.509 INFO   [11415E\7588A6] Auto-router pass #81 on board '91523de354ba70d259d83317097136a5' was completed in 2,43 seconds with the score of 967,48 (2 unrouted), using 20267,55 CPU seconds and 124119 MB memory.
2026-08-14 16:41:31.671 INFO   [11415E\7588A6] Auto-router pass #82 on board '9c3b90d78a9e9a5afe838bfd024e6795' was completed in 0,12 seconds with the score of 967,48 (2 unrouted), using 20267,55 CPU seconds and 124119 MB memory.
2026-08-14 16:41:31.803 INFO   [11415E\7588A6] Auto-router pass #83 on board '9c3b90d78a9e9a5afe838bfd024e6795' was completed in 0,12 seconds with the score of 967,48 (2 unrouted), using 20267,55 CPU seconds and 124119 MB memory.
2026-08-14 16:41:36.156 INFO   [11415E\7588A6] Restoring an earlier board that has the score of 967,48 (2 unrouted).
2026-08-14 16:41:36.156 INFO   [11415E\7588A6] Auto-router pass #84 on board '9c3b90d78a9e9a5afe838bfd024e6795' was completed in 4,34 seconds with the score of 965,58 (3 unrouted), using 21263,94 CPU seconds and 127171 MB memory.
2026-08-14 16:41:38.233 INFO   [11415E\7588A6] Auto-router pass #85 on board '9c3b90d78a9e9a5afe838bfd024e6795' was completed in 2,07 seconds with the score of 967,48 (2 unrouted), using 21669,26 CPU seconds and 128504 MB memory.
2026-08-14 16:41:38.374 INFO   [11415E\7588A6] Auto-router pass #86 on board '9c3b90d78a9e9a5afe838bfd024e6795' was completed in 0,13 seconds with the score of 967,48 (2 unrouted), using 21669,26 CPU seconds and 128504 MB memory.
2026-08-14 16:41:38.504 INFO   [11415E\7588A6] Auto-router pass #87 on board '9c3b90d78a9e9a5afe838bfd024e6795' was completed in 0,12 seconds with the score of 967,48 (2 unrouted), using 21669,26 CPU seconds and 128504 MB memory.
2026-08-14 16:41:43.764 INFO   [11415E\7588A6] Restoring an earlier board that has the score of 967,48 (2 unrouted).
2026-08-14 16:41:43.765 INFO   [11415E\7588A6] Auto-router pass #88 on board '9c3b90d78a9e9a5afe838bfd024e6795' was completed in 5,25 seconds with the score of 967,48 (2 unrouted), using 22699,21 CPU seconds and 131615 MB memory.
2026-08-14 16:41:45.925 INFO   [11415E\7588A6] Auto-router pass #89 on board '9c3b90d78a9e9a5afe838bfd024e6795' was completed in 2,15 seconds with the score of 965,60 (3 unrouted), using 23117,82 CPU seconds and 133008 MB memory.
2026-08-14 16:41:46.342 INFO   [11415E\7588A6] Auto-router pass #90 on board '9b11ab21ef4ec0c81831ef86d642545f' was completed in 0,39 seconds with the score of 965,57 (3 unrouted), using 23328,57 CPU seconds and 133675 MB memory.
2026-08-14 16:41:46.991 INFO   [11415E\7588A6] Auto-router pass #91 on board 'feb7382f4296e12da942ecf89ec27436' was completed in 0,62 seconds with the score of 967,56 (2 unrouted), using 23328,57 CPU seconds and 133675 MB memory.
2026-08-14 16:41:50.099 INFO   [11415E\7588A6] Restoring an earlier board that has the score of 967,56 (2 unrouted).
2026-08-14 16:41:50.099 INFO   [11415E\7588A6] Auto-router pass #92 on board '2275386be5fbe8d7a15bdd76f5e25474' was completed in 3,08 seconds with the score of 967,55 (2 unrouted), using 24181,16 CPU seconds and 136166 MB memory.
2026-08-14 16:41:51.409 INFO   [11415E\7588A6] Auto-router pass #93 on board '2275386be5fbe8d7a15bdd76f5e25474' was completed in 1,30 seconds with the score of 967,55 (2 unrouted), using 24396,68 CPU seconds and 136758 MB memory.
2026-08-14 16:41:51.484 WARN   ItemAutorouteInfo.get_expansion_room: p_index out of range
2026-08-14 16:41:51.484 WARN   ItemAutorouteInfo.get_expansion_room: p_index out of range
2026-08-14 16:41:51.484 WARN   ItemAutorouteInfo.get_expansion_room: p_index out of range
2026-08-14 16:41:51.484 WARN   ItemAutorouteInfo.get_expansion_room: p_index out of range
2026-08-14 16:41:51.484 WARN   ItemAutorouteInfo.get_expansion_room: p_index out of range
2026-08-14 16:41:51.485 WARN   ItemAutorouteInfo.get_expansion_room: p_index out of range
2026-08-14 16:41:51.485 WARN   ItemAutorouteInfo.get_expansion_room: p_index out of range
2026-08-14 16:41:51.485 WARN   ItemAutorouteInfo.get_expansion_room: p_index out of range
2026-08-14 16:41:51.485 WARN   ItemAutorouteInfo.get_expansion_room: p_index out of range
2026-08-14 16:41:51.485 WARN   ItemAutorouteInfo.get_expansion_room: p_index out of range
2026-08-14 16:41:51.485 WARN   ItemAutorouteInfo.get_expansion_room: p_index out of range
2026-08-14 16:41:51.485 WARN   ItemAutorouteInfo.get_expansion_room: p_index out of range
2026-08-14 16:41:51.487 WARN   ItemAutorouteInfo.get_expansion_room: p_index out of range
2026-08-14 16:41:51.487 WARN   ItemAutorouteInfo.get_expansion_room: p_index out of range
2026-08-14 16:41:51.487 WARN   ItemAutorouteInfo.get_expansion_room: p_index out of range
2026-08-14 16:41:51.487 WARN   ItemAutorouteInfo.get_expansion_room: p_index out of range
2026-08-14 16:41:51.487 WARN   ItemAutorouteInfo.get_expansion_room: p_index out of range
2026-08-14 16:41:51.487 WARN   ItemAutorouteInfo.get_expansion_room: p_index out of range
2026-08-14 16:41:51.487 WARN   ItemAutorouteInfo.get_expansion_room: p_index out of range
2026-08-14 16:41:51.487 WARN   ItemAutorouteInfo.get_expansion_room: p_index out of range
2026-08-14 16:41:51.487 WARN   ItemAutorouteInfo.get_expansion_room: p_index out of range
2026-08-14 16:41:51.487 WARN   ItemAutorouteInfo.get_expansion_room: p_index out of range
2026-08-14 16:41:51.487 WARN   ItemAutorouteInfo.get_expansion_room: p_index out of range
2026-08-14 16:41:51.488 WARN   ItemAutorouteInfo.get_expansion_room: p_index out of range
2026-08-14 16:41:51.488 WARN   ItemAutorouteInfo.get_expansion_room: p_index out of range
2026-08-14 16:41:51.488 WARN   ItemAutorouteInfo.get_expansion_room: p_index out of range
2026-08-14 16:41:51.488 WARN   ItemAutorouteInfo.get_expansion_room: p_index out of range
2026-08-14 16:41:51.488 WARN   ItemAutorouteInfo.get_expansion_room: p_index out of range
2026-08-14 16:41:51.488 WARN   ItemAutorouteInfo.get_expansion_room: p_index out of range
2026-08-14 16:41:51.488 WARN   ItemAutorouteInfo.get_expansion_room: p_index out of range
2026-08-14 16:41:51.488 WARN   ItemAutorouteInfo.get_expansion_room: p_index out of range
2026-08-14 16:41:51.488 WARN   ItemAutorouteInfo.get_expansion_room: p_index out of range
2026-08-14 16:41:51.488 WARN   ItemAutorouteInfo.get_expansion_room: p_index out of range
2026-08-14 16:41:51.488 WARN   ItemAutorouteInfo.get_expansion_room: p_index out of range
2026-08-14 16:41:51.488 WARN   ItemAutorouteInfo.get_expansion_room: p_index out of range
2026-08-14 16:41:51.488 WARN   ItemAutorouteInfo.get_expansion_room: p_index out of range
2026-08-14 16:41:51.488 WARN   ItemAutorouteInfo.get_expansion_room: p_index out of range
2026-08-14 16:41:51.488 WARN   ItemAutorouteInfo.get_expansion_room: p_index out of range
2026-08-14 16:41:51.488 WARN   ItemAutorouteInfo.get_expansion_room: p_index out of range
2026-08-14 16:41:51.488 WARN   ItemAutorouteInfo.get_expansion_room: p_index out of range
2026-08-14 16:41:51.488 WARN   ItemAutorouteInfo.get_expansion_room: p_index out of range
2026-08-14 16:41:51.489 WARN   ItemAutorouteInfo.get_expansion_room: p_index out of range
2026-08-14 16:41:51.489 WARN   ItemAutorouteInfo.get_expansion_room: p_index out of range
2026-08-14 16:41:51.489 WARN   ItemAutorouteInfo.get_expansion_room: p_index out of range
2026-08-14 16:41:51.489 WARN   ItemAutorouteInfo.get_expansion_room: p_index out of range
2026-08-14 16:41:51.489 WARN   ItemAutorouteInfo.get_expansion_room: p_index out of range
2026-08-14 16:41:51.489 WARN   ItemAutorouteInfo.get_expansion_room: p_index out of range
2026-08-14 16:41:51.489 WARN   ItemAutorouteInfo.get_expansion_room: p_index out of range
2026-08-14 16:41:51.489 WARN   ItemAutorouteInfo.get_expansion_room: p_index out of range
2026-08-14 16:41:51.489 WARN   ItemAutorouteInfo.get_expansion_room: p_index out of range
2026-08-14 16:41:51.489 WARN   ItemAutorouteInfo.get_expansion_room: p_index out of range
2026-08-14 16:41:51.489 WARN   ItemAutorouteInfo.get_expansion_room: p_index out of range
2026-08-14 16:41:51.489 WARN   ItemAutorouteInfo.get_expansion_room: p_index out of range
2026-08-14 16:41:51.491 WARN   ItemAutorouteInfo.get_expansion_room: p_index out of range
2026-08-14 16:41:51.491 WARN   ItemAutorouteInfo.get_expansion_room: p_index out of range
2026-08-14 16:41:51.491 WARN   ItemAutorouteInfo.get_expansion_room: p_index out of range
2026-08-14 16:41:51.491 WARN   ItemAutorouteInfo.get_expansion_room: p_index out of range
2026-08-14 16:41:51.491 WARN   ItemAutorouteInfo.get_expansion_room: p_index out of range
2026-08-14 16:41:51.492 WARN   ItemAutorouteInfo.get_expansion_room: p_index out of range
2026-08-14 16:41:51.492 WARN   ItemAutorouteInfo.get_expansion_room: p_index out of range
2026-08-14 16:41:51.494 WARN   ItemAutorouteInfo.get_expansion_room: p_index out of range
2026-08-14 16:41:51.494 WARN   ItemAutorouteInfo.get_expansion_room: p_index out of range
2026-08-14 16:41:51.494 WARN   ItemAutorouteInfo.get_expansion_room: p_index out of range
2026-08-14 16:41:51.494 WARN   ItemAutorouteInfo.get_expansion_room: p_index out of range
2026-08-14 16:41:51.495 WARN   ItemAutorouteInfo.get_expansion_room: p_index out of range
2026-08-14 16:41:51.502 WARN   ItemAutorouteInfo.get_expansion_room: p_index out of range
2026-08-14 16:41:51.502 WARN   ItemAutorouteInfo.get_expansion_room: p_index out of range
2026-08-14 16:41:51.502 WARN   ItemAutorouteInfo.get_expansion_room: p_index out of range
2026-08-14 16:41:51.506 WARN   ItemAutorouteInfo.get_expansion_room: p_index out of range
2026-08-14 16:41:51.506 WARN   ItemAutorouteInfo.get_expansion_room: p_index out of range
2026-08-14 16:41:51.506 WARN   ItemAutorouteInfo.get_expansion_room: p_index out of range
2026-08-14 16:41:52.311 WARN   ItemAutorouteInfo.get_expansion_room: p_index out of range
2026-08-14 16:41:52.311 WARN   ItemAutorouteInfo.get_expansion_room: p_index out of range
2026-08-14 16:41:52.311 WARN   ItemAutorouteInfo.get_expansion_room: p_index out of range
2026-08-14 16:41:52.311 WARN   ItemAutorouteInfo.get_expansion_room: p_index out of range
2026-08-14 16:41:52.311 WARN   ItemAutorouteInfo.get_expansion_room: p_index out of range
2026-08-14 16:41:52.630 WARN   ItemAutorouteInfo.get_expansion_room: p_index out of range
2026-08-14 16:41:52.770 INFO   [11415E\7588A6] Auto-router pass #94 on board '6a447f7b6f92a144633b921403713f68' was completed in 1,34 seconds with the score of 967,55 (2 unrouted), using 24613,15 CPU seconds and 137484 MB memory.
2026-08-14 16:41:52.907 INFO   [11415E\7588A6] Auto-router pass #95 on board '6a447f7b6f92a144633b921403713f68' was completed in 0,13 seconds with the score of 967,55 (2 unrouted), using 24613,15 CPU seconds and 137484 MB memory.
2026-08-14 16:41:52.943 WARN   ItemAutorouteInfo.get_expansion_room: p_index out of range
2026-08-14 16:41:52.944 WARN   ItemAutorouteInfo.get_expansion_room: p_index out of range
2026-08-14 16:41:52.944 WARN   ItemAutorouteInfo.get_expansion_room: p_index out of range
2026-08-14 16:41:52.944 WARN   ItemAutorouteInfo.get_expansion_room: p_index out of range
2026-08-14 16:41:52.944 WARN   ItemAutorouteInfo.get_expansion_room: p_index out of range
2026-08-14 16:41:52.944 WARN   ItemAutorouteInfo.get_expansion_room: p_index out of range
2026-08-14 16:41:52.946 WARN   ItemAutorouteInfo.get_expansion_room: p_index out of range
2026-08-14 16:41:52.946 WARN   ItemAutorouteInfo.get_expansion_room: p_index out of range
2026-08-14 16:41:52.946 WARN   ItemAutorouteInfo.get_expansion_room: p_index out of range
2026-08-14 16:41:52.947 WARN   ItemAutorouteInfo.get_expansion_room: p_index out of range
2026-08-14 16:41:52.947 WARN   ItemAutorouteInfo.get_expansion_room: p_index out of range
2026-08-14 16:41:52.951 WARN   ItemAutorouteInfo.get_expansion_room: p_index out of range
2026-08-14 16:41:52.951 WARN   ItemAutorouteInfo.get_expansion_room: p_index out of range
2026-08-14 16:41:52.951 WARN   ItemAutorouteInfo.get_expansion_room: p_index out of range
2026-08-14 16:41:52.951 WARN   ItemAutorouteInfo.get_expansion_room: p_index out of range
2026-08-14 16:41:52.951 WARN   ItemAutorouteInfo.get_expansion_room: p_index out of range
2026-08-14 16:41:52.951 WARN   ItemAutorouteInfo.get_expansion_room: p_index out of range
2026-08-14 16:41:52.951 WARN   ItemAutorouteInfo.get_expansion_room: p_index out of range
2026-08-14 16:41:52.952 WARN   ItemAutorouteInfo.get_expansion_room: p_index out of range
2026-08-14 16:41:52.952 WARN   ItemAutorouteInfo.get_expansion_room: p_index out of range
2026-08-14 16:41:52.952 WARN   ItemAutorouteInfo.get_expansion_room: p_index out of range
2026-08-14 16:41:52.952 WARN   ItemAutorouteInfo.get_expansion_room: p_index out of range
2026-08-14 16:41:52.952 WARN   ItemAutorouteInfo.get_expansion_room: p_index out of range
2026-08-14 16:41:52.952 WARN   ItemAutorouteInfo.get_expansion_room: p_index out of range
2026-08-14 16:41:52.952 WARN   ItemAutorouteInfo.get_expansion_room: p_index out of range
2026-08-14 16:41:52.952 WARN   ItemAutorouteInfo.get_expansion_room: p_index out of range
2026-08-14 16:41:52.953 WARN   ItemAutorouteInfo.get_expansion_room: p_index out of range
2026-08-14 16:41:52.953 WARN   ItemAutorouteInfo.get_expansion_room: p_index out of range
2026-08-14 16:41:52.953 WARN   ItemAutorouteInfo.get_expansion_room: p_index out of range
2026-08-14 16:41:52.953 WARN   ItemAutorouteInfo.get_expansion_room: p_index out of range
2026-08-14 16:41:52.953 WARN   ItemAutorouteInfo.get_expansion_room: p_index out of range
2026-08-14 16:41:52.953 WARN   ItemAutorouteInfo.get_expansion_room: p_index out of range
2026-08-14 16:41:52.953 WARN   ItemAutorouteInfo.get_expansion_room: p_index out of range
2026-08-14 16:41:52.953 WARN   ItemAutorouteInfo.get_expansion_room: p_index out of range
2026-08-14 16:41:52.961 WARN   ItemAutorouteInfo.get_expansion_room: p_index out of range
2026-08-14 16:41:52.962 WARN   ItemAutorouteInfo.get_expansion_room: p_index out of range
2026-08-14 16:41:52.962 WARN   ItemAutorouteInfo.get_expansion_room: p_index out of range
2026-08-14 16:41:52.962 WARN   ItemAutorouteInfo.get_expansion_room: p_index out of range
2026-08-14 16:41:52.962 WARN   ItemAutorouteInfo.get_expansion_room: p_index out of range
2026-08-14 16:41:52.962 WARN   ItemAutorouteInfo.get_expansion_room: p_index out of range
2026-08-14 16:41:52.963 WARN   ItemAutorouteInfo.get_expansion_room: p_index out of range
2026-08-14 16:41:52.963 WARN   ItemAutorouteInfo.get_expansion_room: p_index out of range
2026-08-14 16:41:52.963 WARN   ItemAutorouteInfo.get_expansion_room: p_index out of range
2026-08-14 16:41:52.963 WARN   ItemAutorouteInfo.get_expansion_room: p_index out of range
2026-08-14 16:41:52.963 WARN   ItemAutorouteInfo.get_expansion_room: p_index out of range
2026-08-14 16:41:52.964 WARN   ItemAutorouteInfo.get_expansion_room: p_index out of range
2026-08-14 16:41:52.965 WARN   ItemAutorouteInfo.get_expansion_room: p_index out of range
2026-08-14 16:41:52.965 WARN   ItemAutorouteInfo.get_expansion_room: p_index out of range
2026-08-14 16:41:52.965 WARN   ItemAutorouteInfo.get_expansion_room: p_index out of range
2026-08-14 16:41:52.965 WARN   ItemAutorouteInfo.get_expansion_room: p_index out of range
2026-08-14 16:41:52.966 WARN   ItemAutorouteInfo.get_expansion_room: p_index out of range
2026-08-14 16:41:57.458 INFO   [11415E\7588A6] Auto-router pass #96 on board '6a447f7b6f92a144633b921403713f68' was completed in 4,54 seconds with the score of 967,77 (2 unrouted), using 25709,78 CPU seconds and 140530 MB memory.
2026-08-14 16:41:57.565 WARN   ShapeSearchTree45Degree.complete_shape: cannot convert room shape Simplex to IntOctagon
2026-08-14 16:41:57.566 WARN   ShapeSearchTree45Degree.complete_shape: cannot convert room shape Simplex to IntOctagon
2026-08-14 16:41:57.566 WARN   ShapeSearchTree45Degree.complete_shape: cannot convert room shape Simplex to IntOctagon
2026-08-14 16:41:57.566 WARN   ShapeSearchTree45Degree.complete_shape: cannot convert room shape Simplex to IntOctagon
2026-08-14 16:41:57.566 WARN   ShapeSearchTree45Degree.complete_shape: cannot convert room shape Simplex to IntOctagon
2026-08-14 16:41:57.566 WARN   ShapeSearchTree45Degree.complete_shape: cannot convert room shape Simplex to IntOctagon
2026-08-14 16:41:57.566 WARN   ShapeSearchTree45Degree.complete_shape: cannot convert room shape Simplex to IntOctagon
2026-08-14 16:41:57.566 WARN   ShapeSearchTree45Degree.complete_shape: cannot convert room shape Simplex to IntOctagon
2026-08-14 16:41:57.566 WARN   ShapeSearchTree45Degree.complete_shape: cannot convert room shape Simplex to IntOctagon
2026-08-14 16:41:57.566 WARN   ShapeSearchTree45Degree.complete_shape: cannot convert room shape Simplex to IntOctagon
2026-08-14 16:41:57.566 WARN   ShapeSearchTree45Degree.complete_shape: cannot convert room shape Simplex to IntOctagon
2026-08-14 16:41:57.566 WARN   ShapeSearchTree45Degree.complete_shape: cannot convert room shape Simplex to IntOctagon
2026-08-14 16:41:57.566 WARN   ShapeSearchTree45Degree.complete_shape: cannot convert room shape Simplex to IntOctagon
2026-08-14 16:41:57.566 WARN   ShapeSearchTree45Degree.complete_shape: cannot convert room shape Simplex to IntOctagon
2026-08-14 16:41:57.566 WARN   ShapeSearchTree45Degree.complete_shape: cannot convert room shape Simplex to IntOctagon
2026-08-14 16:41:57.567 WARN   ShapeSearchTree45Degree.complete_shape: cannot convert room shape Simplex to IntOctagon
2026-08-14 16:41:57.567 WARN   ShapeSearchTree45Degree.complete_shape: cannot convert room shape Simplex to IntOctagon
2026-08-14 16:41:57.567 WARN   ShapeSearchTree45Degree.complete_shape: cannot convert room shape Simplex to IntOctagon
2026-08-14 16:41:57.567 WARN   ShapeSearchTree45Degree.complete_shape: cannot convert room shape Simplex to IntOctagon
2026-08-14 16:41:57.567 WARN   ShapeSearchTree45Degree.complete_shape: cannot convert room shape Simplex to IntOctagon
2026-08-14 16:41:57.568 WARN   ShapeSearchTree45Degree.complete_shape: cannot convert room shape Simplex to IntOctagon
2026-08-14 16:41:57.568 WARN   ShapeSearchTree45Degree.complete_shape: cannot convert room shape Simplex to IntOctagon
2026-08-14 16:41:57.568 WARN   ShapeSearchTree45Degree.complete_shape: cannot convert room shape Simplex to IntOctagon
2026-08-14 16:41:57.569 WARN   ShapeSearchTree45Degree.complete_shape: cannot convert room shape Simplex to IntOctagon
2026-08-14 16:41:57.569 WARN   ShapeSearchTree45Degree.complete_shape: cannot convert room shape Simplex to IntOctagon
2026-08-14 16:41:57.569 WARN   ShapeSearchTree45Degree.complete_shape: cannot convert room shape Simplex to IntOctagon
2026-08-14 16:41:57.569 WARN   ShapeSearchTree45Degree.complete_shape: cannot convert room shape Simplex to IntOctagon
2026-08-14 16:41:57.569 WARN   ShapeSearchTree45Degree.complete_shape: cannot convert room shape Simplex to IntOctagon
2026-08-14 16:41:57.569 WARN   ShapeSearchTree45Degree.complete_shape: cannot convert room shape Simplex to IntOctagon
2026-08-14 16:41:57.569 WARN   ShapeSearchTree45Degree.complete_shape: cannot convert room shape Simplex to IntOctagon
2026-08-14 16:41:57.569 WARN   ShapeSearchTree45Degree.complete_shape: cannot convert room shape Simplex to IntOctagon
2026-08-14 16:41:57.570 WARN   ShapeSearchTree45Degree.complete_shape: cannot convert room shape Simplex to IntOctagon
2026-08-14 16:41:57.570 WARN   ShapeSearchTree45Degree.complete_shape: cannot convert room shape Simplex to IntOctagon
2026-08-14 16:41:57.570 WARN   ShapeSearchTree45Degree.complete_shape: cannot convert room shape Simplex to IntOctagon
2026-08-14 16:41:57.570 WARN   ShapeSearchTree45Degree.complete_shape: cannot convert room shape Simplex to IntOctagon
2026-08-14 16:41:57.570 WARN   ShapeSearchTree45Degree.complete_shape: cannot convert room shape Simplex to IntOctagon
2026-08-14 16:41:57.570 WARN   ShapeSearchTree45Degree.complete_shape: cannot convert room shape Simplex to IntOctagon
2026-08-14 16:41:57.570 WARN   ShapeSearchTree45Degree.complete_shape: cannot convert room shape Simplex to IntOctagon
2026-08-14 16:41:57.570 WARN   ShapeSearchTree45Degree.complete_shape: cannot convert room shape Simplex to IntOctagon
2026-08-14 16:41:57.570 WARN   ShapeSearchTree45Degree.complete_shape: cannot convert room shape Simplex to IntOctagon
2026-08-14 16:41:57.570 WARN   ShapeSearchTree45Degree.complete_shape: cannot convert room shape Simplex to IntOctagon
2026-08-14 16:41:57.571 WARN   ShapeSearchTree45Degree.complete_shape: cannot convert room shape Simplex to IntOctagon
2026-08-14 16:41:57.571 WARN   ShapeSearchTree45Degree.complete_shape: cannot convert room shape Simplex to IntOctagon
2026-08-14 16:41:57.571 WARN   ShapeSearchTree45Degree.complete_shape: cannot convert room shape Simplex to IntOctagon
2026-08-14 16:41:57.575 WARN   ShapeSearchTree45Degree.complete_shape: cannot convert room shape Simplex to IntOctagon
2026-08-14 16:41:57.575 WARN   ShapeSearchTree45Degree.complete_shape: cannot convert room shape Simplex to IntOctagon
2026-08-14 16:41:57.575 WARN   ShapeSearchTree45Degree.complete_shape: cannot convert room shape Simplex to IntOctagon
2026-08-14 16:41:57.575 WARN   ShapeSearchTree45Degree.complete_shape: cannot convert room shape Simplex to IntOctagon
2026-08-14 16:41:57.575 WARN   ShapeSearchTree45Degree.complete_shape: cannot convert room shape Simplex to IntOctagon
2026-08-14 16:41:57.575 WARN   ShapeSearchTree45Degree.complete_shape: cannot convert room shape Simplex to IntOctagon
2026-08-14 16:41:57.575 WARN   ShapeSearchTree45Degree.complete_shape: cannot convert room shape Simplex to IntOctagon
2026-08-14 16:41:57.575 WARN   ShapeSearchTree45Degree.complete_shape: cannot convert room shape Simplex to IntOctagon
2026-08-14 16:41:57.630 INFO   [11415E\7588A6] Auto-router pass #97 on board 'bcfd5eb7c413001bdcc76813b95ffd90' was completed in 0,14 seconds with the score of 967,77 (2 unrouted), using 25709,78 CPU seconds and 140530 MB memory.
2026-08-14 16:41:57.778 INFO   [11415E\7588A6] Auto-router pass #98 on board 'bcfd5eb7c413001bdcc76813b95ffd90' was completed in 0,14 seconds with the score of 967,77 (2 unrouted), using 25709,78 CPU seconds and 140530 MB memory.
2026-08-14 16:41:57.926 INFO   [11415E\7588A6] Auto-router pass #99 on board 'bcfd5eb7c413001bdcc76813b95ffd90' was completed in 0,14 seconds with the score of 967,77 (2 unrouted), using 25709,78 CPU seconds and 140530 MB memory.
2026-08-14 16:42:01.341 INFO   [11415E\7588A6] Restoring an earlier board that has the score of 967,77 (2 unrouted).
2026-08-14 16:42:01.341 INFO   [11415E\7588A6] Auto-router pass #100 on board 'bcfd5eb7c413001bdcc76813b95ffd90' was completed in 3,41 seconds with the score of 967,77 (2 unrouted), using 26604,38 CPU seconds and 142842 MB memory.
2026-08-14 16:42:03.524 INFO   [11415E\7588A6] Auto-router pass #101 on board 'bcfd5eb7c413001bdcc76813b95ffd90' was completed in 2,17 seconds with the score of 967,77 (2 unrouted), using 27057,46 CPU seconds and 144087 MB memory.
2026-08-14 16:42:03.670 INFO   [11415E\7588A6] Auto-router pass #102 on board 'bcfd5eb7c413001bdcc76813b95ffd90' was completed in 0,14 seconds with the score of 967,77 (2 unrouted), using 27057,46 CPU seconds and 144087 MB memory.
2026-08-14 16:42:03.816 INFO   [11415E\7588A6] Auto-router pass #103 on board 'bcfd5eb7c413001bdcc76813b95ffd90' was completed in 0,14 seconds with the score of 967,77 (2 unrouted), using 27057,46 CPU seconds and 144087 MB memory.
2026-08-14 16:42:06.872 INFO   [11415E\7588A6] Restoring an earlier board that has the score of 967,77 (2 unrouted).
2026-08-14 16:42:06.872 INFO   [11415E\7588A6] Auto-router pass #104 on board 'bcfd5eb7c413001bdcc76813b95ffd90' was completed in 3,05 seconds with the score of 962,73 (5 unrouted), using 27744,27 CPU seconds and 145982 MB memory.
2026-08-14 16:42:09.098 INFO   [11415E\7588A6] Auto-router pass #105 on board 'bcfd5eb7c413001bdcc76813b95ffd90' was completed in 2,21 seconds with the score of 967,77 (2 unrouted), using 28439,70 CPU seconds and 147991 MB memory.
2026-08-14 16:42:09.238 INFO   [11415E\7588A6] Auto-router pass #106 on board 'bcfd5eb7c413001bdcc76813b95ffd90' was completed in 0,13 seconds with the score of 967,77 (2 unrouted), using 28439,70 CPU seconds and 147991 MB memory.
2026-08-14 16:42:09.386 INFO   [11415E\7588A6] Auto-router pass #107 on board 'bcfd5eb7c413001bdcc76813b95ffd90' was completed in 0,14 seconds with the score of 967,77 (2 unrouted), using 28439,70 CPU seconds and 147991 MB memory.
2026-08-14 16:42:13.085 INFO   [11415E\7588A6] Restoring an earlier board that has the score of 967,77 (2 unrouted).
2026-08-14 16:42:13.085 INFO   [11415E\7588A6] Auto-router pass #108 on board 'bcfd5eb7c413001bdcc76813b95ffd90' was completed in 3,69 seconds with the score of 966,62 (3 unrouted), using 29380,41 CPU seconds and 150366 MB memory.
2026-08-14 16:42:15.569 INFO   [11415E\7588A6] Auto-router pass #109 on board 'bcfd5eb7c413001bdcc76813b95ffd90' was completed in 2,47 seconds with the score of 967,77 (2 unrouted), using 29856,53 CPU seconds and 151669 MB memory.
2026-08-14 16:42:15.719 INFO   [11415E\7588A6] Auto-router pass #110 on board 'bcfd5eb7c413001bdcc76813b95ffd90' was completed in 0,14 seconds with the score of 967,77 (2 unrouted), using 29856,53 CPU seconds and 151669 MB memory.
2026-08-14 16:42:15.859 INFO   [11415E\7588A6] Auto-router pass #111 on board 'bcfd5eb7c413001bdcc76813b95ffd90' was completed in 0,13 seconds with the score of 967,77 (2 unrouted), using 29856,53 CPU seconds and 151669 MB memory.
2026-08-14 16:42:22.108 INFO   [11415E\7588A6] Restoring an earlier board that has the score of 967,77 (2 unrouted).
2026-08-14 16:42:22.108 INFO   [11415E\7588A6] Auto-router pass #112 on board 'bcfd5eb7c413001bdcc76813b95ffd90' was completed in 6,24 seconds with the score of 967,77 (2 unrouted), using 31552,57 CPU seconds and 155632 MB memory.
2026-08-14 16:42:24.573 INFO   [11415E\7588A6] Auto-router pass #113 on board 'bcfd5eb7c413001bdcc76813b95ffd90' was completed in 2,46 seconds with the score of 967,77 (2 unrouted), using 32045,59 CPU seconds and 156947 MB memory.
2026-08-14 16:42:24.721 INFO   [11415E\7588A6] Auto-router pass #114 on board 'bcfd5eb7c413001bdcc76813b95ffd90' was completed in 0,14 seconds with the score of 967,77 (2 unrouted), using 32045,59 CPU seconds and 156947 MB memory.
2026-08-14 16:42:24.861 INFO   [11415E\7588A6] Auto-router pass #115 on board 'bcfd5eb7c413001bdcc76813b95ffd90' was completed in 0,13 seconds with the score of 967,77 (2 unrouted), using 32045,59 CPU seconds and 156947 MB memory.
2026-08-14 16:42:29.331 INFO   [11415E\7588A6] Restoring an earlier board that has the score of 967,56 (2 unrouted).
2026-08-14 16:42:29.332 INFO   [11415E\7588A6] Auto-router pass #116 on board 'bcfd5eb7c413001bdcc76813b95ffd90' was completed in 4,46 seconds with the score of 967,77 (2 unrouted), using 33294,87 CPU seconds and 160094 MB memory.
2026-08-14 16:42:31.299 INFO   [11415E\7588A6] Auto-router pass #117 on board '2275386be5fbe8d7a15bdd76f5e25474' was completed in 1,96 seconds with the score of 967,56 (2 unrouted), using 33801,33 CPU seconds and 161370 MB memory.
2026-08-14 16:42:31.493 INFO   [11415E\7588A6] Auto-router pass #118 on board '7c2995b054d9fe5d7d4ca611652d5570' was completed in 0,17 seconds with the score of 965,49 (3 unrouted), using 33801,33 CPU seconds and 161370 MB memory.
2026-08-14 16:42:32.592 INFO   [11415E\7588A6] Auto-router pass #119 on board 'c6e0cfe516722786e541fcc86eb1e776' was completed in 1,07 seconds with the score of 965,28 (3 unrouted), using 34056,01 CPU seconds and 162057 MB memory.
2026-08-14 16:42:35.643 INFO   [11415E\7588A6] Restoring an earlier board that has the score of 967,56 (2 unrouted).
2026-08-14 16:42:35.643 INFO   [11415E\7588A6] Auto-router pass #120 on board 'bdbacb15392376bcc29521e98cb88b07' was completed in 3,03 seconds with the score of 965,41 (3 unrouted), using 34825,84 CPU seconds and 163831 MB memory.
2026-08-14 16:42:37.834 INFO   [11415E\7588A6] Auto-router pass #121 on board '7c2995b054d9fe5d7d4ca611652d5570' was completed in 2,18 seconds with the score of 967,90 (2 unrouted), using 35343,89 CPU seconds and 165067 MB memory.
2026-08-14 16:42:38.820 INFO   [11415E\7588A6] Auto-router pass #122 on board '578ce04710c2eba482d0100abe23ff0f' was completed in 0,95 seconds with the score of 967,90 (2 unrouted), using 35604,37 CPU seconds and 165773 MB memory.
2026-08-14 16:42:39.070 INFO   [11415E\7588A6] Auto-router pass #123 on board '2124f92e7d68952e93d56290c86abe07' was completed in 0,22 seconds with the score of 965,66 (3 unrouted), using 35865,79 CPU seconds and 166488 MB memory.
2026-08-14 16:42:45.069 INFO   [11415E\7588A6] Restoring an earlier board that has the score of 967,90 (2 unrouted).
2026-08-14 16:42:45.070 INFO   [11415E\7588A6] Auto-router pass #124 on board '793cee4257ea80c8a7b71430a93a1f57' was completed in 5,97 seconds with the score of 966,08 (3 unrouted), using 37454,62 CPU seconds and 170007 MB memory.
2026-08-14 16:42:47.189 INFO   [11415E\7588A6] Auto-router pass #125 on board '578ce04710c2eba482d0100abe23ff0f' was completed in 2,11 seconds with the score of 967,90 (2 unrouted), using 37991,99 CPU seconds and 171361 MB memory.
2026-08-14 16:42:47.330 INFO   [11415E\7588A6] Auto-router pass #126 on board '578ce04710c2eba482d0100abe23ff0f' was completed in 0,13 seconds with the score of 967,90 (2 unrouted), using 37991,99 CPU seconds and 171361 MB memory.
2026-08-14 16:42:47.462 INFO   [11415E\7588A6] Auto-router pass #127 on board '578ce04710c2eba482d0100abe23ff0f' was completed in 0,12 seconds with the score of 967,90 (2 unrouted), using 37991,99 CPU seconds and 171361 MB memory.
2026-08-14 16:42:53.537 INFO   [11415E\7588A6] Restoring an earlier board that has the score of 967,90 (2 unrouted).
2026-08-14 16:42:53.537 INFO   [11415E\7588A6] Auto-router pass #128 on board '578ce04710c2eba482d0100abe23ff0f' was completed in 6,07 seconds with the score of 964,52 (4 unrouted), using 39627,19 CPU seconds and 175027 MB memory.
2026-08-14 16:42:54.793 INFO   [11415E\7588A6] Auto-router pass #129 on board '578ce04710c2eba482d0100abe23ff0f' was completed in 1,25 seconds with the score of 964,41 (4 unrouted), using 39903,09 CPU seconds and 175563 MB memory.
2026-08-14 16:42:56.638 INFO   [11415E\7588A6] Auto-router pass #130 on board 'b2d9e3d2ad2811e6e5a103ff263b70ec' was completed in 1,82 seconds with the score of 964,63 (4 unrouted), using 40457,76 CPU seconds and 176826 MB memory.
2026-08-14 16:42:58.053 INFO   [11415E\7588A6] Auto-router pass #131 on board '4d750a25a9a16dc83b0d0622b5421b8d' was completed in 1,39 seconds with the score of 964,63 (4 unrouted), using 40736,54 CPU seconds and 177473 MB memory.
2026-08-14 16:43:03.851 INFO   [11415E\7588A6] Restoring an earlier board that has the score of 967,90 (2 unrouted).
2026-08-14 16:43:03.851 INFO   [11415E\7588A6] Auto-router pass #132 on board '4d750a25a9a16dc83b0d0622b5421b8d' was completed in 5,79 seconds with the score of 964,63 (4 unrouted), using 42429,45 CPU seconds and 181296 MB memory.
2026-08-14 16:43:05.943 INFO   [11415E\7588A6] Auto-router pass #133 on board '578ce04710c2eba482d0100abe23ff0f' was completed in 2,08 seconds with the score of 967,90 (2 unrouted), using 43001,30 CPU seconds and 182539 MB memory.
2026-08-14 16:43:07.117 INFO   [11415E\7588A6] Auto-router pass #134 on board '157aae9097c843a3d18e03b7eac1191a' was completed in 1,15 seconds with the score of 967,68 (2 unrouted), using 43576,91 CPU seconds and 183840 MB memory.
2026-08-14 16:43:08.503 INFO   [11415E\7588A6] Auto-router pass #135 on board 'c445c40695db1c0e09584003567302c2' was completed in 1,36 seconds with the score of 967,68 (2 unrouted), using 43866,16 CPU seconds and 184439 MB memory.
2026-08-14 16:43:12.354 INFO   [11415E\7588A6] Restoring an earlier board that has the score of 967,90 (2 unrouted).
2026-08-14 16:43:12.354 INFO   [11415E\7588A6] Auto-router pass #136 on board 'c445c40695db1c0e09584003567302c2' was completed in 3,84 seconds with the score of 967,68 (2 unrouted), using 45032,79 CPU seconds and 186956 MB memory.
2026-08-14 16:43:13.603 INFO   [11415E\7588A6] Auto-router pass #137 on board '578ce04710c2eba482d0100abe23ff0f' was completed in 1,24 seconds with the score of 967,67 (2 unrouted), using 45326,87 CPU seconds and 187601 MB memory.
2026-08-14 16:43:14.947 INFO   [11415E\7588A6] Auto-router pass #138 on board 'c9db0e84a4af9641938e58e49d219577' was completed in 1,32 seconds with the score of 967,67 (2 unrouted), using 45621,90 CPU seconds and 188281 MB memory.
2026-08-14 16:43:15.079 INFO   [11415E\7588A6] Auto-router pass #139 on board 'c9db0e84a4af9641938e58e49d219577' was completed in 0,12 seconds with the score of 967,67 (2 unrouted), using 45917,90 CPU seconds and 188907 MB memory.
2026-08-14 16:43:20.808 INFO   [11415E\7588A6] Restoring an earlier board that has the score of 967,90 (2 unrouted).
2026-08-14 16:43:20.808 INFO   [11415E\7588A6] Auto-router pass #140 on board 'c9db0e84a4af9641938e58e49d219577' was completed in 5,72 seconds with the score of 967,67 (2 unrouted), using 47412,21 CPU seconds and 192020 MB memory.
2026-08-14 16:43:22.902 INFO   [11415E\7588A6] Auto-router pass #141 on board '157aae9097c843a3d18e03b7eac1191a' was completed in 2,07 seconds with the score of 967,68 (2 unrouted), using 48016,51 CPU seconds and 193150 MB memory.
2026-08-14 16:43:23.140 INFO   [11415E\7588A6] Auto-router pass #142 on board '715324efb2fd5f53eae33d51eea949a2' was completed in 0,21 seconds with the score of 967,72 (2 unrouted), using 48320,07 CPU seconds and 193837 MB memory.
2026-08-14 16:43:23.464 INFO   [11415E\7588A6] Auto-router pass #143 on board '5704794a13523329ad5e49581d1e900c' was completed in 0,30 seconds with the score of 967,92 (2 unrouted), using 48320,07 CPU seconds and 193837 MB memory.
2026-08-14 16:43:28.275 INFO   [11415E\7588A6] Restoring an earlier board that has the score of 967,92 (2 unrouted).
2026-08-14 16:43:28.276 INFO   [11415E\7588A6] Auto-router pass #144 on board 'ba02fe0eff8f0d979012b14423a9baad' was completed in 4,79 seconds with the score of 964,59 (4 unrouted), using 49852,34 CPU seconds and 196798 MB memory.
2026-08-14 16:43:29.959 INFO   [11415E\7588A6] Auto-router pass #145 on board 'ba02fe0eff8f0d979012b14423a9baad' was completed in 1,68 seconds with the score of 969,63 (1 unrouted), using 50161,70 CPU seconds and 197471 MB memory.
2026-08-14 16:43:30.065 INFO   [11415E\7588A6] Auto-router pass #146 on board '995a83e42197e090cfa8d087dd758949' was completed in 0,08 seconds with the score of 969,63 (1 unrouted), using 50161,70 CPU seconds and 197471 MB memory.
2026-08-14 16:43:30.164 INFO   [11415E\7588A6] Auto-router pass #147 on board '995a83e42197e090cfa8d087dd758949' was completed in 0,09 seconds with the score of 969,63 (1 unrouted), using 50472,02 CPU seconds and 198250 MB memory.
2026-08-14 16:43:32.909 INFO   [11415E\7588A6] Restoring an earlier board that has the score of 969,63 (1 unrouted).
2026-08-14 16:43:32.909 INFO   [11415E\7588A6] Auto-router pass #148 on board '995a83e42197e090cfa8d087dd758949' was completed in 2,74 seconds with the score of 969,63 (1 unrouted), using 51095,54 CPU seconds and 199624 MB memory.
2026-08-14 16:43:34.091 INFO   [11415E\7588A6] Auto-router pass #149 on board '995a83e42197e090cfa8d087dd758949' was completed in 1,17 seconds with the score of 969,63 (1 unrouted), using 51722,89 CPU seconds and 200952 MB memory.
2026-08-14 16:43:34.178 INFO   [11415E\7588A6] Auto-router pass #150 on board '995a83e42197e090cfa8d087dd758949' was completed in 0,08 seconds with the score of 969,63 (1 unrouted), using 51722,89 CPU seconds and 200952 MB memory.
2026-08-14 16:43:34.266 INFO   [11415E\7588A6] Auto-router pass #151 on board '995a83e42197e090cfa8d087dd758949' was completed in 0,08 seconds with the score of 969,63 (1 unrouted), using 51722,89 CPU seconds and 200952 MB memory.
2026-08-14 16:43:36.169 INFO   [11415E\7588A6] Restoring an earlier board that has the score of 969,63 (1 unrouted).
2026-08-14 16:43:36.169 INFO   [11415E\7588A6] Auto-router pass #152 on board '995a83e42197e090cfa8d087dd758949' was completed in 1,89 seconds with the score of 969,63 (1 unrouted), using 52354,12 CPU seconds and 202490 MB memory.
2026-08-14 16:43:37.326 INFO   [11415E\7588A6] Auto-router pass #153 on board '995a83e42197e090cfa8d087dd758949' was completed in 1,15 seconds with the score of 969,63 (1 unrouted), using 52671,18 CPU seconds and 203148 MB memory.
2026-08-14 16:43:37.414 INFO   [11415E\7588A6] Auto-router pass #154 on board '995a83e42197e090cfa8d087dd758949' was completed in 0,08 seconds with the score of 969,63 (1 unrouted), using 52671,18 CPU seconds and 203148 MB memory.
2026-08-14 16:43:37.502 INFO   [11415E\7588A6] Auto-router pass #155 on board '995a83e42197e090cfa8d087dd758949' was completed in 0,08 seconds with the score of 969,63 (1 unrouted), using 52671,18 CPU seconds and 203148 MB memory.
2026-08-14 16:43:39.420 INFO   [11415E\7588A6] Restoring an earlier board that has the score of 969,63 (1 unrouted).
2026-08-14 16:43:39.420 INFO   [11415E\7588A6] Auto-router pass #156 on board '995a83e42197e090cfa8d087dd758949' was completed in 1,91 seconds with the score of 969,63 (1 unrouted), using 53308,23 CPU seconds and 204657 MB memory.
2026-08-14 16:43:40.558 INFO   [11415E\7588A6] Auto-router pass #157 on board '995a83e42197e090cfa8d087dd758949' was completed in 1,13 seconds with the score of 969,63 (1 unrouted), using 53628,22 CPU seconds and 205355 MB memory.
2026-08-14 16:43:40.650 INFO   [11415E\7588A6] Auto-router pass #158 on board '995a83e42197e090cfa8d087dd758949' was completed in 0,08 seconds with the score of 969,63 (1 unrouted), using 53628,22 CPU seconds and 205355 MB memory.
2026-08-14 16:43:40.738 INFO   [11415E\7588A6] Auto-router pass #159 on board '995a83e42197e090cfa8d087dd758949' was completed in 0,08 seconds with the score of 969,63 (1 unrouted), using 53628,22 CPU seconds and 205355 MB memory.
2026-08-14 16:43:42.624 INFO   [11415E\7588A6] Restoring an earlier board that has the score of 969,63 (1 unrouted).
2026-08-14 16:43:42.625 INFO   [11415E\7588A6] Auto-router pass #160 on board '995a83e42197e090cfa8d087dd758949' was completed in 1,88 seconds with the score of 969,63 (1 unrouted), using 54271,13 CPU seconds and 206862 MB memory.
2026-08-14 16:43:43.755 INFO   [11415E\7588A6] Auto-router pass #161 on board '995a83e42197e090cfa8d087dd758949' was completed in 1,12 seconds with the score of 969,63 (1 unrouted), using 54594,04 CPU seconds and 207597 MB memory.
2026-08-14 16:43:43.842 INFO   [11415E\7588A6] Auto-router pass #162 on board '995a83e42197e090cfa8d087dd758949' was completed in 0,08 seconds with the score of 969,63 (1 unrouted), using 54594,04 CPU seconds and 207597 MB memory.
2026-08-14 16:43:43.934 INFO   [11415E\7588A6] Auto-router pass #163 on board '995a83e42197e090cfa8d087dd758949' was completed in 0,08 seconds with the score of 969,63 (1 unrouted), using 54594,04 CPU seconds and 207597 MB memory.
2026-08-14 16:43:45.831 INFO   [11415E\7588A6] Restoring an earlier board that has the score of 967,92 (2 unrouted).
2026-08-14 16:43:45.831 INFO   [11415E\7588A6] Auto-router pass #164 on board '995a83e42197e090cfa8d087dd758949' was completed in 1,89 seconds with the score of 969,63 (1 unrouted), using 55242,80 CPU seconds and 209070 MB memory.
2026-08-14 16:43:47.794 INFO   [11415E\7588A6] Auto-router pass #165 on board 'ba02fe0eff8f0d979012b14423a9baad' was completed in 1,95 seconds with the score of 969,59 (1 unrouted), using 55895,45 CPU seconds and 210526 MB memory.
2026-08-14 16:43:47.900 INFO   [11415E\7588A6] Auto-router pass #166 on board '423d28d2062a95824979cc947d1729bd' was completed in 0,08 seconds with the score of 969,59 (1 unrouted), using 55895,45 CPU seconds and 210526 MB memory.
2026-08-14 16:43:47.994 INFO   [11415E\7588A6] Auto-router pass #167 on board '423d28d2062a95824979cc947d1729bd' was completed in 0,09 seconds with the score of 969,59 (1 unrouted), using 55895,45 CPU seconds and 210526 MB memory.
2026-08-14 16:43:50.678 INFO   [11415E\7588A6] Restoring an earlier board that has the score of 969,59 (1 unrouted).
2026-08-14 16:43:50.678 INFO   [11415E\7588A6] Auto-router pass #168 on board '423d28d2062a95824979cc947d1729bd' was completed in 2,67 seconds with the score of 969,59 (1 unrouted), using 56881,73 CPU seconds and 212647 MB memory.
2026-08-14 16:43:51.830 INFO   [11415E\7588A6] Auto-router pass #169 on board '423d28d2062a95824979cc947d1729bd' was completed in 1,14 seconds with the score of 969,59 (1 unrouted), using 57212,43 CPU seconds and 213295 MB memory.
2026-08-14 16:43:51.917 INFO   [11415E\7588A6] Auto-router pass #170 on board '423d28d2062a95824979cc947d1729bd' was completed in 0,08 seconds with the score of 969,59 (1 unrouted), using 57212,43 CPU seconds and 213295 MB memory.
2026-08-14 16:43:52.011 INFO   [11415E\7588A6] Auto-router pass #171 on board '423d28d2062a95824979cc947d1729bd' was completed in 0,09 seconds with the score of 969,59 (1 unrouted), using 57212,43 CPU seconds and 213295 MB memory.
2026-08-14 16:43:53.884 INFO   [11415E\7588A6] Restoring an earlier board that has the score of 969,59 (1 unrouted).
2026-08-14 16:43:53.884 INFO   [11415E\7588A6] Auto-router pass #172 on board '423d28d2062a95824979cc947d1729bd' was completed in 1,86 seconds with the score of 969,59 (1 unrouted), using 57876,69 CPU seconds and 214734 MB memory.
2026-08-14 16:43:54.986 INFO   [11415E\7588A6] Auto-router pass #173 on board '423d28d2062a95824979cc947d1729bd' was completed in 1,09 seconds with the score of 969,59 (1 unrouted), using 58210,27 CPU seconds and 215523 MB memory.
2026-08-14 16:43:55.074 INFO   [11415E\7588A6] Auto-router pass #174 on board '423d28d2062a95824979cc947d1729bd' was completed in 0,08 seconds with the score of 969,59 (1 unrouted), using 58210,27 CPU seconds and 215523 MB memory.
2026-08-14 16:43:55.161 INFO   [11415E\7588A6] Auto-router pass #175 on board '423d28d2062a95824979cc947d1729bd' was completed in 0,08 seconds with the score of 969,59 (1 unrouted), using 58544,83 CPU seconds and 216212 MB memory.
2026-08-14 16:43:57.023 INFO   [11415E\7588A6] Restoring an earlier board that has the score of 969,59 (1 unrouted).
2026-08-14 16:43:57.023 INFO   [11415E\7588A6] Auto-router pass #176 on board '423d28d2062a95824979cc947d1729bd' was completed in 1,85 seconds with the score of 969,59 (1 unrouted), using 58880,36 CPU seconds and 216967 MB memory.
2026-08-14 16:43:58.114 INFO   [11415E\7588A6] Auto-router pass #177 on board '423d28d2062a95824979cc947d1729bd' was completed in 1,08 seconds with the score of 969,59 (1 unrouted), using 59554,34 CPU seconds and 218466 MB memory.
2026-08-14 16:43:58.207 INFO   [11415E\7588A6] Auto-router pass #178 on board '423d28d2062a95824979cc947d1729bd' was completed in 0,08 seconds with the score of 969,59 (1 unrouted), using 59554,34 CPU seconds and 218466 MB memory.
2026-08-14 16:43:58.305 INFO   [11415E\7588A6] Auto-router pass #179 on board '423d28d2062a95824979cc947d1729bd' was completed in 0,09 seconds with the score of 969,59 (1 unrouted), using 59554,34 CPU seconds and 218466 MB memory.
2026-08-14 16:44:00.178 INFO   [11415E\7588A6] Restoring an earlier board that has the score of 969,59 (1 unrouted).
2026-08-14 16:44:00.178 INFO   [11415E\7588A6] Auto-router pass #180 on board '423d28d2062a95824979cc947d1729bd' was completed in 1,86 seconds with the score of 969,59 (1 unrouted), using 60232,21 CPU seconds and 220011 MB memory.
2026-08-14 16:44:01.295 INFO   [11415E\7588A6] Auto-router pass #181 on board '423d28d2062a95824979cc947d1729bd' was completed in 1,11 seconds with the score of 969,59 (1 unrouted), using 60572,61 CPU seconds and 220672 MB memory.
2026-08-14 16:44:01.382 INFO   [11415E\7588A6] Auto-router pass #182 on board '423d28d2062a95824979cc947d1729bd' was completed in 0,08 seconds with the score of 969,59 (1 unrouted), using 60572,61 CPU seconds and 220672 MB memory.
2026-08-14 16:44:01.489 INFO   [11415E\7588A6] Auto-router pass #183 on board '423d28d2062a95824979cc947d1729bd' was completed in 0,10 seconds with the score of 969,59 (1 unrouted), using 60572,61 CPU seconds and 220672 MB memory.
2026-08-14 16:44:03.352 INFO   [11415E\7588A6] Restoring an earlier board that has the score of 967,92 (2 unrouted).
2026-08-14 16:44:03.352 INFO   [11415E\7588A6] Auto-router pass #184 on board '423d28d2062a95824979cc947d1729bd' was completed in 1,85 seconds with the score of 969,59 (1 unrouted), using 61256,34 CPU seconds and 222191 MB memory.
2026-08-14 16:44:05.004 INFO   [11415E\7588A6] Auto-router pass #185 on board 'ba02fe0eff8f0d979012b14423a9baad' was completed in 1,64 seconds with the score of 969,27 (1 unrouted), using 61599,66 CPU seconds and 222882 MB memory.
2026-08-14 16:44:05.107 INFO   [11415E\7588A6] Auto-router pass #186 on board '284e7ac9423c3ecd9a62eefa66df101a' was completed in 0,08 seconds with the score of 969,27 (1 unrouted), using 61943,96 CPU seconds and 223576 MB memory.
2026-08-14 16:44:05.201 INFO   [11415E\7588A6] Auto-router pass #187 on board '284e7ac9423c3ecd9a62eefa66df101a' was completed in 0,09 seconds with the score of 969,27 (1 unrouted), using 61943,96 CPU seconds and 223576 MB memory.
2026-08-14 16:44:05.286 WARN   ItemAutorouteInfo.get_expansion_room: p_index out of range
2026-08-14 16:44:05.312 WARN   ItemAutorouteInfo.get_expansion_room: p_index out of range
2026-08-14 16:44:05.314 WARN   ItemAutorouteInfo.get_expansion_room: p_index out of range
2026-08-14 16:44:05.365 WARN   ItemAutorouteInfo.get_expansion_room: p_index out of range
2026-08-14 16:44:05.366 WARN   ItemAutorouteInfo.get_expansion_room: p_index out of range
2026-08-14 16:44:05.366 WARN   ItemAutorouteInfo.get_expansion_room: p_index out of range
2026-08-14 16:44:05.366 WARN   ItemAutorouteInfo.get_expansion_room: p_index out of range
2026-08-14 16:44:05.366 WARN   ItemAutorouteInfo.get_expansion_room: p_index out of range
2026-08-14 16:44:05.368 WARN   ItemAutorouteInfo.get_expansion_room: p_index out of range
2026-08-14 16:44:05.368 WARN   ItemAutorouteInfo.get_expansion_room: p_index out of range
2026-08-14 16:44:05.370 WARN   ItemAutorouteInfo.get_expansion_room: p_index out of range
2026-08-14 16:44:05.370 WARN   ItemAutorouteInfo.get_expansion_room: p_index out of range
2026-08-14 16:44:05.412 WARN   ItemAutorouteInfo.get_expansion_room: p_index out of range
2026-08-14 16:44:05.412 WARN   ItemAutorouteInfo.get_expansion_room: p_index out of range
2026-08-14 16:44:05.558 WARN   ItemAutorouteInfo.get_expansion_room: p_index out of range
2026-08-14 16:44:05.558 WARN   ItemAutorouteInfo.get_expansion_room: p_index out of range
2026-08-14 16:44:05.558 WARN   ItemAutorouteInfo.get_expansion_room: p_index out of range
2026-08-14 16:44:05.558 WARN   ItemAutorouteInfo.get_expansion_room: p_index out of range
2026-08-14 16:44:05.558 WARN   ItemAutorouteInfo.get_expansion_room: p_index out of range
2026-08-14 16:44:05.558 WARN   ItemAutorouteInfo.get_expansion_room: p_index out of range
2026-08-14 16:44:05.583 WARN   ItemAutorouteInfo.get_expansion_room: p_index out of range
2026-08-14 16:44:05.583 WARN   ItemAutorouteInfo.get_expansion_room: p_index out of range
2026-08-14 16:44:05.616 WARN   ItemAutorouteInfo.get_expansion_room: p_index out of range
2026-08-14 16:44:05.616 WARN   ItemAutorouteInfo.get_expansion_room: p_index out of range
2026-08-14 16:44:05.616 WARN   ItemAutorouteInfo.get_expansion_room: p_index out of range
2026-08-14 16:44:05.618 WARN   ItemAutorouteInfo.get_expansion_room: p_index out of range
2026-08-14 16:44:05.618 WARN   ItemAutorouteInfo.get_expansion_room: p_index out of range
2026-08-14 16:44:05.618 WARN   ItemAutorouteInfo.get_expansion_room: p_index out of range
2026-08-14 16:44:05.790 WARN   ItemAutorouteInfo.get_expansion_room: p_index out of range
2026-08-14 16:44:05.790 WARN   ItemAutorouteInfo.get_expansion_room: p_index out of range
2026-08-14 16:44:05.797 WARN   ItemAutorouteInfo.get_expansion_room: p_index out of range
2026-08-14 16:44:05.797 WARN   ItemAutorouteInfo.get_expansion_room: p_index out of range
2026-08-14 16:44:05.803 WARN   ItemAutorouteInfo.get_expansion_room: p_index out of range
2026-08-14 16:44:05.803 WARN   ItemAutorouteInfo.get_expansion_room: p_index out of range
2026-08-14 16:44:05.953 WARN   ItemAutorouteInfo.get_expansion_room: p_index out of range
2026-08-14 16:44:05.986 WARN   ItemAutorouteInfo.get_expansion_room: p_index out of range
2026-08-14 16:44:05.987 WARN   ItemAutorouteInfo.get_expansion_room: p_index out of range
2026-08-14 16:44:05.987 WARN   ItemAutorouteInfo.get_expansion_room: p_index out of range
2026-08-14 16:44:06.021 WARN   ItemAutorouteInfo.get_expansion_room: p_index out of range
2026-08-14 16:44:06.021 WARN   ItemAutorouteInfo.get_expansion_room: p_index out of range
2026-08-14 16:44:06.021 WARN   ItemAutorouteInfo.get_expansion_room: p_index out of range
2026-08-14 16:44:06.044 WARN   ItemAutorouteInfo.get_expansion_room: p_index out of range
2026-08-14 16:44:06.069 WARN   ItemAutorouteInfo.get_expansion_room: p_index out of range
2026-08-14 16:44:06.069 WARN   ItemAutorouteInfo.get_expansion_room: p_index out of range
2026-08-14 16:44:06.069 WARN   ItemAutorouteInfo.get_expansion_room: p_index out of range
2026-08-14 16:44:06.070 WARN   ItemAutorouteInfo.get_expansion_room: p_index out of range
2026-08-14 16:44:06.070 WARN   ItemAutorouteInfo.get_expansion_room: p_index out of range
2026-08-14 16:44:06.070 WARN   ItemAutorouteInfo.get_expansion_room: p_index out of range
2026-08-14 16:44:06.208 WARN   ItemAutorouteInfo.get_expansion_room: p_index out of range
2026-08-14 16:44:06.208 WARN   ItemAutorouteInfo.get_expansion_room: p_index out of range
2026-08-14 16:44:06.208 WARN   ItemAutorouteInfo.get_expansion_room: p_index out of range
2026-08-14 16:44:06.209 WARN   ItemAutorouteInfo.get_expansion_room: p_index out of range
2026-08-14 16:44:06.209 WARN   ItemAutorouteInfo.get_expansion_room: p_index out of range
2026-08-14 16:44:06.210 WARN   ItemAutorouteInfo.get_expansion_room: p_index out of range
2026-08-14 16:44:06.211 WARN   ItemAutorouteInfo.get_expansion_room: p_index out of range
2026-08-14 16:44:06.211 WARN   ItemAutorouteInfo.get_expansion_room: p_index out of range
2026-08-14 16:44:06.211 WARN   ItemAutorouteInfo.get_expansion_room: p_index out of range
2026-08-14 16:44:06.211 WARN   ItemAutorouteInfo.get_expansion_room: p_index out of range
2026-08-14 16:44:06.211 WARN   ItemAutorouteInfo.get_expansion_room: p_index out of range
2026-08-14 16:44:06.298 WARN   ItemAutorouteInfo.get_expansion_room: p_index out of range
2026-08-14 16:44:06.300 WARN   ItemAutorouteInfo.get_expansion_room: p_index out of range
2026-08-14 16:44:06.815 WARN   ItemAutorouteInfo.get_expansion_room: p_index out of range
2026-08-14 16:44:06.815 WARN   ItemAutorouteInfo.get_expansion_room: p_index out of range
2026-08-14 16:44:06.816 WARN   ItemAutorouteInfo.get_expansion_room: p_index out of range
2026-08-14 16:44:06.816 WARN   ItemAutorouteInfo.get_expansion_room: p_index out of range
2026-08-14 16:44:06.816 WARN   ItemAutorouteInfo.get_expansion_room: p_index out of range
2026-08-14 16:44:06.816 WARN   ItemAutorouteInfo.get_expansion_room: p_index out of range
2026-08-14 16:44:06.816 WARN   ItemAutorouteInfo.get_expansion_room: p_index out of range
2026-08-14 16:44:06.816 WARN   ItemAutorouteInfo.get_expansion_room: p_index out of range
2026-08-14 16:44:06.816 WARN   ItemAutorouteInfo.get_expansion_room: p_index out of range
2026-08-14 16:44:06.817 WARN   ItemAutorouteInfo.get_expansion_room: p_index out of range
2026-08-14 16:44:06.944 WARN   ItemAutorouteInfo.get_expansion_room: p_index out of range
2026-08-14 16:44:06.944 WARN   ItemAutorouteInfo.get_expansion_room: p_index out of range
2026-08-14 16:44:06.982 WARN   ItemAutorouteInfo.get_expansion_room: p_index out of range
2026-08-14 16:44:06.982 WARN   ItemAutorouteInfo.get_expansion_room: p_index out of range
2026-08-14 16:44:07.072 INFO   [11415E\7588A6] Restoring an earlier board that has the score of 969,27 (1 unrouted).
2026-08-14 16:44:07.072 INFO   [11415E\7588A6] Auto-router pass #188 on board '284e7ac9423c3ecd9a62eefa66df101a' was completed in 1,86 seconds with the score of 969,27 (1 unrouted), using 62289,24 CPU seconds and 224324 MB memory.
2026-08-14 16:44:08.154 INFO   [11415E\7588A6] Auto-router pass #189 on board '284e7ac9423c3ecd9a62eefa66df101a' was completed in 1,07 seconds with the score of 969,27 (1 unrouted), using 62982,70 CPU seconds and 225812 MB memory.
2026-08-14 16:44:08.247 INFO   [11415E\7588A6] Auto-router pass #190 on board '284e7ac9423c3ecd9a62eefa66df101a' was completed in 0,08 seconds with the score of 969,27 (1 unrouted), using 62982,70 CPU seconds and 225812 MB memory.
2026-08-14 16:44:08.332 INFO   [11415E\7588A6] Auto-router pass #191 on board '284e7ac9423c3ecd9a62eefa66df101a' was completed in 0,08 seconds with the score of 969,27 (1 unrouted), using 62982,70 CPU seconds and 225812 MB memory.
2026-08-14 16:44:10.195 INFO   [11415E\7588A6] Restoring an earlier board that has the score of 969,27 (1 unrouted).
2026-08-14 16:44:10.195 INFO   [11415E\7588A6] Auto-router pass #192 on board '284e7ac9423c3ecd9a62eefa66df101a' was completed in 1,85 seconds with the score of 969,27 (1 unrouted), using 63680,07 CPU seconds and 227363 MB memory.
2026-08-14 16:44:11.240 INFO   [11415E\7588A6] Auto-router pass #193 on board '284e7ac9423c3ecd9a62eefa66df101a' was completed in 1,04 seconds with the score of 969,27 (1 unrouted), using 64030,21 CPU seconds and 228064 MB memory.
2026-08-14 16:44:11.330 INFO   [11415E\7588A6] Auto-router pass #194 on board '284e7ac9423c3ecd9a62eefa66df101a' was completed in 0,08 seconds with the score of 969,27 (1 unrouted), using 64030,21 CPU seconds and 228064 MB memory.
2026-08-14 16:44:11.415 INFO   [11415E\7588A6] Auto-router pass #195 on board '284e7ac9423c3ecd9a62eefa66df101a' was completed in 0,08 seconds with the score of 969,27 (1 unrouted), using 64030,21 CPU seconds and 228064 MB memory.
2026-08-14 16:44:13.276 INFO   [11415E\7588A6] Restoring an earlier board that has the score of 969,27 (1 unrouted).
2026-08-14 16:44:13.276 INFO   [11415E\7588A6] Auto-router pass #196 on board '284e7ac9423c3ecd9a62eefa66df101a' was completed in 1,85 seconds with the score of 969,27 (1 unrouted), using 64733,43 CPU seconds and 229629 MB memory.
2026-08-14 16:44:14.334 INFO   [11415E\7588A6] Auto-router pass #197 on board '284e7ac9423c3ecd9a62eefa66df101a' was completed in 1,05 seconds with the score of 969,27 (1 unrouted), using 65086,50 CPU seconds and 230335 MB memory.
2026-08-14 16:44:14.420 INFO   [11415E\7588A6] Auto-router pass #198 on board '284e7ac9423c3ecd9a62eefa66df101a' was completed in 0,08 seconds with the score of 969,27 (1 unrouted), using 65086,50 CPU seconds and 230335 MB memory.
2026-08-14 16:44:14.513 INFO   [11415E\7588A6] Auto-router pass #199 on board '284e7ac9423c3ecd9a62eefa66df101a' was completed in 0,09 seconds with the score of 969,27 (1 unrouted), using 65086,50 CPU seconds and 230335 MB memory.
2026-08-14 16:44:16.375 INFO   [11415E\7588A6] Restoring an earlier board that has the score of 969,27 (1 unrouted).
2026-08-14 16:44:16.375 INFO   [11415E\7588A6] Auto-router pass #200 on board '284e7ac9423c3ecd9a62eefa66df101a' was completed in 1,85 seconds with the score of 969,27 (1 unrouted), using 65795,55 CPU seconds and 231865 MB memory.
2026-08-14 16:44:17.415 INFO   [11415E\7588A6] Auto-router pass #201 on board '284e7ac9423c3ecd9a62eefa66df101a' was completed in 1,03 seconds with the score of 969,27 (1 unrouted), using 66151,54 CPU seconds and 232601 MB memory.
2026-08-14 16:44:17.505 INFO   [11415E\7588A6] Auto-router pass #202 on board '284e7ac9423c3ecd9a62eefa66df101a' was completed in 0,08 seconds with the score of 969,27 (1 unrouted), using 66151,54 CPU seconds and 232601 MB memory.
2026-08-14 16:44:17.591 INFO   [11415E\7588A6] Auto-router pass #203 on board '284e7ac9423c3ecd9a62eefa66df101a' was completed in 0,08 seconds with the score of 969,27 (1 unrouted), using 66151,54 CPU seconds and 232601 MB memory.
2026-08-14 16:44:19.445 INFO   [11415E\7588A6] Restoring an earlier board that has the score of 967,92 (2 unrouted).
2026-08-14 16:44:19.445 INFO   [11415E\7588A6] Auto-router pass #204 on board '284e7ac9423c3ecd9a62eefa66df101a' was completed in 1,85 seconds with the score of 969,27 (1 unrouted), using 66866,45 CPU seconds and 234146 MB memory.
2026-08-14 16:44:21.040 INFO   [11415E\7588A6] Auto-router pass #205 on board 'ba02fe0eff8f0d979012b14423a9baad' was completed in 1,58 seconds with the score of 969,27 (1 unrouted), using 67225,36 CPU seconds and 234870 MB memory.
2026-08-14 16:44:21.129 INFO   [11415E\7588A6] Auto-router pass #206 on board '284e7ac9423c3ecd9a62eefa66df101a' was completed in 0,08 seconds with the score of 969,27 (1 unrouted), using 67585,25 CPU seconds and 235577 MB memory.
2026-08-14 16:44:21.223 INFO   [11415E\7588A6] Auto-router pass #207 on board '284e7ac9423c3ecd9a62eefa66df101a' was completed in 0,08 seconds with the score of 969,27 (1 unrouted), using 67585,25 CPU seconds and 235577 MB memory.
2026-08-14 16:44:21.332 WARN   ItemAutorouteInfo.get_expansion_room: p_index out of range
2026-08-14 16:44:21.357 WARN   ItemAutorouteInfo.get_expansion_room: p_index out of range
2026-08-14 16:44:21.360 WARN   ItemAutorouteInfo.get_expansion_room: p_index out of range
2026-08-14 16:44:21.416 WARN   ItemAutorouteInfo.get_expansion_room: p_index out of range
2026-08-14 16:44:21.416 WARN   ItemAutorouteInfo.get_expansion_room: p_index out of range
2026-08-14 16:44:21.416 WARN   ItemAutorouteInfo.get_expansion_room: p_index out of range
2026-08-14 16:44:21.416 WARN   ItemAutorouteInfo.get_expansion_room: p_index out of range
2026-08-14 16:44:21.416 WARN   ItemAutorouteInfo.get_expansion_room: p_index out of range
2026-08-14 16:44:21.418 WARN   ItemAutorouteInfo.get_expansion_room: p_index out of range
2026-08-14 16:44:21.418 WARN   ItemAutorouteInfo.get_expansion_room: p_index out of range
2026-08-14 16:44:21.420 WARN   ItemAutorouteInfo.get_expansion_room: p_index out of range
2026-08-14 16:44:21.420 WARN   ItemAutorouteInfo.get_expansion_room: p_index out of range
2026-08-14 16:44:21.454 WARN   ItemAutorouteInfo.get_expansion_room: p_index out of range
2026-08-14 16:44:21.454 WARN   ItemAutorouteInfo.get_expansion_room: p_index out of range
2026-08-14 16:44:21.606 WARN   ItemAutorouteInfo.get_expansion_room: p_index out of range
2026-08-14 16:44:21.606 WARN   ItemAutorouteInfo.get_expansion_room: p_index out of range
2026-08-14 16:44:21.606 WARN   ItemAutorouteInfo.get_expansion_room: p_index out of range
2026-08-14 16:44:21.606 WARN   ItemAutorouteInfo.get_expansion_room: p_index out of range
2026-08-14 16:44:21.606 WARN   ItemAutorouteInfo.get_expansion_room: p_index out of range
2026-08-14 16:44:21.606 WARN   ItemAutorouteInfo.get_expansion_room: p_index out of range
2026-08-14 16:44:21.638 WARN   ItemAutorouteInfo.get_expansion_room: p_index out of range
2026-08-14 16:44:21.638 WARN   ItemAutorouteInfo.get_expansion_room: p_index out of range
2026-08-14 16:44:21.669 WARN   ItemAutorouteInfo.get_expansion_room: p_index out of range
2026-08-14 16:44:21.669 WARN   ItemAutorouteInfo.get_expansion_room: p_index out of range
2026-08-14 16:44:21.669 WARN   ItemAutorouteInfo.get_expansion_room: p_index out of range
2026-08-14 16:44:21.671 WARN   ItemAutorouteInfo.get_expansion_room: p_index out of range
2026-08-14 16:44:21.671 WARN   ItemAutorouteInfo.get_expansion_room: p_index out of range
2026-08-14 16:44:21.671 WARN   ItemAutorouteInfo.get_expansion_room: p_index out of range
2026-08-14 16:44:21.836 WARN   ItemAutorouteInfo.get_expansion_room: p_index out of range
2026-08-14 16:44:21.836 WARN   ItemAutorouteInfo.get_expansion_room: p_index out of range
2026-08-14 16:44:21.844 WARN   ItemAutorouteInfo.get_expansion_room: p_index out of range
2026-08-14 16:44:21.844 WARN   ItemAutorouteInfo.get_expansion_room: p_index out of range
2026-08-14 16:44:21.849 WARN   ItemAutorouteInfo.get_expansion_room: p_index out of range
2026-08-14 16:44:21.849 WARN   ItemAutorouteInfo.get_expansion_room: p_index out of range
2026-08-14 16:44:21.997 WARN   ItemAutorouteInfo.get_expansion_room: p_index out of range
2026-08-14 16:44:22.032 WARN   ItemAutorouteInfo.get_expansion_room: p_index out of range
2026-08-14 16:44:22.032 WARN   ItemAutorouteInfo.get_expansion_room: p_index out of range
2026-08-14 16:44:22.032 WARN   ItemAutorouteInfo.get_expansion_room: p_index out of range
2026-08-14 16:44:22.068 WARN   ItemAutorouteInfo.get_expansion_room: p_index out of range
2026-08-14 16:44:22.068 WARN   ItemAutorouteInfo.get_expansion_room: p_index out of range
2026-08-14 16:44:22.068 WARN   ItemAutorouteInfo.get_expansion_room: p_index out of range
2026-08-14 16:44:22.092 WARN   ItemAutorouteInfo.get_expansion_room: p_index out of range
2026-08-14 16:44:22.126 WARN   ItemAutorouteInfo.get_expansion_room: p_index out of range
2026-08-14 16:44:22.126 WARN   ItemAutorouteInfo.get_expansion_room: p_index out of range
2026-08-14 16:44:22.126 WARN   ItemAutorouteInfo.get_expansion_room: p_index out of range
2026-08-14 16:44:22.126 WARN   ItemAutorouteInfo.get_expansion_room: p_index out of range
2026-08-14 16:44:22.127 WARN   ItemAutorouteInfo.get_expansion_room: p_index out of range
2026-08-14 16:44:22.127 WARN   ItemAutorouteInfo.get_expansion_room: p_index out of range
2026-08-14 16:44:22.258 WARN   ItemAutorouteInfo.get_expansion_room: p_index out of range
2026-08-14 16:44:22.258 WARN   ItemAutorouteInfo.get_expansion_room: p_index out of range
2026-08-14 16:44:22.259 WARN   ItemAutorouteInfo.get_expansion_room: p_index out of range
2026-08-14 16:44:22.259 WARN   ItemAutorouteInfo.get_expansion_room: p_index out of range
2026-08-14 16:44:22.259 WARN   ItemAutorouteInfo.get_expansion_room: p_index out of range
2026-08-14 16:44:22.261 WARN   ItemAutorouteInfo.get_expansion_room: p_index out of range
2026-08-14 16:44:22.261 WARN   ItemAutorouteInfo.get_expansion_room: p_index out of range
2026-08-14 16:44:22.261 WARN   ItemAutorouteInfo.get_expansion_room: p_index out of range
2026-08-14 16:44:22.261 WARN   ItemAutorouteInfo.get_expansion_room: p_index out of range
2026-08-14 16:44:22.261 WARN   ItemAutorouteInfo.get_expansion_room: p_index out of range
2026-08-14 16:44:22.261 WARN   ItemAutorouteInfo.get_expansion_room: p_index out of range
2026-08-14 16:44:22.353 WARN   ItemAutorouteInfo.get_expansion_room: p_index out of range
2026-08-14 16:44:22.355 WARN   ItemAutorouteInfo.get_expansion_room: p_index out of range
2026-08-14 16:44:22.874 WARN   ItemAutorouteInfo.get_expansion_room: p_index out of range
2026-08-14 16:44:22.874 WARN   ItemAutorouteInfo.get_expansion_room: p_index out of range
2026-08-14 16:44:22.874 WARN   ItemAutorouteInfo.get_expansion_room: p_index out of range
2026-08-14 16:44:22.874 WARN   ItemAutorouteInfo.get_expansion_room: p_index out of range
2026-08-14 16:44:22.874 WARN   ItemAutorouteInfo.get_expansion_room: p_index out of range
2026-08-14 16:44:22.874 WARN   ItemAutorouteInfo.get_expansion_room: p_index out of range
2026-08-14 16:44:22.874 WARN   ItemAutorouteInfo.get_expansion_room: p_index out of range
2026-08-14 16:44:22.875 WARN   ItemAutorouteInfo.get_expansion_room: p_index out of range
2026-08-14 16:44:22.875 WARN   ItemAutorouteInfo.get_expansion_room: p_index out of range
2026-08-14 16:44:22.875 WARN   ItemAutorouteInfo.get_expansion_room: p_index out of range
2026-08-14 16:44:22.987 WARN   ItemAutorouteInfo.get_expansion_room: p_index out of range
2026-08-14 16:44:22.987 WARN   ItemAutorouteInfo.get_expansion_room: p_index out of range
2026-08-14 16:44:23.095 INFO   [11415E\7588A6] Restoring an earlier board that has the score of 967,90 (2 unrouted).
2026-08-14 16:44:23.095 INFO   [11415E\7588A6] Auto-router pass #208 on board '284e7ac9423c3ecd9a62eefa66df101a' was completed in 1,86 seconds with the score of 969,27 (1 unrouted), using 67946,12 CPU seconds and 236321 MB memory.
2026-08-14 16:44:25.138 INFO   [11415E\7588A6] Auto-router pass #209 on board '157aae9097c843a3d18e03b7eac1191a' was completed in 2,04 seconds with the score of 967,68 (2 unrouted), using 69034,51 CPU seconds and 238512 MB memory.
2026-08-14 16:44:25.251 WARN   ItemAutorouteInfo.get_expansion_room: p_index out of range
2026-08-14 16:44:25.251 WARN   ItemAutorouteInfo.get_expansion_room: p_index out of range
2026-08-14 16:44:25.272 WARN   ItemAutorouteInfo.get_expansion_room: p_index out of range
2026-08-14 16:44:25.272 WARN   ItemAutorouteInfo.get_expansion_room: p_index out of range
2026-08-14 16:44:25.272 WARN   ItemAutorouteInfo.get_expansion_room: p_index out of range
2026-08-14 16:44:25.272 WARN   ItemAutorouteInfo.get_expansion_room: p_index out of range
2026-08-14 16:44:25.272 WARN   ItemAutorouteInfo.get_expansion_room: p_index out of range
2026-08-14 16:44:25.272 WARN   ItemAutorouteInfo.get_expansion_room: p_index out of range
2026-08-14 16:44:25.279 WARN   ItemAutorouteInfo.get_expansion_room: p_index out of range
2026-08-14 16:44:25.279 WARN   ItemAutorouteInfo.get_expansion_room: p_index out of range
2026-08-14 16:44:25.279 WARN   ItemAutorouteInfo.get_expansion_room: p_index out of range
2026-08-14 16:44:25.279 WARN   ItemAutorouteInfo.get_expansion_room: p_index out of range
2026-08-14 16:44:25.400 INFO   [11415E\7588A6] Auto-router pass #210 on board '67839a2ab6431c036ce06fa6ce076736' was completed in 0,24 seconds with the score of 962,67 (5 unrouted), using 69034,51 CPU seconds and 238512 MB memory.
2026-08-14 16:44:27.019 INFO   [11415E\7588A6] Auto-router pass #211 on board '5f91f02603790bf3a1ce8398c458bfac' was completed in 1,59 seconds with the score of 963,75 (4 unrouted), using 69399,25 CPU seconds and 239268 MB memory.
2026-08-14 16:44:35.585 INFO   [11415E\7588A6] Restoring an earlier board that has the score of 967,90 (2 unrouted).
2026-08-14 16:44:35.585 INFO   [11415E\7588A6] Auto-router pass #212 on board '758b314aaec7275b9160d13e5dc3500d' was completed in 8,54 seconds with the score of 963,92 (4 unrouted), using 72725,61 CPU seconds and 245560 MB memory.
2026-08-14 16:44:36.925 INFO   [11415E\7588A6] Auto-router pass #213 on board '157aae9097c843a3d18e03b7eac1191a' was completed in 1,33 seconds with the score of 966,11 (3 unrouted), using 73100,09 CPU seconds and 246260 MB memory.
2026-08-14 16:44:37.538 INFO   [11415E\7588A6] Auto-router pass #214 on board '0a3044e84cf82d57a667bbaf37cfcdcb' was completed in 0,59 seconds with the score of 967,68 (2 unrouted), using 73475,52 CPU seconds and 247052 MB memory.
2026-08-14 16:44:38.001 INFO   [11415E\7588A6] Auto-router pass #215 on board '5298d44174fe282c703c2f8c66c07ba4' was completed in 0,44 seconds with the score of 967,69 (2 unrouted), using 73475,52 CPU seconds and 247052 MB memory.
2026-08-14 16:44:41.250 INFO   [11415E\7588A6] Restoring an earlier board that has the score of 967,90 (2 unrouted).
2026-08-14 16:44:41.250 INFO   [11415E\7588A6] Auto-router pass #216 on board '94afb7c1289bc17baa4e3b491cb704e4' was completed in 3,23 seconds with the score of 967,69 (2 unrouted), using 74986,88 CPU seconds and 250098 MB memory.
2026-08-14 16:44:43.383 INFO   [11415E\7588A6] Auto-router pass #217 on board '157aae9097c843a3d18e03b7eac1191a' was completed in 2,09 seconds with the score of 967,68 (2 unrouted), using 75748,27 CPU seconds and 251499 MB memory.
2026-08-14 16:44:43.622 INFO   [11415E\7588A6] Auto-router pass #218 on board '049d45b0057deda3945058cb4764b2e8' was completed in 0,21 seconds with the score of 967,72 (2 unrouted), using 75748,27 CPU seconds and 251499 MB memory.
2026-08-14 16:44:43.939 INFO   [11415E\7588A6] Auto-router pass #219 on board 'dd3ae317bb15ca6801d83fdaa207178a' was completed in 0,29 seconds with the score of 967,92 (2 unrouted), using 75748,27 CPU seconds and 251499 MB memory.
2026-08-14 16:44:49.869 INFO   [11415E\7588A6] Restoring an earlier board that has the score of 967,92 (2 unrouted).
2026-08-14 16:44:49.870 INFO   [11415E\7588A6] Auto-router pass #220 on board '937a504257531bff264f5baab3627a15' was completed in 5,91 seconds with the score of 968,07 (2 unrouted), using 78055,60 CPU seconds and 255835 MB memory.
2026-08-14 16:44:51.583 INFO   [11415E\7588A6] Auto-router pass #221 on board '937a504257531bff264f5baab3627a15' was completed in 1,70 seconds with the score of 969,63 (1 unrouted), using 78832,39 CPU seconds and 257281 MB memory.
2026-08-14 16:44:51.700 INFO   [11415E\7588A6] Auto-router pass #222 on board 'dedec5f74f25f293766e3ed8a785ebaf' was completed in 0,08 seconds with the score of 969,63 (1 unrouted), using 78832,39 CPU seconds and 257281 MB memory.
2026-08-14 16:44:51.788 INFO   [11415E\7588A6] Auto-router pass #223 on board 'dedec5f74f25f293766e3ed8a785ebaf' was completed in 0,08 seconds with the score of 969,63 (1 unrouted), using 78832,39 CPU seconds and 257281 MB memory.
2026-08-14 16:44:54.613 INFO   [11415E\7588A6] Restoring an earlier board that has the score of 969,63 (1 unrouted).
2026-08-14 16:44:54.614 INFO   [11415E\7588A6] Auto-router pass #224 on board 'dedec5f74f25f293766e3ed8a785ebaf' was completed in 2,82 seconds with the score of 969,63 (1 unrouted), using 80004,62 CPU seconds and 259385 MB memory.
2026-08-14 16:44:55.808 INFO   [11415E\7588A6] Auto-router pass #225 on board 'dedec5f74f25f293766e3ed8a785ebaf' was completed in 1,19 seconds with the score of 969,63 (1 unrouted), using 80397,24 CPU seconds and 260031 MB memory.
2026-08-14 16:44:55.896 INFO   [11415E\7588A6] Auto-router pass #226 on board 'dedec5f74f25f293766e3ed8a785ebaf' was completed in 0,08 seconds with the score of 969,63 (1 unrouted), using 80397,24 CPU seconds and 260031 MB memory.
2026-08-14 16:44:55.992 INFO   [11415E\7588A6] Auto-router pass #227 on board 'dedec5f74f25f293766e3ed8a785ebaf' was completed in 0,09 seconds with the score of 969,63 (1 unrouted), using 80397,24 CPU seconds and 260031 MB memory.
2026-08-14 16:44:57.948 INFO   [11415E\7588A6] Restoring an earlier board that has the score of 969,63 (1 unrouted).
2026-08-14 16:44:57.948 INFO   [11415E\7588A6] Auto-router pass #228 on board 'dedec5f74f25f293766e3ed8a785ebaf' was completed in 1,95 seconds with the score of 969,63 (1 unrouted), using 81185,33 CPU seconds and 261512 MB memory.
2026-08-14 16:44:59.119 INFO   [11415E\7588A6] Auto-router pass #229 on board 'dedec5f74f25f293766e3ed8a785ebaf' was completed in 1,16 seconds with the score of 969,63 (1 unrouted), using 81580,80 CPU seconds and 262312 MB memory.
2026-08-14 16:44:59.212 INFO   [11415E\7588A6] Auto-router pass #230 on board 'dedec5f74f25f293766e3ed8a785ebaf' was completed in 0,08 seconds with the score of 969,63 (1 unrouted), using 81977,24 CPU seconds and 263026 MB memory.
2026-08-14 16:44:59.301 INFO   [11415E\7588A6] Auto-router pass #231 on board 'dedec5f74f25f293766e3ed8a785ebaf' was completed in 0,08 seconds with the score of 969,63 (1 unrouted), using 81977,24 CPU seconds and 263026 MB memory.
2026-08-14 16:45:01.213 INFO   [11415E\7588A6] Restoring an earlier board that has the score of 969,63 (1 unrouted).
2026-08-14 16:45:01.213 INFO   [11415E\7588A6] Auto-router pass #232 on board 'dedec5f74f25f293766e3ed8a785ebaf' was completed in 1,90 seconds with the score of 969,63 (1 unrouted), using 82773,00 CPU seconds and 264622 MB memory.
2026-08-14 16:45:02.355 INFO   [11415E\7588A6] Auto-router pass #233 on board 'dedec5f74f25f293766e3ed8a785ebaf' was completed in 1,13 seconds with the score of 969,63 (1 unrouted), using 83172,32 CPU seconds and 265326 MB memory.
2026-08-14 16:45:02.443 INFO   [11415E\7588A6] Auto-router pass #234 on board 'dedec5f74f25f293766e3ed8a785ebaf' was completed in 0,08 seconds with the score of 969,63 (1 unrouted), using 83172,32 CPU seconds and 265326 MB memory.
2026-08-14 16:45:02.537 INFO   [11415E\7588A6] Auto-router pass #235 on board 'dedec5f74f25f293766e3ed8a785ebaf' was completed in 0,09 seconds with the score of 969,63 (1 unrouted), using 83172,32 CPU seconds and 265326 MB memory.
2026-08-14 16:45:04.444 INFO   [11415E\7588A6] Restoring an earlier board that has the score of 969,63 (1 unrouted).
2026-08-14 16:45:04.445 INFO   [11415E\7588A6] Auto-router pass #236 on board 'dedec5f74f25f293766e3ed8a785ebaf' was completed in 1,90 seconds with the score of 969,63 (1 unrouted), using 83973,85 CPU seconds and 266881 MB memory.
2026-08-14 16:45:05.581 INFO   [11415E\7588A6] Auto-router pass #237 on board 'dedec5f74f25f293766e3ed8a785ebaf' was completed in 1,13 seconds with the score of 969,63 (1 unrouted), using 84376,07 CPU seconds and 267635 MB memory.
2026-08-14 16:45:05.674 INFO   [11415E\7588A6] Auto-router pass #238 on board 'dedec5f74f25f293766e3ed8a785ebaf' was completed in 0,08 seconds with the score of 969,63 (1 unrouted), using 84376,07 CPU seconds and 267635 MB memory.
2026-08-14 16:45:05.761 INFO   [11415E\7588A6] Auto-router pass #239 on board 'dedec5f74f25f293766e3ed8a785ebaf' was completed in 0,08 seconds with the score of 969,63 (1 unrouted), using 84376,07 CPU seconds and 267635 MB memory.
2026-08-14 16:45:07.673 INFO   [11415E\7588A6] Restoring an earlier board that has the score of 967,92 (2 unrouted).
2026-08-14 16:45:07.674 INFO   [11415E\7588A6] Auto-router pass #240 on board 'dedec5f74f25f293766e3ed8a785ebaf' was completed in 1,90 seconds with the score of 969,63 (1 unrouted), using 85183,41 CPU seconds and 269184 MB memory.
2026-08-14 16:45:09.658 INFO   [11415E\7588A6] Auto-router pass #241 on board '937a504257531bff264f5baab3627a15' was completed in 1,98 seconds with the score of 969,59 (1 unrouted), using 85994,62 CPU seconds and 270727 MB memory.
2026-08-14 16:45:09.762 INFO   [11415E\7588A6] Auto-router pass #242 on board '53b91ab54e0b8ca4acf91f37120e3f89' was completed in 0,08 seconds with the score of 969,59 (1 unrouted), using 85994,62 CPU seconds and 270727 MB memory.
2026-08-14 16:45:09.858 INFO   [11415E\7588A6] Auto-router pass #243 on board '53b91ab54e0b8ca4acf91f37120e3f89' was completed in 0,09 seconds with the score of 969,59 (1 unrouted), using 85994,62 CPU seconds and 270727 MB memory.
2026-08-14 16:45:11.746 INFO   [11415E\7588A6] Restoring an earlier board that has the score of 969,59 (1 unrouted).
2026-08-14 16:45:11.746 INFO   [11415E\7588A6] Auto-router pass #244 on board '53b91ab54e0b8ca4acf91f37120e3f89' was completed in 1,88 seconds with the score of 969,59 (1 unrouted), using 86809,72 CPU seconds and 272265 MB memory.
2026-08-14 16:45:12.907 INFO   [11415E\7588A6] Auto-router pass #245 on board '53b91ab54e0b8ca4acf91f37120e3f89' was completed in 1,15 seconds with the score of 969,59 (1 unrouted), using 87218,71 CPU seconds and 273056 MB memory.
2026-08-14 16:45:13.003 INFO   [11415E\7588A6] Auto-router pass #246 on board '53b91ab54e0b8ca4acf91f37120e3f89' was completed in 0,08 seconds with the score of 969,59 (1 unrouted), using 87218,71 CPU seconds and 273056 MB memory.
2026-08-14 16:45:13.091 INFO   [11415E\7588A6] Auto-router pass #247 on board '53b91ab54e0b8ca4acf91f37120e3f89' was completed in 0,08 seconds with the score of 969,59 (1 unrouted), using 87218,71 CPU seconds and 273056 MB memory.
2026-08-14 16:45:15.009 INFO   [11415E\7588A6] Restoring an earlier board that has the score of 969,59 (1 unrouted).
2026-08-14 16:45:15.010 INFO   [11415E\7588A6] Auto-router pass #248 on board '53b91ab54e0b8ca4acf91f37120e3f89' was completed in 1,91 seconds with the score of 969,59 (1 unrouted), using 88039,55 CPU seconds and 274522 MB memory.
2026-08-14 16:45:16.115 INFO   [11415E\7588A6] Auto-router pass #249 on board '53b91ab54e0b8ca4acf91f37120e3f89' was completed in 1,10 seconds with the score of 969,59 (1 unrouted), using 88451,41 CPU seconds and 275342 MB memory.
2026-08-14 16:45:16.202 INFO   [11415E\7588A6] Auto-router pass #250 on board '53b91ab54e0b8ca4acf91f37120e3f89' was completed in 0,08 seconds with the score of 969,59 (1 unrouted), using 88864,23 CPU seconds and 276091 MB memory.
2026-08-14 16:45:16.295 INFO   [11415E\7588A6] Auto-router pass #251 on board '53b91ab54e0b8ca4acf91f37120e3f89' was completed in 0,08 seconds with the score of 969,59 (1 unrouted), using 88864,23 CPU seconds and 276091 MB memory.
2026-08-14 16:45:18.200 INFO   [11415E\7588A6] Restoring an earlier board that has the score of 969,59 (1 unrouted).
2026-08-14 16:45:18.201 INFO   [11415E\7588A6] Auto-router pass #252 on board '53b91ab54e0b8ca4acf91f37120e3f89' was completed in 1,90 seconds with the score of 969,59 (1 unrouted), using 89692,80 CPU seconds and 277682 MB memory.
2026-08-14 16:45:19.314 INFO   [11415E\7588A6] Auto-router pass #253 on board '53b91ab54e0b8ca4acf91f37120e3f89' was completed in 1,10 seconds with the score of 969,59 (1 unrouted), using 90108,54 CPU seconds and 278390 MB memory.
2026-08-14 16:45:19.406 INFO   [11415E\7588A6] Auto-router pass #254 on board '53b91ab54e0b8ca4acf91f37120e3f89' was completed in 0,08 seconds with the score of 969,59 (1 unrouted), using 90108,54 CPU seconds and 278390 MB memory.
2026-08-14 16:45:19.493 INFO   [11415E\7588A6] Auto-router pass #255 on board '53b91ab54e0b8ca4acf91f37120e3f89' was completed in 0,08 seconds with the score of 969,59 (1 unrouted), using 90108,54 CPU seconds and 278390 MB memory.
2026-08-14 16:45:21.372 INFO   [11415E\7588A6] Restoring an earlier board that has the score of 969,59 (1 unrouted).
2026-08-14 16:45:21.372 INFO   [11415E\7588A6] Auto-router pass #256 on board '53b91ab54e0b8ca4acf91f37120e3f89' was completed in 1,87 seconds with the score of 969,59 (1 unrouted), using 90942,92 CPU seconds and 279983 MB memory.
2026-08-14 16:45:22.494 INFO   [11415E\7588A6] Auto-router pass #257 on board '53b91ab54e0b8ca4acf91f37120e3f89' was completed in 1,11 seconds with the score of 969,59 (1 unrouted), using 91361,57 CPU seconds and 280727 MB memory.
2026-08-14 16:45:22.581 INFO   [11415E\7588A6] Auto-router pass #258 on board '53b91ab54e0b8ca4acf91f37120e3f89' was completed in 0,08 seconds with the score of 969,59 (1 unrouted), using 91361,57 CPU seconds and 280727 MB memory.
2026-08-14 16:45:22.668 INFO   [11415E\7588A6] Auto-router pass #259 on board '53b91ab54e0b8ca4acf91f37120e3f89' was completed in 0,08 seconds with the score of 969,59 (1 unrouted), using 91361,57 CPU seconds and 280727 MB memory.
2026-08-14 16:45:24.566 INFO   [11415E\7588A6] Restoring an earlier board that has the score of 967,92 (2 unrouted).
2026-08-14 16:45:24.566 INFO   [11415E\7588A6] Auto-router pass #260 on board '53b91ab54e0b8ca4acf91f37120e3f89' was completed in 1,89 seconds with the score of 969,59 (1 unrouted), using 92201,76 CPU seconds and 282279 MB memory.
2026-08-14 16:45:26.201 INFO   [11415E\7588A6] Auto-router pass #261 on board '937a504257531bff264f5baab3627a15' was completed in 1,63 seconds with the score of 969,63 (1 unrouted), using 93045,81 CPU seconds and 283904 MB memory.
2026-08-14 16:45:26.312 INFO   [11415E\7588A6] Auto-router pass #262 on board '801e819837692178b933108d5127ed3f' was completed in 0,08 seconds with the score of 969,63 (1 unrouted), using 93045,81 CPU seconds and 283904 MB memory.
2026-08-14 16:45:26.400 INFO   [11415E\7588A6] Auto-router pass #263 on board '801e819837692178b933108d5127ed3f' was completed in 0,08 seconds with the score of 969,63 (1 unrouted), using 93045,81 CPU seconds and 283904 MB memory.
2026-08-14 16:45:29.147 INFO   [11415E\7588A6] Restoring an earlier board that has the score of 969,63 (1 unrouted).
2026-08-14 16:45:29.147 INFO   [11415E\7588A6] Auto-router pass #264 on board '801e819837692178b933108d5127ed3f' was completed in 2,74 seconds with the score of 969,63 (1 unrouted), using 93893,71 CPU seconds and 285284 MB memory.
2026-08-14 16:45:30.314 INFO   [11415E\7588A6] Auto-router pass #265 on board '801e819837692178b933108d5127ed3f' was completed in 1,16 seconds with the score of 969,63 (1 unrouted), using 94745,45 CPU seconds and 286717 MB memory.
2026-08-14 16:45:30.402 INFO   [11415E\7588A6] Auto-router pass #266 on board '801e819837692178b933108d5127ed3f' was completed in 0,08 seconds with the score of 969,63 (1 unrouted), using 94745,45 CPU seconds and 286717 MB memory.
2026-08-14 16:45:30.498 INFO   [11415E\7588A6] Auto-router pass #267 on board '801e819837692178b933108d5127ed3f' was completed in 0,09 seconds with the score of 969,63 (1 unrouted), using 94745,45 CPU seconds and 286717 MB memory.
2026-08-14 16:45:32.422 INFO   [11415E\7588A6] Restoring an earlier board that has the score of 969,63 (1 unrouted).
2026-08-14 16:45:32.422 INFO   [11415E\7588A6] Auto-router pass #268 on board '801e819837692178b933108d5127ed3f' was completed in 1,92 seconds with the score of 969,63 (1 unrouted), using 95601,04 CPU seconds and 288259 MB memory.
2026-08-14 16:45:33.574 INFO   [11415E\7588A6] Auto-router pass #269 on board '801e819837692178b933108d5127ed3f' was completed in 1,14 seconds with the score of 969,63 (1 unrouted), using 96030,28 CPU seconds and 288990 MB memory.
2026-08-14 16:45:33.667 INFO   [11415E\7588A6] Auto-router pass #270 on board '801e819837692178b933108d5127ed3f' was completed in 0,08 seconds with the score of 969,63 (1 unrouted), using 96030,28 CPU seconds and 288990 MB memory.
2026-08-14 16:45:33.755 INFO   [11415E\7588A6] Auto-router pass #271 on board '801e819837692178b933108d5127ed3f' was completed in 0,08 seconds with the score of 969,63 (1 unrouted), using 96030,28 CPU seconds and 288990 MB memory.
2026-08-14 16:45:35.678 INFO   [11415E\7588A6] Restoring an earlier board that has the score of 969,63 (1 unrouted).
2026-08-14 16:45:35.678 INFO   [11415E\7588A6] Auto-router pass #272 on board '801e819837692178b933108d5127ed3f' was completed in 1,92 seconds with the score of 969,63 (1 unrouted), using 96891,68 CPU seconds and 290531 MB memory.
2026-08-14 16:45:36.814 INFO   [11415E\7588A6] Auto-router pass #273 on board '801e819837692178b933108d5127ed3f' was completed in 1,13 seconds with the score of 969,63 (1 unrouted), using 97323,84 CPU seconds and 291313 MB memory.
2026-08-14 16:45:36.902 INFO   [11415E\7588A6] Auto-router pass #274 on board '801e819837692178b933108d5127ed3f' was completed in 0,08 seconds with the score of 969,63 (1 unrouted), using 97323,84 CPU seconds and 291313 MB memory.
2026-08-14 16:45:36.993 INFO   [11415E\7588A6] Auto-router pass #275 on board '801e819837692178b933108d5127ed3f' was completed in 0,08 seconds with the score of 969,63 (1 unrouted), using 97323,84 CPU seconds and 291313 MB memory.
2026-08-14 16:45:38.906 INFO   [11415E\7588A6] Restoring an earlier board that has the score of 969,63 (1 unrouted).
2026-08-14 16:45:38.906 INFO   [11415E\7588A6] Auto-router pass #276 on board '801e819837692178b933108d5127ed3f' was completed in 1,91 seconds with the score of 969,63 (1 unrouted), using 98191,07 CPU seconds and 292837 MB memory.
2026-08-14 16:45:40.045 INFO   [11415E\7588A6] Auto-router pass #277 on board '801e819837692178b933108d5127ed3f' was completed in 1,13 seconds with the score of 969,63 (1 unrouted), using 98626,14 CPU seconds and 293641 MB memory.
2026-08-14 16:45:40.132 INFO   [11415E\7588A6] Auto-router pass #278 on board '801e819837692178b933108d5127ed3f' was completed in 0,08 seconds with the score of 969,63 (1 unrouted), using 98626,14 CPU seconds and 293641 MB memory.
2026-08-14 16:45:40.220 INFO   [11415E\7588A6] Auto-router pass #279 on board '801e819837692178b933108d5127ed3f' was completed in 0,08 seconds with the score of 969,63 (1 unrouted), using 99062,19 CPU seconds and 294389 MB memory.
2026-08-14 16:45:42.128 INFO   [11415E\7588A6] Restoring an earlier board that has the score of 967,92 (2 unrouted).
2026-08-14 16:45:42.128 INFO   [11415E\7588A6] Auto-router pass #280 on board '801e819837692178b933108d5127ed3f' was completed in 1,90 seconds with the score of 969,63 (1 unrouted), using 99499,20 CPU seconds and 295150 MB memory.
2026-08-14 16:45:44.397 INFO   [11415E\7588A6] Auto-router pass #281 on board '937a504257531bff264f5baab3627a15' was completed in 2,26 seconds with the score of 967,97 (2 unrouted), using 100816,05 CPU seconds and 297496 MB memory.
2026-08-14 16:45:45.015 INFO   [11415E\7588A6] Auto-router pass #282 on board 'ad872ae09d9d5da7b39af2d5a728baf0' was completed in 0,59 seconds with the score of 969,37 (1 unrouted), using 100816,05 CPU seconds and 297496 MB memory.
2026-08-14 16:45:45.119 INFO   [11415E\7588A6] Auto-router pass #283 on board '345da44da24e0f6a1b1dd8de43fa63e3' was completed in 0,08 seconds with the score of 969,37 (1 unrouted), using 100816,05 CPU seconds and 297496 MB memory.
2026-08-14 16:45:47.923 INFO   [11415E\7588A6] Restoring an earlier board that has the score of 969,37 (1 unrouted).
2026-08-14 16:45:47.923 INFO   [11415E\7588A6] Auto-router pass #284 on board '345da44da24e0f6a1b1dd8de43fa63e3' was completed in 2,79 seconds with the score of 969,37 (1 unrouted), using 102141,62 CPU seconds and 299594 MB memory.
2026-08-14 16:45:49.041 INFO   [11415E\7588A6] Auto-router pass #285 on board '345da44da24e0f6a1b1dd8de43fa63e3' was completed in 1,11 seconds with the score of 969,37 (1 unrouted), using 102585,40 CPU seconds and 300289 MB memory.
2026-08-14 16:45:49.128 INFO   [11415E\7588A6] Auto-router pass #286 on board '345da44da24e0f6a1b1dd8de43fa63e3' was completed in 0,08 seconds with the score of 969,37 (1 unrouted), using 102585,40 CPU seconds and 300289 MB memory.
2026-08-14 16:45:49.221 INFO   [11415E\7588A6] Auto-router pass #287 on board '345da44da24e0f6a1b1dd8de43fa63e3' was completed in 0,09 seconds with the score of 969,37 (1 unrouted), using 103030,15 CPU seconds and 301005 MB memory.
2026-08-14 16:45:51.187 INFO   [11415E\7588A6] Restoring an earlier board that has the score of 969,37 (1 unrouted).
2026-08-14 16:45:51.187 INFO   [11415E\7588A6] Auto-router pass #288 on board '345da44da24e0f6a1b1dd8de43fa63e3' was completed in 1,96 seconds with the score of 969,37 (1 unrouted), using 103922,53 CPU seconds and 302581 MB memory.
2026-08-14 16:45:52.278 INFO   [11415E\7588A6] Auto-router pass #289 on board '345da44da24e0f6a1b1dd8de43fa63e3' was completed in 1,08 seconds with the score of 969,37 (1 unrouted), using 104370,18 CPU seconds and 303292 MB memory.
2026-08-14 16:45:52.369 INFO   [11415E\7588A6] Auto-router pass #290 on board '345da44da24e0f6a1b1dd8de43fa63e3' was completed in 0,08 seconds with the score of 969,37 (1 unrouted), using 104370,18 CPU seconds and 303292 MB memory.
2026-08-14 16:45:52.455 INFO   [11415E\7588A6] Auto-router pass #291 on board '345da44da24e0f6a1b1dd8de43fa63e3' was completed in 0,08 seconds with the score of 969,37 (1 unrouted), using 104370,18 CPU seconds and 303292 MB memory.
2026-08-14 16:45:54.400 INFO   [11415E\7588A6] Restoring an earlier board that has the score of 969,37 (1 unrouted).
2026-08-14 16:45:54.401 INFO   [11415E\7588A6] Auto-router pass #292 on board '345da44da24e0f6a1b1dd8de43fa63e3' was completed in 1,94 seconds with the score of 969,37 (1 unrouted), using 105268,39 CPU seconds and 304858 MB memory.
2026-08-14 16:45:55.484 INFO   [11415E\7588A6] Auto-router pass #293 on board '345da44da24e0f6a1b1dd8de43fa63e3' was completed in 1,07 seconds with the score of 969,37 (1 unrouted), using 105718,95 CPU seconds and 305614 MB memory.
2026-08-14 16:45:55.571 INFO   [11415E\7588A6] Auto-router pass #294 on board '345da44da24e0f6a1b1dd8de43fa63e3' was completed in 0,08 seconds with the score of 969,37 (1 unrouted), using 105718,95 CPU seconds and 305614 MB memory.
2026-08-14 16:45:55.665 INFO   [11415E\7588A6] Auto-router pass #295 on board '345da44da24e0f6a1b1dd8de43fa63e3' was completed in 0,09 seconds with the score of 969,37 (1 unrouted), using 105718,95 CPU seconds and 305614 MB memory.
2026-08-14 16:45:57.626 INFO   [11415E\7588A6] Restoring an earlier board that has the score of 969,37 (1 unrouted).
2026-08-14 16:45:57.626 INFO   [11415E\7588A6] Auto-router pass #296 on board '345da44da24e0f6a1b1dd8de43fa63e3' was completed in 1,95 seconds with the score of 969,37 (1 unrouted), using 106622,98 CPU seconds and 307127 MB memory.
2026-08-14 16:45:58.721 INFO   [11415E\7588A6] Auto-router pass #297 on board '345da44da24e0f6a1b1dd8de43fa63e3' was completed in 1,08 seconds with the score of 969,37 (1 unrouted), using 107076,45 CPU seconds and 307896 MB memory.
2026-08-14 16:45:58.811 INFO   [11415E\7588A6] Auto-router pass #298 on board '345da44da24e0f6a1b1dd8de43fa63e3' was completed in 0,08 seconds with the score of 969,37 (1 unrouted), using 107076,45 CPU seconds and 307896 MB memory.
2026-08-14 16:45:58.897 INFO   [11415E\7588A6] Auto-router pass #299 on board '345da44da24e0f6a1b1dd8de43fa63e3' was completed in 0,08 seconds with the score of 969,37 (1 unrouted), using 107076,45 CPU seconds and 307896 MB memory.
2026-08-14 16:46:00.828 INFO   [11415E\7588A6] Restoring an earlier board that has the score of 967,97 (2 unrouted).
2026-08-14 16:46:00.828 INFO   [11415E\7588A6] Auto-router pass #300 on board '345da44da24e0f6a1b1dd8de43fa63e3' was completed in 1,92 seconds with the score of 969,37 (1 unrouted), using 107986,31 CPU seconds and 309425 MB memory.
2026-08-14 16:46:02.321 INFO   [11415E\7588A6] Auto-router pass #301 on board 'ad872ae09d9d5da7b39af2d5a728baf0' was completed in 1,48 seconds with the score of 969,36 (1 unrouted), using 108900,11 CPU seconds and 311000 MB memory.
2026-08-14 16:46:02.424 INFO   [11415E\7588A6] Auto-router pass #302 on board 'eb011f9a973506e5eae75c99e8a33378' was completed in 0,08 seconds with the score of 969,36 (1 unrouted), using 108900,11 CPU seconds and 311000 MB memory.
2026-08-14 16:46:02.516 INFO   [11415E\7588A6] Auto-router pass #303 on board 'eb011f9a973506e5eae75c99e8a33378' was completed in 0,08 seconds with the score of 969,36 (1 unrouted), using 108900,11 CPU seconds and 311000 MB memory.
2026-08-14 16:46:02.649 WARN   ItemAutorouteInfo.get_expansion_room: p_index out of range
2026-08-14 16:46:02.649 WARN   ItemAutorouteInfo.get_expansion_room: p_index out of range
2026-08-14 16:46:02.649 WARN   ItemAutorouteInfo.get_expansion_room: p_index out of range
2026-08-14 16:46:02.758 WARN   ItemAutorouteInfo.get_expansion_room: p_index out of range
2026-08-14 16:46:02.761 WARN   ItemAutorouteInfo.get_expansion_room: p_index out of range
2026-08-14 16:46:02.761 WARN   ItemAutorouteInfo.get_expansion_room: p_index out of range
2026-08-14 16:46:02.806 WARN   ItemAutorouteInfo.get_expansion_room: p_index out of range
2026-08-14 16:46:02.808 WARN   ItemAutorouteInfo.get_expansion_room: p_index out of range
2026-08-14 16:46:02.808 WARN   ItemAutorouteInfo.get_expansion_room: p_index out of range
2026-08-14 16:46:02.904 WARN   ItemAutorouteInfo.get_expansion_room: p_index out of range
2026-08-14 16:46:02.904 WARN   ItemAutorouteInfo.get_expansion_room: p_index out of range
2026-08-14 16:46:02.904 WARN   ItemAutorouteInfo.get_expansion_room: p_index out of range
2026-08-14 16:46:02.904 WARN   ItemAutorouteInfo.get_expansion_room: p_index out of range
2026-08-14 16:46:02.904 WARN   ItemAutorouteInfo.get_expansion_room: p_index out of range
2026-08-14 16:46:02.904 WARN   ItemAutorouteInfo.get_expansion_room: p_index out of range
2026-08-14 16:46:02.904 WARN   ItemAutorouteInfo.get_expansion_room: p_index out of range
2026-08-14 16:46:02.935 WARN   ItemAutorouteInfo.get_expansion_room: p_index out of range
2026-08-14 16:46:02.953 WARN   ItemAutorouteInfo.get_expansion_room: p_index out of range
2026-08-14 16:46:02.953 WARN   ItemAutorouteInfo.get_expansion_room: p_index out of range
2026-08-14 16:46:02.954 WARN   ItemAutorouteInfo.get_expansion_room: p_index out of range
2026-08-14 16:46:02.954 WARN   ItemAutorouteInfo.get_expansion_room: p_index out of range
2026-08-14 16:46:02.954 WARN   ItemAutorouteInfo.get_expansion_room: p_index out of range
2026-08-14 16:46:02.954 WARN   ItemAutorouteInfo.get_expansion_room: p_index out of range
2026-08-14 16:46:02.954 WARN   ItemAutorouteInfo.get_expansion_room: p_index out of range
2026-08-14 16:46:02.965 WARN   ItemAutorouteInfo.get_expansion_room: p_index out of range
2026-08-14 16:46:02.965 WARN   ItemAutorouteInfo.get_expansion_room: p_index out of range
2026-08-14 16:46:02.965 WARN   ItemAutorouteInfo.get_expansion_room: p_index out of range
2026-08-14 16:46:02.966 WARN   ItemAutorouteInfo.get_expansion_room: p_index out of range
2026-08-14 16:46:02.967 WARN   ItemAutorouteInfo.get_expansion_room: p_index out of range
2026-08-14 16:46:02.967 WARN   ItemAutorouteInfo.get_expansion_room: p_index out of range
2026-08-14 16:46:03.028 WARN   ItemAutorouteInfo.get_expansion_room: p_index out of range
2026-08-14 16:46:03.028 WARN   ItemAutorouteInfo.get_expansion_room: p_index out of range
2026-08-14 16:46:03.051 WARN   ItemAutorouteInfo.get_expansion_room: p_index out of range
2026-08-14 16:46:03.051 WARN   ItemAutorouteInfo.get_expansion_room: p_index out of range
2026-08-14 16:46:03.051 WARN   ItemAutorouteInfo.get_expansion_room: p_index out of range
2026-08-14 16:46:03.051 WARN   ItemAutorouteInfo.get_expansion_room: p_index out of range
2026-08-14 16:46:03.051 WARN   ItemAutorouteInfo.get_expansion_room: p_index out of range
2026-08-14 16:46:03.051 WARN   ItemAutorouteInfo.get_expansion_room: p_index out of range
2026-08-14 16:46:03.052 WARN   ItemAutorouteInfo.get_expansion_room: p_index out of range
2026-08-14 16:46:03.052 WARN   ItemAutorouteInfo.get_expansion_room: p_index out of range
2026-08-14 16:46:03.052 WARN   ItemAutorouteInfo.get_expansion_room: p_index out of range
2026-08-14 16:46:03.052 WARN   ItemAutorouteInfo.get_expansion_room: p_index out of range
2026-08-14 16:46:03.065 WARN   ItemAutorouteInfo.get_expansion_room: p_index out of range
2026-08-14 16:46:03.066 WARN   ItemAutorouteInfo.get_expansion_room: p_index out of range
2026-08-14 16:46:03.066 WARN   ItemAutorouteInfo.get_expansion_room: p_index out of range
2026-08-14 16:46:03.066 WARN   ItemAutorouteInfo.get_expansion_room: p_index out of range
2026-08-14 16:46:03.118 WARN   ItemAutorouteInfo.get_expansion_room: p_index out of range
2026-08-14 16:46:03.118 WARN   ItemAutorouteInfo.get_expansion_room: p_index out of range
2026-08-14 16:46:03.157 WARN   ItemAutorouteInfo.get_expansion_room: p_index out of range
2026-08-14 16:46:03.163 WARN   ItemAutorouteInfo.get_expansion_room: p_index out of range
2026-08-14 16:46:03.308 WARN   ItemAutorouteInfo.get_expansion_room: p_index out of range
2026-08-14 16:46:03.309 WARN   ItemAutorouteInfo.get_expansion_room: p_index out of range
2026-08-14 16:46:03.309 WARN   ItemAutorouteInfo.get_expansion_room: p_index out of range
2026-08-14 16:46:03.309 WARN   ItemAutorouteInfo.get_expansion_room: p_index out of range
2026-08-14 16:46:03.311 WARN   ItemAutorouteInfo.get_expansion_room: p_index out of range
2026-08-14 16:46:03.311 WARN   ItemAutorouteInfo.get_expansion_room: p_index out of range
2026-08-14 16:46:03.311 WARN   ItemAutorouteInfo.get_expansion_room: p_index out of range
2026-08-14 16:46:03.311 WARN   ItemAutorouteInfo.get_expansion_room: p_index out of range
2026-08-14 16:46:03.311 WARN   ItemAutorouteInfo.get_expansion_room: p_index out of range
2026-08-14 16:46:03.345 WARN   ItemAutorouteInfo.get_expansion_room: p_index out of range
2026-08-14 16:46:03.345 WARN   ItemAutorouteInfo.get_expansion_room: p_index out of range
2026-08-14 16:46:03.345 WARN   ItemAutorouteInfo.get_expansion_room: p_index out of range
2026-08-14 16:46:03.352 WARN   ItemAutorouteInfo.get_expansion_room: p_index out of range
2026-08-14 16:46:03.352 WARN   ItemAutorouteInfo.get_expansion_room: p_index out of range
2026-08-14 16:46:03.352 WARN   ItemAutorouteInfo.get_expansion_room: p_index out of range
2026-08-14 16:46:03.352 WARN   ItemAutorouteInfo.get_expansion_room: p_index out of range
2026-08-14 16:46:03.352 WARN   ItemAutorouteInfo.get_expansion_room: p_index out of range
2026-08-14 16:46:03.352 WARN   ItemAutorouteInfo.get_expansion_room: p_index out of range
2026-08-14 16:46:03.352 WARN   ItemAutorouteInfo.get_expansion_room: p_index out of range
2026-08-14 16:46:03.352 WARN   ItemAutorouteInfo.get_expansion_room: p_index out of range
2026-08-14 16:46:03.363 WARN   ItemAutorouteInfo.get_expansion_room: p_index out of range
2026-08-14 16:46:03.364 WARN   ItemAutorouteInfo.get_expansion_room: p_index out of range
2026-08-14 16:46:03.377 WARN   ItemAutorouteInfo.get_expansion_room: p_index out of range
2026-08-14 16:46:03.377 WARN   ItemAutorouteInfo.get_expansion_room: p_index out of range
2026-08-14 16:46:03.377 WARN   ItemAutorouteInfo.get_expansion_room: p_index out of range
2026-08-14 16:46:03.387 WARN   ItemAutorouteInfo.get_expansion_room: p_index out of range
2026-08-14 16:46:03.387 WARN   ItemAutorouteInfo.get_expansion_room: p_index out of range
2026-08-14 16:46:03.387 WARN   ItemAutorouteInfo.get_expansion_room: p_index out of range
2026-08-14 16:46:03.387 WARN   ItemAutorouteInfo.get_expansion_room: p_index out of range
2026-08-14 16:46:03.387 WARN   ItemAutorouteInfo.get_expansion_room: p_index out of range
2026-08-14 16:46:03.396 WARN   ItemAutorouteInfo.get_expansion_room: p_index out of range
2026-08-14 16:46:03.401 WARN   ItemAutorouteInfo.get_expansion_room: p_index out of range
2026-08-14 16:46:03.401 WARN   ItemAutorouteInfo.get_expansion_room: p_index out of range
2026-08-14 16:46:03.401 WARN   ItemAutorouteInfo.get_expansion_room: p_index out of range
2026-08-14 16:46:03.401 WARN   ItemAutorouteInfo.get_expansion_room: p_index out of range
2026-08-14 16:46:03.401 WARN   ItemAutorouteInfo.get_expansion_room: p_index out of range
2026-08-14 16:46:03.422 WARN   ItemAutorouteInfo.get_expansion_room: p_index out of range
2026-08-14 16:46:03.422 WARN   ItemAutorouteInfo.get_expansion_room: p_index out of range
2026-08-14 16:46:03.422 WARN   ItemAutorouteInfo.get_expansion_room: p_index out of range
2026-08-14 16:46:03.422 WARN   ItemAutorouteInfo.get_expansion_room: p_index out of range
2026-08-14 16:46:03.422 WARN   ItemAutorouteInfo.get_expansion_room: p_index out of range
2026-08-14 16:46:03.550 WARN   ItemAutorouteInfo.get_expansion_room: p_index out of range
2026-08-14 16:46:03.551 WARN   ItemAutorouteInfo.get_expansion_room: p_index out of range
2026-08-14 16:46:03.562 WARN   ItemAutorouteInfo.get_expansion_room: p_index out of range
2026-08-14 16:46:03.650 WARN   ItemAutorouteInfo.get_expansion_room: p_index out of range
2026-08-14 16:46:03.652 WARN   ItemAutorouteInfo.get_expansion_room: p_index out of range
2026-08-14 16:46:03.653 WARN   ItemAutorouteInfo.get_expansion_room: p_index out of range
2026-08-14 16:46:03.655 WARN   ItemAutorouteInfo.get_expansion_room: p_index out of range
2026-08-14 16:46:03.731 WARN   ItemAutorouteInfo.get_expansion_room: p_index out of range
2026-08-14 16:46:03.731 WARN   ItemAutorouteInfo.get_expansion_room: p_index out of range
2026-08-14 16:46:03.784 WARN   ItemAutorouteInfo.get_expansion_room: p_index out of range
2026-08-14 16:46:03.843 WARN   ItemAutorouteInfo.get_expansion_room: p_index out of range
2026-08-14 16:46:03.863 WARN   ItemAutorouteInfo.get_expansion_room: p_index out of range
2026-08-14 16:46:03.920 WARN   ItemAutorouteInfo.get_expansion_room: p_index out of range
2026-08-14 16:46:03.961 WARN   ItemAutorouteInfo.get_expansion_room: p_index out of range
2026-08-14 16:46:03.961 WARN   ItemAutorouteInfo.get_expansion_room: p_index out of range
2026-08-14 16:46:03.961 WARN   ItemAutorouteInfo.get_expansion_room: p_index out of range
2026-08-14 16:46:03.961 WARN   ItemAutorouteInfo.get_expansion_room: p_index out of range
2026-08-14 16:46:04.048 WARN   ItemAutorouteInfo.get_expansion_room: p_index out of range
2026-08-14 16:46:04.048 WARN   ItemAutorouteInfo.get_expansion_room: p_index out of range
2026-08-14 16:46:04.048 WARN   ItemAutorouteInfo.get_expansion_room: p_index out of range
2026-08-14 16:46:04.049 WARN   ItemAutorouteInfo.get_expansion_room: p_index out of range
2026-08-14 16:46:04.050 WARN   ItemAutorouteInfo.get_expansion_room: p_index out of range
2026-08-14 16:46:04.325 WARN   ItemAutorouteInfo.get_expansion_room: p_index out of range
2026-08-14 16:46:04.325 WARN   ItemAutorouteInfo.get_expansion_room: p_index out of range
2026-08-14 16:46:04.472 INFO   [11415E\7588A6] Restoring an earlier board that has the score of 969,36 (1 unrouted).
2026-08-14 16:46:04.472 INFO   [11415E\7588A6] Auto-router pass #304 on board 'eb011f9a973506e5eae75c99e8a33378' was completed in 1,95 seconds with the score of 969,36 (1 unrouted), using 109817,84 CPU seconds and 312544 MB memory.
2026-08-14 16:46:05.592 INFO   [11415E\7588A6] Auto-router pass #305 on board 'eb011f9a973506e5eae75c99e8a33378' was completed in 1,11 seconds with the score of 969,36 (1 unrouted), using 110278,16 CPU seconds and 313291 MB memory.
2026-08-14 16:46:05.678 INFO   [11415E\7588A6] Auto-router pass #306 on board 'eb011f9a973506e5eae75c99e8a33378' was completed in 0,08 seconds with the score of 969,36 (1 unrouted), using 110278,16 CPU seconds and 313291 MB memory.
2026-08-14 16:46:05.765 INFO   [11415E\7588A6] Auto-router pass #307 on board 'eb011f9a973506e5eae75c99e8a33378' was completed in 0,08 seconds with the score of 969,36 (1 unrouted), using 110278,16 CPU seconds and 313291 MB memory.
2026-08-14 16:46:07.725 INFO   [11415E\7588A6] Restoring an earlier board that has the score of 969,36 (1 unrouted).
2026-08-14 16:46:07.725 INFO   [11415E\7588A6] Auto-router pass #308 on board 'eb011f9a973506e5eae75c99e8a33378' was completed in 1,95 seconds with the score of 969,36 (1 unrouted), using 111201,69 CPU seconds and 314808 MB memory.
2026-08-14 16:46:08.816 INFO   [11415E\7588A6] Auto-router pass #309 on board 'eb011f9a973506e5eae75c99e8a33378' was completed in 1,08 seconds with the score of 969,36 (1 unrouted), using 111664,91 CPU seconds and 315587 MB memory.
2026-08-14 16:46:08.906 INFO   [11415E\7588A6] Auto-router pass #310 on board 'eb011f9a973506e5eae75c99e8a33378' was completed in 0,08 seconds with the score of 969,36 (1 unrouted), using 111664,91 CPU seconds and 315587 MB memory.
2026-08-14 16:46:08.992 INFO   [11415E\7588A6] Auto-router pass #311 on board 'eb011f9a973506e5eae75c99e8a33378' was completed in 0,08 seconds with the score of 969,36 (1 unrouted), using 111664,91 CPU seconds and 315587 MB memory.
2026-08-14 16:46:10.951 INFO   [11415E\7588A6] Restoring an earlier board that has the score of 969,36 (1 unrouted).
2026-08-14 16:46:10.951 INFO   [11415E\7588A6] Auto-router pass #312 on board 'eb011f9a973506e5eae75c99e8a33378' was completed in 1,95 seconds with the score of 969,36 (1 unrouted), using 112594,31 CPU seconds and 317114 MB memory.
2026-08-14 16:46:12.057 INFO   [11415E\7588A6] Auto-router pass #313 on board 'eb011f9a973506e5eae75c99e8a33378' was completed in 1,10 seconds with the score of 969,36 (1 unrouted), using 113060,47 CPU seconds and 317908 MB memory.
2026-08-14 16:46:12.143 INFO   [11415E\7588A6] Auto-router pass #314 on board 'eb011f9a973506e5eae75c99e8a33378' was completed in 0,08 seconds with the score of 969,36 (1 unrouted), using 113060,47 CPU seconds and 317908 MB memory.
2026-08-14 16:46:12.235 INFO   [11415E\7588A6] Auto-router pass #315 on board 'eb011f9a973506e5eae75c99e8a33378' was completed in 0,08 seconds with the score of 969,36 (1 unrouted), using 113527,61 CPU seconds and 318638 MB memory.
2026-08-14 16:46:14.183 INFO   [11415E\7588A6] Restoring an earlier board that has the score of 969,36 (1 unrouted).
2026-08-14 16:46:14.183 INFO   [11415E\7588A6] Auto-router pass #316 on board 'eb011f9a973506e5eae75c99e8a33378' was completed in 1,94 seconds with the score of 969,36 (1 unrouted), using 114464,80 CPU seconds and 320225 MB memory.
2026-08-14 16:46:15.274 INFO   [11415E\7588A6] Auto-router pass #317 on board 'eb011f9a973506e5eae75c99e8a33378' was completed in 1,08 seconds with the score of 969,36 (1 unrouted), using 114934,86 CPU seconds and 320937 MB memory.
2026-08-14 16:46:15.365 INFO   [11415E\7588A6] Auto-router pass #318 on board 'eb011f9a973506e5eae75c99e8a33378' was completed in 0,08 seconds with the score of 969,36 (1 unrouted), using 114934,86 CPU seconds and 320937 MB memory.
2026-08-14 16:46:15.452 INFO   [11415E\7588A6] Auto-router pass #319 on board 'eb011f9a973506e5eae75c99e8a33378' was completed in 0,08 seconds with the score of 969,36 (1 unrouted), using 114934,86 CPU seconds and 320937 MB memory.
2026-08-14 16:46:17.412 INFO   [11415E\7588A6] Restoring an earlier board that has the score of 967,97 (2 unrouted).
2026-08-14 16:46:17.412 INFO   [11415E\7588A6] Auto-router pass #320 on board 'eb011f9a973506e5eae75c99e8a33378' was completed in 1,95 seconds with the score of 969,36 (1 unrouted), using 115877,89 CPU seconds and 322495 MB memory.
2026-08-14 16:46:19.607 INFO   [11415E\7588A6] Auto-router pass #321 on board 'ad872ae09d9d5da7b39af2d5a728baf0' was completed in 2,19 seconds with the score of 967,97 (2 unrouted), using 116824,80 CPU seconds and 324089 MB memory.
2026-08-14 16:46:20.234 INFO   [11415E\7588A6] Auto-router pass #322 on board '50b11939ea13b780a0e14a1a782e8df0' was completed in 0,60 seconds with the score of 969,36 (1 unrouted), using 117299,69 CPU seconds and 324755 MB memory.
2026-08-14 16:46:20.338 INFO   [11415E\7588A6] Auto-router pass #323 on board '693438c4644c4607a766531b2a0cbfe7' was completed in 0,08 seconds with the score of 969,36 (1 unrouted), using 117299,69 CPU seconds and 324755 MB memory.
2026-08-14 16:46:22.935 INFO   [11415E\7588A6] Restoring an earlier board that has the score of 969,36 (1 unrouted).
2026-08-14 16:46:22.935 INFO   [11415E\7588A6] Auto-router pass #324 on board '693438c4644c4607a766531b2a0cbfe7' was completed in 2,59 seconds with the score of 969,36 (1 unrouted), using 118252,35 CPU seconds and 326167 MB memory.
2026-08-14 16:46:23.984 INFO   [11415E\7588A6] Auto-router pass #325 on board '693438c4644c4607a766531b2a0cbfe7' was completed in 1,04 seconds with the score of 969,36 (1 unrouted), using 118730,12 CPU seconds and 326878 MB memory.
2026-08-14 16:46:24.080 INFO   [11415E\7588A6] Auto-router pass #326 on board '693438c4644c4607a766531b2a0cbfe7' was completed in 0,09 seconds with the score of 969,36 (1 unrouted), using 118730,12 CPU seconds and 326878 MB memory.
2026-08-14 16:46:24.165 INFO   [11415E\7588A6] Auto-router pass #327 on board '693438c4644c4607a766531b2a0cbfe7' was completed in 0,08 seconds with the score of 969,36 (1 unrouted), using 118730,12 CPU seconds and 326878 MB memory.
2026-08-14 16:46:26.010 INFO   [11415E\7588A6] Restoring an earlier board that has the score of 969,36 (1 unrouted).
2026-08-14 16:46:26.010 INFO   [11415E\7588A6] Auto-router pass #328 on board '693438c4644c4607a766531b2a0cbfe7' was completed in 1,84 seconds with the score of 969,36 (1 unrouted), using 119688,55 CPU seconds and 328393 MB memory.
2026-08-14 16:46:27.057 INFO   [11415E\7588A6] Auto-router pass #329 on board '693438c4644c4607a766531b2a0cbfe7' was completed in 1,04 seconds with the score of 969,36 (1 unrouted), using 120169,20 CPU seconds and 329214 MB memory.
2026-08-14 16:46:27.143 INFO   [11415E\7588A6] Auto-router pass #330 on board '693438c4644c4607a766531b2a0cbfe7' was completed in 0,08 seconds with the score of 969,36 (1 unrouted), using 120169,20 CPU seconds and 329214 MB memory.
2026-08-14 16:46:27.234 INFO   [11415E\7588A6] Auto-router pass #331 on board '693438c4644c4607a766531b2a0cbfe7' was completed in 0,08 seconds with the score of 969,36 (1 unrouted), using 120650,84 CPU seconds and 329953 MB memory.
2026-08-14 16:46:29.054 INFO   [11415E\7588A6] Restoring an earlier board that has the score of 969,36 (1 unrouted).
2026-08-14 16:46:29.054 INFO   [11415E\7588A6] Auto-router pass #332 on board '693438c4644c4607a766531b2a0cbfe7' was completed in 1,81 seconds with the score of 969,36 (1 unrouted), using 121133,45 CPU seconds and 330742 MB memory.
2026-08-14 16:46:30.102 INFO   [11415E\7588A6] Auto-router pass #333 on board '693438c4644c4607a766531b2a0cbfe7' was completed in 1,04 seconds with the score of 969,36 (1 unrouted), using 121617,02 CPU seconds and 331571 MB memory.
2026-08-14 16:46:30.189 INFO   [11415E\7588A6] Auto-router pass #334 on board '693438c4644c4607a766531b2a0cbfe7' was completed in 0,08 seconds with the score of 969,36 (1 unrouted), using 122101,57 CPU seconds and 332310 MB memory.
2026-08-14 16:46:30.279 INFO   [11415E\7588A6] Auto-router pass #335 on board '693438c4644c4607a766531b2a0cbfe7' was completed in 0,08 seconds with the score of 969,36 (1 unrouted), using 122101,57 CPU seconds and 332310 MB memory.
2026-08-14 16:46:32.118 INFO   [11415E\7588A6] Restoring an earlier board that has the score of 969,36 (1 unrouted).
2026-08-14 16:46:32.118 INFO   [11415E\7588A6] Auto-router pass #336 on board '693438c4644c4607a766531b2a0cbfe7' was completed in 1,83 seconds with the score of 969,36 (1 unrouted), using 122587,09 CPU seconds and 333073 MB memory.
2026-08-14 16:46:33.151 INFO   [11415E\7588A6] Auto-router pass #337 on board '693438c4644c4607a766531b2a0cbfe7' was completed in 1,02 seconds with the score of 969,36 (1 unrouted), using 123073,59 CPU seconds and 333914 MB memory.
2026-08-14 16:46:33.237 INFO   [11415E\7588A6] Auto-router pass #338 on board '693438c4644c4607a766531b2a0cbfe7' was completed in 0,08 seconds with the score of 969,36 (1 unrouted), using 123561,05 CPU seconds and 334656 MB memory.
2026-08-14 16:46:33.322 INFO   [11415E\7588A6] Auto-router pass #339 on board '693438c4644c4607a766531b2a0cbfe7' was completed in 0,08 seconds with the score of 969,36 (1 unrouted), using 123561,05 CPU seconds and 334656 MB memory.
2026-08-14 16:46:35.179 INFO   [11415E\7588A6] Restoring an earlier board that has the score of 967,97 (2 unrouted).
2026-08-14 16:46:35.180 INFO   [11415E\7588A6] Auto-router pass #340 on board '693438c4644c4607a766531b2a0cbfe7' was completed in 1,85 seconds with the score of 969,36 (1 unrouted), using 124538,90 CPU seconds and 336250 MB memory.
2026-08-14 16:46:37.476 INFO   [11415E\7588A6] Auto-router pass #341 on board 'ad872ae09d9d5da7b39af2d5a728baf0' was completed in 2,29 seconds with the score of 967,97 (2 unrouted), using 125520,62 CPU seconds and 337691 MB memory.
2026-08-14 16:46:38.718 INFO   [11415E\7588A6] Auto-router pass #342 on board '07ce9f5745d51ca00e9db629d50ef121' was completed in 1,22 seconds with the score of 967,97 (2 unrouted), using 126012,94 CPU seconds and 338537 MB memory.
2026-08-14 16:46:40.120 INFO   [11415E\7588A6] Auto-router pass #343 on board 'e7c65e46522d621f233ca8ee32ac5699' was completed in 1,38 seconds with the score of 967,97 (2 unrouted), using 126506,21 CPU seconds and 339247 MB memory.
2026-08-14 16:46:45.991 INFO   [11415E\7588A6] Restoring an earlier board that has the score of 967,97 (2 unrouted).
2026-08-14 16:46:45.991 INFO   [11415E\7588A6] Auto-router pass #344 on board '053153d93d05f540ad0fdeadfceccec9' was completed in 5,85 seconds with the score of 967,97 (2 unrouted), using 129486,21 CPU seconds and 343514 MB memory.
2026-08-14 16:46:47.541 INFO   [11415E\7588A6] Auto-router pass #345 on board 'ad872ae09d9d5da7b39af2d5a728baf0' was completed in 1,54 seconds with the score of 969,36 (1 unrouted), using 130487,32 CPU seconds and 344946 MB memory.
2026-08-14 16:46:47.629 INFO   [11415E\7588A6] Auto-router pass #346 on board 'eb011f9a973506e5eae75c99e8a33378' was completed in 0,08 seconds with the score of 969,36 (1 unrouted), using 130487,32 CPU seconds and 344946 MB memory.
2026-08-14 16:46:47.725 INFO   [11415E\7588A6] Auto-router pass #347 on board 'eb011f9a973506e5eae75c99e8a33378' was completed in 0,09 seconds with the score of 969,36 (1 unrouted), using 130487,32 CPU seconds and 344946 MB memory.
2026-08-14 16:46:47.835 WARN   ItemAutorouteInfo.get_expansion_room: p_index out of range
2026-08-14 16:46:47.835 WARN   ItemAutorouteInfo.get_expansion_room: p_index out of range
2026-08-14 16:46:47.836 WARN   ItemAutorouteInfo.get_expansion_room: p_index out of range
2026-08-14 16:46:47.948 WARN   ItemAutorouteInfo.get_expansion_room: p_index out of range
2026-08-14 16:46:47.951 WARN   ItemAutorouteInfo.get_expansion_room: p_index out of range
2026-08-14 16:46:47.951 WARN   ItemAutorouteInfo.get_expansion_room: p_index out of range
2026-08-14 16:46:47.996 WARN   ItemAutorouteInfo.get_expansion_room: p_index out of range
2026-08-14 16:46:47.998 WARN   ItemAutorouteInfo.get_expansion_room: p_index out of range
2026-08-14 16:46:47.998 WARN   ItemAutorouteInfo.get_expansion_room: p_index out of range
2026-08-14 16:46:48.094 WARN   ItemAutorouteInfo.get_expansion_room: p_index out of range
2026-08-14 16:46:48.094 WARN   ItemAutorouteInfo.get_expansion_room: p_index out of range
2026-08-14 16:46:48.094 WARN   ItemAutorouteInfo.get_expansion_room: p_index out of range
2026-08-14 16:46:48.094 WARN   ItemAutorouteInfo.get_expansion_room: p_index out of range
2026-08-14 16:46:48.094 WARN   ItemAutorouteInfo.get_expansion_room: p_index out of range
2026-08-14 16:46:48.095 WARN   ItemAutorouteInfo.get_expansion_room: p_index out of range
2026-08-14 16:46:48.095 WARN   ItemAutorouteInfo.get_expansion_room: p_index out of range
2026-08-14 16:46:48.118 WARN   ItemAutorouteInfo.get_expansion_room: p_index out of range
2026-08-14 16:46:48.145 WARN   ItemAutorouteInfo.get_expansion_room: p_index out of range
2026-08-14 16:46:48.145 WARN   ItemAutorouteInfo.get_expansion_room: p_index out of range
2026-08-14 16:46:48.145 WARN   ItemAutorouteInfo.get_expansion_room: p_index out of range
2026-08-14 16:46:48.145 WARN   ItemAutorouteInfo.get_expansion_room: p_index out of range
2026-08-14 16:46:48.145 WARN   ItemAutorouteInfo.get_expansion_room: p_index out of range
2026-08-14 16:46:48.145 WARN   ItemAutorouteInfo.get_expansion_room: p_index out of range
2026-08-14 16:46:48.145 WARN   ItemAutorouteInfo.get_expansion_room: p_index out of range
2026-08-14 16:46:48.157 WARN   ItemAutorouteInfo.get_expansion_room: p_index out of range
2026-08-14 16:46:48.157 WARN   ItemAutorouteInfo.get_expansion_room: p_index out of range
2026-08-14 16:46:48.157 WARN   ItemAutorouteInfo.get_expansion_room: p_index out of range
2026-08-14 16:46:48.158 WARN   ItemAutorouteInfo.get_expansion_room: p_index out of range
2026-08-14 16:46:48.159 WARN   ItemAutorouteInfo.get_expansion_room: p_index out of range
2026-08-14 16:46:48.159 WARN   ItemAutorouteInfo.get_expansion_room: p_index out of range
2026-08-14 16:46:48.232 WARN   ItemAutorouteInfo.get_expansion_room: p_index out of range
2026-08-14 16:46:48.233 WARN   ItemAutorouteInfo.get_expansion_room: p_index out of range
2026-08-14 16:46:48.256 WARN   ItemAutorouteInfo.get_expansion_room: p_index out of range
2026-08-14 16:46:48.256 WARN   ItemAutorouteInfo.get_expansion_room: p_index out of range
2026-08-14 16:46:48.256 WARN   ItemAutorouteInfo.get_expansion_room: p_index out of range
2026-08-14 16:46:48.256 WARN   ItemAutorouteInfo.get_expansion_room: p_index out of range
2026-08-14 16:46:48.256 WARN   ItemAutorouteInfo.get_expansion_room: p_index out of range
2026-08-14 16:46:48.256 WARN   ItemAutorouteInfo.get_expansion_room: p_index out of range
2026-08-14 16:46:48.256 WARN   ItemAutorouteInfo.get_expansion_room: p_index out of range
2026-08-14 16:46:48.257 WARN   ItemAutorouteInfo.get_expansion_room: p_index out of range
2026-08-14 16:46:48.257 WARN   ItemAutorouteInfo.get_expansion_room: p_index out of range
2026-08-14 16:46:48.257 WARN   ItemAutorouteInfo.get_expansion_room: p_index out of range
2026-08-14 16:46:48.270 WARN   ItemAutorouteInfo.get_expansion_room: p_index out of range
2026-08-14 16:46:48.270 WARN   ItemAutorouteInfo.get_expansion_room: p_index out of range
2026-08-14 16:46:48.270 WARN   ItemAutorouteInfo.get_expansion_room: p_index out of range
2026-08-14 16:46:48.270 WARN   ItemAutorouteInfo.get_expansion_room: p_index out of range
2026-08-14 16:46:48.323 WARN   ItemAutorouteInfo.get_expansion_room: p_index out of range
2026-08-14 16:46:48.323 WARN   ItemAutorouteInfo.get_expansion_room: p_index out of range
2026-08-14 16:46:48.351 WARN   ItemAutorouteInfo.get_expansion_room: p_index out of range
2026-08-14 16:46:48.367 WARN   ItemAutorouteInfo.get_expansion_room: p_index out of range
2026-08-14 16:46:48.512 WARN   ItemAutorouteInfo.get_expansion_room: p_index out of range
2026-08-14 16:46:48.512 WARN   ItemAutorouteInfo.get_expansion_room: p_index out of range
2026-08-14 16:46:48.513 WARN   ItemAutorouteInfo.get_expansion_room: p_index out of range
2026-08-14 16:46:48.513 WARN   ItemAutorouteInfo.get_expansion_room: p_index out of range
2026-08-14 16:46:48.515 WARN   ItemAutorouteInfo.get_expansion_room: p_index out of range
2026-08-14 16:46:48.515 WARN   ItemAutorouteInfo.get_expansion_room: p_index out of range
2026-08-14 16:46:48.515 WARN   ItemAutorouteInfo.get_expansion_room: p_index out of range
2026-08-14 16:46:48.515 WARN   ItemAutorouteInfo.get_expansion_room: p_index out of range
2026-08-14 16:46:48.515 WARN   ItemAutorouteInfo.get_expansion_room: p_index out of range
2026-08-14 16:46:48.549 WARN   ItemAutorouteInfo.get_expansion_room: p_index out of range
2026-08-14 16:46:48.549 WARN   ItemAutorouteInfo.get_expansion_room: p_index out of range
2026-08-14 16:46:48.549 WARN   ItemAutorouteInfo.get_expansion_room: p_index out of range
2026-08-14 16:46:48.556 WARN   ItemAutorouteInfo.get_expansion_room: p_index out of range
2026-08-14 16:46:48.556 WARN   ItemAutorouteInfo.get_expansion_room: p_index out of range
2026-08-14 16:46:48.556 WARN   ItemAutorouteInfo.get_expansion_room: p_index out of range
2026-08-14 16:46:48.556 WARN   ItemAutorouteInfo.get_expansion_room: p_index out of range
2026-08-14 16:46:48.556 WARN   ItemAutorouteInfo.get_expansion_room: p_index out of range
2026-08-14 16:46:48.556 WARN   ItemAutorouteInfo.get_expansion_room: p_index out of range
2026-08-14 16:46:48.556 WARN   ItemAutorouteInfo.get_expansion_room: p_index out of range
2026-08-14 16:46:48.556 WARN   ItemAutorouteInfo.get_expansion_room: p_index out of range
2026-08-14 16:46:48.560 WARN   ItemAutorouteInfo.get_expansion_room: p_index out of range
2026-08-14 16:46:48.561 WARN   ItemAutorouteInfo.get_expansion_room: p_index out of range
2026-08-14 16:46:48.575 WARN   ItemAutorouteInfo.get_expansion_room: p_index out of range
2026-08-14 16:46:48.575 WARN   ItemAutorouteInfo.get_expansion_room: p_index out of range
2026-08-14 16:46:48.575 WARN   ItemAutorouteInfo.get_expansion_room: p_index out of range
2026-08-14 16:46:48.596 WARN   ItemAutorouteInfo.get_expansion_room: p_index out of range
2026-08-14 16:46:48.597 WARN   ItemAutorouteInfo.get_expansion_room: p_index out of range
2026-08-14 16:46:48.597 WARN   ItemAutorouteInfo.get_expansion_room: p_index out of range
2026-08-14 16:46:48.597 WARN   ItemAutorouteInfo.get_expansion_room: p_index out of range
2026-08-14 16:46:48.597 WARN   ItemAutorouteInfo.get_expansion_room: p_index out of range
2026-08-14 16:46:48.606 WARN   ItemAutorouteInfo.get_expansion_room: p_index out of range
2026-08-14 16:46:48.611 WARN   ItemAutorouteInfo.get_expansion_room: p_index out of range
2026-08-14 16:46:48.611 WARN   ItemAutorouteInfo.get_expansion_room: p_index out of range
2026-08-14 16:46:48.611 WARN   ItemAutorouteInfo.get_expansion_room: p_index out of range
2026-08-14 16:46:48.611 WARN   ItemAutorouteInfo.get_expansion_room: p_index out of range
2026-08-14 16:46:48.611 WARN   ItemAutorouteInfo.get_expansion_room: p_index out of range
2026-08-14 16:46:48.632 WARN   ItemAutorouteInfo.get_expansion_room: p_index out of range
2026-08-14 16:46:48.632 WARN   ItemAutorouteInfo.get_expansion_room: p_index out of range
2026-08-14 16:46:48.633 WARN   ItemAutorouteInfo.get_expansion_room: p_index out of range
2026-08-14 16:46:48.633 WARN   ItemAutorouteInfo.get_expansion_room: p_index out of range
2026-08-14 16:46:48.633 WARN   ItemAutorouteInfo.get_expansion_room: p_index out of range
2026-08-14 16:46:48.763 WARN   ItemAutorouteInfo.get_expansion_room: p_index out of range
2026-08-14 16:46:48.763 WARN   ItemAutorouteInfo.get_expansion_room: p_index out of range
2026-08-14 16:46:48.775 WARN   ItemAutorouteInfo.get_expansion_room: p_index out of range
2026-08-14 16:46:48.867 WARN   ItemAutorouteInfo.get_expansion_room: p_index out of range
2026-08-14 16:46:48.869 WARN   ItemAutorouteInfo.get_expansion_room: p_index out of range
2026-08-14 16:46:48.870 WARN   ItemAutorouteInfo.get_expansion_room: p_index out of range
2026-08-14 16:46:48.872 WARN   ItemAutorouteInfo.get_expansion_room: p_index out of range
2026-08-14 16:46:48.950 WARN   ItemAutorouteInfo.get_expansion_room: p_index out of range
2026-08-14 16:46:48.951 WARN   ItemAutorouteInfo.get_expansion_room: p_index out of range
2026-08-14 16:46:49.004 WARN   ItemAutorouteInfo.get_expansion_room: p_index out of range
2026-08-14 16:46:49.062 WARN   ItemAutorouteInfo.get_expansion_room: p_index out of range
2026-08-14 16:46:49.092 WARN   ItemAutorouteInfo.get_expansion_room: p_index out of range
2026-08-14 16:46:49.151 WARN   ItemAutorouteInfo.get_expansion_room: p_index out of range
2026-08-14 16:46:49.191 WARN   ItemAutorouteInfo.get_expansion_room: p_index out of range
2026-08-14 16:46:49.191 WARN   ItemAutorouteInfo.get_expansion_room: p_index out of range
2026-08-14 16:46:49.192 WARN   ItemAutorouteInfo.get_expansion_room: p_index out of range
2026-08-14 16:46:49.192 WARN   ItemAutorouteInfo.get_expansion_room: p_index out of range
2026-08-14 16:46:49.277 WARN   ItemAutorouteInfo.get_expansion_room: p_index out of range
2026-08-14 16:46:49.277 WARN   ItemAutorouteInfo.get_expansion_room: p_index out of range
2026-08-14 16:46:49.277 WARN   ItemAutorouteInfo.get_expansion_room: p_index out of range
2026-08-14 16:46:49.278 WARN   ItemAutorouteInfo.get_expansion_room: p_index out of range
2026-08-14 16:46:49.278 WARN   ItemAutorouteInfo.get_expansion_room: p_index out of range
2026-08-14 16:46:49.528 WARN   ItemAutorouteInfo.get_expansion_room: p_index out of range
2026-08-14 16:46:49.528 WARN   ItemAutorouteInfo.get_expansion_room: p_index out of range
2026-08-14 16:46:49.722 INFO   [11415E\7588A6] Restoring an earlier board that has the score of 967,97 (2 unrouted).
2026-08-14 16:46:49.722 INFO   [11415E\7588A6] Auto-router pass #348 on board 'eb011f9a973506e5eae75c99e8a33378' was completed in 1,99 seconds with the score of 969,36 (1 unrouted), using 131492,27 CPU seconds and 346446 MB memory.
2026-08-14 16:46:51.793 INFO   [11415E\7588A6] Auto-router pass #349 on board '50b11939ea13b780a0e14a1a782e8df0' was completed in 2,06 seconds with the score of 967,97 (2 unrouted), using 132501,06 CPU seconds and 347963 MB memory.
2026-08-14 16:46:52.896 INFO   [11415E\7588A6] Auto-router pass #350 on board 'bdd8c3308635e466133cbd0c119aee91' was completed in 1,08 seconds with the score of 969,61 (1 unrouted), using 133006,89 CPU seconds and 348815 MB memory.
2026-08-14 16:46:53.004 INFO   [11415E\7588A6] Auto-router pass #351 on board 'fd018225c30ebc218c52eac2af0ad85b' was completed in 0,08 seconds with the score of 969,61 (1 unrouted), using 133006,89 CPU seconds and 348815 MB memory.
2026-08-14 16:46:55.752 INFO   [11415E\7588A6] Restoring an earlier board that has the score of 969,61 (1 unrouted).
2026-08-14 16:46:55.752 INFO   [11415E\7588A6] Auto-router pass #352 on board 'fd018225c30ebc218c52eac2af0ad85b' was completed in 2,74 seconds with the score of 969,61 (1 unrouted), using 134530,16 CPU seconds and 350890 MB memory.
2026-08-14 16:46:56.916 INFO   [11415E\7588A6] Auto-router pass #353 on board 'fd018225c30ebc218c52eac2af0ad85b' was completed in 1,15 seconds with the score of 969,61 (1 unrouted), using 135039,84 CPU seconds and 351568 MB memory.
2026-08-14 16:46:57.003 INFO   [11415E\7588A6] Auto-router pass #354 on board 'fd018225c30ebc218c52eac2af0ad85b' was completed in 0,08 seconds with the score of 969,61 (1 unrouted), using 135039,84 CPU seconds and 351568 MB memory.
2026-08-14 16:46:57.089 INFO   [11415E\7588A6] Auto-router pass #355 on board 'fd018225c30ebc218c52eac2af0ad85b' was completed in 0,08 seconds with the score of 969,61 (1 unrouted), using 135039,84 CPU seconds and 351568 MB memory.
2026-08-14 16:46:59.001 INFO   [11415E\7588A6] Restoring an earlier board that has the score of 969,61 (1 unrouted).
2026-08-14 16:46:59.001 INFO   [11415E\7588A6] Auto-router pass #356 on board 'fd018225c30ebc218c52eac2af0ad85b' was completed in 1,90 seconds with the score of 969,61 (1 unrouted), using 136062,11 CPU seconds and 353056 MB memory.
2026-08-14 16:47:00.096 INFO   [11415E\7588A6] Auto-router pass #357 on board 'fd018225c30ebc218c52eac2af0ad85b' was completed in 1,09 seconds with the score of 969,61 (1 unrouted), using 136574,69 CPU seconds and 353866 MB memory.
2026-08-14 16:47:00.183 INFO   [11415E\7588A6] Auto-router pass #358 on board 'fd018225c30ebc218c52eac2af0ad85b' was completed in 0,08 seconds with the score of 969,61 (1 unrouted), using 137088,23 CPU seconds and 354611 MB memory.
2026-08-14 16:47:00.274 INFO   [11415E\7588A6] Auto-router pass #359 on board 'fd018225c30ebc218c52eac2af0ad85b' was completed in 0,08 seconds with the score of 969,61 (1 unrouted), using 137088,23 CPU seconds and 354611 MB memory.
2026-08-14 16:47:02.161 INFO   [11415E\7588A6] Restoring an earlier board that has the score of 969,61 (1 unrouted).
2026-08-14 16:47:02.161 INFO   [11415E\7588A6] Auto-router pass #360 on board 'fd018225c30ebc218c52eac2af0ad85b' was completed in 1,88 seconds with the score of 969,61 (1 unrouted), using 137602,77 CPU seconds and 355371 MB memory.
2026-08-14 16:47:03.267 INFO   [11415E\7588A6] Auto-router pass #361 on board 'fd018225c30ebc218c52eac2af0ad85b' was completed in 1,10 seconds with the score of 969,61 (1 unrouted), using 138634,72 CPU seconds and 356928 MB memory.
2026-08-14 16:47:03.359 INFO   [11415E\7588A6] Auto-router pass #362 on board 'fd018225c30ebc218c52eac2af0ad85b' was completed in 0,08 seconds with the score of 969,61 (1 unrouted), using 138634,72 CPU seconds and 356928 MB memory.
2026-08-14 16:47:03.445 INFO   [11415E\7588A6] Auto-router pass #363 on board 'fd018225c30ebc218c52eac2af0ad85b' was completed in 0,08 seconds with the score of 969,61 (1 unrouted), using 138634,72 CPU seconds and 356928 MB memory.
2026-08-14 16:47:05.365 INFO   [11415E\7588A6] Restoring an earlier board that has the score of 969,61 (1 unrouted).
2026-08-14 16:47:05.365 INFO   [11415E\7588A6] Auto-router pass #364 on board 'fd018225c30ebc218c52eac2af0ad85b' was completed in 1,91 seconds with the score of 969,61 (1 unrouted), using 139670,55 CPU seconds and 358500 MB memory.
2026-08-14 16:47:06.486 INFO   [11415E\7588A6] Auto-router pass #365 on board 'fd018225c30ebc218c52eac2af0ad85b' was completed in 1,11 seconds with the score of 969,61 (1 unrouted), using 140189,92 CPU seconds and 359228 MB memory.
2026-08-14 16:47:06.572 INFO   [11415E\7588A6] Auto-router pass #366 on board 'fd018225c30ebc218c52eac2af0ad85b' was completed in 0,08 seconds with the score of 969,61 (1 unrouted), using 140189,92 CPU seconds and 359228 MB memory.
2026-08-14 16:47:06.659 INFO   [11415E\7588A6] Auto-router pass #367 on board 'fd018225c30ebc218c52eac2af0ad85b' was completed in 0,08 seconds with the score of 969,61 (1 unrouted), using 140189,92 CPU seconds and 359228 MB memory.
2026-08-14 16:47:08.540 INFO   [11415E\7588A6] Restoring an earlier board that has the score of 967,97 (2 unrouted).
2026-08-14 16:47:08.540 INFO   [11415E\7588A6] Auto-router pass #368 on board 'fd018225c30ebc218c52eac2af0ad85b' was completed in 1,87 seconds with the score of 969,61 (1 unrouted), using 141231,59 CPU seconds and 360793 MB memory.
2026-08-14 16:47:10.608 INFO   [11415E\7588A6] Auto-router pass #369 on board '50b11939ea13b780a0e14a1a782e8df0' was completed in 2,06 seconds with the score of 969,61 (1 unrouted), using 142277,14 CPU seconds and 362302 MB memory.
2026-08-14 16:47:10.720 INFO   [11415E\7588A6] Auto-router pass #370 on board '6e44d743ce8ab3dde75f5f86806d3a05' was completed in 0,09 seconds with the score of 969,61 (1 unrouted), using 142277,14 CPU seconds and 362302 MB memory.
2026-08-14 16:47:10.810 INFO   [11415E\7588A6] Auto-router pass #371 on board '6e44d743ce8ab3dde75f5f86806d3a05' was completed in 0,08 seconds with the score of 969,61 (1 unrouted), using 142277,14 CPU seconds and 362302 MB memory.
2026-08-14 16:47:12.742 INFO   [11415E\7588A6] Restoring an earlier board that has the score of 969,61 (1 unrouted).
2026-08-14 16:47:12.742 INFO   [11415E\7588A6] Auto-router pass #372 on board '6e44d743ce8ab3dde75f5f86806d3a05' was completed in 1,92 seconds with the score of 969,61 (1 unrouted), using 143326,59 CPU seconds and 363826 MB memory.
2026-08-14 16:47:13.899 INFO   [11415E\7588A6] Auto-router pass #373 on board '6e44d743ce8ab3dde75f5f86806d3a05' was completed in 1,15 seconds with the score of 969,61 (1 unrouted), using 143852,77 CPU seconds and 364579 MB memory.
2026-08-14 16:47:13.995 INFO   [11415E\7588A6] Auto-router pass #374 on board '6e44d743ce8ab3dde75f5f86806d3a05' was completed in 0,09 seconds with the score of 969,61 (1 unrouted), using 143852,77 CPU seconds and 364579 MB memory.
2026-08-14 16:47:14.082 INFO   [11415E\7588A6] Auto-router pass #375 on board '6e44d743ce8ab3dde75f5f86806d3a05' was completed in 0,08 seconds with the score of 969,61 (1 unrouted), using 143852,77 CPU seconds and 364579 MB memory.
2026-08-14 16:47:16.050 INFO   [11415E\7588A6] Restoring an earlier board that has the score of 969,61 (1 unrouted).
2026-08-14 16:47:16.050 INFO   [11415E\7588A6] Auto-router pass #376 on board '6e44d743ce8ab3dde75f5f86806d3a05' was completed in 1,96 seconds with the score of 969,61 (1 unrouted), using 144907,97 CPU seconds and 366042 MB memory.
2026-08-14 16:47:17.172 INFO   [11415E\7588A6] Auto-router pass #377 on board '6e44d743ce8ab3dde75f5f86806d3a05' was completed in 1,11 seconds with the score of 969,61 (1 unrouted), using 145437,00 CPU seconds and 366842 MB memory.
2026-08-14 16:47:17.259 INFO   [11415E\7588A6] Auto-router pass #378 on board '6e44d743ce8ab3dde75f5f86806d3a05' was completed in 0,08 seconds with the score of 969,61 (1 unrouted), using 145967,02 CPU seconds and 367574 MB memory.
2026-08-14 16:47:17.350 INFO   [11415E\7588A6] Auto-router pass #379 on board '6e44d743ce8ab3dde75f5f86806d3a05' was completed in 0,08 seconds with the score of 969,61 (1 unrouted), using 145967,02 CPU seconds and 367574 MB memory.
2026-08-14 16:47:19.262 INFO   [11415E\7588A6] Restoring an earlier board that has the score of 969,61 (1 unrouted).
2026-08-14 16:47:19.262 INFO   [11415E\7588A6] Auto-router pass #380 on board '6e44d743ce8ab3dde75f5f86806d3a05' was completed in 1,90 seconds with the score of 969,61 (1 unrouted), using 147029,95 CPU seconds and 369162 MB memory.
2026-08-14 16:47:20.373 INFO   [11415E\7588A6] Auto-router pass #381 on board '6e44d743ce8ab3dde75f5f86806d3a05' was completed in 1,10 seconds with the score of 969,61 (1 unrouted), using 147562,89 CPU seconds and 369873 MB memory.
2026-08-14 16:47:20.465 INFO   [11415E\7588A6] Auto-router pass #382 on board '6e44d743ce8ab3dde75f5f86806d3a05' was completed in 0,08 seconds with the score of 969,61 (1 unrouted), using 147562,89 CPU seconds and 369873 MB memory.
2026-08-14 16:47:20.552 INFO   [11415E\7588A6] Auto-router pass #383 on board '6e44d743ce8ab3dde75f5f86806d3a05' was completed in 0,08 seconds with the score of 969,61 (1 unrouted), using 147562,89 CPU seconds and 369873 MB memory.
2026-08-14 16:47:22.485 INFO   [11415E\7588A6] Restoring an earlier board that has the score of 969,61 (1 unrouted).
2026-08-14 16:47:22.485 INFO   [11415E\7588A6] Auto-router pass #384 on board '6e44d743ce8ab3dde75f5f86806d3a05' was completed in 1,92 seconds with the score of 969,61 (1 unrouted), using 148631,66 CPU seconds and 371424 MB memory.
2026-08-14 16:47:23.638 INFO   [11415E\7588A6] Auto-router pass #385 on board '6e44d743ce8ab3dde75f5f86806d3a05' was completed in 1,11 seconds with the score of 969,61 (1 unrouted), using 149167,45 CPU seconds and 372126 MB memory.
2026-08-14 16:47:23.725 INFO   [11415E\7588A6] Auto-router pass #386 on board '6e44d743ce8ab3dde75f5f86806d3a05' was completed in 0,08 seconds with the score of 969,61 (1 unrouted), using 149167,45 CPU seconds and 372126 MB memory.
2026-08-14 16:47:23.816 INFO   [11415E\7588A6] Auto-router pass #387 on board '6e44d743ce8ab3dde75f5f86806d3a05' was completed in 0,08 seconds with the score of 969,61 (1 unrouted), using 149167,45 CPU seconds and 372126 MB memory.
2026-08-14 16:47:25.737 INFO   [11415E\7588A6] Restoring an earlier board that has the score of 967,97 (2 unrouted).
2026-08-14 16:47:25.737 INFO   [11415E\7588A6] Auto-router pass #388 on board '6e44d743ce8ab3dde75f5f86806d3a05' was completed in 1,91 seconds with the score of 969,61 (1 unrouted), using 150241,97 CPU seconds and 373657 MB memory.
2026-08-14 16:47:27.820 INFO   [11415E\7588A6] Auto-router pass #389 on board '50b11939ea13b780a0e14a1a782e8df0' was completed in 2,07 seconds with the score of 968,07 (2 unrouted), using 151320,38 CPU seconds and 375207 MB memory.
2026-08-14 16:47:28.582 INFO   [11415E\7588A6] Auto-router pass #390 on board '731daa228a284e6659e6e304de4f7ad4' was completed in 0,74 seconds with the score of 969,69 (1 unrouted), using 151861,02 CPU seconds and 376032 MB memory.
2026-08-14 16:47:28.696 INFO   [11415E\7588A6] Auto-router pass #391 on board '2be0a15bf372b8d1545b7f976da1ecf2' was completed in 0,09 seconds with the score of 969,69 (1 unrouted), using 151861,02 CPU seconds and 376032 MB memory.
2026-08-14 16:47:31.212 INFO   [11415E\7588A6] Restoring an earlier board that has the score of 969,69 (1 unrouted).
2026-08-14 16:47:31.212 INFO   [11415E\7588A6] Auto-router pass #392 on board '2be0a15bf372b8d1545b7f976da1ecf2' was completed in 2,51 seconds with the score of 969,69 (1 unrouted), using 153488,73 CPU seconds and 378166 MB memory.
2026-08-14 16:47:32.294 INFO   [11415E\7588A6] Auto-router pass #393 on board '2be0a15bf372b8d1545b7f976da1ecf2' was completed in 1,07 seconds with the score of 969,69 (1 unrouted), using 154033,22 CPU seconds and 378895 MB memory.
2026-08-14 16:47:32.386 INFO   [11415E\7588A6] Auto-router pass #394 on board '2be0a15bf372b8d1545b7f976da1ecf2' was completed in 0,08 seconds with the score of 969,69 (1 unrouted), using 154033,22 CPU seconds and 378895 MB memory.
2026-08-14 16:47:32.487 INFO   [11415E\7588A6] Auto-router pass #395 on board '2be0a15bf372b8d1545b7f976da1ecf2' was completed in 0,09 seconds with the score of 969,69 (1 unrouted), using 154033,22 CPU seconds and 378895 MB memory.
2026-08-14 16:47:34.305 INFO   [11415E\7588A6] Restoring an earlier board that has the score of 969,69 (1 unrouted).
2026-08-14 16:47:34.306 INFO   [11415E\7588A6] Auto-router pass #396 on board '2be0a15bf372b8d1545b7f976da1ecf2' was completed in 1,81 seconds with the score of 969,69 (1 unrouted), using 155125,08 CPU seconds and 380453 MB memory.
2026-08-14 16:47:35.391 INFO   [11415E\7588A6] Auto-router pass #397 on board '2be0a15bf372b8d1545b7f976da1ecf2' was completed in 1,07 seconds with the score of 969,69 (1 unrouted), using 155672,45 CPU seconds and 381162 MB memory.
2026-08-14 16:47:35.483 INFO   [11415E\7588A6] Auto-router pass #398 on board '2be0a15bf372b8d1545b7f976da1ecf2' was completed in 0,08 seconds with the score of 969,69 (1 unrouted), using 155672,45 CPU seconds and 381162 MB memory.
2026-08-14 16:47:35.579 INFO   [11415E\7588A6] Auto-router pass #399 on board '2be0a15bf372b8d1545b7f976da1ecf2' was completed in 0,09 seconds with the score of 969,69 (1 unrouted), using 155672,45 CPU seconds and 381162 MB memory.
2026-08-14 16:47:37.395 INFO   [11415E\7588A6] Restoring an earlier board that has the score of 969,69 (1 unrouted).
2026-08-14 16:47:37.395 INFO   [11415E\7588A6] Auto-router pass #400 on board '2be0a15bf372b8d1545b7f976da1ecf2' was completed in 1,81 seconds with the score of 969,69 (1 unrouted), using 156770,12 CPU seconds and 382708 MB memory.
2026-08-14 16:47:38.456 INFO   [11415E\7588A6] Auto-router pass #401 on board '2be0a15bf372b8d1545b7f976da1ecf2' was completed in 1,05 seconds with the score of 969,69 (1 unrouted), using 157320,42 CPU seconds and 383467 MB memory.
2026-08-14 16:47:38.552 INFO   [11415E\7588A6] Auto-router pass #402 on board '2be0a15bf372b8d1545b7f976da1ecf2' was completed in 0,09 seconds with the score of 969,69 (1 unrouted), using 157320,42 CPU seconds and 383467 MB memory.
2026-08-14 16:47:38.644 INFO   [11415E\7588A6] Auto-router pass #403 on board '2be0a15bf372b8d1545b7f976da1ecf2' was completed in 0,08 seconds with the score of 969,69 (1 unrouted), using 157320,42 CPU seconds and 383467 MB memory.
2026-08-14 16:47:40.469 INFO   [11415E\7588A6] Restoring an earlier board that has the score of 969,69 (1 unrouted).
2026-08-14 16:47:40.469 INFO   [11415E\7588A6] Auto-router pass #404 on board '2be0a15bf372b8d1545b7f976da1ecf2' was completed in 1,82 seconds with the score of 969,69 (1 unrouted), using 158423,92 CPU seconds and 385004 MB memory.
2026-08-14 16:47:41.527 INFO   [11415E\7588A6] Auto-router pass #405 on board '2be0a15bf372b8d1545b7f976da1ecf2' was completed in 1,04 seconds with the score of 969,69 (1 unrouted), using 158977,12 CPU seconds and 385753 MB memory.
2026-08-14 16:47:41.623 INFO   [11415E\7588A6] Auto-router pass #406 on board '2be0a15bf372b8d1545b7f976da1ecf2' was completed in 0,09 seconds with the score of 969,69 (1 unrouted), using 158977,12 CPU seconds and 385753 MB memory.
2026-08-14 16:47:41.715 INFO   [11415E\7588A6] Auto-router pass #407 on board '2be0a15bf372b8d1545b7f976da1ecf2' was completed in 0,08 seconds with the score of 969,69 (1 unrouted), using 158977,12 CPU seconds and 385753 MB memory.
2026-08-14 16:47:43.505 INFO   [11415E\7588A6] Restoring an earlier board that has the score of 968,07 (2 unrouted).
2026-08-14 16:47:43.505 INFO   [11415E\7588A6] Auto-router pass #408 on board '2be0a15bf372b8d1545b7f976da1ecf2' was completed in 1,78 seconds with the score of 969,69 (1 unrouted), using 160086,45 CPU seconds and 387320 MB memory.
2026-08-14 16:47:45.493 INFO   [11415E\7588A6] Auto-router pass #409 on board '731daa228a284e6659e6e304de4f7ad4' was completed in 1,98 seconds with the score of 969,64 (1 unrouted), using 161199,66 CPU seconds and 388839 MB memory.
2026-08-14 16:47:45.600 INFO   [11415E\7588A6] Auto-router pass #410 on board 'ee466f9aacd161b5698107d0d6e61925' was completed in 0,08 seconds with the score of 969,64 (1 unrouted), using 161199,66 CPU seconds and 388839 MB memory.
2026-08-14 16:47:45.686 INFO   [11415E\7588A6] Auto-router pass #411 on board 'ee466f9aacd161b5698107d0d6e61925' was completed in 0,08 seconds with the score of 969,64 (1 unrouted), using 161199,66 CPU seconds and 388839 MB memory.
2026-08-14 16:47:47.454 INFO   [11415E\7588A6] Restoring an earlier board that has the score of 969,64 (1 unrouted).
2026-08-14 16:47:47.455 INFO   [11415E\7588A6] Auto-router pass #412 on board 'ee466f9aacd161b5698107d0d6e61925' was completed in 1,76 seconds with the score of 969,64 (1 unrouted), using 162316,75 CPU seconds and 390437 MB memory.
2026-08-14 16:47:48.557 INFO   [11415E\7588A6] Auto-router pass #413 on board 'ee466f9aacd161b5698107d0d6e61925' was completed in 1,09 seconds with the score of 969,64 (1 unrouted), using 162876,73 CPU seconds and 391182 MB memory.
2026-08-14 16:47:48.647 INFO   [11415E\7588A6] Auto-router pass #414 on board 'ee466f9aacd161b5698107d0d6e61925' was completed in 0,08 seconds with the score of 969,64 (1 unrouted), using 162876,73 CPU seconds and 391182 MB memory.
2026-08-14 16:47:48.746 INFO   [11415E\7588A6] Auto-router pass #415 on board 'ee466f9aacd161b5698107d0d6e61925' was completed in 0,09 seconds with the score of 969,64 (1 unrouted), using 162876,73 CPU seconds and 391182 MB memory.
2026-08-14 16:47:50.533 INFO   [11415E\7588A6] Restoring an earlier board that has the score of 969,64 (1 unrouted).
2026-08-14 16:47:50.533 INFO   [11415E\7588A6] Auto-router pass #416 on board 'ee466f9aacd161b5698107d0d6e61925' was completed in 1,78 seconds with the score of 969,64 (1 unrouted), using 163999,58 CPU seconds and 392733 MB memory.
2026-08-14 16:47:51.616 INFO   [11415E\7588A6] Auto-router pass #417 on board 'ee466f9aacd161b5698107d0d6e61925' was completed in 1,07 seconds with the score of 969,64 (1 unrouted), using 164562,45 CPU seconds and 393463 MB memory.
2026-08-14 16:47:51.706 INFO   [11415E\7588A6] Auto-router pass #418 on board 'ee466f9aacd161b5698107d0d6e61925' was completed in 0,08 seconds with the score of 969,64 (1 unrouted), using 164562,45 CPU seconds and 393463 MB memory.
2026-08-14 16:47:51.802 INFO   [11415E\7588A6] Auto-router pass #419 on board 'ee466f9aacd161b5698107d0d6e61925' was completed in 0,09 seconds with the score of 969,64 (1 unrouted), using 164562,45 CPU seconds and 393463 MB memory.
2026-08-14 16:47:53.586 INFO   [11415E\7588A6] Restoring an earlier board that has the score of 969,64 (1 unrouted).
2026-08-14 16:47:53.587 INFO   [11415E\7588A6] Auto-router pass #420 on board 'ee466f9aacd161b5698107d0d6e61925' was completed in 1,78 seconds with the score of 969,64 (1 unrouted), using 165691,11 CPU seconds and 395032 MB memory.
2026-08-14 16:47:54.631 INFO   [11415E\7588A6] Auto-router pass #421 on board 'ee466f9aacd161b5698107d0d6e61925' was completed in 1,03 seconds with the score of 969,64 (1 unrouted), using 166256,89 CPU seconds and 395789 MB memory.
2026-08-14 16:47:54.729 INFO   [11415E\7588A6] Auto-router pass #422 on board 'ee466f9aacd161b5698107d0d6e61925' was completed in 0,09 seconds with the score of 969,64 (1 unrouted), using 166256,89 CPU seconds and 395789 MB memory.
2026-08-14 16:47:54.819 INFO   [11415E\7588A6] Auto-router pass #423 on board 'ee466f9aacd161b5698107d0d6e61925' was completed in 0,08 seconds with the score of 969,64 (1 unrouted), using 166256,89 CPU seconds and 395789 MB memory.
2026-08-14 16:47:56.605 INFO   [11415E\7588A6] Restoring an earlier board that has the score of 969,64 (1 unrouted).
2026-08-14 16:47:56.605 INFO   [11415E\7588A6] Auto-router pass #424 on board 'ee466f9aacd161b5698107d0d6e61925' was completed in 1,78 seconds with the score of 969,64 (1 unrouted), using 167391,38 CPU seconds and 397363 MB memory.
2026-08-14 16:47:57.651 INFO   [11415E\7588A6] Auto-router pass #425 on board 'ee466f9aacd161b5698107d0d6e61925' was completed in 1,04 seconds with the score of 969,64 (1 unrouted), using 167960,08 CPU seconds and 398122 MB memory.
2026-08-14 16:47:57.740 INFO   [11415E\7588A6] Auto-router pass #426 on board 'ee466f9aacd161b5698107d0d6e61925' was completed in 0,08 seconds with the score of 969,64 (1 unrouted), using 167960,08 CPU seconds and 398122 MB memory.
2026-08-14 16:47:57.835 INFO   [11415E\7588A6] Auto-router pass #427 on board 'ee466f9aacd161b5698107d0d6e61925' was completed in 0,08 seconds with the score of 969,64 (1 unrouted), using 167960,08 CPU seconds and 398122 MB memory.
2026-08-14 16:47:59.605 INFO   [11415E\7588A6] Restoring an earlier board that has the score of 968,07 (2 unrouted).
2026-08-14 16:47:59.606 INFO   [11415E\7588A6] Auto-router pass #428 on board 'ee466f9aacd161b5698107d0d6e61925' was completed in 1,76 seconds with the score of 969,64 (1 unrouted), using 169100,39 CPU seconds and 399711 MB memory.
2026-08-14 16:48:01.603 INFO   [11415E\7588A6] Auto-router pass #429 on board '731daa228a284e6659e6e304de4f7ad4' was completed in 1,99 seconds with the score of 969,64 (1 unrouted), using 170244,59 CPU seconds and 401236 MB memory.
2026-08-14 16:48:01.707 INFO   [11415E\7588A6] Auto-router pass #430 on board 'f0f9267ce35cd32d0048810238612ca6' was completed in 0,08 seconds with the score of 969,64 (1 unrouted), using 170244,59 CPU seconds and 401236 MB memory.
2026-08-14 16:48:01.800 INFO   [11415E\7588A6] Auto-router pass #431 on board 'f0f9267ce35cd32d0048810238612ca6' was completed in 0,08 seconds with the score of 969,64 (1 unrouted), using 170244,59 CPU seconds and 401236 MB memory.
2026-08-14 16:48:04.285 INFO   [11415E\7588A6] Restoring an earlier board that has the score of 969,64 (1 unrouted).
2026-08-14 16:48:04.286 INFO   [11415E\7588A6] Auto-router pass #432 on board 'f0f9267ce35cd32d0048810238612ca6' was completed in 2,48 seconds with the score of 969,64 (1 unrouted), using 171968,16 CPU seconds and 403432 MB memory.
2026-08-14 16:48:05.373 INFO   [11415E\7588A6] Auto-router pass #433 on board 'f0f9267ce35cd32d0048810238612ca6' was completed in 1,08 seconds with the score of 969,64 (1 unrouted), using 172544,59 CPU seconds and 404137 MB memory.
2026-08-14 16:48:05.463 INFO   [11415E\7588A6] Auto-router pass #434 on board 'f0f9267ce35cd32d0048810238612ca6' was completed in 0,08 seconds with the score of 969,64 (1 unrouted), using 172544,59 CPU seconds and 404137 MB memory.
2026-08-14 16:48:05.563 INFO   [11415E\7588A6] Auto-router pass #435 on board 'f0f9267ce35cd32d0048810238612ca6' was completed in 0,09 seconds with the score of 969,64 (1 unrouted), using 172544,59 CPU seconds and 404137 MB memory.
2026-08-14 16:48:07.352 INFO   [11415E\7588A6] Restoring an earlier board that has the score of 969,64 (1 unrouted).
2026-08-14 16:48:07.352 INFO   [11415E\7588A6] Auto-router pass #436 on board 'f0f9267ce35cd32d0048810238612ca6' was completed in 1,78 seconds with the score of 969,64 (1 unrouted), using 173700,33 CPU seconds and 405716 MB memory.
2026-08-14 16:48:08.383 INFO   [11415E\7588A6] Auto-router pass #437 on board 'f0f9267ce35cd32d0048810238612ca6' was completed in 1,02 seconds with the score of 969,64 (1 unrouted), using 174279,66 CPU seconds and 406459 MB memory.
2026-08-14 16:48:08.478 INFO   [11415E\7588A6] Auto-router pass #438 on board 'f0f9267ce35cd32d0048810238612ca6' was completed in 0,09 seconds with the score of 969,64 (1 unrouted), using 174279,66 CPU seconds and 406459 MB memory.
2026-08-14 16:48:08.568 INFO   [11415E\7588A6] Auto-router pass #439 on board 'f0f9267ce35cd32d0048810238612ca6' was completed in 0,08 seconds with the score of 969,64 (1 unrouted), using 174279,66 CPU seconds and 406459 MB memory.
2026-08-14 16:48:10.353 INFO   [11415E\7588A6] Restoring an earlier board that has the score of 969,64 (1 unrouted).
2026-08-14 16:48:10.354 INFO   [11415E\7588A6] Auto-router pass #440 on board 'f0f9267ce35cd32d0048810238612ca6' was completed in 1,78 seconds with the score of 969,64 (1 unrouted), using 175441,20 CPU seconds and 408065 MB memory.
2026-08-14 16:48:11.394 INFO   [11415E\7588A6] Auto-router pass #441 on board 'f0f9267ce35cd32d0048810238612ca6' was completed in 1,03 seconds with the score of 969,64 (1 unrouted), using 176023,44 CPU seconds and 408808 MB memory.
2026-08-14 16:48:11.484 INFO   [11415E\7588A6] Auto-router pass #442 on board 'f0f9267ce35cd32d0048810238612ca6' was completed in 0,08 seconds with the score of 969,64 (1 unrouted), using 176023,44 CPU seconds and 408808 MB memory.
2026-08-14 16:48:11.580 INFO   [11415E\7588A6] Auto-router pass #443 on board 'f0f9267ce35cd32d0048810238612ca6' was completed in 0,09 seconds with the score of 969,64 (1 unrouted), using 176023,44 CPU seconds and 408808 MB memory.
2026-08-14 16:48:13.357 INFO   [11415E\7588A6] Restoring an earlier board that has the score of 969,64 (1 unrouted).
2026-08-14 16:48:13.357 INFO   [11415E\7588A6] Auto-router pass #444 on board 'f0f9267ce35cd32d0048810238612ca6' was completed in 1,77 seconds with the score of 969,64 (1 unrouted), using 177190,81 CPU seconds and 410406 MB memory.
2026-08-14 16:48:14.412 INFO   [11415E\7588A6] Auto-router pass #445 on board 'f0f9267ce35cd32d0048810238612ca6' was completed in 1,05 seconds with the score of 969,64 (1 unrouted), using 177775,95 CPU seconds and 411147 MB memory.
2026-08-14 16:48:14.509 INFO   [11415E\7588A6] Auto-router pass #446 on board 'f0f9267ce35cd32d0048810238612ca6' was completed in 0,08 seconds with the score of 969,64 (1 unrouted), using 177775,95 CPU seconds and 411147 MB memory.
2026-08-14 16:48:14.599 INFO   [11415E\7588A6] Auto-router pass #447 on board 'f0f9267ce35cd32d0048810238612ca6' was completed in 0,08 seconds with the score of 969,64 (1 unrouted), using 177775,95 CPU seconds and 411147 MB memory.
2026-08-14 16:48:16.364 INFO   [11415E\7588A6] Restoring an earlier board that has the score of 968,07 (2 unrouted).
2026-08-14 16:48:16.364 INFO   [11415E\7588A6] Auto-router pass #448 on board 'f0f9267ce35cd32d0048810238612ca6' was completed in 1,76 seconds with the score of 969,64 (1 unrouted), using 178949,16 CPU seconds and 412739 MB memory.
2026-08-14 16:48:18.331 INFO   [11415E\7588A6] Auto-router pass #449 on board '731daa228a284e6659e6e304de4f7ad4' was completed in 1,96 seconds with the score of 969,64 (1 unrouted), using 180126,25 CPU seconds and 414257 MB memory.
2026-08-14 16:48:18.440 INFO   [11415E\7588A6] Auto-router pass #450 on board '2127e135e0e718c1c185ba3135d2ffd3' was completed in 0,08 seconds with the score of 969,64 (1 unrouted), using 180126,25 CPU seconds and 414257 MB memory.
2026-08-14 16:48:18.527 INFO   [11415E\7588A6] Auto-router pass #451 on board '2127e135e0e718c1c185ba3135d2ffd3' was completed in 0,08 seconds with the score of 969,64 (1 unrouted), using 180126,25 CPU seconds and 414257 MB memory.
2026-08-14 16:48:21.022 INFO   [11415E\7588A6] Restoring an earlier board that has the score of 969,64 (1 unrouted).
2026-08-14 16:48:21.023 INFO   [11415E\7588A6] Auto-router pass #452 on board '2127e135e0e718c1c185ba3135d2ffd3' was completed in 2,49 seconds with the score of 969,64 (1 unrouted), using 181307,22 CPU seconds and 415692 MB memory.
2026-08-14 16:48:22.097 INFO   [11415E\7588A6] Auto-router pass #453 on board '2127e135e0e718c1c185ba3135d2ffd3' was completed in 1,06 seconds with the score of 969,64 (1 unrouted), using 181899,14 CPU seconds and 416401 MB memory.
2026-08-14 16:48:22.186 INFO   [11415E\7588A6] Auto-router pass #454 on board '2127e135e0e718c1c185ba3135d2ffd3' was completed in 0,08 seconds with the score of 969,64 (1 unrouted), using 181899,14 CPU seconds and 416401 MB memory.
2026-08-14 16:48:22.284 INFO   [11415E\7588A6] Auto-router pass #455 on board '2127e135e0e718c1c185ba3135d2ffd3' was completed in 0,09 seconds with the score of 969,64 (1 unrouted), using 182492,03 CPU seconds and 417131 MB memory.
2026-08-14 16:48:24.074 INFO   [11415E\7588A6] Restoring an earlier board that has the score of 969,64 (1 unrouted).
2026-08-14 16:48:24.074 INFO   [11415E\7588A6] Auto-router pass #456 on board '2127e135e0e718c1c185ba3135d2ffd3' was completed in 1,78 seconds with the score of 969,64 (1 unrouted), using 183085,88 CPU seconds and 417890 MB memory.
2026-08-14 16:48:25.150 INFO   [11415E\7588A6] Auto-router pass #457 on board '2127e135e0e718c1c185ba3135d2ffd3' was completed in 1,07 seconds with the score of 969,64 (1 unrouted), using 183680,67 CPU seconds and 418709 MB memory.
2026-08-14 16:48:25.255 INFO   [11415E\7588A6] Auto-router pass #458 on board '2127e135e0e718c1c185ba3135d2ffd3' was completed in 0,10 seconds with the score of 969,64 (1 unrouted), using 184276,42 CPU seconds and 419435 MB memory.
2026-08-14 16:48:25.346 INFO   [11415E\7588A6] Auto-router pass #459 on board '2127e135e0e718c1c185ba3135d2ffd3' was completed in 0,08 seconds with the score of 969,64 (1 unrouted), using 184276,42 CPU seconds and 419435 MB memory.
2026-08-14 16:48:27.151 INFO   [11415E\7588A6] Restoring an earlier board that has the score of 969,64 (1 unrouted).
2026-08-14 16:48:27.151 INFO   [11415E\7588A6] Auto-router pass #460 on board '2127e135e0e718c1c185ba3135d2ffd3' was completed in 1,80 seconds with the score of 969,64 (1 unrouted), using 184873,12 CPU seconds and 420180 MB memory.
2026-08-14 16:48:28.207 INFO   [11415E\7588A6] Auto-router pass #461 on board '2127e135e0e718c1c185ba3135d2ffd3' was completed in 1,05 seconds with the score of 969,64 (1 unrouted), using 185470,78 CPU seconds and 421011 MB memory.
2026-08-14 16:48:28.307 INFO   [11415E\7588A6] Auto-router pass #462 on board '2127e135e0e718c1c185ba3135d2ffd3' was completed in 0,09 seconds with the score of 969,64 (1 unrouted), using 186069,39 CPU seconds and 421753 MB memory.
2026-08-14 16:48:28.397 INFO   [11415E\7588A6] Auto-router pass #463 on board '2127e135e0e718c1c185ba3135d2ffd3' was completed in 0,08 seconds with the score of 969,64 (1 unrouted), using 186069,39 CPU seconds and 421753 MB memory.
2026-08-14 16:48:30.189 INFO   [11415E\7588A6] Restoring an earlier board that has the score of 969,64 (1 unrouted).
2026-08-14 16:48:30.189 INFO   [11415E\7588A6] Auto-router pass #464 on board '2127e135e0e718c1c185ba3135d2ffd3' was completed in 1,78 seconds with the score of 969,64 (1 unrouted), using 186668,97 CPU seconds and 422493 MB memory.
2026-08-14 16:48:31.257 INFO   [11415E\7588A6] Auto-router pass #465 on board '2127e135e0e718c1c185ba3135d2ffd3' was completed in 1,06 seconds with the score of 969,64 (1 unrouted), using 187870,95 CPU seconds and 424065 MB memory.
2026-08-14 16:48:31.355 INFO   [11415E\7588A6] Auto-router pass #466 on board '2127e135e0e718c1c185ba3135d2ffd3' was completed in 0,09 seconds with the score of 969,64 (1 unrouted), using 187870,95 CPU seconds and 424065 MB memory.
2026-08-14 16:48:31.445 INFO   [11415E\7588A6] Auto-router pass #467 on board '2127e135e0e718c1c185ba3135d2ffd3' was completed in 0,08 seconds with the score of 969,64 (1 unrouted), using 187870,95 CPU seconds and 424065 MB memory.
2026-08-14 16:48:33.241 INFO   [11415E\7588A6] Restoring an earlier board that has the score of 968,07 (2 unrouted).
2026-08-14 16:48:33.242 INFO   [11415E\7588A6] Auto-router pass #468 on board '2127e135e0e718c1c185ba3135d2ffd3' was completed in 1,79 seconds with the score of 969,64 (1 unrouted), using 189076,77 CPU seconds and 425645 MB memory.
2026-08-14 16:48:35.183 INFO   [11415E\7588A6] Auto-router pass #469 on board '731daa228a284e6659e6e304de4f7ad4' was completed in 1,93 seconds with the score of 969,64 (1 unrouted), using 189681,12 CPU seconds and 426374 MB memory.
2026-08-14 16:48:35.276 INFO   [11415E\7588A6] Auto-router pass #470 on board '2127e135e0e718c1c185ba3135d2ffd3' was completed in 0,08 seconds with the score of 969,64 (1 unrouted), using 190286,45 CPU seconds and 427172 MB memory.
2026-08-14 16:48:35.363 INFO   [11415E\7588A6] Auto-router pass #471 on board '2127e135e0e718c1c185ba3135d2ffd3' was completed in 0,08 seconds with the score of 969,64 (1 unrouted), using 190286,45 CPU seconds and 427172 MB memory.
2026-08-14 16:48:37.845 INFO   [11415E\7588A6] Restoring an earlier board that has the score of 967,97 (2 unrouted).
2026-08-14 16:48:37.845 INFO   [11415E\7588A6] Auto-router pass #472 on board '2127e135e0e718c1c185ba3135d2ffd3' was completed in 2,47 seconds with the score of 969,64 (1 unrouted), using 191500,00 CPU seconds and 428585 MB memory.
2026-08-14 16:48:39.877 INFO   [11415E\7588A6] Auto-router pass #473 on board '50b11939ea13b780a0e14a1a782e8df0' was completed in 2,02 seconds with the score of 967,97 (2 unrouted), using 192717,38 CPU seconds and 430039 MB memory.
2026-08-14 16:48:41.024 INFO   [11415E\7588A6] Auto-router pass #474 on board 'a3a7a8cfbf904e176c120c956be39a94' was completed in 1,12 seconds with the score of 968,07 (2 unrouted), using 193327,50 CPU seconds and 430866 MB memory.
2026-08-14 16:48:42.165 INFO   [11415E\7588A6] Auto-router pass #475 on board '17f91ded01b50beebeab7f9fc64983ad' was completed in 1,12 seconds with the score of 969,65 (1 unrouted), using 193938,58 CPU seconds and 431605 MB memory.
2026-08-14 16:48:44.644 INFO   [11415E\7588A6] Restoring an earlier board that has the score of 969,65 (1 unrouted).
2026-08-14 16:48:44.644 INFO   [11415E\7588A6] Auto-router pass #476 on board 'ea9389ea9e1ac95dfcdaa85cc4732e43' was completed in 2,45 seconds with the score of 969,65 (1 unrouted), using 195777,61 CPU seconds and 433725 MB memory.
2026-08-14 16:48:45.715 INFO   [11415E\7588A6] Auto-router pass #477 on board 'ea9389ea9e1ac95dfcdaa85cc4732e43' was completed in 1,06 seconds with the score of 969,65 (1 unrouted), using 196392,55 CPU seconds and 434422 MB memory.
2026-08-14 16:48:45.813 INFO   [11415E\7588A6] Auto-router pass #478 on board 'ea9389ea9e1ac95dfcdaa85cc4732e43' was completed in 0,09 seconds with the score of 969,65 (1 unrouted), using 196392,55 CPU seconds and 434422 MB memory.
2026-08-14 16:48:45.904 INFO   [11415E\7588A6] Auto-router pass #479 on board 'ea9389ea9e1ac95dfcdaa85cc4732e43' was completed in 0,08 seconds with the score of 969,65 (1 unrouted), using 196392,55 CPU seconds and 434422 MB memory.
2026-08-14 16:48:47.704 INFO   [11415E\7588A6] Restoring an earlier board that has the score of 969,65 (1 unrouted).
2026-08-14 16:48:47.704 INFO   [11415E\7588A6] Auto-router pass #480 on board 'ea9389ea9e1ac95dfcdaa85cc4732e43' was completed in 1,79 seconds with the score of 969,65 (1 unrouted), using 197625,30 CPU seconds and 435972 MB memory.
2026-08-14 16:48:48.784 INFO   [11415E\7588A6] Auto-router pass #481 on board 'ea9389ea9e1ac95dfcdaa85cc4732e43' was completed in 1,07 seconds with the score of 969,65 (1 unrouted), using 198243,11 CPU seconds and 436743 MB memory.
2026-08-14 16:48:48.884 INFO   [11415E\7588A6] Auto-router pass #482 on board 'ea9389ea9e1ac95dfcdaa85cc4732e43' was completed in 0,09 seconds with the score of 969,65 (1 unrouted), using 198243,11 CPU seconds and 436743 MB memory.
2026-08-14 16:48:48.975 INFO   [11415E\7588A6] Auto-router pass #483 on board 'ea9389ea9e1ac95dfcdaa85cc4732e43' was completed in 0,08 seconds with the score of 969,65 (1 unrouted), using 198243,11 CPU seconds and 436743 MB memory.
2026-08-14 16:48:50.815 INFO   [11415E\7588A6] Restoring an earlier board that has the score of 969,65 (1 unrouted).
2026-08-14 16:48:50.815 INFO   [11415E\7588A6] Auto-router pass #484 on board 'ea9389ea9e1ac95dfcdaa85cc4732e43' was completed in 1,83 seconds with the score of 969,65 (1 unrouted), using 199481,58 CPU seconds and 438243 MB memory.
2026-08-14 16:48:51.880 INFO   [11415E\7588A6] Auto-router pass #485 on board 'ea9389ea9e1ac95dfcdaa85cc4732e43' was completed in 1,05 seconds with the score of 969,65 (1 unrouted), using 200102,23 CPU seconds and 439011 MB memory.
2026-08-14 16:48:51.977 INFO   [11415E\7588A6] Auto-router pass #486 on board 'ea9389ea9e1ac95dfcdaa85cc4732e43' was completed in 0,09 seconds with the score of 969,65 (1 unrouted), using 200102,23 CPU seconds and 439011 MB memory.
2026-08-14 16:48:52.084 INFO   [11415E\7588A6] Auto-router pass #487 on board 'ea9389ea9e1ac95dfcdaa85cc4732e43' was completed in 0,10 seconds with the score of 969,65 (1 unrouted), using 200102,23 CPU seconds and 439011 MB memory.
2026-08-14 16:48:53.915 INFO   [11415E\7588A6] Restoring an earlier board that has the score of 969,65 (1 unrouted).
2026-08-14 16:48:53.915 INFO   [11415E\7588A6] Auto-router pass #488 on board 'ea9389ea9e1ac95dfcdaa85cc4732e43' was completed in 1,82 seconds with the score of 969,65 (1 unrouted), using 201346,41 CPU seconds and 440515 MB memory.
2026-08-14 16:48:54.996 INFO   [11415E\7588A6] Auto-router pass #489 on board 'ea9389ea9e1ac95dfcdaa85cc4732e43' was completed in 1,07 seconds with the score of 969,65 (1 unrouted), using 201969,94 CPU seconds and 441300 MB memory.
2026-08-14 16:48:55.087 INFO   [11415E\7588A6] Auto-router pass #490 on board 'ea9389ea9e1ac95dfcdaa85cc4732e43' was completed in 0,08 seconds with the score of 969,65 (1 unrouted), using 201969,94 CPU seconds and 441300 MB memory.
2026-08-14 16:48:55.187 INFO   [11415E\7588A6] Auto-router pass #491 on board 'ea9389ea9e1ac95dfcdaa85cc4732e43' was completed in 0,09 seconds with the score of 969,65 (1 unrouted), using 201969,94 CPU seconds and 441300 MB memory.
2026-08-14 16:48:56.991 INFO   [11415E\7588A6] Restoring an earlier board that has the score of 968,07 (2 unrouted).
2026-08-14 16:48:56.992 INFO   [11415E\7588A6] Auto-router pass #492 on board 'ea9389ea9e1ac95dfcdaa85cc4732e43' was completed in 1,80 seconds with the score of 969,65 (1 unrouted), using 203219,84 CPU seconds and 442802 MB memory.
2026-08-14 16:48:59.411 INFO   [11415E\7588A6] Auto-router pass #493 on board '17f91ded01b50beebeab7f9fc64983ad' was completed in 2,41 seconds with the score of 968,01 (2 unrouted), using 205101,88 CPU seconds and 445030 MB memory.
2026-08-14 16:49:00.824 INFO   [11415E\7588A6] Auto-router pass #494 on board '06cb74055492222310562c978e7aa43a' was completed in 1,39 seconds with the score of 968,01 (2 unrouted), using 205731,14 CPU seconds and 445828 MB memory.
2026-08-14 16:49:02.191 INFO   [11415E\7588A6] Auto-router pass #495 on board 'b6b1c3778473befdc94015ec2c1a918f' was completed in 1,34 seconds with the score of 968,01 (2 unrouted), using 206361,36 CPU seconds and 446500 MB memory.
2026-08-14 16:49:06.051 INFO   [11415E\7588A6] Restoring an earlier board that has the score of 968,07 (2 unrouted).
2026-08-14 16:49:06.051 INFO   [11415E\7588A6] Auto-router pass #496 on board 'b69fb80a6068d007db7d57072ff5cffa' was completed in 3,84 seconds with the score of 969,40 (1 unrouted), using 208891,94 CPU seconds and 449384 MB memory.
2026-08-14 16:49:08.456 INFO   [11415E\7588A6] Auto-router pass #497 on board '17f91ded01b50beebeab7f9fc64983ad' was completed in 2,40 seconds with the score of 968,01 (2 unrouted), using 210800,00 CPU seconds and 451531 MB memory.
2026-08-14 16:49:09.179 INFO   [11415E\7588A6] Auto-router pass #498 on board '06cb74055492222310562c978e7aa43a' was completed in 0,71 seconds with the score of 969,69 (1 unrouted), using 210800,00 CPU seconds and 451531 MB memory.
2026-08-14 16:49:09.293 INFO   [11415E\7588A6] Auto-router pass #499 on board '3aab2e7cc95229dae198d58e62d1e45a' was completed in 0,09 seconds with the score of 969,69 (1 unrouted), using 211437,94 CPU seconds and 452377 MB memory.
2026-08-14 16:49:11.907 INFO   [11415E\7588A6] Restoring an earlier board that has the score of 969,69 (1 unrouted).
2026-08-14 16:49:11.907 INFO   [11415E\7588A6] Auto-router pass #500 on board '3aab2e7cc95229dae198d58e62d1e45a' was completed in 2,60 seconds with the score of 969,69 (1 unrouted), using 212716,72 CPU seconds and 453795 MB memory.
2026-08-14 16:49:12.997 INFO   [11415E\7588A6] Auto-router pass #501 on board '3aab2e7cc95229dae198d58e62d1e45a' was completed in 1,08 seconds with the score of 969,69 (1 unrouted), using 213357,55 CPU seconds and 454509 MB memory.
2026-08-14 16:49:13.097 INFO   [11415E\7588A6] Auto-router pass #502 on board '3aab2e7cc95229dae198d58e62d1e45a' was completed in 0,08 seconds with the score of 969,69 (1 unrouted), using 213357,55 CPU seconds and 454509 MB memory.
2026-08-14 16:49:13.189 INFO   [11415E\7588A6] Auto-router pass #503 on board '3aab2e7cc95229dae198d58e62d1e45a' was completed in 0,08 seconds with the score of 969,69 (1 unrouted), using 213357,55 CPU seconds and 454509 MB memory.
2026-08-14 16:49:15.116 INFO   [11415E\7588A6] Restoring an earlier board that has the score of 969,69 (1 unrouted).
2026-08-14 16:49:15.116 INFO   [11415E\7588A6] Auto-router pass #504 on board '3aab2e7cc95229dae198d58e62d1e45a' was completed in 1,92 seconds with the score of 969,69 (1 unrouted), using 214642,08 CPU seconds and 456015 MB memory.
2026-08-14 16:49:16.215 INFO   [11415E\7588A6] Auto-router pass #505 on board '3aab2e7cc95229dae198d58e62d1e45a' was completed in 1,09 seconds with the score of 969,69 (1 unrouted), using 215285,77 CPU seconds and 456799 MB memory.
2026-08-14 16:49:16.307 INFO   [11415E\7588A6] Auto-router pass #506 on board '3aab2e7cc95229dae198d58e62d1e45a' was completed in 0,08 seconds with the score of 969,69 (1 unrouted), using 215930,41 CPU seconds and 457540 MB memory.
2026-08-14 16:49:16.406 INFO   [11415E\7588A6] Auto-router pass #507 on board '3aab2e7cc95229dae198d58e62d1e45a' was completed in 0,09 seconds with the score of 969,69 (1 unrouted), using 215930,41 CPU seconds and 457540 MB memory.
2026-08-14 16:49:18.306 INFO   [11415E\7588A6] Restoring an earlier board that has the score of 969,69 (1 unrouted).
2026-08-14 16:49:18.306 INFO   [11415E\7588A6] Auto-router pass #508 on board '3aab2e7cc95229dae198d58e62d1e45a' was completed in 1,89 seconds with the score of 969,69 (1 unrouted), using 217222,56 CPU seconds and 459113 MB memory.
2026-08-14 16:49:19.389 INFO   [11415E\7588A6] Auto-router pass #509 on board '3aab2e7cc95229dae198d58e62d1e45a' was completed in 1,07 seconds with the score of 969,69 (1 unrouted), using 217870,08 CPU seconds and 459829 MB memory.
2026-08-14 16:49:19.488 INFO   [11415E\7588A6] Auto-router pass #510 on board '3aab2e7cc95229dae198d58e62d1e45a' was completed in 0,09 seconds with the score of 969,69 (1 unrouted), using 217870,08 CPU seconds and 459829 MB memory.
2026-08-14 16:49:19.580 INFO   [11415E\7588A6] Auto-router pass #511 on board '3aab2e7cc95229dae198d58e62d1e45a' was completed in 0,08 seconds with the score of 969,69 (1 unrouted), using 217870,08 CPU seconds and 459829 MB memory.
2026-08-14 16:49:21.467 INFO   [11415E\7588A6] Restoring an earlier board that has the score of 969,69 (1 unrouted).
2026-08-14 16:49:21.467 INFO   [11415E\7588A6] Auto-router pass #512 on board '3aab2e7cc95229dae198d58e62d1e45a' was completed in 1,88 seconds with the score of 969,69 (1 unrouted), using 219167,97 CPU seconds and 461395 MB memory.
2026-08-14 16:49:22.545 INFO   [11415E\7588A6] Auto-router pass #513 on board '3aab2e7cc95229dae198d58e62d1e45a' was completed in 1,07 seconds with the score of 969,69 (1 unrouted), using 219818,34 CPU seconds and 462144 MB memory.
2026-08-14 16:49:22.646 INFO   [11415E\7588A6] Auto-router pass #514 on board '3aab2e7cc95229dae198d58e62d1e45a' was completed in 0,09 seconds with the score of 969,69 (1 unrouted), using 219818,34 CPU seconds and 462144 MB memory.
2026-08-14 16:49:22.739 INFO   [11415E\7588A6] Auto-router pass #515 on board '3aab2e7cc95229dae198d58e62d1e45a' was completed in 0,08 seconds with the score of 969,69 (1 unrouted), using 219818,34 CPU seconds and 462144 MB memory.
2026-08-14 16:49:24.634 INFO   [11415E\7588A6] Restoring an earlier board that has the score of 968,07 (2 unrouted).
2026-08-14 16:49:24.635 INFO   [11415E\7588A6] Auto-router pass #516 on board '3aab2e7cc95229dae198d58e62d1e45a' was completed in 1,89 seconds with the score of 969,69 (1 unrouted), using 221121,97 CPU seconds and 463683 MB memory.
2026-08-14 16:49:26.634 INFO   [11415E\7588A6] Auto-router pass #517 on board '17f91ded01b50beebeab7f9fc64983ad' was completed in 1,99 seconds with the score of 969,64 (1 unrouted), using 222429,42 CPU seconds and 465198 MB memory.
2026-08-14 16:49:26.744 INFO   [11415E\7588A6] Auto-router pass #518 on board 'df58a6146f31be8ec42d3d0d6bac00e6' was completed in 0,08 seconds with the score of 969,64 (1 unrouted), using 222429,42 CPU seconds and 465198 MB memory.
2026-08-14 16:49:26.831 INFO   [11415E\7588A6] Auto-router pass #519 on board 'df58a6146f31be8ec42d3d0d6bac00e6' was completed in 0,08 seconds with the score of 969,64 (1 unrouted), using 222429,42 CPU seconds and 465198 MB memory.
2026-08-14 16:49:28.630 INFO   [11415E\7588A6] Restoring an earlier board that has the score of 969,64 (1 unrouted).
2026-08-14 16:49:28.630 INFO   [11415E\7588A6] Auto-router pass #520 on board 'df58a6146f31be8ec42d3d0d6bac00e6' was completed in 1,79 seconds with the score of 969,64 (1 unrouted), using 223740,72 CPU seconds and 466754 MB memory.
2026-08-14 16:49:29.700 INFO   [11415E\7588A6] Auto-router pass #521 on board 'df58a6146f31be8ec42d3d0d6bac00e6' was completed in 1,06 seconds with the score of 969,64 (1 unrouted), using 224397,80 CPU seconds and 467514 MB memory.
2026-08-14 16:49:29.799 INFO   [11415E\7588A6] Auto-router pass #522 on board 'df58a6146f31be8ec42d3d0d6bac00e6' was completed in 0,09 seconds with the score of 969,64 (1 unrouted), using 224397,80 CPU seconds and 467514 MB memory.
2026-08-14 16:49:29.889 INFO   [11415E\7588A6] Auto-router pass #523 on board 'df58a6146f31be8ec42d3d0d6bac00e6' was completed in 0,08 seconds with the score of 969,64 (1 unrouted), using 224397,80 CPU seconds and 467514 MB memory.
2026-08-14 16:49:31.680 INFO   [11415E\7588A6] Restoring an earlier board that has the score of 969,64 (1 unrouted).
2026-08-14 16:49:31.680 INFO   [11415E\7588A6] Auto-router pass #524 on board 'df58a6146f31be8ec42d3d0d6bac00e6' was completed in 1,78 seconds with the score of 969,64 (1 unrouted), using 225714,81 CPU seconds and 469070 MB memory.
2026-08-14 16:49:32.728 INFO   [11415E\7588A6] Auto-router pass #525 on board 'df58a6146f31be8ec42d3d0d6bac00e6' was completed in 1,04 seconds with the score of 969,64 (1 unrouted), using 226374,77 CPU seconds and 469837 MB memory.
2026-08-14 16:49:32.818 INFO   [11415E\7588A6] Auto-router pass #526 on board 'df58a6146f31be8ec42d3d0d6bac00e6' was completed in 0,08 seconds with the score of 969,64 (1 unrouted), using 226374,77 CPU seconds and 469837 MB memory.
2026-08-14 16:49:32.911 INFO   [11415E\7588A6] Auto-router pass #527 on board 'df58a6146f31be8ec42d3d0d6bac00e6' was completed in 0,08 seconds with the score of 969,64 (1 unrouted), using 226374,77 CPU seconds and 469837 MB memory.
2026-08-14 16:49:34.719 INFO   [11415E\7588A6] Restoring an earlier board that has the score of 969,64 (1 unrouted).
2026-08-14 16:49:34.719 INFO   [11415E\7588A6] Auto-router pass #528 on board 'df58a6146f31be8ec42d3d0d6bac00e6' was completed in 1,80 seconds with the score of 969,64 (1 unrouted), using 227697,56 CPU seconds and 471408 MB memory.
2026-08-14 16:49:35.796 INFO   [11415E\7588A6] Auto-router pass #529 on board 'df58a6146f31be8ec42d3d0d6bac00e6' was completed in 1,07 seconds with the score of 969,64 (1 unrouted), using 228360,39 CPU seconds and 472145 MB memory.
2026-08-14 16:49:35.894 INFO   [11415E\7588A6] Auto-router pass #530 on board 'df58a6146f31be8ec42d3d0d6bac00e6' was completed in 0,08 seconds with the score of 969,64 (1 unrouted), using 228360,39 CPU seconds and 472145 MB memory.
2026-08-14 16:49:35.984 INFO   [11415E\7588A6] Auto-router pass #531 on board 'df58a6146f31be8ec42d3d0d6bac00e6' was completed in 0,08 seconds with the score of 969,64 (1 unrouted), using 228360,39 CPU seconds and 472145 MB memory.
2026-08-14 16:49:37.803 INFO   [11415E\7588A6] Restoring an earlier board that has the score of 969,64 (1 unrouted).
2026-08-14 16:49:37.803 INFO   [11415E\7588A6] Auto-router pass #532 on board 'df58a6146f31be8ec42d3d0d6bac00e6' was completed in 1,81 seconds with the score of 969,64 (1 unrouted), using 229688,91 CPU seconds and 473666 MB memory.
2026-08-14 16:49:38.890 INFO   [11415E\7588A6] Auto-router pass #533 on board 'df58a6146f31be8ec42d3d0d6bac00e6' was completed in 1,08 seconds with the score of 969,64 (1 unrouted), using 230354,61 CPU seconds and 474442 MB memory.
2026-08-14 16:49:38.987 INFO   [11415E\7588A6] Auto-router pass #534 on board 'df58a6146f31be8ec42d3d0d6bac00e6' was completed in 0,09 seconds with the score of 969,64 (1 unrouted), using 230354,61 CPU seconds and 474442 MB memory.
2026-08-14 16:49:39.077 INFO   [11415E\7588A6] Auto-router pass #535 on board 'df58a6146f31be8ec42d3d0d6bac00e6' was completed in 0,08 seconds with the score of 969,64 (1 unrouted), using 230354,61 CPU seconds and 474442 MB memory.
2026-08-14 16:49:40.870 INFO   [11415E\7588A6] Restoring an earlier board that has the score of 968,07 (2 unrouted).
2026-08-14 16:49:40.870 INFO   [11415E\7588A6] Auto-router pass #536 on board 'df58a6146f31be8ec42d3d0d6bac00e6' was completed in 1,78 seconds with the score of 969,64 (1 unrouted), using 231688,88 CPU seconds and 475955 MB memory.
2026-08-14 16:49:43.224 INFO   [11415E\7588A6] Auto-router pass #537 on board '17f91ded01b50beebeab7f9fc64983ad' was completed in 2,34 seconds with the score of 968,01 (2 unrouted), using 233027,00 CPU seconds and 477487 MB memory.
2026-08-14 16:49:43.954 INFO   [11415E\7588A6] Auto-router pass #538 on board '06cb74055492222310562c978e7aa43a' was completed in 0,72 seconds with the score of 969,69 (1 unrouted), using 233697,52 CPU seconds and 478255 MB memory.
2026-08-14 16:49:44.068 INFO   [11415E\7588A6] Auto-router pass #539 on board 'f640031c79845d7ccb4c0a442ce49cc7' was completed in 0,09 seconds with the score of 969,69 (1 unrouted), using 233697,52 CPU seconds and 478255 MB memory.
2026-08-14 16:49:46.658 INFO   [11415E\7588A6] Restoring an earlier board that has the score of 969,69 (1 unrouted).
2026-08-14 16:49:46.658 INFO   [11415E\7588A6] Auto-router pass #540 on board 'f640031c79845d7ccb4c0a442ce49cc7' was completed in 2,58 seconds with the score of 969,69 (1 unrouted), using 235714,77 CPU seconds and 480503 MB memory.
2026-08-14 16:49:47.752 INFO   [11415E\7588A6] Auto-router pass #541 on board 'f640031c79845d7ccb4c0a442ce49cc7' was completed in 1,08 seconds with the score of 969,69 (1 unrouted), using 236389,11 CPU seconds and 481217 MB memory.
2026-08-14 16:49:47.845 INFO   [11415E\7588A6] Auto-router pass #542 on board 'f640031c79845d7ccb4c0a442ce49cc7' was completed in 0,08 seconds with the score of 969,69 (1 unrouted), using 236389,11 CPU seconds and 481217 MB memory.
2026-08-14 16:49:47.945 INFO   [11415E\7588A6] Auto-router pass #543 on board 'f640031c79845d7ccb4c0a442ce49cc7' was completed in 0,09 seconds with the score of 969,69 (1 unrouted), using 236389,11 CPU seconds and 481217 MB memory.
2026-08-14 16:49:49.814 INFO   [11415E\7588A6] Restoring an earlier board that has the score of 969,69 (1 unrouted).
2026-08-14 16:49:49.814 INFO   [11415E\7588A6] Auto-router pass #544 on board 'f640031c79845d7ccb4c0a442ce49cc7' was completed in 1,86 seconds with the score of 969,69 (1 unrouted), using 237740,67 CPU seconds and 482760 MB memory.
2026-08-14 16:49:50.905 INFO   [11415E\7588A6] Auto-router pass #545 on board 'f640031c79845d7ccb4c0a442ce49cc7' was completed in 1,08 seconds with the score of 969,69 (1 unrouted), using 238417,89 CPU seconds and 483529 MB memory.
2026-08-14 16:49:50.997 INFO   [11415E\7588A6] Auto-router pass #546 on board 'f640031c79845d7ccb4c0a442ce49cc7' was completed in 0,08 seconds with the score of 969,69 (1 unrouted), using 238417,89 CPU seconds and 483529 MB memory.
2026-08-14 16:49:51.098 INFO   [11415E\7588A6] Auto-router pass #547 on board 'f640031c79845d7ccb4c0a442ce49cc7' was completed in 0,09 seconds with the score of 969,69 (1 unrouted), using 238417,89 CPU seconds and 483529 MB memory.
2026-08-14 16:49:52.983 INFO   [11415E\7588A6] Restoring an earlier board that has the score of 969,69 (1 unrouted).
2026-08-14 16:49:52.983 INFO   [11415E\7588A6] Auto-router pass #548 on board 'f640031c79845d7ccb4c0a442ce49cc7' was completed in 1,88 seconds with the score of 969,69 (1 unrouted), using 239775,17 CPU seconds and 485056 MB memory.
2026-08-14 16:49:54.062 INFO   [11415E\7588A6] Auto-router pass #549 on board 'f640031c79845d7ccb4c0a442ce49cc7' was completed in 1,07 seconds with the score of 969,69 (1 unrouted), using 240455,25 CPU seconds and 485857 MB memory.
2026-08-14 16:49:54.163 INFO   [11415E\7588A6] Auto-router pass #550 on board 'f640031c79845d7ccb4c0a442ce49cc7' was completed in 0,09 seconds with the score of 969,69 (1 unrouted), using 240455,25 CPU seconds and 485857 MB memory.
2026-08-14 16:49:54.256 INFO   [11415E\7588A6] Auto-router pass #551 on board 'f640031c79845d7ccb4c0a442ce49cc7' was completed in 0,08 seconds with the score of 969,69 (1 unrouted), using 241136,28 CPU seconds and 486602 MB memory.
2026-08-14 16:49:56.144 INFO   [11415E\7588A6] Restoring an earlier board that has the score of 969,69 (1 unrouted).
2026-08-14 16:49:56.144 INFO   [11415E\7588A6] Auto-router pass #552 on board 'f640031c79845d7ccb4c0a442ce49cc7' was completed in 1,88 seconds with the score of 969,69 (1 unrouted), using 241818,27 CPU seconds and 487367 MB memory.
2026-08-14 16:49:57.219 INFO   [11415E\7588A6] Auto-router pass #553 on board 'f640031c79845d7ccb4c0a442ce49cc7' was completed in 1,06 seconds with the score of 969,69 (1 unrouted), using 242501,20 CPU seconds and 488188 MB memory.
2026-08-14 16:49:57.318 INFO   [11415E\7588A6] Auto-router pass #554 on board 'f640031c79845d7ccb4c0a442ce49cc7' was completed in 0,09 seconds with the score of 969,69 (1 unrouted), using 243185,09 CPU seconds and 488940 MB memory.
2026-08-14 16:49:57.411 INFO   [11415E\7588A6] Auto-router pass #555 on board 'f640031c79845d7ccb4c0a442ce49cc7' was completed in 0,08 seconds with the score of 969,69 (1 unrouted), using 243185,09 CPU seconds and 488940 MB memory.
2026-08-14 16:49:59.323 INFO   [11415E\7588A6] Restoring an earlier board that has the score of 968,01 (2 unrouted).
2026-08-14 16:49:59.323 INFO   [11415E\7588A6] Auto-router pass #556 on board 'f640031c79845d7ccb4c0a442ce49cc7' was completed in 1,90 seconds with the score of 969,69 (1 unrouted), using 244555,75 CPU seconds and 490498 MB memory.
2026-08-14 16:50:01.434 INFO   [11415E\7588A6] Auto-router pass #557 on board '06cb74055492222310562c978e7aa43a' was completed in 2,10 seconds with the score of 969,65 (1 unrouted), using 245930,20 CPU seconds and 491895 MB memory.
2026-08-14 16:50:01.542 INFO   [11415E\7588A6] Auto-router pass #558 on board '686df079c4068e22f3dfcddd13ad28bb' was completed in 0,08 seconds with the score of 969,65 (1 unrouted), using 245930,20 CPU seconds and 491895 MB memory.
2026-08-14 16:50:01.640 INFO   [11415E\7588A6] Auto-router pass #559 on board '686df079c4068e22f3dfcddd13ad28bb' was completed in 0,08 seconds with the score of 969,65 (1 unrouted), using 245930,20 CPU seconds and 491895 MB memory.
2026-08-14 16:50:03.463 INFO   [11415E\7588A6] Restoring an earlier board that has the score of 969,65 (1 unrouted).
2026-08-14 16:50:03.463 INFO   [11415E\7588A6] Auto-router pass #560 on board '686df079c4068e22f3dfcddd13ad28bb' was completed in 1,81 seconds with the score of 969,65 (1 unrouted), using 247308,50 CPU seconds and 493456 MB memory.
2026-08-14 16:50:04.554 INFO   [11415E\7588A6] Auto-router pass #561 on board '686df079c4068e22f3dfcddd13ad28bb' was completed in 1,08 seconds with the score of 969,65 (1 unrouted), using 247999,08 CPU seconds and 494188 MB memory.
2026-08-14 16:50:04.644 INFO   [11415E\7588A6] Auto-router pass #562 on board '686df079c4068e22f3dfcddd13ad28bb' was completed in 0,08 seconds with the score of 969,65 (1 unrouted), using 247999,08 CPU seconds and 494188 MB memory.
2026-08-14 16:50:04.734 INFO   [11415E\7588A6] Auto-router pass #563 on board '686df079c4068e22f3dfcddd13ad28bb' was completed in 0,08 seconds with the score of 969,65 (1 unrouted), using 247999,08 CPU seconds and 494188 MB memory.
2026-08-14 16:50:06.560 INFO   [11415E\7588A6] Restoring an earlier board that has the score of 969,65 (1 unrouted).
2026-08-14 16:50:06.560 INFO   [11415E\7588A6] Auto-router pass #564 on board '686df079c4068e22f3dfcddd13ad28bb' was completed in 1,81 seconds with the score of 969,65 (1 unrouted), using 249383,08 CPU seconds and 495730 MB memory.
2026-08-14 16:50:07.640 INFO   [11415E\7588A6] Auto-router pass #565 on board '686df079c4068e22f3dfcddd13ad28bb' was completed in 1,07 seconds with the score of 969,65 (1 unrouted), using 250076,52 CPU seconds and 496467 MB memory.
2026-08-14 16:50:07.730 INFO   [11415E\7588A6] Auto-router pass #566 on board '686df079c4068e22f3dfcddd13ad28bb' was completed in 0,08 seconds with the score of 969,65 (1 unrouted), using 250076,52 CPU seconds and 496467 MB memory.
2026-08-14 16:50:07.828 INFO   [11415E\7588A6] Auto-router pass #567 on board '686df079c4068e22f3dfcddd13ad28bb' was completed in 0,08 seconds with the score of 969,65 (1 unrouted), using 250076,52 CPU seconds and 496467 MB memory.
2026-08-14 16:50:09.633 INFO   [11415E\7588A6] Restoring an earlier board that has the score of 969,65 (1 unrouted).
2026-08-14 16:50:09.633 INFO   [11415E\7588A6] Auto-router pass #568 on board '686df079c4068e22f3dfcddd13ad28bb' was completed in 1,80 seconds with the score of 969,65 (1 unrouted), using 251466,25 CPU seconds and 498035 MB memory.
2026-08-14 16:50:10.700 INFO   [11415E\7588A6] Auto-router pass #569 on board '686df079c4068e22f3dfcddd13ad28bb' was completed in 1,06 seconds with the score of 969,65 (1 unrouted), using 252162,56 CPU seconds and 498770 MB memory.
2026-08-14 16:50:10.800 INFO   [11415E\7588A6] Auto-router pass #570 on board '686df079c4068e22f3dfcddd13ad28bb' was completed in 0,09 seconds with the score of 969,65 (1 unrouted), using 252162,56 CPU seconds and 498770 MB memory.
2026-08-14 16:50:10.890 INFO   [11415E\7588A6] Auto-router pass #571 on board '686df079c4068e22f3dfcddd13ad28bb' was completed in 0,08 seconds with the score of 969,65 (1 unrouted), using 252162,56 CPU seconds and 498770 MB memory.
2026-08-14 16:50:12.712 INFO   [11415E\7588A6] Restoring an earlier board that has the score of 969,65 (1 unrouted).
2026-08-14 16:50:12.713 INFO   [11415E\7588A6] Auto-router pass #572 on board '686df079c4068e22f3dfcddd13ad28bb' was completed in 1,81 seconds with the score of 969,65 (1 unrouted), using 253558,05 CPU seconds and 500321 MB memory.
2026-08-14 16:50:13.797 INFO   [11415E\7588A6] Auto-router pass #573 on board '686df079c4068e22f3dfcddd13ad28bb' was completed in 1,07 seconds with the score of 969,65 (1 unrouted), using 254257,22 CPU seconds and 501073 MB memory.
2026-08-14 16:50:13.888 INFO   [11415E\7588A6] Auto-router pass #574 on board '686df079c4068e22f3dfcddd13ad28bb' was completed in 0,08 seconds with the score of 969,65 (1 unrouted), using 254257,22 CPU seconds and 501073 MB memory.
2026-08-14 16:50:13.987 INFO   [11415E\7588A6] Auto-router pass #575 on board '686df079c4068e22f3dfcddd13ad28bb' was completed in 0,09 seconds with the score of 969,65 (1 unrouted), using 254257,22 CPU seconds and 501073 MB memory.
2026-08-14 16:50:15.822 INFO   [11415E\7588A6] Restoring an earlier board that has the score of 968,01 (2 unrouted).
2026-08-14 16:50:15.822 INFO   [11415E\7588A6] Auto-router pass #576 on board '686df079c4068e22f3dfcddd13ad28bb' was completed in 1,82 seconds with the score of 969,65 (1 unrouted), using 255658,42 CPU seconds and 502593 MB memory.
2026-08-14 16:50:17.537 INFO   [11415E\7588A6] Auto-router pass #577 on board '06cb74055492222310562c978e7aa43a' was completed in 1,71 seconds with the score of 969,69 (1 unrouted), using 257063,44 CPU seconds and 504174 MB memory.
2026-08-14 16:50:17.652 INFO   [11415E\7588A6] Auto-router pass #578 on board '589d57f8f6cc4cebbc4e57e7b153b37e' was completed in 0,08 seconds with the score of 969,69 (1 unrouted), using 257063,44 CPU seconds and 504174 MB memory.
2026-08-14 16:50:17.751 INFO   [11415E\7588A6] Auto-router pass #579 on board '589d57f8f6cc4cebbc4e57e7b153b37e' was completed in 0,09 seconds with the score of 969,69 (1 unrouted), using 257063,44 CPU seconds and 504174 MB memory.
2026-08-14 16:50:20.470 INFO   [11415E\7588A6] Restoring an earlier board that has the score of 969,69 (1 unrouted).
2026-08-14 16:50:20.470 INFO   [11415E\7588A6] Auto-router pass #580 on board '589d57f8f6cc4cebbc4e57e7b153b37e' was completed in 2,71 seconds with the score of 969,69 (1 unrouted), using 259178,09 CPU seconds and 506350 MB memory.
2026-08-14 16:50:21.573 INFO   [11415E\7588A6] Auto-router pass #581 on board '589d57f8f6cc4cebbc4e57e7b153b37e' was completed in 1,09 seconds with the score of 969,69 (1 unrouted), using 259884,91 CPU seconds and 507091 MB memory.
2026-08-14 16:50:21.665 INFO   [11415E\7588A6] Auto-router pass #582 on board '589d57f8f6cc4cebbc4e57e7b153b37e' was completed in 0,08 seconds with the score of 969,69 (1 unrouted), using 259884,91 CPU seconds and 507091 MB memory.
2026-08-14 16:50:21.769 INFO   [11415E\7588A6] Auto-router pass #583 on board '589d57f8f6cc4cebbc4e57e7b153b37e' was completed in 0,09 seconds with the score of 969,69 (1 unrouted), using 259884,91 CPU seconds and 507091 MB memory.
2026-08-14 16:50:23.731 INFO   [11415E\7588A6] Restoring an earlier board that has the score of 969,69 (1 unrouted).
2026-08-14 16:50:23.731 INFO   [11415E\7588A6] Auto-router pass #584 on board '589d57f8f6cc4cebbc4e57e7b153b37e' was completed in 1,95 seconds with the score of 969,69 (1 unrouted), using 261301,36 CPU seconds and 508650 MB memory.
2026-08-14 16:50:24.835 INFO   [11415E\7588A6] Auto-router pass #585 on board '589d57f8f6cc4cebbc4e57e7b153b37e' was completed in 1,09 seconds with the score of 969,69 (1 unrouted), using 262011,03 CPU seconds and 509416 MB memory.
2026-08-14 16:50:24.934 INFO   [11415E\7588A6] Auto-router pass #586 on board '589d57f8f6cc4cebbc4e57e7b153b37e' was completed in 0,09 seconds with the score of 969,69 (1 unrouted), using 262011,03 CPU seconds and 509416 MB memory.
2026-08-14 16:50:25.027 INFO   [11415E\7588A6] Auto-router pass #587 on board '589d57f8f6cc4cebbc4e57e7b153b37e' was completed in 0,08 seconds with the score of 969,69 (1 unrouted), using 262011,03 CPU seconds and 509416 MB memory.
2026-08-14 16:50:27.002 INFO   [11415E\7588A6] Restoring an earlier board that has the score of 969,69 (1 unrouted).
2026-08-14 16:50:27.002 INFO   [11415E\7588A6] Auto-router pass #588 on board '589d57f8f6cc4cebbc4e57e7b153b37e' was completed in 1,97 seconds with the score of 969,69 (1 unrouted), using 263433,22 CPU seconds and 510966 MB memory.
2026-08-14 16:50:28.095 INFO   [11415E\7588A6] Auto-router pass #589 on board '589d57f8f6cc4cebbc4e57e7b153b37e' was completed in 1,08 seconds with the score of 969,69 (1 unrouted), using 264145,75 CPU seconds and 511782 MB memory.
2026-08-14 16:50:28.188 INFO   [11415E\7588A6] Auto-router pass #590 on board '589d57f8f6cc4cebbc4e57e7b153b37e' was completed in 0,08 seconds with the score of 969,69 (1 unrouted), using 264145,75 CPU seconds and 511782 MB memory.
2026-08-14 16:50:28.288 INFO   [11415E\7588A6] Auto-router pass #591 on board '589d57f8f6cc4cebbc4e57e7b153b37e' was completed in 0,09 seconds with the score of 969,69 (1 unrouted), using 264859,25 CPU seconds and 512531 MB memory.
2026-08-14 16:50:30.245 INFO   [11415E\7588A6] Restoring an earlier board that has the score of 969,69 (1 unrouted).
2026-08-14 16:50:30.245 INFO   [11415E\7588A6] Auto-router pass #592 on board '589d57f8f6cc4cebbc4e57e7b153b37e' was completed in 1,95 seconds with the score of 969,69 (1 unrouted), using 265573,69 CPU seconds and 513314 MB memory.
2026-08-14 16:50:31.359 INFO   [11415E\7588A6] Auto-router pass #593 on board '589d57f8f6cc4cebbc4e57e7b153b37e' was completed in 1,10 seconds with the score of 969,69 (1 unrouted), using 267005,44 CPU seconds and 514892 MB memory.
2026-08-14 16:50:31.452 INFO   [11415E\7588A6] Auto-router pass #594 on board '589d57f8f6cc4cebbc4e57e7b153b37e' was completed in 0,08 seconds with the score of 969,69 (1 unrouted), using 267005,44 CPU seconds and 514892 MB memory.
2026-08-14 16:50:31.557 INFO   [11415E\7588A6] Auto-router pass #595 on board '589d57f8f6cc4cebbc4e57e7b153b37e' was completed in 0,08 seconds with the score of 969,69 (1 unrouted), using 267005,44 CPU seconds and 514892 MB memory.
2026-08-14 16:50:33.533 INFO   [11415E\7588A6] Restoring an earlier board that has the score of 968,01 (2 unrouted).
2026-08-14 16:50:33.533 INFO   [11415E\7588A6] Auto-router pass #596 on board '589d57f8f6cc4cebbc4e57e7b153b37e' was completed in 1,97 seconds with the score of 969,69 (1 unrouted), using 268441,00 CPU seconds and 516459 MB memory.
2026-08-14 16:50:35.241 INFO   [11415E\7588A6] Auto-router pass #597 on board '06cb74055492222310562c978e7aa43a' was completed in 1,70 seconds with the score of 969,69 (1 unrouted), using 269160,22 CPU seconds and 517209 MB memory.
2026-08-14 16:50:35.335 INFO   [11415E\7588A6] Auto-router pass #598 on board '589d57f8f6cc4cebbc4e57e7b153b37e' was completed in 0,09 seconds with the score of 969,69 (1 unrouted), using 269880,38 CPU seconds and 518030 MB memory.
2026-08-14 16:50:35.437 INFO   [11415E\7588A6] Auto-router pass #599 on board '589d57f8f6cc4cebbc4e57e7b153b37e' was completed in 0,09 seconds with the score of 969,69 (1 unrouted), using 269880,38 CPU seconds and 518030 MB memory.
2026-08-14 16:50:38.184 INFO   [11415E\7588A6] Restoring an earlier board that has the score of 968,01 (2 unrouted).
2026-08-14 16:50:38.185 INFO   [11415E\7588A6] Auto-router pass #600 on board '589d57f8f6cc4cebbc4e57e7b153b37e' was completed in 2,73 seconds with the score of 969,69 (1 unrouted), using 271323,59 CPU seconds and 519451 MB memory.
2026-08-14 16:50:39.666 INFO   [11415E\7588A6] Auto-router pass #601 on board '06cb74055492222310562c978e7aa43a' was completed in 1,47 seconds with the score of 969,40 (1 unrouted), using 272770,66 CPU seconds and 520877 MB memory.
2026-08-14 16:50:39.774 INFO   [11415E\7588A6] Auto-router pass #602 on board '5291e5d7c38e189129e984faf504471b' was completed in 0,08 seconds with the score of 969,40 (1 unrouted), using 272770,66 CPU seconds and 520877 MB memory.
2026-08-14 16:50:39.872 INFO   [11415E\7588A6] Auto-router pass #603 on board '5291e5d7c38e189129e984faf504471b' was completed in 0,08 seconds with the score of 969,40 (1 unrouted), using 272770,66 CPU seconds and 520877 MB memory.
2026-08-14 16:50:39.976 WARN   ItemAutorouteInfo.get_expansion_room: p_index out of range
2026-08-14 16:50:39.976 WARN   ItemAutorouteInfo.get_expansion_room: p_index out of range
2026-08-14 16:50:39.976 WARN   ItemAutorouteInfo.get_expansion_room: p_index out of range
2026-08-14 16:50:40.080 WARN   ItemAutorouteInfo.get_expansion_room: p_index out of range
2026-08-14 16:50:40.080 WARN   ItemAutorouteInfo.get_expansion_room: p_index out of range
2026-08-14 16:50:40.080 WARN   ItemAutorouteInfo.get_expansion_room: p_index out of range
2026-08-14 16:50:40.119 WARN   ItemAutorouteInfo.get_expansion_room: p_index out of range
2026-08-14 16:50:40.121 WARN   ItemAutorouteInfo.get_expansion_room: p_index out of range
2026-08-14 16:50:40.121 WARN   ItemAutorouteInfo.get_expansion_room: p_index out of range
2026-08-14 16:50:40.223 WARN   ItemAutorouteInfo.get_expansion_room: p_index out of range
2026-08-14 16:50:40.223 WARN   ItemAutorouteInfo.get_expansion_room: p_index out of range
2026-08-14 16:50:40.223 WARN   ItemAutorouteInfo.get_expansion_room: p_index out of range
2026-08-14 16:50:40.223 WARN   ItemAutorouteInfo.get_expansion_room: p_index out of range
2026-08-14 16:50:40.224 WARN   ItemAutorouteInfo.get_expansion_room: p_index out of range
2026-08-14 16:50:40.224 WARN   ItemAutorouteInfo.get_expansion_room: p_index out of range
2026-08-14 16:50:40.224 WARN   ItemAutorouteInfo.get_expansion_room: p_index out of range
2026-08-14 16:50:40.246 WARN   ItemAutorouteInfo.get_expansion_room: p_index out of range
2026-08-14 16:50:40.266 WARN   ItemAutorouteInfo.get_expansion_room: p_index out of range
2026-08-14 16:50:40.267 WARN   ItemAutorouteInfo.get_expansion_room: p_index out of range
2026-08-14 16:50:40.267 WARN   ItemAutorouteInfo.get_expansion_room: p_index out of range
2026-08-14 16:50:40.267 WARN   ItemAutorouteInfo.get_expansion_room: p_index out of range
2026-08-14 16:50:40.267 WARN   ItemAutorouteInfo.get_expansion_room: p_index out of range
2026-08-14 16:50:40.278 WARN   ItemAutorouteInfo.get_expansion_room: p_index out of range
2026-08-14 16:50:40.278 WARN   ItemAutorouteInfo.get_expansion_room: p_index out of range
2026-08-14 16:50:40.278 WARN   ItemAutorouteInfo.get_expansion_room: p_index out of range
2026-08-14 16:50:40.279 WARN   ItemAutorouteInfo.get_expansion_room: p_index out of range
2026-08-14 16:50:40.279 WARN   ItemAutorouteInfo.get_expansion_room: p_index out of range
2026-08-14 16:50:40.279 WARN   ItemAutorouteInfo.get_expansion_room: p_index out of range
2026-08-14 16:50:40.340 WARN   ItemAutorouteInfo.get_expansion_room: p_index out of range
2026-08-14 16:50:40.340 WARN   ItemAutorouteInfo.get_expansion_room: p_index out of range
2026-08-14 16:50:40.364 WARN   ItemAutorouteInfo.get_expansion_room: p_index out of range
2026-08-14 16:50:40.364 WARN   ItemAutorouteInfo.get_expansion_room: p_index out of range
2026-08-14 16:50:40.364 WARN   ItemAutorouteInfo.get_expansion_room: p_index out of range
2026-08-14 16:50:40.364 WARN   ItemAutorouteInfo.get_expansion_room: p_index out of range
2026-08-14 16:50:40.364 WARN   ItemAutorouteInfo.get_expansion_room: p_index out of range
2026-08-14 16:50:40.364 WARN   ItemAutorouteInfo.get_expansion_room: p_index out of range
2026-08-14 16:50:40.364 WARN   ItemAutorouteInfo.get_expansion_room: p_index out of range
2026-08-14 16:50:40.365 WARN   ItemAutorouteInfo.get_expansion_room: p_index out of range
2026-08-14 16:50:40.365 WARN   ItemAutorouteInfo.get_expansion_room: p_index out of range
2026-08-14 16:50:40.365 WARN   ItemAutorouteInfo.get_expansion_room: p_index out of range
2026-08-14 16:50:40.379 WARN   ItemAutorouteInfo.get_expansion_room: p_index out of range
2026-08-14 16:50:40.379 WARN   ItemAutorouteInfo.get_expansion_room: p_index out of range
2026-08-14 16:50:40.380 WARN   ItemAutorouteInfo.get_expansion_room: p_index out of range
2026-08-14 16:50:40.429 WARN   ItemAutorouteInfo.get_expansion_room: p_index out of range
2026-08-14 16:50:40.429 WARN   ItemAutorouteInfo.get_expansion_room: p_index out of range
2026-08-14 16:50:40.457 WARN   ItemAutorouteInfo.get_expansion_room: p_index out of range
2026-08-14 16:50:40.467 WARN   ItemAutorouteInfo.get_expansion_room: p_index out of range
2026-08-14 16:50:40.618 WARN   ItemAutorouteInfo.get_expansion_room: p_index out of range
2026-08-14 16:50:40.618 WARN   ItemAutorouteInfo.get_expansion_room: p_index out of range
2026-08-14 16:50:40.619 WARN   ItemAutorouteInfo.get_expansion_room: p_index out of range
2026-08-14 16:50:40.619 WARN   ItemAutorouteInfo.get_expansion_room: p_index out of range
2026-08-14 16:50:40.621 WARN   ItemAutorouteInfo.get_expansion_room: p_index out of range
2026-08-14 16:50:40.621 WARN   ItemAutorouteInfo.get_expansion_room: p_index out of range
2026-08-14 16:50:40.621 WARN   ItemAutorouteInfo.get_expansion_room: p_index out of range
2026-08-14 16:50:40.621 WARN   ItemAutorouteInfo.get_expansion_room: p_index out of range
2026-08-14 16:50:40.621 WARN   ItemAutorouteInfo.get_expansion_room: p_index out of range
2026-08-14 16:50:40.657 WARN   ItemAutorouteInfo.get_expansion_room: p_index out of range
2026-08-14 16:50:40.657 WARN   ItemAutorouteInfo.get_expansion_room: p_index out of range
2026-08-14 16:50:40.657 WARN   ItemAutorouteInfo.get_expansion_room: p_index out of range
2026-08-14 16:50:40.657 WARN   ItemAutorouteInfo.get_expansion_room: p_index out of range
2026-08-14 16:50:40.657 WARN   ItemAutorouteInfo.get_expansion_room: p_index out of range
2026-08-14 16:50:40.657 WARN   ItemAutorouteInfo.get_expansion_room: p_index out of range
2026-08-14 16:50:40.658 WARN   ItemAutorouteInfo.get_expansion_room: p_index out of range
2026-08-14 16:50:40.658 WARN   ItemAutorouteInfo.get_expansion_room: p_index out of range
2026-08-14 16:50:40.661 WARN   ItemAutorouteInfo.get_expansion_room: p_index out of range
2026-08-14 16:50:40.662 WARN   ItemAutorouteInfo.get_expansion_room: p_index out of range
2026-08-14 16:50:40.666 WARN   ItemAutorouteInfo.get_expansion_room: p_index out of range
2026-08-14 16:50:40.666 WARN   ItemAutorouteInfo.get_expansion_room: p_index out of range
2026-08-14 16:50:40.666 WARN   ItemAutorouteInfo.get_expansion_room: p_index out of range
2026-08-14 16:50:40.684 WARN   ItemAutorouteInfo.get_expansion_room: p_index out of range
2026-08-14 16:50:40.684 WARN   ItemAutorouteInfo.get_expansion_room: p_index out of range
2026-08-14 16:50:40.684 WARN   ItemAutorouteInfo.get_expansion_room: p_index out of range
2026-08-14 16:50:40.696 WARN   ItemAutorouteInfo.get_expansion_room: p_index out of range
2026-08-14 16:50:40.697 WARN   ItemAutorouteInfo.get_expansion_room: p_index out of range
2026-08-14 16:50:40.697 WARN   ItemAutorouteInfo.get_expansion_room: p_index out of range
2026-08-14 16:50:40.697 WARN   ItemAutorouteInfo.get_expansion_room: p_index out of range
2026-08-14 16:50:40.697 WARN   ItemAutorouteInfo.get_expansion_room: p_index out of range
2026-08-14 16:50:40.708 WARN   ItemAutorouteInfo.get_expansion_room: p_index out of range
2026-08-14 16:50:40.710 WARN   ItemAutorouteInfo.get_expansion_room: p_index out of range
2026-08-14 16:50:40.710 WARN   ItemAutorouteInfo.get_expansion_room: p_index out of range
2026-08-14 16:50:40.710 WARN   ItemAutorouteInfo.get_expansion_room: p_index out of range
2026-08-14 16:50:40.710 WARN   ItemAutorouteInfo.get_expansion_room: p_index out of range
2026-08-14 16:50:40.710 WARN   ItemAutorouteInfo.get_expansion_room: p_index out of range
2026-08-14 16:50:40.735 WARN   ItemAutorouteInfo.get_expansion_room: p_index out of range
2026-08-14 16:50:40.735 WARN   ItemAutorouteInfo.get_expansion_room: p_index out of range
2026-08-14 16:50:40.735 WARN   ItemAutorouteInfo.get_expansion_room: p_index out of range
2026-08-14 16:50:40.736 WARN   ItemAutorouteInfo.get_expansion_room: p_index out of range
2026-08-14 16:50:40.931 WARN   ItemAutorouteInfo.get_expansion_room: p_index out of range
2026-08-14 16:50:40.931 WARN   ItemAutorouteInfo.get_expansion_room: p_index out of range
2026-08-14 16:50:40.963 WARN   ItemAutorouteInfo.get_expansion_room: p_index out of range
2026-08-14 16:50:40.986 WARN   ItemAutorouteInfo.get_expansion_room: p_index out of range
2026-08-14 16:50:40.988 WARN   ItemAutorouteInfo.get_expansion_room: p_index out of range
2026-08-14 16:50:40.999 WARN   ItemAutorouteInfo.get_expansion_room: p_index out of range
2026-08-14 16:50:41.001 WARN   ItemAutorouteInfo.get_expansion_room: p_index out of range
2026-08-14 16:50:41.051 WARN   ItemAutorouteInfo.get_expansion_room: p_index out of range
2026-08-14 16:50:41.096 WARN   ItemAutorouteInfo.get_expansion_room: p_index out of range
2026-08-14 16:50:41.145 WARN   ItemAutorouteInfo.get_expansion_room: p_index out of range
2026-08-14 16:50:41.159 WARN   ItemAutorouteInfo.get_expansion_room: p_index out of range
2026-08-14 16:50:41.195 WARN   ItemAutorouteInfo.get_expansion_room: p_index out of range
2026-08-14 16:50:41.510 WARN   ItemAutorouteInfo.get_expansion_room: p_index out of range
2026-08-14 16:50:41.549 WARN   ItemAutorouteInfo.get_expansion_room: p_index out of range
2026-08-14 16:50:41.549 WARN   ItemAutorouteInfo.get_expansion_room: p_index out of range
2026-08-14 16:50:41.549 WARN   ItemAutorouteInfo.get_expansion_room: p_index out of range
2026-08-14 16:50:41.550 WARN   ItemAutorouteInfo.get_expansion_room: p_index out of range
2026-08-14 16:50:41.593 WARN   ItemAutorouteInfo.get_expansion_room: p_index out of range
2026-08-14 16:50:41.593 WARN   ItemAutorouteInfo.get_expansion_room: p_index out of range
2026-08-14 16:50:41.593 WARN   ItemAutorouteInfo.get_expansion_room: p_index out of range
2026-08-14 16:50:41.593 WARN   ItemAutorouteInfo.get_expansion_room: p_index out of range
2026-08-14 16:50:41.594 WARN   ItemAutorouteInfo.get_expansion_room: p_index out of range
2026-08-14 16:50:41.594 WARN   ItemAutorouteInfo.get_expansion_room: p_index out of range
2026-08-14 16:50:41.850 INFO   [11415E\7588A6] Restoring an earlier board that has the score of 969,40 (1 unrouted).
2026-08-14 16:50:41.850 INFO   [11415E\7588A6] Auto-router pass #604 on board '5291e5d7c38e189129e984faf504471b' was completed in 1,97 seconds with the score of 969,40 (1 unrouted), using 274221,56 CPU seconds and 522382 MB memory.
2026-08-14 16:50:42.952 INFO   [11415E\7588A6] Auto-router pass #605 on board '5291e5d7c38e189129e984faf504471b' was completed in 1,09 seconds with the score of 969,40 (1 unrouted), using 274948,44 CPU seconds and 523141 MB memory.
2026-08-14 16:50:43.036 INFO   [11415E\7588A6] Auto-router pass #606 on board '5291e5d7c38e189129e984faf504471b' was completed in 0,08 seconds with the score of 969,40 (1 unrouted), using 274948,44 CPU seconds and 523141 MB memory.
2026-08-14 16:50:43.131 INFO   [11415E\7588A6] Auto-router pass #607 on board '5291e5d7c38e189129e984faf504471b' was completed in 0,09 seconds with the score of 969,40 (1 unrouted), using 274948,44 CPU seconds and 523141 MB memory.
2026-08-14 16:50:45.052 INFO   [11415E\7588A6] Restoring an earlier board that has the score of 969,40 (1 unrouted).
2026-08-14 16:50:45.053 INFO   [11415E\7588A6] Auto-router pass #608 on board '5291e5d7c38e189129e984faf504471b' was completed in 1,91 seconds with the score of 969,40 (1 unrouted), using 276405,09 CPU seconds and 524653 MB memory.
2026-08-14 16:50:46.116 INFO   [11415E\7588A6] Auto-router pass #609 on board '5291e5d7c38e189129e984faf504471b' was completed in 1,05 seconds with the score of 969,40 (1 unrouted), using 277134,84 CPU seconds and 525463 MB memory.
2026-08-14 16:50:46.201 INFO   [11415E\7588A6] Auto-router pass #610 on board '5291e5d7c38e189129e984faf504471b' was completed in 0,08 seconds with the score of 969,40 (1 unrouted), using 277134,84 CPU seconds and 525463 MB memory.
2026-08-14 16:50:46.287 INFO   [11415E\7588A6] Auto-router pass #611 on board '5291e5d7c38e189129e984faf504471b' was completed in 0,08 seconds with the score of 969,40 (1 unrouted), using 277865,59 CPU seconds and 526225 MB memory.
2026-08-14 16:50:48.202 INFO   [11415E\7588A6] Restoring an earlier board that has the score of 969,40 (1 unrouted).
2026-08-14 16:50:48.202 INFO   [11415E\7588A6] Auto-router pass #612 on board '5291e5d7c38e189129e984faf504471b' was completed in 1,91 seconds with the score of 969,40 (1 unrouted), using 278597,31 CPU seconds and 526997 MB memory.
2026-08-14 16:50:49.289 INFO   [11415E\7588A6] Auto-router pass #613 on board '5291e5d7c38e189129e984faf504471b' was completed in 1,08 seconds with the score of 969,40 (1 unrouted), using 280063,59 CPU seconds and 528556 MB memory.
2026-08-14 16:50:49.382 INFO   [11415E\7588A6] Auto-router pass #614 on board '5291e5d7c38e189129e984faf504471b' was completed in 0,09 seconds with the score of 969,40 (1 unrouted), using 280063,59 CPU seconds and 528556 MB memory.
2026-08-14 16:50:49.469 INFO   [11415E\7588A6] Auto-router pass #615 on board '5291e5d7c38e189129e984faf504471b' was completed in 0,08 seconds with the score of 969,40 (1 unrouted), using 280063,59 CPU seconds and 528556 MB memory.
2026-08-14 16:50:51.513 INFO   [11415E\7588A6] Restoring an earlier board that has the score of 969,40 (1 unrouted).
2026-08-14 16:50:51.514 INFO   [11415E\7588A6] Auto-router pass #616 on board '5291e5d7c38e189129e984faf504471b' was completed in 2,04 seconds with the score of 969,40 (1 unrouted), using 281533,72 CPU seconds and 530075 MB memory.
2026-08-14 16:50:52.624 INFO   [11415E\7588A6] Auto-router pass #617 on board '5291e5d7c38e189129e984faf504471b' was completed in 1,10 seconds with the score of 969,40 (1 unrouted), using 282270,22 CPU seconds and 530748 MB memory.
2026-08-14 16:50:52.708 INFO   [11415E\7588A6] Auto-router pass #618 on board '5291e5d7c38e189129e984faf504471b' was completed in 0,08 seconds with the score of 969,40 (1 unrouted), using 282270,22 CPU seconds and 530748 MB memory.
2026-08-14 16:50:52.802 INFO   [11415E\7588A6] Auto-router pass #619 on board '5291e5d7c38e189129e984faf504471b' was completed in 0,09 seconds with the score of 969,40 (1 unrouted), using 282270,22 CPU seconds and 530748 MB memory.
2026-08-14 16:50:54.725 INFO   [11415E\7588A6] Restoring an earlier board that has the score of 968,01 (2 unrouted).
2026-08-14 16:50:54.725 INFO   [11415E\7588A6] Auto-router pass #620 on board '5291e5d7c38e189129e984faf504471b' was completed in 1,91 seconds with the score of 969,40 (1 unrouted), using 283746,12 CPU seconds and 532287 MB memory.
2026-08-14 16:50:56.750 INFO   [11415E\7588A6] Auto-router pass #621 on board 'b6b1c3778473befdc94015ec2c1a918f' was completed in 2,02 seconds with the score of 969,65 (1 unrouted), using 285225,88 CPU seconds and 533799 MB memory.
2026-08-14 16:50:56.859 INFO   [11415E\7588A6] Auto-router pass #622 on board '3261f0fd4f77042866dde03c6b3a51b3' was completed in 0,08 seconds with the score of 969,65 (1 unrouted), using 285225,88 CPU seconds and 533799 MB memory.
2026-08-14 16:50:56.958 INFO   [11415E\7588A6] Auto-router pass #623 on board '3261f0fd4f77042866dde03c6b3a51b3' was completed in 0,09 seconds with the score of 969,65 (1 unrouted), using 285225,88 CPU seconds and 533799 MB memory.
2026-08-14 16:50:59.520 INFO   [11415E\7588A6] Restoring an earlier board that has the score of 969,65 (1 unrouted).
2026-08-14 16:50:59.521 INFO   [11415E\7588A6] Auto-router pass #624 on board '3261f0fd4f77042866dde03c6b3a51b3' was completed in 2,55 seconds with the score of 969,65 (1 unrouted), using 287452,78 CPU seconds and 535926 MB memory.
2026-08-14 16:51:00.645 INFO   [11415E\7588A6] Auto-router pass #625 on board '3261f0fd4f77042866dde03c6b3a51b3' was completed in 1,11 seconds with the score of 969,65 (1 unrouted), using 288196,97 CPU seconds and 536614 MB memory.
2026-08-14 16:51:00.736 INFO   [11415E\7588A6] Auto-router pass #626 on board '3261f0fd4f77042866dde03c6b3a51b3' was completed in 0,08 seconds with the score of 969,65 (1 unrouted), using 288196,97 CPU seconds and 536614 MB memory.
2026-08-14 16:51:00.828 INFO   [11415E\7588A6] Auto-router pass #627 on board '3261f0fd4f77042866dde03c6b3a51b3' was completed in 0,08 seconds with the score of 969,65 (1 unrouted), using 288196,97 CPU seconds and 536614 MB memory.
2026-08-14 16:51:02.678 INFO   [11415E\7588A6] Restoring an earlier board that has the score of 969,65 (1 unrouted).
2026-08-14 16:51:02.678 INFO   [11415E\7588A6] Auto-router pass #628 on board '3261f0fd4f77042866dde03c6b3a51b3' was completed in 1,84 seconds with the score of 969,65 (1 unrouted), using 289688,19 CPU seconds and 538119 MB memory.
2026-08-14 16:51:03.752 INFO   [11415E\7588A6] Auto-router pass #629 on board '3261f0fd4f77042866dde03c6b3a51b3' was completed in 1,06 seconds with the score of 969,65 (1 unrouted), using 290435,22 CPU seconds and 538865 MB memory.
2026-08-14 16:51:03.844 INFO   [11415E\7588A6] Auto-router pass #630 on board '3261f0fd4f77042866dde03c6b3a51b3' was completed in 0,08 seconds with the score of 969,65 (1 unrouted), using 290435,22 CPU seconds and 538865 MB memory.
2026-08-14 16:51:03.935 INFO   [11415E\7588A6] Auto-router pass #631 on board '3261f0fd4f77042866dde03c6b3a51b3' was completed in 0,08 seconds with the score of 969,65 (1 unrouted), using 290435,22 CPU seconds and 538865 MB memory.
2026-08-14 16:51:05.757 INFO   [11415E\7588A6] Restoring an earlier board that has the score of 969,65 (1 unrouted).
2026-08-14 16:51:05.757 INFO   [11415E\7588A6] Auto-router pass #632 on board '3261f0fd4f77042866dde03c6b3a51b3' was completed in 1,81 seconds with the score of 969,65 (1 unrouted), using 291932,19 CPU seconds and 540414 MB memory.
2026-08-14 16:51:06.864 INFO   [11415E\7588A6] Auto-router pass #633 on board '3261f0fd4f77042866dde03c6b3a51b3' was completed in 1,10 seconds with the score of 969,65 (1 unrouted), using 292682,12 CPU seconds and 541166 MB memory.
2026-08-14 16:51:06.955 INFO   [11415E\7588A6] Auto-router pass #634 on board '3261f0fd4f77042866dde03c6b3a51b3' was completed in 0,08 seconds with the score of 969,65 (1 unrouted), using 292682,12 CPU seconds and 541166 MB memory.
2026-08-14 16:51:07.046 INFO   [11415E\7588A6] Auto-router pass #635 on board '3261f0fd4f77042866dde03c6b3a51b3' was completed in 0,08 seconds with the score of 969,65 (1 unrouted), using 292682,12 CPU seconds and 541166 MB memory.
2026-08-14 16:51:08.836 INFO   [11415E\7588A6] Restoring an earlier board that has the score of 969,65 (1 unrouted).
2026-08-14 16:51:08.836 INFO   [11415E\7588A6] Auto-router pass #636 on board '3261f0fd4f77042866dde03c6b3a51b3' was completed in 1,78 seconds with the score of 969,65 (1 unrouted), using 294184,91 CPU seconds and 542699 MB memory.
2026-08-14 16:51:09.899 INFO   [11415E\7588A6] Auto-router pass #637 on board '3261f0fd4f77042866dde03c6b3a51b3' was completed in 1,05 seconds with the score of 969,65 (1 unrouted), using 294937,75 CPU seconds and 543481 MB memory.
2026-08-14 16:51:09.996 INFO   [11415E\7588A6] Auto-router pass #638 on board '3261f0fd4f77042866dde03c6b3a51b3' was completed in 0,09 seconds with the score of 969,65 (1 unrouted), using 294937,75 CPU seconds and 543481 MB memory.
2026-08-14 16:51:10.087 INFO   [11415E\7588A6] Auto-router pass #639 on board '3261f0fd4f77042866dde03c6b3a51b3' was completed in 0,08 seconds with the score of 969,65 (1 unrouted), using 294937,75 CPU seconds and 543481 MB memory.
2026-08-14 16:51:11.884 INFO   [11415E\7588A6] Restoring an earlier board that has the score of 968,01 (2 unrouted).
2026-08-14 16:51:11.884 INFO   [11415E\7588A6] Auto-router pass #640 on board '3261f0fd4f77042866dde03c6b3a51b3' was completed in 1,79 seconds with the score of 969,65 (1 unrouted), using 296446,34 CPU seconds and 545010 MB memory.
2026-08-14 16:51:13.849 INFO   [11415E\7588A6] Auto-router pass #641 on board 'b6b1c3778473befdc94015ec2c1a918f' was completed in 1,96 seconds with the score of 969,65 (1 unrouted), using 297958,81 CPU seconds and 546541 MB memory.
2026-08-14 16:51:13.959 INFO   [11415E\7588A6] Auto-router pass #642 on board 'bd983408aa57822b36ff02590e4198ba' was completed in 0,09 seconds with the score of 969,65 (1 unrouted), using 297958,81 CPU seconds and 546541 MB memory.
2026-08-14 16:51:14.058 INFO   [11415E\7588A6] Auto-router pass #643 on board 'bd983408aa57822b36ff02590e4198ba' was completed in 0,09 seconds with the score of 969,65 (1 unrouted), using 297958,81 CPU seconds and 546541 MB memory.
2026-08-14 16:51:16.575 INFO   [11415E\7588A6] Restoring an earlier board that has the score of 969,65 (1 unrouted).
2026-08-14 16:51:16.575 INFO   [11415E\7588A6] Auto-router pass #644 on board 'bd983408aa57822b36ff02590e4198ba' was completed in 2,51 seconds with the score of 969,65 (1 unrouted), using 300234,78 CPU seconds and 548731 MB memory.
2026-08-14 16:51:17.693 INFO   [11415E\7588A6] Auto-router pass #645 on board 'bd983408aa57822b36ff02590e4198ba' was completed in 1,11 seconds with the score of 969,65 (1 unrouted), using 300995,38 CPU seconds and 549415 MB memory.
2026-08-14 16:51:17.783 INFO   [11415E\7588A6] Auto-router pass #646 on board 'bd983408aa57822b36ff02590e4198ba' was completed in 0,08 seconds with the score of 969,65 (1 unrouted), using 300995,38 CPU seconds and 549415 MB memory.
2026-08-14 16:51:17.874 INFO   [11415E\7588A6] Auto-router pass #647 on board 'bd983408aa57822b36ff02590e4198ba' was completed in 0,08 seconds with the score of 969,65 (1 unrouted), using 300995,38 CPU seconds and 549415 MB memory.
2026-08-14 16:51:19.696 INFO   [11415E\7588A6] Restoring an earlier board that has the score of 969,65 (1 unrouted).
2026-08-14 16:51:19.696 INFO   [11415E\7588A6] Auto-router pass #648 on board 'bd983408aa57822b36ff02590e4198ba' was completed in 1,81 seconds with the score of 969,65 (1 unrouted), using 302519,41 CPU seconds and 550951 MB memory.
2026-08-14 16:51:20.769 INFO   [11415E\7588A6] Auto-router pass #649 on board 'bd983408aa57822b36ff02590e4198ba' was completed in 1,06 seconds with the score of 969,65 (1 unrouted), using 303282,88 CPU seconds and 551695 MB memory.
2026-08-14 16:51:20.860 INFO   [11415E\7588A6] Auto-router pass #650 on board 'bd983408aa57822b36ff02590e4198ba' was completed in 0,08 seconds with the score of 969,65 (1 unrouted), using 303282,88 CPU seconds and 551695 MB memory.
2026-08-14 16:51:20.950 INFO   [11415E\7588A6] Auto-router pass #651 on board 'bd983408aa57822b36ff02590e4198ba' was completed in 0,08 seconds with the score of 969,65 (1 unrouted), using 303282,88 CPU seconds and 551695 MB memory.
2026-08-14 16:51:22.739 INFO   [11415E\7588A6] Restoring an earlier board that has the score of 969,65 (1 unrouted).
2026-08-14 16:51:22.740 INFO   [11415E\7588A6] Auto-router pass #652 on board 'bd983408aa57822b36ff02590e4198ba' was completed in 1,78 seconds with the score of 969,65 (1 unrouted), using 304812,72 CPU seconds and 553274 MB memory.
2026-08-14 16:51:23.804 INFO   [11415E\7588A6] Auto-router pass #653 on board 'bd983408aa57822b36ff02590e4198ba' was completed in 1,05 seconds with the score of 969,65 (1 unrouted), using 305579,12 CPU seconds and 554037 MB memory.
2026-08-14 16:51:23.894 INFO   [11415E\7588A6] Auto-router pass #654 on board 'bd983408aa57822b36ff02590e4198ba' was completed in 0,08 seconds with the score of 969,65 (1 unrouted), using 305579,12 CPU seconds and 554037 MB memory.
2026-08-14 16:51:23.984 INFO   [11415E\7588A6] Auto-router pass #655 on board 'bd983408aa57822b36ff02590e4198ba' was completed in 0,08 seconds with the score of 969,65 (1 unrouted), using 305579,12 CPU seconds and 554037 MB memory.
2026-08-14 16:51:25.770 INFO   [11415E\7588A6] Restoring an earlier board that has the score of 969,65 (1 unrouted).
2026-08-14 16:51:25.770 INFO   [11415E\7588A6] Auto-router pass #656 on board 'bd983408aa57822b36ff02590e4198ba' was completed in 1,78 seconds with the score of 969,65 (1 unrouted), using 307114,84 CPU seconds and 555613 MB memory.
2026-08-14 16:51:26.828 INFO   [11415E\7588A6] Auto-router pass #657 on board 'bd983408aa57822b36ff02590e4198ba' was completed in 1,05 seconds with the score of 969,65 (1 unrouted), using 307884,16 CPU seconds and 556385 MB memory.
2026-08-14 16:51:26.924 INFO   [11415E\7588A6] Auto-router pass #658 on board 'bd983408aa57822b36ff02590e4198ba' was completed in 0,09 seconds with the score of 969,65 (1 unrouted), using 307884,16 CPU seconds and 556385 MB memory.
2026-08-14 16:51:27.015 INFO   [11415E\7588A6] Auto-router pass #659 on board 'bd983408aa57822b36ff02590e4198ba' was completed in 0,08 seconds with the score of 969,65 (1 unrouted), using 307884,16 CPU seconds and 556385 MB memory.
2026-08-14 16:51:28.807 INFO   [11415E\7588A6] Restoring an earlier board that has the score of 968,01 (2 unrouted).
2026-08-14 16:51:28.807 INFO   [11415E\7588A6] Auto-router pass #660 on board 'bd983408aa57822b36ff02590e4198ba' was completed in 1,78 seconds with the score of 969,65 (1 unrouted), using 309425,75 CPU seconds and 557945 MB memory.
2026-08-14 16:51:30.277 INFO   [11415E\7588A6] Auto-router pass #661 on board 'b6b1c3778473befdc94015ec2c1a918f' was completed in 1,46 seconds with the score of 969,40 (1 unrouted), using 310971,22 CPU seconds and 559478 MB memory.
2026-08-14 16:51:30.383 INFO   [11415E\7588A6] Auto-router pass #662 on board '9fa86c92affe282eb6672f24469adacb' was completed in 0,08 seconds with the score of 969,40 (1 unrouted), using 310971,22 CPU seconds and 559478 MB memory.
2026-08-14 16:51:30.479 INFO   [11415E\7588A6] Auto-router pass #663 on board '9fa86c92affe282eb6672f24469adacb' was completed in 0,09 seconds with the score of 969,40 (1 unrouted), using 310971,22 CPU seconds and 559478 MB memory.
2026-08-14 16:51:30.582 WARN   ItemAutorouteInfo.get_expansion_room: p_index out of range
2026-08-14 16:51:30.582 WARN   ItemAutorouteInfo.get_expansion_room: p_index out of range
2026-08-14 16:51:30.582 WARN   ItemAutorouteInfo.get_expansion_room: p_index out of range
2026-08-14 16:51:30.586 WARN   ItemAutorouteInfo.get_expansion_room: p_index out of range
2026-08-14 16:51:30.586 WARN   ItemAutorouteInfo.get_expansion_room: p_index out of range
2026-08-14 16:51:30.586 WARN   ItemAutorouteInfo.get_expansion_room: p_index out of range
2026-08-14 16:51:30.684 WARN   ItemAutorouteInfo.get_expansion_room: p_index out of range
2026-08-14 16:51:30.684 WARN   ItemAutorouteInfo.get_expansion_room: p_index out of range
2026-08-14 16:51:30.725 WARN   ItemAutorouteInfo.get_expansion_room: p_index out of range
2026-08-14 16:51:30.727 WARN   ItemAutorouteInfo.get_expansion_room: p_index out of range
2026-08-14 16:51:30.727 WARN   ItemAutorouteInfo.get_expansion_room: p_index out of range
2026-08-14 16:51:30.817 WARN   ItemAutorouteInfo.get_expansion_room: p_index out of range
2026-08-14 16:51:30.817 WARN   ItemAutorouteInfo.get_expansion_room: p_index out of range
2026-08-14 16:51:30.817 WARN   ItemAutorouteInfo.get_expansion_room: p_index out of range
2026-08-14 16:51:30.818 WARN   ItemAutorouteInfo.get_expansion_room: p_index out of range
2026-08-14 16:51:30.818 WARN   ItemAutorouteInfo.get_expansion_room: p_index out of range
2026-08-14 16:51:30.818 WARN   ItemAutorouteInfo.get_expansion_room: p_index out of range
2026-08-14 16:51:30.818 WARN   ItemAutorouteInfo.get_expansion_room: p_index out of range
2026-08-14 16:51:30.841 WARN   ItemAutorouteInfo.get_expansion_room: p_index out of range
2026-08-14 16:51:30.861 WARN   ItemAutorouteInfo.get_expansion_room: p_index out of range
2026-08-14 16:51:30.861 WARN   ItemAutorouteInfo.get_expansion_room: p_index out of range
2026-08-14 16:51:30.862 WARN   ItemAutorouteInfo.get_expansion_room: p_index out of range
2026-08-14 16:51:30.862 WARN   ItemAutorouteInfo.get_expansion_room: p_index out of range
2026-08-14 16:51:30.862 WARN   ItemAutorouteInfo.get_expansion_room: p_index out of range
2026-08-14 16:51:30.873 WARN   ItemAutorouteInfo.get_expansion_room: p_index out of range
2026-08-14 16:51:30.873 WARN   ItemAutorouteInfo.get_expansion_room: p_index out of range
2026-08-14 16:51:30.873 WARN   ItemAutorouteInfo.get_expansion_room: p_index out of range
2026-08-14 16:51:30.874 WARN   ItemAutorouteInfo.get_expansion_room: p_index out of range
2026-08-14 16:51:30.874 WARN   ItemAutorouteInfo.get_expansion_room: p_index out of range
2026-08-14 16:51:30.874 WARN   ItemAutorouteInfo.get_expansion_room: p_index out of range
2026-08-14 16:51:30.942 WARN   ItemAutorouteInfo.get_expansion_room: p_index out of range
2026-08-14 16:51:30.942 WARN   ItemAutorouteInfo.get_expansion_room: p_index out of range
2026-08-14 16:51:30.965 WARN   ItemAutorouteInfo.get_expansion_room: p_index out of range
2026-08-14 16:51:30.965 WARN   ItemAutorouteInfo.get_expansion_room: p_index out of range
2026-08-14 16:51:30.965 WARN   ItemAutorouteInfo.get_expansion_room: p_index out of range
2026-08-14 16:51:30.965 WARN   ItemAutorouteInfo.get_expansion_room: p_index out of range
2026-08-14 16:51:30.966 WARN   ItemAutorouteInfo.get_expansion_room: p_index out of range
2026-08-14 16:51:30.966 WARN   ItemAutorouteInfo.get_expansion_room: p_index out of range
2026-08-14 16:51:30.966 WARN   ItemAutorouteInfo.get_expansion_room: p_index out of range
2026-08-14 16:51:30.967 WARN   ItemAutorouteInfo.get_expansion_room: p_index out of range
2026-08-14 16:51:30.967 WARN   ItemAutorouteInfo.get_expansion_room: p_index out of range
2026-08-14 16:51:30.967 WARN   ItemAutorouteInfo.get_expansion_room: p_index out of range
2026-08-14 16:51:30.988 WARN   ItemAutorouteInfo.get_expansion_room: p_index out of range
2026-08-14 16:51:30.988 WARN   ItemAutorouteInfo.get_expansion_room: p_index out of range
2026-08-14 16:51:30.988 WARN   ItemAutorouteInfo.get_expansion_room: p_index out of range
2026-08-14 16:51:31.037 WARN   ItemAutorouteInfo.get_expansion_room: p_index out of range
2026-08-14 16:51:31.037 WARN   ItemAutorouteInfo.get_expansion_room: p_index out of range
2026-08-14 16:51:31.065 WARN   ItemAutorouteInfo.get_expansion_room: p_index out of range
2026-08-14 16:51:31.076 WARN   ItemAutorouteInfo.get_expansion_room: p_index out of range
2026-08-14 16:51:31.222 WARN   ItemAutorouteInfo.get_expansion_room: p_index out of range
2026-08-14 16:51:31.223 WARN   ItemAutorouteInfo.get_expansion_room: p_index out of range
2026-08-14 16:51:31.223 WARN   ItemAutorouteInfo.get_expansion_room: p_index out of range
2026-08-14 16:51:31.223 WARN   ItemAutorouteInfo.get_expansion_room: p_index out of range
2026-08-14 16:51:31.225 WARN   ItemAutorouteInfo.get_expansion_room: p_index out of range
2026-08-14 16:51:31.225 WARN   ItemAutorouteInfo.get_expansion_room: p_index out of range
2026-08-14 16:51:31.225 WARN   ItemAutorouteInfo.get_expansion_room: p_index out of range
2026-08-14 16:51:31.225 WARN   ItemAutorouteInfo.get_expansion_room: p_index out of range
2026-08-14 16:51:31.225 WARN   ItemAutorouteInfo.get_expansion_room: p_index out of range
2026-08-14 16:51:31.259 WARN   ItemAutorouteInfo.get_expansion_room: p_index out of range
2026-08-14 16:51:31.259 WARN   ItemAutorouteInfo.get_expansion_room: p_index out of range
2026-08-14 16:51:31.259 WARN   ItemAutorouteInfo.get_expansion_room: p_index out of range
2026-08-14 16:51:31.260 WARN   ItemAutorouteInfo.get_expansion_room: p_index out of range
2026-08-14 16:51:31.260 WARN   ItemAutorouteInfo.get_expansion_room: p_index out of range
2026-08-14 16:51:31.260 WARN   ItemAutorouteInfo.get_expansion_room: p_index out of range
2026-08-14 16:51:31.260 WARN   ItemAutorouteInfo.get_expansion_room: p_index out of range
2026-08-14 16:51:31.260 WARN   ItemAutorouteInfo.get_expansion_room: p_index out of range
2026-08-14 16:51:31.264 WARN   ItemAutorouteInfo.get_expansion_room: p_index out of range
2026-08-14 16:51:31.264 WARN   ItemAutorouteInfo.get_expansion_room: p_index out of range
2026-08-14 16:51:31.268 WARN   ItemAutorouteInfo.get_expansion_room: p_index out of range
2026-08-14 16:51:31.268 WARN   ItemAutorouteInfo.get_expansion_room: p_index out of range
2026-08-14 16:51:31.268 WARN   ItemAutorouteInfo.get_expansion_room: p_index out of range
2026-08-14 16:51:31.285 WARN   ItemAutorouteInfo.get_expansion_room: p_index out of range
2026-08-14 16:51:31.286 WARN   ItemAutorouteInfo.get_expansion_room: p_index out of range
2026-08-14 16:51:31.286 WARN   ItemAutorouteInfo.get_expansion_room: p_index out of range
2026-08-14 16:51:31.297 WARN   ItemAutorouteInfo.get_expansion_room: p_index out of range
2026-08-14 16:51:31.297 WARN   ItemAutorouteInfo.get_expansion_room: p_index out of range
2026-08-14 16:51:31.297 WARN   ItemAutorouteInfo.get_expansion_room: p_index out of range
2026-08-14 16:51:31.297 WARN   ItemAutorouteInfo.get_expansion_room: p_index out of range
2026-08-14 16:51:31.298 WARN   ItemAutorouteInfo.get_expansion_room: p_index out of range
2026-08-14 16:51:31.308 WARN   ItemAutorouteInfo.get_expansion_room: p_index out of range
2026-08-14 16:51:31.310 WARN   ItemAutorouteInfo.get_expansion_room: p_index out of range
2026-08-14 16:51:31.310 WARN   ItemAutorouteInfo.get_expansion_room: p_index out of range
2026-08-14 16:51:31.310 WARN   ItemAutorouteInfo.get_expansion_room: p_index out of range
2026-08-14 16:51:31.310 WARN   ItemAutorouteInfo.get_expansion_room: p_index out of range
2026-08-14 16:51:31.310 WARN   ItemAutorouteInfo.get_expansion_room: p_index out of range
2026-08-14 16:51:31.334 WARN   ItemAutorouteInfo.get_expansion_room: p_index out of range
2026-08-14 16:51:31.334 WARN   ItemAutorouteInfo.get_expansion_room: p_index out of range
2026-08-14 16:51:31.334 WARN   ItemAutorouteInfo.get_expansion_room: p_index out of range
2026-08-14 16:51:31.335 WARN   ItemAutorouteInfo.get_expansion_room: p_index out of range
2026-08-14 16:51:31.520 WARN   ItemAutorouteInfo.get_expansion_room: p_index out of range
2026-08-14 16:51:31.520 WARN   ItemAutorouteInfo.get_expansion_room: p_index out of range
2026-08-14 16:51:31.551 WARN   ItemAutorouteInfo.get_expansion_room: p_index out of range
2026-08-14 16:51:31.573 WARN   ItemAutorouteInfo.get_expansion_room: p_index out of range
2026-08-14 16:51:31.575 WARN   ItemAutorouteInfo.get_expansion_room: p_index out of range
2026-08-14 16:51:31.586 WARN   ItemAutorouteInfo.get_expansion_room: p_index out of range
2026-08-14 16:51:31.587 WARN   ItemAutorouteInfo.get_expansion_room: p_index out of range
2026-08-14 16:51:31.628 WARN   ItemAutorouteInfo.get_expansion_room: p_index out of range
2026-08-14 16:51:31.674 WARN   ItemAutorouteInfo.get_expansion_room: p_index out of range
2026-08-14 16:51:31.731 WARN   ItemAutorouteInfo.get_expansion_room: p_index out of range
2026-08-14 16:51:31.745 WARN   ItemAutorouteInfo.get_expansion_room: p_index out of range
2026-08-14 16:51:31.779 WARN   ItemAutorouteInfo.get_expansion_room: p_index out of range
2026-08-14 16:51:32.077 WARN   ItemAutorouteInfo.get_expansion_room: p_index out of range
2026-08-14 16:51:32.115 WARN   ItemAutorouteInfo.get_expansion_room: p_index out of range
2026-08-14 16:51:32.115 WARN   ItemAutorouteInfo.get_expansion_room: p_index out of range
2026-08-14 16:51:32.115 WARN   ItemAutorouteInfo.get_expansion_room: p_index out of range
2026-08-14 16:51:32.116 WARN   ItemAutorouteInfo.get_expansion_room: p_index out of range
2026-08-14 16:51:32.159 WARN   ItemAutorouteInfo.get_expansion_room: p_index out of range
2026-08-14 16:51:32.159 WARN   ItemAutorouteInfo.get_expansion_room: p_index out of range
2026-08-14 16:51:32.159 WARN   ItemAutorouteInfo.get_expansion_room: p_index out of range
2026-08-14 16:51:32.159 WARN   ItemAutorouteInfo.get_expansion_room: p_index out of range
2026-08-14 16:51:32.159 WARN   ItemAutorouteInfo.get_expansion_room: p_index out of range
2026-08-14 16:51:32.159 WARN   ItemAutorouteInfo.get_expansion_room: p_index out of range
2026-08-14 16:51:32.406 INFO   [11415E\7588A6] Restoring an earlier board that has the score of 969,40 (1 unrouted).
2026-08-14 16:51:32.406 INFO   [11415E\7588A6] Auto-router pass #664 on board '9fa86c92affe282eb6672f24469adacb' was completed in 1,92 seconds with the score of 969,40 (1 unrouted), using 312520,62 CPU seconds and 561037 MB memory.
2026-08-14 16:51:33.479 INFO   [11415E\7588A6] Auto-router pass #665 on board '9fa86c92affe282eb6672f24469adacb' was completed in 1,06 seconds with the score of 969,40 (1 unrouted), using 313296,81 CPU seconds and 561772 MB memory.
2026-08-14 16:51:33.564 INFO   [11415E\7588A6] Auto-router pass #666 on board '9fa86c92affe282eb6672f24469adacb' was completed in 0,08 seconds with the score of 969,40 (1 unrouted), using 313296,81 CPU seconds and 561772 MB memory.
2026-08-14 16:51:33.648 INFO   [11415E\7588A6] Auto-router pass #667 on board '9fa86c92affe282eb6672f24469adacb' was completed in 0,08 seconds with the score of 969,40 (1 unrouted), using 313296,81 CPU seconds and 561772 MB memory.
2026-08-14 16:51:35.536 INFO   [11415E\7588A6] Restoring an earlier board that has the score of 969,40 (1 unrouted).
2026-08-14 16:51:35.536 INFO   [11415E\7588A6] Auto-router pass #668 on board '9fa86c92affe282eb6672f24469adacb' was completed in 1,88 seconds with the score of 969,40 (1 unrouted), using 314852,12 CPU seconds and 563372 MB memory.
2026-08-14 16:51:36.607 INFO   [11415E\7588A6] Auto-router pass #669 on board '9fa86c92affe282eb6672f24469adacb' was completed in 1,06 seconds with the score of 969,40 (1 unrouted), using 315631,25 CPU seconds and 564125 MB memory.
2026-08-14 16:51:36.691 INFO   [11415E\7588A6] Auto-router pass #670 on board '9fa86c92affe282eb6672f24469adacb' was completed in 0,08 seconds with the score of 969,40 (1 unrouted), using 315631,25 CPU seconds and 564125 MB memory.
2026-08-14 16:51:36.780 INFO   [11415E\7588A6] Auto-router pass #671 on board '9fa86c92affe282eb6672f24469adacb' was completed in 0,08 seconds with the score of 969,40 (1 unrouted), using 315631,25 CPU seconds and 564125 MB memory.
2026-08-14 16:51:38.661 INFO   [11415E\7588A6] Restoring an earlier board that has the score of 969,40 (1 unrouted).
2026-08-14 16:51:38.662 INFO   [11415E\7588A6] Auto-router pass #672 on board '9fa86c92affe282eb6672f24469adacb' was completed in 1,87 seconds with the score of 969,40 (1 unrouted), using 317192,47 CPU seconds and 565715 MB memory.
2026-08-14 16:51:39.717 INFO   [11415E\7588A6] Auto-router pass #673 on board '9fa86c92affe282eb6672f24469adacb' was completed in 1,05 seconds with the score of 969,40 (1 unrouted), using 317974,53 CPU seconds and 566489 MB memory.
2026-08-14 16:51:39.807 INFO   [11415E\7588A6] Auto-router pass #674 on board '9fa86c92affe282eb6672f24469adacb' was completed in 0,08 seconds with the score of 969,40 (1 unrouted), using 317974,53 CPU seconds and 566489 MB memory.
2026-08-14 16:51:39.891 INFO   [11415E\7588A6] Auto-router pass #675 on board '9fa86c92affe282eb6672f24469adacb' was completed in 0,08 seconds with the score of 969,40 (1 unrouted), using 317974,53 CPU seconds and 566489 MB memory.
2026-08-14 16:51:41.784 INFO   [11415E\7588A6] Restoring an earlier board that has the score of 969,40 (1 unrouted).
2026-08-14 16:51:41.784 INFO   [11415E\7588A6] Auto-router pass #676 on board '9fa86c92affe282eb6672f24469adacb' was completed in 1,88 seconds with the score of 969,40 (1 unrouted), using 319541,62 CPU seconds and 568059 MB memory.
2026-08-14 16:51:42.865 INFO   [11415E\7588A6] Auto-router pass #677 on board '9fa86c92affe282eb6672f24469adacb' was completed in 1,07 seconds with the score of 969,40 (1 unrouted), using 320326,62 CPU seconds and 568838 MB memory.
2026-08-14 16:51:42.950 INFO   [11415E\7588A6] Auto-router pass #678 on board '9fa86c92affe282eb6672f24469adacb' was completed in 0,08 seconds with the score of 969,40 (1 unrouted), using 320326,62 CPU seconds and 568838 MB memory.
2026-08-14 16:51:43.035 INFO   [11415E\7588A6] Auto-router pass #679 on board '9fa86c92affe282eb6672f24469adacb' was completed in 0,08 seconds with the score of 969,40 (1 unrouted), using 320326,62 CPU seconds and 568838 MB memory.
2026-08-14 16:51:44.921 INFO   [11415E\7588A6] Restoring an earlier board that has the score of 968,01 (2 unrouted).
2026-08-14 16:51:44.921 INFO   [11415E\7588A6] Auto-router pass #680 on board '9fa86c92affe282eb6672f24469adacb' was completed in 1,88 seconds with the score of 969,40 (1 unrouted), using 321899,59 CPU seconds and 570401 MB memory.
2026-08-14 16:51:46.611 INFO   [11415E\7588A6] Auto-router pass #681 on board 'b6b1c3778473befdc94015ec2c1a918f' was completed in 1,68 seconds with the score of 969,69 (1 unrouted), using 323476,44 CPU seconds and 572027 MB memory.
2026-08-14 16:51:46.725 INFO   [11415E\7588A6] Auto-router pass #682 on board '1aa2a4245256d68a25d8ed289bf167ca' was completed in 0,08 seconds with the score of 969,69 (1 unrouted), using 323476,44 CPU seconds and 572027 MB memory.
2026-08-14 16:51:46.816 INFO   [11415E\7588A6] Auto-router pass #683 on board '1aa2a4245256d68a25d8ed289bf167ca' was completed in 0,08 seconds with the score of 969,69 (1 unrouted), using 323476,44 CPU seconds and 572027 MB memory.
2026-08-14 16:51:49.564 INFO   [11415E\7588A6] Restoring an earlier board that has the score of 969,69 (1 unrouted).
2026-08-14 16:51:49.564 INFO   [11415E\7588A6] Auto-router pass #684 on board '1aa2a4245256d68a25d8ed289bf167ca' was completed in 2,74 seconds with the score of 969,69 (1 unrouted), using 325848,97 CPU seconds and 574189 MB memory.
2026-08-14 16:51:50.673 INFO   [11415E\7588A6] Auto-router pass #685 on board '1aa2a4245256d68a25d8ed289bf167ca' was completed in 1,10 seconds with the score of 969,69 (1 unrouted), using 326641,75 CPU seconds and 574896 MB memory.
2026-08-14 16:51:50.765 INFO   [11415E\7588A6] Auto-router pass #686 on board '1aa2a4245256d68a25d8ed289bf167ca' was completed in 0,08 seconds with the score of 969,69 (1 unrouted), using 326641,75 CPU seconds and 574896 MB memory.
2026-08-14 16:51:50.865 INFO   [11415E\7588A6] Auto-router pass #687 on board '1aa2a4245256d68a25d8ed289bf167ca' was completed in 0,08 seconds with the score of 969,69 (1 unrouted), using 326641,75 CPU seconds and 574896 MB memory.
2026-08-14 16:51:52.811 INFO   [11415E\7588A6] Restoring an earlier board that has the score of 969,69 (1 unrouted).
2026-08-14 16:51:52.812 INFO   [11415E\7588A6] Auto-router pass #688 on board '1aa2a4245256d68a25d8ed289bf167ca' was completed in 1,94 seconds with the score of 969,69 (1 unrouted), using 328230,22 CPU seconds and 576492 MB memory.
2026-08-14 16:51:53.911 INFO   [11415E\7588A6] Auto-router pass #689 on board '1aa2a4245256d68a25d8ed289bf167ca' was completed in 1,09 seconds with the score of 969,69 (1 unrouted), using 329025,91 CPU seconds and 577265 MB memory.
2026-08-14 16:51:54.003 INFO   [11415E\7588A6] Auto-router pass #690 on board '1aa2a4245256d68a25d8ed289bf167ca' was completed in 0,08 seconds with the score of 969,69 (1 unrouted), using 329025,91 CPU seconds and 577265 MB memory.
2026-08-14 16:51:54.102 INFO   [11415E\7588A6] Auto-router pass #691 on board '1aa2a4245256d68a25d8ed289bf167ca' was completed in 0,09 seconds with the score of 969,69 (1 unrouted), using 329025,91 CPU seconds and 577265 MB memory.
2026-08-14 16:51:56.026 INFO   [11415E\7588A6] Restoring an earlier board that has the score of 969,69 (1 unrouted).
2026-08-14 16:51:56.026 INFO   [11415E\7588A6] Auto-router pass #692 on board '1aa2a4245256d68a25d8ed289bf167ca' was completed in 1,92 seconds with the score of 969,69 (1 unrouted), using 330620,19 CPU seconds and 578843 MB memory.
2026-08-14 16:51:57.122 INFO   [11415E\7588A6] Auto-router pass #693 on board '1aa2a4245256d68a25d8ed289bf167ca' was completed in 1,09 seconds with the score of 969,69 (1 unrouted), using 331418,78 CPU seconds and 579671 MB memory.
2026-08-14 16:51:57.219 INFO   [11415E\7588A6] Auto-router pass #694 on board '1aa2a4245256d68a25d8ed289bf167ca' was completed in 0,08 seconds with the score of 969,69 (1 unrouted), using 331418,78 CPU seconds and 579671 MB memory.
2026-08-14 16:51:57.312 INFO   [11415E\7588A6] Auto-router pass #695 on board '1aa2a4245256d68a25d8ed289bf167ca' was completed in 0,08 seconds with the score of 969,69 (1 unrouted), using 332218,38 CPU seconds and 580409 MB memory.
2026-08-14 16:51:59.260 INFO   [11415E\7588A6] Restoring an earlier board that has the score of 969,69 (1 unrouted).
2026-08-14 16:51:59.260 INFO   [11415E\7588A6] Auto-router pass #696 on board '1aa2a4245256d68a25d8ed289bf167ca' was completed in 1,94 seconds with the score of 969,69 (1 unrouted), using 333018,94 CPU seconds and 581205 MB memory.
2026-08-14 16:52:00.336 INFO   [11415E\7588A6] Auto-router pass #697 on board '1aa2a4245256d68a25d8ed289bf167ca' was completed in 1,07 seconds with the score of 969,69 (1 unrouted), using 334622,97 CPU seconds and 582806 MB memory.
2026-08-14 16:52:00.428 INFO   [11415E\7588A6] Auto-router pass #698 on board '1aa2a4245256d68a25d8ed289bf167ca' was completed in 0,08 seconds with the score of 969,69 (1 unrouted), using 334622,97 CPU seconds and 582806 MB memory.
2026-08-14 16:52:00.525 INFO   [11415E\7588A6] Auto-router pass #699 on board '1aa2a4245256d68a25d8ed289bf167ca' was completed in 0,08 seconds with the score of 969,69 (1 unrouted), using 334622,97 CPU seconds and 582806 MB memory.
2026-08-14 16:52:02.441 INFO   [11415E\7588A6] Restoring an earlier board that has the score of 968,01 (2 unrouted).
2026-08-14 16:52:02.441 INFO   [11415E\7588A6] Auto-router pass #700 on board '1aa2a4245256d68a25d8ed289bf167ca' was completed in 1,91 seconds with the score of 969,69 (1 unrouted), using 336230,94 CPU seconds and 584436 MB memory.
2026-08-14 16:52:04.408 INFO   [11415E\7588A6] Auto-router pass #701 on board 'b69fb80a6068d007db7d57072ff5cffa' was completed in 1,96 seconds with the score of 969,65 (1 unrouted), using 337842,78 CPU seconds and 585954 MB memory.
2026-08-14 16:52:04.530 INFO   [11415E\7588A6] Auto-router pass #702 on board '7bde1a1f33f863de83217f05d8b666fc' was completed in 0,10 seconds with the score of 969,65 (1 unrouted), using 337842,78 CPU seconds and 585954 MB memory.
2026-08-14 16:52:04.622 INFO   [11415E\7588A6] Auto-router pass #703 on board '7bde1a1f33f863de83217f05d8b666fc' was completed in 0,08 seconds with the score of 969,65 (1 unrouted), using 337842,78 CPU seconds and 585954 MB memory.
2026-08-14 16:52:07.155 INFO   [11415E\7588A6] Restoring an earlier board that has the score of 969,65 (1 unrouted).
2026-08-14 16:52:07.156 INFO   [11415E\7588A6] Auto-router pass #704 on board '7bde1a1f33f863de83217f05d8b666fc' was completed in 2,52 seconds with the score of 969,65 (1 unrouted), using 339458,53 CPU seconds and 587356 MB memory.
2026-08-14 16:52:08.242 INFO   [11415E\7588A6] Auto-router pass #705 on board '7bde1a1f33f863de83217f05d8b666fc' was completed in 1,08 seconds with the score of 969,65 (1 unrouted), using 340267,84 CPU seconds and 588063 MB memory.
2026-08-14 16:52:08.332 INFO   [11415E\7588A6] Auto-router pass #706 on board '7bde1a1f33f863de83217f05d8b666fc' was completed in 0,08 seconds with the score of 969,65 (1 unrouted), using 341078,12 CPU seconds and 588797 MB memory.
2026-08-14 16:52:08.431 INFO   [11415E\7588A6] Auto-router pass #707 on board '7bde1a1f33f863de83217f05d8b666fc' was completed in 0,09 seconds with the score of 969,65 (1 unrouted), using 341078,12 CPU seconds and 588797 MB memory.
2026-08-14 16:52:10.226 INFO   [11415E\7588A6] Restoring an earlier board that has the score of 969,65 (1 unrouted).
2026-08-14 16:52:10.226 INFO   [11415E\7588A6] Auto-router pass #708 on board '7bde1a1f33f863de83217f05d8b666fc' was completed in 1,79 seconds with the score of 969,65 (1 unrouted), using 341889,38 CPU seconds and 589550 MB memory.
2026-08-14 16:52:11.299 INFO   [11415E\7588A6] Auto-router pass #709 on board '7bde1a1f33f863de83217f05d8b666fc' was completed in 1,06 seconds with the score of 969,65 (1 unrouted), using 343514,78 CPU seconds and 591118 MB memory.
2026-08-14 16:52:11.389 INFO   [11415E\7588A6] Auto-router pass #710 on board '7bde1a1f33f863de83217f05d8b666fc' was completed in 0,08 seconds with the score of 969,65 (1 unrouted), using 343514,78 CPU seconds and 591118 MB memory.
2026-08-14 16:52:11.479 INFO   [11415E\7588A6] Auto-router pass #711 on board '7bde1a1f33f863de83217f05d8b666fc' was completed in 0,08 seconds with the score of 969,65 (1 unrouted), using 343514,78 CPU seconds and 591118 MB memory.
2026-08-14 16:52:13.257 INFO   [11415E\7588A6] Restoring an earlier board that has the score of 969,65 (1 unrouted).
2026-08-14 16:52:13.257 INFO   [11415E\7588A6] Auto-router pass #712 on board '7bde1a1f33f863de83217f05d8b666fc' was completed in 1,76 seconds with the score of 969,65 (1 unrouted), using 344328,94 CPU seconds and 591869 MB memory.
2026-08-14 16:52:14.304 INFO   [11415E\7588A6] Auto-router pass #713 on board '7bde1a1f33f863de83217f05d8b666fc' was completed in 1,04 seconds with the score of 969,65 (1 unrouted), using 345960,19 CPU seconds and 593476 MB memory.
2026-08-14 16:52:14.394 INFO   [11415E\7588A6] Auto-router pass #714 on board '7bde1a1f33f863de83217f05d8b666fc' was completed in 0,08 seconds with the score of 969,65 (1 unrouted), using 345960,19 CPU seconds and 593476 MB memory.
2026-08-14 16:52:14.485 INFO   [11415E\7588A6] Auto-router pass #715 on board '7bde1a1f33f863de83217f05d8b666fc' was completed in 0,08 seconds with the score of 969,65 (1 unrouted), using 345960,19 CPU seconds and 593476 MB memory.
2026-08-14 16:52:16.260 INFO   [11415E\7588A6] Restoring an earlier board that has the score of 969,65 (1 unrouted).
2026-08-14 16:52:16.260 INFO   [11415E\7588A6] Auto-router pass #716 on board '7bde1a1f33f863de83217f05d8b666fc' was completed in 1,77 seconds with the score of 969,65 (1 unrouted), using 346777,28 CPU seconds and 594231 MB memory.
2026-08-14 16:52:17.332 INFO   [11415E\7588A6] Auto-router pass #717 on board '7bde1a1f33f863de83217f05d8b666fc' was completed in 1,06 seconds with the score of 969,65 (1 unrouted), using 348414,38 CPU seconds and 595822 MB memory.
2026-08-14 16:52:17.423 INFO   [11415E\7588A6] Auto-router pass #718 on board '7bde1a1f33f863de83217f05d8b666fc' was completed in 0,08 seconds with the score of 969,65 (1 unrouted), using 348414,38 CPU seconds and 595822 MB memory.
2026-08-14 16:52:17.514 INFO   [11415E\7588A6] Auto-router pass #719 on board '7bde1a1f33f863de83217f05d8b666fc' was completed in 0,08 seconds with the score of 969,65 (1 unrouted), using 348414,38 CPU seconds and 595822 MB memory.
2026-08-14 16:52:19.306 INFO   [11415E\7588A6] Restoring an earlier board that has the score of 968,01 (2 unrouted).
2026-08-14 16:52:19.306 INFO   [11415E\7588A6] Auto-router pass #720 on board '7bde1a1f33f863de83217f05d8b666fc' was completed in 1,78 seconds with the score of 969,65 (1 unrouted), using 350055,41 CPU seconds and 597410 MB memory.
2026-08-14 16:52:21.324 INFO   [11415E\7588A6] Auto-router pass #721 on board 'b69fb80a6068d007db7d57072ff5cffa' was completed in 2,01 seconds with the score of 969,65 (1 unrouted), using 351700,31 CPU seconds and 598893 MB memory.
2026-08-14 16:52:21.438 INFO   [11415E\7588A6] Auto-router pass #722 on board 'd78cd6352fc3f06b480515776d64f58b' was completed in 0,09 seconds with the score of 969,65 (1 unrouted), using 351700,31 CPU seconds and 598893 MB memory.
2026-08-14 16:52:21.530 INFO   [11415E\7588A6] Auto-router pass #723 on board 'd78cd6352fc3f06b480515776d64f58b' was completed in 0,08 seconds with the score of 969,65 (1 unrouted), using 351700,31 CPU seconds and 598893 MB memory.
2026-08-14 16:52:23.322 INFO   [11415E\7588A6] Restoring an earlier board that has the score of 969,65 (1 unrouted).
2026-08-14 16:52:23.322 INFO   [11415E\7588A6] Auto-router pass #724 on board 'd78cd6352fc3f06b480515776d64f58b' was completed in 1,78 seconds with the score of 969,65 (1 unrouted), using 353349,09 CPU seconds and 600476 MB memory.
2026-08-14 16:52:24.396 INFO   [11415E\7588A6] Auto-router pass #725 on board 'd78cd6352fc3f06b480515776d64f58b' was completed in 1,06 seconds with the score of 969,65 (1 unrouted), using 354174,94 CPU seconds and 601190 MB memory.
2026-08-14 16:52:24.495 INFO   [11415E\7588A6] Auto-router pass #726 on board 'd78cd6352fc3f06b480515776d64f58b' was completed in 0,09 seconds with the score of 969,65 (1 unrouted), using 354174,94 CPU seconds and 601190 MB memory.
2026-08-14 16:52:24.585 INFO   [11415E\7588A6] Auto-router pass #727 on board 'd78cd6352fc3f06b480515776d64f58b' was completed in 0,08 seconds with the score of 969,65 (1 unrouted), using 354174,94 CPU seconds and 601190 MB memory.
2026-08-14 16:52:26.392 INFO   [11415E\7588A6] Restoring an earlier board that has the score of 969,65 (1 unrouted).
2026-08-14 16:52:26.392 INFO   [11415E\7588A6] Auto-router pass #728 on board 'd78cd6352fc3f06b480515776d64f58b' was completed in 1,80 seconds with the score of 969,65 (1 unrouted), using 355829,50 CPU seconds and 602781 MB memory.
2026-08-14 16:52:27.450 INFO   [11415E\7588A6] Auto-router pass #729 on board 'd78cd6352fc3f06b480515776d64f58b' was completed in 1,05 seconds with the score of 969,65 (1 unrouted), using 356658,25 CPU seconds and 603502 MB memory.
2026-08-14 16:52:27.545 INFO   [11415E\7588A6] Auto-router pass #730 on board 'd78cd6352fc3f06b480515776d64f58b' was completed in 0,09 seconds with the score of 969,65 (1 unrouted), using 356658,25 CPU seconds and 603502 MB memory.
2026-08-14 16:52:27.634 INFO   [11415E\7588A6] Auto-router pass #731 on board 'd78cd6352fc3f06b480515776d64f58b' was completed in 0,08 seconds with the score of 969,65 (1 unrouted), using 356658,25 CPU seconds and 603502 MB memory.
2026-08-14 16:52:29.409 INFO   [11415E\7588A6] Restoring an earlier board that has the score of 969,65 (1 unrouted).
2026-08-14 16:52:29.409 INFO   [11415E\7588A6] Auto-router pass #732 on board 'd78cd6352fc3f06b480515776d64f58b' was completed in 1,77 seconds with the score of 969,65 (1 unrouted), using 358318,66 CPU seconds and 605121 MB memory.
2026-08-14 16:52:30.473 INFO   [11415E\7588A6] Auto-router pass #733 on board 'd78cd6352fc3f06b480515776d64f58b' was completed in 1,05 seconds with the score of 969,65 (1 unrouted), using 359150,31 CPU seconds and 605849 MB memory.
2026-08-14 16:52:30.563 INFO   [11415E\7588A6] Auto-router pass #734 on board 'd78cd6352fc3f06b480515776d64f58b' was completed in 0,08 seconds with the score of 969,65 (1 unrouted), using 359150,31 CPU seconds and 605849 MB memory.
2026-08-14 16:52:30.657 INFO   [11415E\7588A6] Auto-router pass #735 on board 'd78cd6352fc3f06b480515776d64f58b' was completed in 0,09 seconds with the score of 969,65 (1 unrouted), using 359150,31 CPU seconds and 605849 MB memory.
2026-08-14 16:52:32.437 INFO   [11415E\7588A6] Restoring an earlier board that has the score of 969,65 (1 unrouted).
2026-08-14 16:52:32.437 INFO   [11415E\7588A6] Auto-router pass #736 on board 'd78cd6352fc3f06b480515776d64f58b' was completed in 1,77 seconds with the score of 969,65 (1 unrouted), using 360816,56 CPU seconds and 607449 MB memory.
2026-08-14 16:52:33.498 INFO   [11415E\7588A6] Auto-router pass #737 on board 'd78cd6352fc3f06b480515776d64f58b' was completed in 1,05 seconds with the score of 969,65 (1 unrouted), using 361651,16 CPU seconds and 608183 MB memory.
2026-08-14 16:52:33.588 INFO   [11415E\7588A6] Auto-router pass #738 on board 'd78cd6352fc3f06b480515776d64f58b' was completed in 0,08 seconds with the score of 969,65 (1 unrouted), using 361651,16 CPU seconds and 608183 MB memory.
2026-08-14 16:52:33.686 INFO   [11415E\7588A6] Auto-router pass #739 on board 'd78cd6352fc3f06b480515776d64f58b' was completed in 0,09 seconds with the score of 969,65 (1 unrouted), using 361651,16 CPU seconds and 608183 MB memory.
2026-08-14 16:52:35.484 INFO   [11415E\7588A6] Restoring an earlier board that has the score of 968,01 (2 unrouted).
2026-08-14 16:52:35.484 INFO   [11415E\7588A6] Auto-router pass #740 on board 'd78cd6352fc3f06b480515776d64f58b' was completed in 1,79 seconds with the score of 969,65 (1 unrouted), using 363323,25 CPU seconds and 609761 MB memory.
2026-08-14 16:52:36.946 INFO   [11415E\7588A6] Auto-router pass #741 on board 'b69fb80a6068d007db7d57072ff5cffa' was completed in 1,45 seconds with the score of 969,40 (1 unrouted), using 364160,75 CPU seconds and 610497 MB memory.
2026-08-14 16:52:37.061 INFO   [11415E\7588A6] Auto-router pass #742 on board 'ff6b3d73f70aa1b29e1c01f99057b12f' was completed in 0,08 seconds with the score of 969,40 (1 unrouted), using 364160,75 CPU seconds and 610497 MB memory.
2026-08-14 16:52:37.153 INFO   [11415E\7588A6] Auto-router pass #743 on board 'ff6b3d73f70aa1b29e1c01f99057b12f' was completed in 0,08 seconds with the score of 969,40 (1 unrouted), using 364160,75 CPU seconds and 610497 MB memory.
2026-08-14 16:52:37.288 WARN   ItemAutorouteInfo.get_expansion_room: p_index out of range
2026-08-14 16:52:37.288 WARN   ItemAutorouteInfo.get_expansion_room: p_index out of range
2026-08-14 16:52:37.288 WARN   ItemAutorouteInfo.get_expansion_room: p_index out of range
2026-08-14 16:52:37.292 WARN   ItemAutorouteInfo.get_expansion_room: p_index out of range
2026-08-14 16:52:37.292 WARN   ItemAutorouteInfo.get_expansion_room: p_index out of range
2026-08-14 16:52:37.292 WARN   ItemAutorouteInfo.get_expansion_room: p_index out of range
2026-08-14 16:52:37.384 WARN   ItemAutorouteInfo.get_expansion_room: p_index out of range
2026-08-14 16:52:37.384 WARN   ItemAutorouteInfo.get_expansion_room: p_index out of range
2026-08-14 16:52:37.429 WARN   ItemAutorouteInfo.get_expansion_room: p_index out of range
2026-08-14 16:52:37.432 WARN   ItemAutorouteInfo.get_expansion_room: p_index out of range
2026-08-14 16:52:37.432 WARN   ItemAutorouteInfo.get_expansion_room: p_index out of range
2026-08-14 16:52:37.531 WARN   ItemAutorouteInfo.get_expansion_room: p_index out of range
2026-08-14 16:52:37.531 WARN   ItemAutorouteInfo.get_expansion_room: p_index out of range
2026-08-14 16:52:37.531 WARN   ItemAutorouteInfo.get_expansion_room: p_index out of range
2026-08-14 16:52:37.531 WARN   ItemAutorouteInfo.get_expansion_room: p_index out of range
2026-08-14 16:52:37.531 WARN   ItemAutorouteInfo.get_expansion_room: p_index out of range
2026-08-14 16:52:37.531 WARN   ItemAutorouteInfo.get_expansion_room: p_index out of range
2026-08-14 16:52:37.532 WARN   ItemAutorouteInfo.get_expansion_room: p_index out of range
2026-08-14 16:52:37.554 WARN   ItemAutorouteInfo.get_expansion_room: p_index out of range
2026-08-14 16:52:37.574 WARN   ItemAutorouteInfo.get_expansion_room: p_index out of range
2026-08-14 16:52:37.574 WARN   ItemAutorouteInfo.get_expansion_room: p_index out of range
2026-08-14 16:52:37.575 WARN   ItemAutorouteInfo.get_expansion_room: p_index out of range
2026-08-14 16:52:37.575 WARN   ItemAutorouteInfo.get_expansion_room: p_index out of range
2026-08-14 16:52:37.575 WARN   ItemAutorouteInfo.get_expansion_room: p_index out of range
2026-08-14 16:52:37.586 WARN   ItemAutorouteInfo.get_expansion_room: p_index out of range
2026-08-14 16:52:37.586 WARN   ItemAutorouteInfo.get_expansion_room: p_index out of range
2026-08-14 16:52:37.586 WARN   ItemAutorouteInfo.get_expansion_room: p_index out of range
2026-08-14 16:52:37.587 WARN   ItemAutorouteInfo.get_expansion_room: p_index out of range
2026-08-14 16:52:37.587 WARN   ItemAutorouteInfo.get_expansion_room: p_index out of range
2026-08-14 16:52:37.587 WARN   ItemAutorouteInfo.get_expansion_room: p_index out of range
2026-08-14 16:52:37.648 WARN   ItemAutorouteInfo.get_expansion_room: p_index out of range
2026-08-14 16:52:37.649 WARN   ItemAutorouteInfo.get_expansion_room: p_index out of range
2026-08-14 16:52:37.672 WARN   ItemAutorouteInfo.get_expansion_room: p_index out of range
2026-08-14 16:52:37.672 WARN   ItemAutorouteInfo.get_expansion_room: p_index out of range
2026-08-14 16:52:37.672 WARN   ItemAutorouteInfo.get_expansion_room: p_index out of range
2026-08-14 16:52:37.672 WARN   ItemAutorouteInfo.get_expansion_room: p_index out of range
2026-08-14 16:52:37.672 WARN   ItemAutorouteInfo.get_expansion_room: p_index out of range
2026-08-14 16:52:37.672 WARN   ItemAutorouteInfo.get_expansion_room: p_index out of range
2026-08-14 16:52:37.672 WARN   ItemAutorouteInfo.get_expansion_room: p_index out of range
2026-08-14 16:52:37.673 WARN   ItemAutorouteInfo.get_expansion_room: p_index out of range
2026-08-14 16:52:37.673 WARN   ItemAutorouteInfo.get_expansion_room: p_index out of range
2026-08-14 16:52:37.673 WARN   ItemAutorouteInfo.get_expansion_room: p_index out of range
2026-08-14 16:52:37.688 WARN   ItemAutorouteInfo.get_expansion_room: p_index out of range
2026-08-14 16:52:37.688 WARN   ItemAutorouteInfo.get_expansion_room: p_index out of range
2026-08-14 16:52:37.688 WARN   ItemAutorouteInfo.get_expansion_room: p_index out of range
2026-08-14 16:52:37.739 WARN   ItemAutorouteInfo.get_expansion_room: p_index out of range
2026-08-14 16:52:37.739 WARN   ItemAutorouteInfo.get_expansion_room: p_index out of range
2026-08-14 16:52:37.767 WARN   ItemAutorouteInfo.get_expansion_room: p_index out of range
2026-08-14 16:52:37.777 WARN   ItemAutorouteInfo.get_expansion_room: p_index out of range
2026-08-14 16:52:37.916 WARN   ItemAutorouteInfo.get_expansion_room: p_index out of range
2026-08-14 16:52:37.916 WARN   ItemAutorouteInfo.get_expansion_room: p_index out of range
2026-08-14 16:52:37.917 WARN   ItemAutorouteInfo.get_expansion_room: p_index out of range
2026-08-14 16:52:37.917 WARN   ItemAutorouteInfo.get_expansion_room: p_index out of range
2026-08-14 16:52:37.919 WARN   ItemAutorouteInfo.get_expansion_room: p_index out of range
2026-08-14 16:52:37.919 WARN   ItemAutorouteInfo.get_expansion_room: p_index out of range
2026-08-14 16:52:37.919 WARN   ItemAutorouteInfo.get_expansion_room: p_index out of range
2026-08-14 16:52:37.919 WARN   ItemAutorouteInfo.get_expansion_room: p_index out of range
2026-08-14 16:52:37.920 WARN   ItemAutorouteInfo.get_expansion_room: p_index out of range
2026-08-14 16:52:37.956 WARN   ItemAutorouteInfo.get_expansion_room: p_index out of range
2026-08-14 16:52:37.956 WARN   ItemAutorouteInfo.get_expansion_room: p_index out of range
2026-08-14 16:52:37.956 WARN   ItemAutorouteInfo.get_expansion_room: p_index out of range
2026-08-14 16:52:37.956 WARN   ItemAutorouteInfo.get_expansion_room: p_index out of range
2026-08-14 16:52:37.957 WARN   ItemAutorouteInfo.get_expansion_room: p_index out of range
2026-08-14 16:52:37.957 WARN   ItemAutorouteInfo.get_expansion_room: p_index out of range
2026-08-14 16:52:37.957 WARN   ItemAutorouteInfo.get_expansion_room: p_index out of range
2026-08-14 16:52:37.957 WARN   ItemAutorouteInfo.get_expansion_room: p_index out of range
2026-08-14 16:52:37.961 WARN   ItemAutorouteInfo.get_expansion_room: p_index out of range
2026-08-14 16:52:37.961 WARN   ItemAutorouteInfo.get_expansion_room: p_index out of range
2026-08-14 16:52:37.966 WARN   ItemAutorouteInfo.get_expansion_room: p_index out of range
2026-08-14 16:52:37.966 WARN   ItemAutorouteInfo.get_expansion_room: p_index out of range
2026-08-14 16:52:37.966 WARN   ItemAutorouteInfo.get_expansion_room: p_index out of range
2026-08-14 16:52:37.994 WARN   ItemAutorouteInfo.get_expansion_room: p_index out of range
2026-08-14 16:52:37.994 WARN   ItemAutorouteInfo.get_expansion_room: p_index out of range
2026-08-14 16:52:37.994 WARN   ItemAutorouteInfo.get_expansion_room: p_index out of range
2026-08-14 16:52:38.006 WARN   ItemAutorouteInfo.get_expansion_room: p_index out of range
2026-08-14 16:52:38.006 WARN   ItemAutorouteInfo.get_expansion_room: p_index out of range
2026-08-14 16:52:38.006 WARN   ItemAutorouteInfo.get_expansion_room: p_index out of range
2026-08-14 16:52:38.006 WARN   ItemAutorouteInfo.get_expansion_room: p_index out of range
2026-08-14 16:52:38.006 WARN   ItemAutorouteInfo.get_expansion_room: p_index out of range
2026-08-14 16:52:38.017 WARN   ItemAutorouteInfo.get_expansion_room: p_index out of range
2026-08-14 16:52:38.019 WARN   ItemAutorouteInfo.get_expansion_room: p_index out of range
2026-08-14 16:52:38.019 WARN   ItemAutorouteInfo.get_expansion_room: p_index out of range
2026-08-14 16:52:38.019 WARN   ItemAutorouteInfo.get_expansion_room: p_index out of range
2026-08-14 16:52:38.019 WARN   ItemAutorouteInfo.get_expansion_room: p_index out of range
2026-08-14 16:52:38.019 WARN   ItemAutorouteInfo.get_expansion_room: p_index out of range
2026-08-14 16:52:38.043 WARN   ItemAutorouteInfo.get_expansion_room: p_index out of range
2026-08-14 16:52:38.043 WARN   ItemAutorouteInfo.get_expansion_room: p_index out of range
2026-08-14 16:52:38.043 WARN   ItemAutorouteInfo.get_expansion_room: p_index out of range
2026-08-14 16:52:38.043 WARN   ItemAutorouteInfo.get_expansion_room: p_index out of range
2026-08-14 16:52:38.222 WARN   ItemAutorouteInfo.get_expansion_room: p_index out of range
2026-08-14 16:52:38.222 WARN   ItemAutorouteInfo.get_expansion_room: p_index out of range
2026-08-14 16:52:38.262 WARN   ItemAutorouteInfo.get_expansion_room: p_index out of range
2026-08-14 16:52:38.284 WARN   ItemAutorouteInfo.get_expansion_room: p_index out of range
2026-08-14 16:52:38.286 WARN   ItemAutorouteInfo.get_expansion_room: p_index out of range
2026-08-14 16:52:38.296 WARN   ItemAutorouteInfo.get_expansion_room: p_index out of range
2026-08-14 16:52:38.298 WARN   ItemAutorouteInfo.get_expansion_room: p_index out of range
2026-08-14 16:52:38.338 WARN   ItemAutorouteInfo.get_expansion_room: p_index out of range
2026-08-14 16:52:38.383 WARN   ItemAutorouteInfo.get_expansion_room: p_index out of range
2026-08-14 16:52:38.432 WARN   ItemAutorouteInfo.get_expansion_room: p_index out of range
2026-08-14 16:52:38.446 WARN   ItemAutorouteInfo.get_expansion_room: p_index out of range
2026-08-14 16:52:38.482 WARN   ItemAutorouteInfo.get_expansion_room: p_index out of range
2026-08-14 16:52:38.787 WARN   ItemAutorouteInfo.get_expansion_room: p_index out of range
2026-08-14 16:52:38.825 WARN   ItemAutorouteInfo.get_expansion_room: p_index out of range
2026-08-14 16:52:38.826 WARN   ItemAutorouteInfo.get_expansion_room: p_index out of range
2026-08-14 16:52:38.826 WARN   ItemAutorouteInfo.get_expansion_room: p_index out of range
2026-08-14 16:52:38.826 WARN   ItemAutorouteInfo.get_expansion_room: p_index out of range
2026-08-14 16:52:38.869 WARN   ItemAutorouteInfo.get_expansion_room: p_index out of range
2026-08-14 16:52:38.869 WARN   ItemAutorouteInfo.get_expansion_room: p_index out of range
2026-08-14 16:52:38.869 WARN   ItemAutorouteInfo.get_expansion_room: p_index out of range
2026-08-14 16:52:38.869 WARN   ItemAutorouteInfo.get_expansion_room: p_index out of range
2026-08-14 16:52:38.869 WARN   ItemAutorouteInfo.get_expansion_room: p_index out of range
2026-08-14 16:52:38.869 WARN   ItemAutorouteInfo.get_expansion_room: p_index out of range
2026-08-14 16:52:39.092 INFO   [11415E\7588A6] Restoring an earlier board that has the score of 969,40 (1 unrouted).
2026-08-14 16:52:39.092 INFO   [11415E\7588A6] Auto-router pass #744 on board 'ff6b3d73f70aa1b29e1c01f99057b12f' was completed in 1,93 seconds with the score of 969,40 (1 unrouted), using 365838,66 CPU seconds and 611999 MB memory.
2026-08-14 16:52:40.160 INFO   [11415E\7588A6] Auto-router pass #745 on board 'ff6b3d73f70aa1b29e1c01f99057b12f' was completed in 1,06 seconds with the score of 969,40 (1 unrouted), using 366679,06 CPU seconds and 612812 MB memory.
2026-08-14 16:52:40.246 INFO   [11415E\7588A6] Auto-router pass #746 on board 'ff6b3d73f70aa1b29e1c01f99057b12f' was completed in 0,08 seconds with the score of 969,40 (1 unrouted), using 366679,06 CPU seconds and 612812 MB memory.
2026-08-14 16:52:40.337 INFO   [11415E\7588A6] Auto-router pass #747 on board 'ff6b3d73f70aa1b29e1c01f99057b12f' was completed in 0,08 seconds with the score of 969,40 (1 unrouted), using 367520,47 CPU seconds and 613561 MB memory.
2026-08-14 16:52:42.240 INFO   [11415E\7588A6] Restoring an earlier board that has the score of 969,40 (1 unrouted).
2026-08-14 16:52:42.241 INFO   [11415E\7588A6] Auto-router pass #748 on board 'ff6b3d73f70aa1b29e1c01f99057b12f' was completed in 1,90 seconds with the score of 969,40 (1 unrouted), using 368362,84 CPU seconds and 614330 MB memory.
2026-08-14 16:52:43.313 INFO   [11415E\7588A6] Auto-router pass #749 on board 'ff6b3d73f70aa1b29e1c01f99057b12f' was completed in 1,06 seconds with the score of 969,40 (1 unrouted), using 370050,50 CPU seconds and 615908 MB memory.
2026-08-14 16:52:43.404 INFO   [11415E\7588A6] Auto-router pass #750 on board 'ff6b3d73f70aa1b29e1c01f99057b12f' was completed in 0,08 seconds with the score of 969,40 (1 unrouted), using 370050,50 CPU seconds and 615908 MB memory.
2026-08-14 16:52:43.488 INFO   [11415E\7588A6] Auto-router pass #751 on board 'ff6b3d73f70aa1b29e1c01f99057b12f' was completed in 0,08 seconds with the score of 969,40 (1 unrouted), using 370050,50 CPU seconds and 615908 MB memory.
2026-08-14 16:52:45.384 INFO   [11415E\7588A6] Restoring an earlier board that has the score of 969,40 (1 unrouted).
2026-08-14 16:52:45.384 INFO   [11415E\7588A6] Auto-router pass #752 on board 'ff6b3d73f70aa1b29e1c01f99057b12f' was completed in 1,89 seconds with the score of 969,40 (1 unrouted), using 371742,09 CPU seconds and 617514 MB memory.
2026-08-14 16:52:46.458 INFO   [11415E\7588A6] Auto-router pass #753 on board 'ff6b3d73f70aa1b29e1c01f99057b12f' was completed in 1,06 seconds with the score of 969,40 (1 unrouted), using 372589,34 CPU seconds and 618234 MB memory.
2026-08-14 16:52:46.543 INFO   [11415E\7588A6] Auto-router pass #754 on board 'ff6b3d73f70aa1b29e1c01f99057b12f' was completed in 0,08 seconds with the score of 969,40 (1 unrouted), using 372589,34 CPU seconds and 618234 MB memory.
2026-08-14 16:52:46.628 INFO   [11415E\7588A6] Auto-router pass #755 on board 'ff6b3d73f70aa1b29e1c01f99057b12f' was completed in 0,08 seconds with the score of 969,40 (1 unrouted), using 372589,34 CPU seconds and 618234 MB memory.
2026-08-14 16:52:48.526 INFO   [11415E\7588A6] Restoring an earlier board that has the score of 969,40 (1 unrouted).
2026-08-14 16:52:48.526 INFO   [11415E\7588A6] Auto-router pass #756 on board 'ff6b3d73f70aa1b29e1c01f99057b12f' was completed in 1,89 seconds with the score of 969,40 (1 unrouted), using 374286,75 CPU seconds and 619834 MB memory.
2026-08-14 16:52:49.584 INFO   [11415E\7588A6] Auto-router pass #757 on board 'ff6b3d73f70aa1b29e1c01f99057b12f' was completed in 1,05 seconds with the score of 969,40 (1 unrouted), using 375136,94 CPU seconds and 620593 MB memory.
2026-08-14 16:52:49.669 INFO   [11415E\7588A6] Auto-router pass #758 on board 'ff6b3d73f70aa1b29e1c01f99057b12f' was completed in 0,08 seconds with the score of 969,40 (1 unrouted), using 375136,94 CPU seconds and 620593 MB memory.
2026-08-14 16:52:49.759 INFO   [11415E\7588A6] Auto-router pass #759 on board 'ff6b3d73f70aa1b29e1c01f99057b12f' was completed in 0,08 seconds with the score of 969,40 (1 unrouted), using 375136,94 CPU seconds and 620593 MB memory.
2026-08-14 16:52:51.643 INFO   [11415E\7588A6] Restoring an earlier board that has the score of 968,01 (2 unrouted).
2026-08-14 16:52:51.644 INFO   [11415E\7588A6] Auto-router pass #760 on board 'ff6b3d73f70aa1b29e1c01f99057b12f' was completed in 1,88 seconds with the score of 969,40 (1 unrouted), using 376840,22 CPU seconds and 622179 MB memory.
2026-08-14 16:52:53.698 INFO   [11415E\7588A6] Auto-router pass #761 on board 'b69fb80a6068d007db7d57072ff5cffa' was completed in 2,04 seconds with the score of 969,65 (1 unrouted), using 378547,41 CPU seconds and 623674 MB memory.
2026-08-14 16:52:53.795 INFO   [11415E\7588A6] Auto-router pass #762 on board 'd78cd6352fc3f06b480515776d64f58b' was completed in 0,09 seconds with the score of 969,65 (1 unrouted), using 378547,41 CPU seconds and 623674 MB memory.
2026-08-14 16:52:53.887 INFO   [11415E\7588A6] Auto-router pass #763 on board 'd78cd6352fc3f06b480515776d64f58b' was completed in 0,08 seconds with the score of 969,65 (1 unrouted), using 378547,41 CPU seconds and 623674 MB memory.
2026-08-14 16:52:55.684 INFO   [11415E\7588A6] Restoring an earlier board that has the score of 967,97 (2 unrouted).
2026-08-14 16:52:55.684 INFO   [11415E\7588A6] Auto-router pass #764 on board 'd78cd6352fc3f06b480515776d64f58b' was completed in 1,79 seconds with the score of 969,65 (1 unrouted), using 380258,50 CPU seconds and 625252 MB memory.
2026-08-14 16:52:57.265 INFO   [11415E\7588A6] Auto-router pass #765 on board '07ce9f5745d51ca00e9db629d50ef121' was completed in 1,57 seconds with the score of 969,37 (1 unrouted), using 381115,50 CPU seconds and 626007 MB memory.
2026-08-14 16:52:57.369 INFO   [11415E\7588A6] Auto-router pass #766 on board '7bde050913b426dded216c6fe2459482' was completed in 0,08 seconds with the score of 969,37 (1 unrouted), using 381973,47 CPU seconds and 626749 MB memory.
2026-08-14 16:52:57.468 INFO   [11415E\7588A6] Auto-router pass #767 on board '7bde050913b426dded216c6fe2459482' was completed in 0,09 seconds with the score of 969,37 (1 unrouted), using 381973,47 CPU seconds and 626749 MB memory.
2026-08-14 16:52:57.609 WARN   ItemAutorouteInfo.get_expansion_room: p_index out of range
2026-08-14 16:52:57.609 WARN   ItemAutorouteInfo.get_expansion_room: p_index out of range
2026-08-14 16:52:57.711 WARN   ItemAutorouteInfo.get_expansion_room: p_index out of range
2026-08-14 16:52:57.712 WARN   ItemAutorouteInfo.get_expansion_room: p_index out of range
2026-08-14 16:52:57.712 WARN   ItemAutorouteInfo.get_expansion_room: p_index out of range
2026-08-14 16:52:57.712 WARN   ItemAutorouteInfo.get_expansion_room: p_index out of range
2026-08-14 16:52:57.712 WARN   ItemAutorouteInfo.get_expansion_room: p_index out of range
2026-08-14 16:52:57.753 WARN   ItemAutorouteInfo.get_expansion_room: p_index out of range
2026-08-14 16:52:57.755 WARN   ItemAutorouteInfo.get_expansion_room: p_index out of range
2026-08-14 16:52:57.755 WARN   ItemAutorouteInfo.get_expansion_room: p_index out of range
2026-08-14 16:52:57.837 WARN   ItemAutorouteInfo.get_expansion_room: p_index out of range
2026-08-14 16:52:57.837 WARN   ItemAutorouteInfo.get_expansion_room: p_index out of range
2026-08-14 16:52:57.837 WARN   ItemAutorouteInfo.get_expansion_room: p_index out of range
2026-08-14 16:52:57.837 WARN   ItemAutorouteInfo.get_expansion_room: p_index out of range
2026-08-14 16:52:57.837 WARN   ItemAutorouteInfo.get_expansion_room: p_index out of range
2026-08-14 16:52:57.838 WARN   ItemAutorouteInfo.get_expansion_room: p_index out of range
2026-08-14 16:52:57.838 WARN   ItemAutorouteInfo.get_expansion_room: p_index out of range
2026-08-14 16:52:57.860 WARN   ItemAutorouteInfo.get_expansion_room: p_index out of range
2026-08-14 16:52:57.878 WARN   ItemAutorouteInfo.get_expansion_room: p_index out of range
2026-08-14 16:52:57.879 WARN   ItemAutorouteInfo.get_expansion_room: p_index out of range
2026-08-14 16:52:57.879 WARN   ItemAutorouteInfo.get_expansion_room: p_index out of range
2026-08-14 16:52:57.879 WARN   ItemAutorouteInfo.get_expansion_room: p_index out of range
2026-08-14 16:52:57.879 WARN   ItemAutorouteInfo.get_expansion_room: p_index out of range
2026-08-14 16:52:57.891 WARN   ItemAutorouteInfo.get_expansion_room: p_index out of range
2026-08-14 16:52:57.891 WARN   ItemAutorouteInfo.get_expansion_room: p_index out of range
2026-08-14 16:52:57.903 WARN   ItemAutorouteInfo.get_expansion_room: p_index out of range
2026-08-14 16:52:57.903 WARN   ItemAutorouteInfo.get_expansion_room: p_index out of range
2026-08-14 16:52:57.903 WARN   ItemAutorouteInfo.get_expansion_room: p_index out of range
2026-08-14 16:52:57.958 WARN   ItemAutorouteInfo.get_expansion_room: p_index out of range
2026-08-14 16:52:57.959 WARN   ItemAutorouteInfo.get_expansion_room: p_index out of range
2026-08-14 16:52:57.997 WARN   ItemAutorouteInfo.get_expansion_room: p_index out of range
2026-08-14 16:52:57.997 WARN   ItemAutorouteInfo.get_expansion_room: p_index out of range
2026-08-14 16:52:57.997 WARN   ItemAutorouteInfo.get_expansion_room: p_index out of range
2026-08-14 16:52:57.997 WARN   ItemAutorouteInfo.get_expansion_room: p_index out of range
2026-08-14 16:52:57.997 WARN   ItemAutorouteInfo.get_expansion_room: p_index out of range
2026-08-14 16:52:57.997 WARN   ItemAutorouteInfo.get_expansion_room: p_index out of range
2026-08-14 16:52:57.998 WARN   ItemAutorouteInfo.get_expansion_room: p_index out of range
2026-08-14 16:52:57.998 WARN   ItemAutorouteInfo.get_expansion_room: p_index out of range
2026-08-14 16:52:57.998 WARN   ItemAutorouteInfo.get_expansion_room: p_index out of range
2026-08-14 16:52:57.998 WARN   ItemAutorouteInfo.get_expansion_room: p_index out of range
2026-08-14 16:52:58.005 WARN   ItemAutorouteInfo.get_expansion_room: p_index out of range
2026-08-14 16:52:58.005 WARN   ItemAutorouteInfo.get_expansion_room: p_index out of range
2026-08-14 16:52:58.005 WARN   ItemAutorouteInfo.get_expansion_room: p_index out of range
2026-08-14 16:52:58.005 WARN   ItemAutorouteInfo.get_expansion_room: p_index out of range
2026-08-14 16:52:58.050 WARN   ItemAutorouteInfo.get_expansion_room: p_index out of range
2026-08-14 16:52:58.050 WARN   ItemAutorouteInfo.get_expansion_room: p_index out of range
2026-08-14 16:52:58.084 WARN   ItemAutorouteInfo.get_expansion_room: p_index out of range
2026-08-14 16:52:58.090 WARN   ItemAutorouteInfo.get_expansion_room: p_index out of range
2026-08-14 16:52:58.236 WARN   ItemAutorouteInfo.get_expansion_room: p_index out of range
2026-08-14 16:52:58.236 WARN   ItemAutorouteInfo.get_expansion_room: p_index out of range
2026-08-14 16:52:58.237 WARN   ItemAutorouteInfo.get_expansion_room: p_index out of range
2026-08-14 16:52:58.237 WARN   ItemAutorouteInfo.get_expansion_room: p_index out of range
2026-08-14 16:52:58.238 WARN   ItemAutorouteInfo.get_expansion_room: p_index out of range
2026-08-14 16:52:58.238 WARN   ItemAutorouteInfo.get_expansion_room: p_index out of range
2026-08-14 16:52:58.239 WARN   ItemAutorouteInfo.get_expansion_room: p_index out of range
2026-08-14 16:52:58.239 WARN   ItemAutorouteInfo.get_expansion_room: p_index out of range
2026-08-14 16:52:58.239 WARN   ItemAutorouteInfo.get_expansion_room: p_index out of range
2026-08-14 16:52:58.271 WARN   ItemAutorouteInfo.get_expansion_room: p_index out of range
2026-08-14 16:52:58.271 WARN   ItemAutorouteInfo.get_expansion_room: p_index out of range
2026-08-14 16:52:58.272 WARN   ItemAutorouteInfo.get_expansion_room: p_index out of range
2026-08-14 16:52:58.278 WARN   ItemAutorouteInfo.get_expansion_room: p_index out of range
2026-08-14 16:52:58.278 WARN   ItemAutorouteInfo.get_expansion_room: p_index out of range
2026-08-14 16:52:58.278 WARN   ItemAutorouteInfo.get_expansion_room: p_index out of range
2026-08-14 16:52:58.278 WARN   ItemAutorouteInfo.get_expansion_room: p_index out of range
2026-08-14 16:52:58.278 WARN   ItemAutorouteInfo.get_expansion_room: p_index out of range
2026-08-14 16:52:58.278 WARN   ItemAutorouteInfo.get_expansion_room: p_index out of range
2026-08-14 16:52:58.278 WARN   ItemAutorouteInfo.get_expansion_room: p_index out of range
2026-08-14 16:52:58.278 WARN   ItemAutorouteInfo.get_expansion_room: p_index out of range
2026-08-14 16:52:58.282 WARN   ItemAutorouteInfo.get_expansion_room: p_index out of range
2026-08-14 16:52:58.283 WARN   ItemAutorouteInfo.get_expansion_room: p_index out of range
2026-08-14 16:52:58.296 WARN   ItemAutorouteInfo.get_expansion_room: p_index out of range
2026-08-14 16:52:58.296 WARN   ItemAutorouteInfo.get_expansion_room: p_index out of range
2026-08-14 16:52:58.296 WARN   ItemAutorouteInfo.get_expansion_room: p_index out of range
2026-08-14 16:52:58.307 WARN   ItemAutorouteInfo.get_expansion_room: p_index out of range
2026-08-14 16:52:58.307 WARN   ItemAutorouteInfo.get_expansion_room: p_index out of range
2026-08-14 16:52:58.307 WARN   ItemAutorouteInfo.get_expansion_room: p_index out of range
2026-08-14 16:52:58.307 WARN   ItemAutorouteInfo.get_expansion_room: p_index out of range
2026-08-14 16:52:58.307 WARN   ItemAutorouteInfo.get_expansion_room: p_index out of range
2026-08-14 16:52:58.315 WARN   ItemAutorouteInfo.get_expansion_room: p_index out of range
2026-08-14 16:52:58.320 WARN   ItemAutorouteInfo.get_expansion_room: p_index out of range
2026-08-14 16:52:58.320 WARN   ItemAutorouteInfo.get_expansion_room: p_index out of range
2026-08-14 16:52:58.320 WARN   ItemAutorouteInfo.get_expansion_room: p_index out of range
2026-08-14 16:52:58.320 WARN   ItemAutorouteInfo.get_expansion_room: p_index out of range
2026-08-14 16:52:58.320 WARN   ItemAutorouteInfo.get_expansion_room: p_index out of range
2026-08-14 16:52:58.338 WARN   ItemAutorouteInfo.get_expansion_room: p_index out of range
2026-08-14 16:52:58.339 WARN   ItemAutorouteInfo.get_expansion_room: p_index out of range
2026-08-14 16:52:58.339 WARN   ItemAutorouteInfo.get_expansion_room: p_index out of range
2026-08-14 16:52:58.339 WARN   ItemAutorouteInfo.get_expansion_room: p_index out of range
2026-08-14 16:52:58.467 WARN   ItemAutorouteInfo.get_expansion_room: p_index out of range
2026-08-14 16:52:58.467 WARN   ItemAutorouteInfo.get_expansion_room: p_index out of range
2026-08-14 16:52:58.481 WARN   ItemAutorouteInfo.get_expansion_room: p_index out of range
2026-08-14 16:52:58.542 WARN   ItemAutorouteInfo.get_expansion_room: p_index out of range
2026-08-14 16:52:58.551 WARN   ItemAutorouteInfo.get_expansion_room: p_index out of range
2026-08-14 16:52:58.552 WARN   ItemAutorouteInfo.get_expansion_room: p_index out of range
2026-08-14 16:52:58.553 WARN   ItemAutorouteInfo.get_expansion_room: p_index out of range
2026-08-14 16:52:58.556 WARN   ItemAutorouteInfo.get_expansion_room: p_index out of range
2026-08-14 16:52:58.631 WARN   ItemAutorouteInfo.get_expansion_room: p_index out of range
2026-08-14 16:52:58.631 WARN   ItemAutorouteInfo.get_expansion_room: p_index out of range
2026-08-14 16:52:58.689 WARN   ItemAutorouteInfo.get_expansion_room: p_index out of range
2026-08-14 16:52:58.733 WARN   ItemAutorouteInfo.get_expansion_room: p_index out of range
2026-08-14 16:52:58.764 WARN   ItemAutorouteInfo.get_expansion_room: p_index out of range
2026-08-14 16:52:58.805 WARN   ItemAutorouteInfo.get_expansion_room: p_index out of range
2026-08-14 16:52:58.838 WARN   ItemAutorouteInfo.get_expansion_room: p_index out of range
2026-08-14 16:52:58.838 WARN   ItemAutorouteInfo.get_expansion_room: p_index out of range
2026-08-14 16:52:58.838 WARN   ItemAutorouteInfo.get_expansion_room: p_index out of range
2026-08-14 16:52:58.838 WARN   ItemAutorouteInfo.get_expansion_room: p_index out of range
2026-08-14 16:52:58.909 WARN   ItemAutorouteInfo.get_expansion_room: p_index out of range
2026-08-14 16:52:58.909 WARN   ItemAutorouteInfo.get_expansion_room: p_index out of range
2026-08-14 16:52:58.909 WARN   ItemAutorouteInfo.get_expansion_room: p_index out of range
2026-08-14 16:52:58.910 WARN   ItemAutorouteInfo.get_expansion_room: p_index out of range
2026-08-14 16:52:58.910 WARN   ItemAutorouteInfo.get_expansion_room: p_index out of range
2026-08-14 16:52:59.108 WARN   ItemAutorouteInfo.get_expansion_room: p_index out of range
2026-08-14 16:52:59.108 WARN   ItemAutorouteInfo.get_expansion_room: p_index out of range
2026-08-14 16:52:59.324 INFO   [11415E\7588A6] Restoring an earlier board that has the score of 969,37 (1 unrouted).
2026-08-14 16:52:59.324 INFO   [11415E\7588A6] Auto-router pass #768 on board '7bde050913b426dded216c6fe2459482' was completed in 1,85 seconds with the score of 969,37 (1 unrouted), using 383692,25 CPU seconds and 628323 MB memory.
2026-08-14 16:53:00.354 INFO   [11415E\7588A6] Auto-router pass #769 on board '7bde050913b426dded216c6fe2459482' was completed in 1,02 seconds with the score of 969,37 (1 unrouted), using 384553,09 CPU seconds and 629062 MB memory.
2026-08-14 16:53:00.440 INFO   [11415E\7588A6] Auto-router pass #770 on board '7bde050913b426dded216c6fe2459482' was completed in 0,08 seconds with the score of 969,37 (1 unrouted), using 384553,09 CPU seconds and 629062 MB memory.
2026-08-14 16:53:00.534 INFO   [11415E\7588A6] Auto-router pass #771 on board '7bde050913b426dded216c6fe2459482' was completed in 0,08 seconds with the score of 969,37 (1 unrouted), using 384553,09 CPU seconds and 629062 MB memory.
2026-08-14 16:53:02.363 INFO   [11415E\7588A6] Restoring an earlier board that has the score of 969,37 (1 unrouted).
2026-08-14 16:53:02.363 INFO   [11415E\7588A6] Auto-router pass #772 on board '7bde050913b426dded216c6fe2459482' was completed in 1,82 seconds with the score of 969,37 (1 unrouted), using 386277,75 CPU seconds and 630665 MB memory.
2026-08-14 16:53:03.396 INFO   [11415E\7588A6] Auto-router pass #773 on board '7bde050913b426dded216c6fe2459482' was completed in 1,02 seconds with the score of 969,37 (1 unrouted), using 387141,53 CPU seconds and 631404 MB memory.
2026-08-14 16:53:03.483 INFO   [11415E\7588A6] Auto-router pass #774 on board '7bde050913b426dded216c6fe2459482' was completed in 0,08 seconds with the score of 969,37 (1 unrouted), using 387141,53 CPU seconds and 631404 MB memory.
2026-08-14 16:53:03.575 INFO   [11415E\7588A6] Auto-router pass #775 on board '7bde050913b426dded216c6fe2459482' was completed in 0,08 seconds with the score of 969,37 (1 unrouted), using 387141,53 CPU seconds and 631404 MB memory.
2026-08-14 16:53:05.409 INFO   [11415E\7588A6] Restoring an earlier board that has the score of 969,37 (1 unrouted).
2026-08-14 16:53:05.409 INFO   [11415E\7588A6] Auto-router pass #776 on board '7bde050913b426dded216c6fe2459482' was completed in 1,82 seconds with the score of 969,37 (1 unrouted), using 388872,00 CPU seconds and 632999 MB memory.
2026-08-14 16:53:06.450 INFO   [11415E\7588A6] Auto-router pass #777 on board '7bde050913b426dded216c6fe2459482' was completed in 1,03 seconds with the score of 969,37 (1 unrouted), using 389738,72 CPU seconds and 633723 MB memory.
2026-08-14 16:53:06.536 INFO   [11415E\7588A6] Auto-router pass #778 on board '7bde050913b426dded216c6fe2459482' was completed in 0,08 seconds with the score of 969,37 (1 unrouted), using 389738,72 CPU seconds and 633723 MB memory.
2026-08-14 16:53:06.628 INFO   [11415E\7588A6] Auto-router pass #779 on board '7bde050913b426dded216c6fe2459482' was completed in 0,08 seconds with the score of 969,37 (1 unrouted), using 389738,72 CPU seconds and 633723 MB memory.
2026-08-14 16:53:08.470 INFO   [11415E\7588A6] Restoring an earlier board that has the score of 969,37 (1 unrouted).
2026-08-14 16:53:08.470 INFO   [11415E\7588A6] Auto-router pass #780 on board '7bde050913b426dded216c6fe2459482' was completed in 1,83 seconds with the score of 969,37 (1 unrouted), using 391475,06 CPU seconds and 635320 MB memory.
2026-08-14 16:53:09.501 INFO   [11415E\7588A6] Auto-router pass #781 on board '7bde050913b426dded216c6fe2459482' was completed in 1,02 seconds with the score of 969,37 (1 unrouted), using 392344,69 CPU seconds and 636064 MB memory.
2026-08-14 16:53:09.587 INFO   [11415E\7588A6] Auto-router pass #782 on board '7bde050913b426dded216c6fe2459482' was completed in 0,08 seconds with the score of 969,37 (1 unrouted), using 392344,69 CPU seconds and 636064 MB memory.
2026-08-14 16:53:09.680 INFO   [11415E\7588A6] Auto-router pass #783 on board '7bde050913b426dded216c6fe2459482' was completed in 0,08 seconds with the score of 969,37 (1 unrouted), using 392344,69 CPU seconds and 636064 MB memory.
2026-08-14 16:53:11.514 INFO   [11415E\7588A6] Restoring an earlier board that has the score of 967,97 (2 unrouted).
2026-08-14 16:53:11.514 INFO   [11415E\7588A6] Auto-router pass #784 on board '7bde050913b426dded216c6fe2459482' was completed in 1,82 seconds with the score of 969,37 (1 unrouted), using 394086,91 CPU seconds and 637656 MB memory.
2026-08-14 16:53:13.063 INFO   [11415E\7588A6] Auto-router pass #785 on board '07ce9f5745d51ca00e9db629d50ef121' was completed in 1,54 seconds with the score of 969,37 (1 unrouted), using 394959,47 CPU seconds and 638399 MB memory.
2026-08-14 16:53:13.152 INFO   [11415E\7588A6] Auto-router pass #786 on board '7bde050913b426dded216c6fe2459482' was completed in 0,08 seconds with the score of 969,37 (1 unrouted), using 394959,47 CPU seconds and 638399 MB memory.
2026-08-14 16:53:13.247 INFO   [11415E\7588A6] Auto-router pass #787 on board '7bde050913b426dded216c6fe2459482' was completed in 0,09 seconds with the score of 969,37 (1 unrouted), using 394959,47 CPU seconds and 638399 MB memory.
2026-08-14 16:53:13.388 WARN   ItemAutorouteInfo.get_expansion_room: p_index out of range
2026-08-14 16:53:13.388 WARN   ItemAutorouteInfo.get_expansion_room: p_index out of range
2026-08-14 16:53:13.488 WARN   ItemAutorouteInfo.get_expansion_room: p_index out of range
2026-08-14 16:53:13.488 WARN   ItemAutorouteInfo.get_expansion_room: p_index out of range
2026-08-14 16:53:13.488 WARN   ItemAutorouteInfo.get_expansion_room: p_index out of range
2026-08-14 16:53:13.488 WARN   ItemAutorouteInfo.get_expansion_room: p_index out of range
2026-08-14 16:53:13.488 WARN   ItemAutorouteInfo.get_expansion_room: p_index out of range
2026-08-14 16:53:13.529 WARN   ItemAutorouteInfo.get_expansion_room: p_index out of range
2026-08-14 16:53:13.531 WARN   ItemAutorouteInfo.get_expansion_room: p_index out of range
2026-08-14 16:53:13.531 WARN   ItemAutorouteInfo.get_expansion_room: p_index out of range
2026-08-14 16:53:13.613 WARN   ItemAutorouteInfo.get_expansion_room: p_index out of range
2026-08-14 16:53:13.613 WARN   ItemAutorouteInfo.get_expansion_room: p_index out of range
2026-08-14 16:53:13.613 WARN   ItemAutorouteInfo.get_expansion_room: p_index out of range
2026-08-14 16:53:13.613 WARN   ItemAutorouteInfo.get_expansion_room: p_index out of range
2026-08-14 16:53:13.613 WARN   ItemAutorouteInfo.get_expansion_room: p_index out of range
2026-08-14 16:53:13.613 WARN   ItemAutorouteInfo.get_expansion_room: p_index out of range
2026-08-14 16:53:13.614 WARN   ItemAutorouteInfo.get_expansion_room: p_index out of range
2026-08-14 16:53:13.636 WARN   ItemAutorouteInfo.get_expansion_room: p_index out of range
2026-08-14 16:53:13.654 WARN   ItemAutorouteInfo.get_expansion_room: p_index out of range
2026-08-14 16:53:13.654 WARN   ItemAutorouteInfo.get_expansion_room: p_index out of range
2026-08-14 16:53:13.654 WARN   ItemAutorouteInfo.get_expansion_room: p_index out of range
2026-08-14 16:53:13.654 WARN   ItemAutorouteInfo.get_expansion_room: p_index out of range
2026-08-14 16:53:13.655 WARN   ItemAutorouteInfo.get_expansion_room: p_index out of range
2026-08-14 16:53:13.666 WARN   ItemAutorouteInfo.get_expansion_room: p_index out of range
2026-08-14 16:53:13.667 WARN   ItemAutorouteInfo.get_expansion_room: p_index out of range
2026-08-14 16:53:13.668 WARN   ItemAutorouteInfo.get_expansion_room: p_index out of range
2026-08-14 16:53:13.668 WARN   ItemAutorouteInfo.get_expansion_room: p_index out of range
2026-08-14 16:53:13.668 WARN   ItemAutorouteInfo.get_expansion_room: p_index out of range
2026-08-14 16:53:13.729 WARN   ItemAutorouteInfo.get_expansion_room: p_index out of range
2026-08-14 16:53:13.729 WARN   ItemAutorouteInfo.get_expansion_room: p_index out of range
2026-08-14 16:53:13.767 WARN   ItemAutorouteInfo.get_expansion_room: p_index out of range
2026-08-14 16:53:13.767 WARN   ItemAutorouteInfo.get_expansion_room: p_index out of range
2026-08-14 16:53:13.767 WARN   ItemAutorouteInfo.get_expansion_room: p_index out of range
2026-08-14 16:53:13.767 WARN   ItemAutorouteInfo.get_expansion_room: p_index out of range
2026-08-14 16:53:13.767 WARN   ItemAutorouteInfo.get_expansion_room: p_index out of range
2026-08-14 16:53:13.767 WARN   ItemAutorouteInfo.get_expansion_room: p_index out of range
2026-08-14 16:53:13.767 WARN   ItemAutorouteInfo.get_expansion_room: p_index out of range
2026-08-14 16:53:13.768 WARN   ItemAutorouteInfo.get_expansion_room: p_index out of range
2026-08-14 16:53:13.768 WARN   ItemAutorouteInfo.get_expansion_room: p_index out of range
2026-08-14 16:53:13.768 WARN   ItemAutorouteInfo.get_expansion_room: p_index out of range
2026-08-14 16:53:13.774 WARN   ItemAutorouteInfo.get_expansion_room: p_index out of range
2026-08-14 16:53:13.775 WARN   ItemAutorouteInfo.get_expansion_room: p_index out of range
2026-08-14 16:53:13.775 WARN   ItemAutorouteInfo.get_expansion_room: p_index out of range
2026-08-14 16:53:13.775 WARN   ItemAutorouteInfo.get_expansion_room: p_index out of range
2026-08-14 16:53:13.819 WARN   ItemAutorouteInfo.get_expansion_room: p_index out of range
2026-08-14 16:53:13.819 WARN   ItemAutorouteInfo.get_expansion_room: p_index out of range
2026-08-14 16:53:13.845 WARN   ItemAutorouteInfo.get_expansion_room: p_index out of range
2026-08-14 16:53:13.851 WARN   ItemAutorouteInfo.get_expansion_room: p_index out of range
2026-08-14 16:53:13.997 WARN   ItemAutorouteInfo.get_expansion_room: p_index out of range
2026-08-14 16:53:13.997 WARN   ItemAutorouteInfo.get_expansion_room: p_index out of range
2026-08-14 16:53:13.998 WARN   ItemAutorouteInfo.get_expansion_room: p_index out of range
2026-08-14 16:53:13.998 WARN   ItemAutorouteInfo.get_expansion_room: p_index out of range
2026-08-14 16:53:13.999 WARN   ItemAutorouteInfo.get_expansion_room: p_index out of range
2026-08-14 16:53:13.999 WARN   ItemAutorouteInfo.get_expansion_room: p_index out of range
2026-08-14 16:53:13.999 WARN   ItemAutorouteInfo.get_expansion_room: p_index out of range
2026-08-14 16:53:14.000 WARN   ItemAutorouteInfo.get_expansion_room: p_index out of range
2026-08-14 16:53:14.000 WARN   ItemAutorouteInfo.get_expansion_room: p_index out of range
2026-08-14 16:53:14.033 WARN   ItemAutorouteInfo.get_expansion_room: p_index out of range
2026-08-14 16:53:14.033 WARN   ItemAutorouteInfo.get_expansion_room: p_index out of range
2026-08-14 16:53:14.033 WARN   ItemAutorouteInfo.get_expansion_room: p_index out of range
2026-08-14 16:53:14.039 WARN   ItemAutorouteInfo.get_expansion_room: p_index out of range
2026-08-14 16:53:14.039 WARN   ItemAutorouteInfo.get_expansion_room: p_index out of range
2026-08-14 16:53:14.039 WARN   ItemAutorouteInfo.get_expansion_room: p_index out of range
2026-08-14 16:53:14.040 WARN   ItemAutorouteInfo.get_expansion_room: p_index out of range
2026-08-14 16:53:14.040 WARN   ItemAutorouteInfo.get_expansion_room: p_index out of range
2026-08-14 16:53:14.040 WARN   ItemAutorouteInfo.get_expansion_room: p_index out of range
2026-08-14 16:53:14.040 WARN   ItemAutorouteInfo.get_expansion_room: p_index out of range
2026-08-14 16:53:14.040 WARN   ItemAutorouteInfo.get_expansion_room: p_index out of range
2026-08-14 16:53:14.044 WARN   ItemAutorouteInfo.get_expansion_room: p_index out of range
2026-08-14 16:53:14.044 WARN   ItemAutorouteInfo.get_expansion_room: p_index out of range
2026-08-14 16:53:14.058 WARN   ItemAutorouteInfo.get_expansion_room: p_index out of range
2026-08-14 16:53:14.058 WARN   ItemAutorouteInfo.get_expansion_room: p_index out of range
2026-08-14 16:53:14.058 WARN   ItemAutorouteInfo.get_expansion_room: p_index out of range
2026-08-14 16:53:14.068 WARN   ItemAutorouteInfo.get_expansion_room: p_index out of range
2026-08-14 16:53:14.068 WARN   ItemAutorouteInfo.get_expansion_room: p_index out of range
2026-08-14 16:53:14.068 WARN   ItemAutorouteInfo.get_expansion_room: p_index out of range
2026-08-14 16:53:14.068 WARN   ItemAutorouteInfo.get_expansion_room: p_index out of range
2026-08-14 16:53:14.068 WARN   ItemAutorouteInfo.get_expansion_room: p_index out of range
2026-08-14 16:53:14.076 WARN   ItemAutorouteInfo.get_expansion_room: p_index out of range
2026-08-14 16:53:14.081 WARN   ItemAutorouteInfo.get_expansion_room: p_index out of range
2026-08-14 16:53:14.081 WARN   ItemAutorouteInfo.get_expansion_room: p_index out of range
2026-08-14 16:53:14.081 WARN   ItemAutorouteInfo.get_expansion_room: p_index out of range
2026-08-14 16:53:14.082 WARN   ItemAutorouteInfo.get_expansion_room: p_index out of range
2026-08-14 16:53:14.082 WARN   ItemAutorouteInfo.get_expansion_room: p_index out of range
2026-08-14 16:53:14.100 WARN   ItemAutorouteInfo.get_expansion_room: p_index out of range
2026-08-14 16:53:14.100 WARN   ItemAutorouteInfo.get_expansion_room: p_index out of range
2026-08-14 16:53:14.100 WARN   ItemAutorouteInfo.get_expansion_room: p_index out of range
2026-08-14 16:53:14.101 WARN   ItemAutorouteInfo.get_expansion_room: p_index out of range
2026-08-14 16:53:14.230 WARN   ItemAutorouteInfo.get_expansion_room: p_index out of range
2026-08-14 16:53:14.230 WARN   ItemAutorouteInfo.get_expansion_room: p_index out of range
2026-08-14 16:53:14.244 WARN   ItemAutorouteInfo.get_expansion_room: p_index out of range
2026-08-14 16:53:14.307 WARN   ItemAutorouteInfo.get_expansion_room: p_index out of range
2026-08-14 16:53:14.315 WARN   ItemAutorouteInfo.get_expansion_room: p_index out of range
2026-08-14 16:53:14.316 WARN   ItemAutorouteInfo.get_expansion_room: p_index out of range
2026-08-14 16:53:14.318 WARN   ItemAutorouteInfo.get_expansion_room: p_index out of range
2026-08-14 16:53:14.320 WARN   ItemAutorouteInfo.get_expansion_room: p_index out of range
2026-08-14 16:53:14.396 WARN   ItemAutorouteInfo.get_expansion_room: p_index out of range
2026-08-14 16:53:14.396 WARN   ItemAutorouteInfo.get_expansion_room: p_index out of range
2026-08-14 16:53:14.443 WARN   ItemAutorouteInfo.get_expansion_room: p_index out of range
2026-08-14 16:53:14.498 WARN   ItemAutorouteInfo.get_expansion_room: p_index out of range
2026-08-14 16:53:14.529 WARN   ItemAutorouteInfo.get_expansion_room: p_index out of range
2026-08-14 16:53:14.570 WARN   ItemAutorouteInfo.get_expansion_room: p_index out of range
2026-08-14 16:53:14.604 WARN   ItemAutorouteInfo.get_expansion_room: p_index out of range
2026-08-14 16:53:14.604 WARN   ItemAutorouteInfo.get_expansion_room: p_index out of range
2026-08-14 16:53:14.604 WARN   ItemAutorouteInfo.get_expansion_room: p_index out of range
2026-08-14 16:53:14.604 WARN   ItemAutorouteInfo.get_expansion_room: p_index out of range
2026-08-14 16:53:14.675 WARN   ItemAutorouteInfo.get_expansion_room: p_index out of range
2026-08-14 16:53:14.675 WARN   ItemAutorouteInfo.get_expansion_room: p_index out of range
2026-08-14 16:53:14.675 WARN   ItemAutorouteInfo.get_expansion_room: p_index out of range
2026-08-14 16:53:14.676 WARN   ItemAutorouteInfo.get_expansion_room: p_index out of range
2026-08-14 16:53:14.676 WARN   ItemAutorouteInfo.get_expansion_room: p_index out of range
2026-08-14 16:53:14.875 WARN   ItemAutorouteInfo.get_expansion_room: p_index out of range
2026-08-14 16:53:14.875 WARN   ItemAutorouteInfo.get_expansion_room: p_index out of range
2026-08-14 16:53:15.092 INFO   [11415E\7588A6] Restoring an earlier board that has the score of 967,97 (2 unrouted).
2026-08-14 16:53:15.092 INFO   [11415E\7588A6] Auto-router pass #788 on board '7bde050913b426dded216c6fe2459482' was completed in 1,84 seconds with the score of 969,37 (1 unrouted), using 396707,50 CPU seconds and 639923 MB memory.
2026-08-14 16:53:17.081 INFO   [11415E\7588A6] Auto-router pass #789 on board '07ce9f5745d51ca00e9db629d50ef121' was completed in 1,98 seconds with the score of 968,07 (2 unrouted), using 398459,44 CPU seconds and 641529 MB memory.
2026-08-14 16:53:18.124 INFO   [11415E\7588A6] Auto-router pass #790 on board 'b53686dafd04b72da22e0e2e54d29ce4' was completed in 1,02 seconds with the score of 969,65 (1 unrouted), using 399336,84 CPU seconds and 642352 MB memory.
2026-08-14 16:53:18.230 INFO   [11415E\7588A6] Auto-router pass #791 on board 'd9fb369637a2034ae3bb1974d02507f4' was completed in 0,08 seconds with the score of 969,65 (1 unrouted), using 399336,84 CPU seconds and 642352 MB memory.
2026-08-14 16:53:20.706 INFO   [11415E\7588A6] Restoring an earlier board that has the score of 969,65 (1 unrouted).
2026-08-14 16:53:20.706 INFO   [11415E\7588A6] Auto-router pass #792 on board 'd9fb369637a2034ae3bb1974d02507f4' was completed in 2,47 seconds with the score of 969,65 (1 unrouted), using 401974,88 CPU seconds and 644473 MB memory.
2026-08-14 16:53:21.779 INFO   [11415E\7588A6] Auto-router pass #793 on board 'd9fb369637a2034ae3bb1974d02507f4' was completed in 1,06 seconds with the score of 969,65 (1 unrouted), using 402856,16 CPU seconds and 645178 MB memory.
2026-08-14 16:53:21.877 INFO   [11415E\7588A6] Auto-router pass #794 on board 'd9fb369637a2034ae3bb1974d02507f4' was completed in 0,09 seconds with the score of 969,65 (1 unrouted), using 402856,16 CPU seconds and 645178 MB memory.
2026-08-14 16:53:21.967 INFO   [11415E\7588A6] Auto-router pass #795 on board 'd9fb369637a2034ae3bb1974d02507f4' was completed in 0,08 seconds with the score of 969,65 (1 unrouted), using 402856,16 CPU seconds and 645178 MB memory.
2026-08-14 16:53:23.763 INFO   [11415E\7588A6] Restoring an earlier board that has the score of 969,65 (1 unrouted).
2026-08-14 16:53:23.763 INFO   [11415E\7588A6] Auto-router pass #796 on board 'd9fb369637a2034ae3bb1974d02507f4' was completed in 1,79 seconds with the score of 969,65 (1 unrouted), using 404621,62 CPU seconds and 646735 MB memory.
2026-08-14 16:53:24.826 INFO   [11415E\7588A6] Auto-router pass #797 on board 'd9fb369637a2034ae3bb1974d02507f4' was completed in 1,05 seconds with the score of 969,65 (1 unrouted), using 405505,81 CPU seconds and 647495 MB memory.
2026-08-14 16:53:24.915 INFO   [11415E\7588A6] Auto-router pass #798 on board 'd9fb369637a2034ae3bb1974d02507f4' was completed in 0,08 seconds with the score of 969,65 (1 unrouted), using 405505,81 CPU seconds and 647495 MB memory.
2026-08-14 16:53:25.010 INFO   [11415E\7588A6] Auto-router pass #799 on board 'd9fb369637a2034ae3bb1974d02507f4' was completed in 0,09 seconds with the score of 969,65 (1 unrouted), using 405505,81 CPU seconds and 647495 MB memory.
2026-08-14 16:53:26.779 INFO   [11415E\7588A6] Restoring an earlier board that has the score of 969,65 (1 unrouted).
2026-08-14 16:53:26.779 INFO   [11415E\7588A6] Auto-router pass #800 on board 'd9fb369637a2034ae3bb1974d02507f4' was completed in 1,76 seconds with the score of 969,65 (1 unrouted), using 407277,09 CPU seconds and 649066 MB memory.
2026-08-14 16:53:27.832 INFO   [11415E\7588A6] Auto-router pass #801 on board 'd9fb369637a2034ae3bb1974d02507f4' was completed in 1,04 seconds with the score of 969,65 (1 unrouted), using 408164,19 CPU seconds and 649836 MB memory.
2026-08-14 16:53:27.922 INFO   [11415E\7588A6] Auto-router pass #802 on board 'd9fb369637a2034ae3bb1974d02507f4' was completed in 0,08 seconds with the score of 969,65 (1 unrouted), using 408164,19 CPU seconds and 649836 MB memory.
2026-08-14 16:53:28.015 INFO   [11415E\7588A6] Auto-router pass #803 on board 'd9fb369637a2034ae3bb1974d02507f4' was completed in 0,09 seconds with the score of 969,65 (1 unrouted), using 408164,19 CPU seconds and 649836 MB memory.
2026-08-14 16:53:29.790 INFO   [11415E\7588A6] Restoring an earlier board that has the score of 969,65 (1 unrouted).
2026-08-14 16:53:29.791 INFO   [11415E\7588A6] Auto-router pass #804 on board 'd9fb369637a2034ae3bb1974d02507f4' was completed in 1,77 seconds with the score of 969,65 (1 unrouted), using 409941,34 CPU seconds and 651412 MB memory.
2026-08-14 16:53:30.847 INFO   [11415E\7588A6] Auto-router pass #805 on board 'd9fb369637a2034ae3bb1974d02507f4' was completed in 1,05 seconds with the score of 969,65 (1 unrouted), using 410831,38 CPU seconds and 652180 MB memory.
2026-08-14 16:53:30.936 INFO   [11415E\7588A6] Auto-router pass #806 on board 'd9fb369637a2034ae3bb1974d02507f4' was completed in 0,08 seconds with the score of 969,65 (1 unrouted), using 410831,38 CPU seconds and 652180 MB memory.
2026-08-14 16:53:31.025 INFO   [11415E\7588A6] Auto-router pass #807 on board 'd9fb369637a2034ae3bb1974d02507f4' was completed in 0,08 seconds with the score of 969,65 (1 unrouted), using 410831,38 CPU seconds and 652180 MB memory.
2026-08-14 16:53:32.828 INFO   [11415E\7588A6] Restoring an earlier board that has the score of 968,07 (2 unrouted).
2026-08-14 16:53:32.828 INFO   [11415E\7588A6] Auto-router pass #808 on board 'd9fb369637a2034ae3bb1974d02507f4' was completed in 1,79 seconds with the score of 969,65 (1 unrouted), using 412614,38 CPU seconds and 653738 MB memory.
2026-08-14 16:53:35.236 INFO   [11415E\7588A6] Auto-router pass #809 on board 'b53686dafd04b72da22e0e2e54d29ce4' was completed in 2,40 seconds with the score of 968,01 (2 unrouted), using 414401,28 CPU seconds and 655222 MB memory.
2026-08-14 16:53:36.647 INFO   [11415E\7588A6] Auto-router pass #810 on board '0bd87e03ac331839f97686c55cace405' was completed in 1,39 seconds with the score of 968,01 (2 unrouted), using 416192,06 CPU seconds and 656749 MB memory.
2026-08-14 16:53:37.982 INFO   [11415E\7588A6] Auto-router pass #811 on board '135bb41377670d0fdfb60ca96f40a559' was completed in 1,31 seconds with the score of 968,01 (2 unrouted), using 417088,91 CPU seconds and 657428 MB memory.
2026-08-14 16:53:42.652 INFO   [11415E\7588A6] Restoring an earlier board that has the score of 968,07 (2 unrouted).
2026-08-14 16:53:42.653 INFO   [11415E\7588A6] Auto-router pass #812 on board 'b2fef2856f7750f0db501cd08eea7613' was completed in 4,64 seconds with the score of 966,59 (3 unrouted), using 421587,69 CPU seconds and 661116 MB memory.
2026-08-14 16:53:45.016 INFO   [11415E\7588A6] Auto-router pass #813 on board 'b53686dafd04b72da22e0e2e54d29ce4' was completed in 2,35 seconds with the score of 967,97 (2 unrouted), using 423394,03 CPU seconds and 662568 MB memory.
2026-08-14 16:53:45.560 INFO   [11415E\7588A6] Auto-router pass #814 on board '3751b32d3dda2edf509797d628f0133c' was completed in 0,52 seconds with the score of 969,82 (1 unrouted), using 424298,62 CPU seconds and 663364 MB memory.
2026-08-14 16:53:45.666 INFO   [11415E\7588A6] Auto-router pass #815 on board '2e3ae28cc32872d1245aeeaef207096c' was completed in 0,08 seconds with the score of 969,82 (1 unrouted), using 424298,62 CPU seconds and 663364 MB memory.
2026-08-14 16:53:48.239 INFO   [11415E\7588A6] Restoring an earlier board that has the score of 969,82 (1 unrouted).
2026-08-14 16:53:48.239 INFO   [11415E\7588A6] Auto-router pass #816 on board '2e3ae28cc32872d1245aeeaef207096c' was completed in 2,56 seconds with the score of 969,82 (1 unrouted), using 426110,72 CPU seconds and 664764 MB memory.
2026-08-14 16:53:49.360 INFO   [11415E\7588A6] Auto-router pass #817 on board '2e3ae28cc32872d1245aeeaef207096c' was completed in 1,11 seconds with the score of 969,82 (1 unrouted), using 427926,62 CPU seconds and 666222 MB memory.
2026-08-14 16:53:49.453 INFO   [11415E\7588A6] Auto-router pass #818 on board '2e3ae28cc32872d1245aeeaef207096c' was completed in 0,08 seconds with the score of 969,82 (1 unrouted), using 427926,62 CPU seconds and 666222 MB memory.
2026-08-14 16:53:49.546 INFO   [11415E\7588A6] Auto-router pass #819 on board '2e3ae28cc32872d1245aeeaef207096c' was completed in 0,08 seconds with the score of 969,82 (1 unrouted), using 427926,62 CPU seconds and 666222 MB memory.
2026-08-14 16:53:51.451 INFO   [11415E\7588A6] Restoring an earlier board that has the score of 969,82 (1 unrouted).
2026-08-14 16:53:51.451 INFO   [11415E\7588A6] Auto-router pass #820 on board '2e3ae28cc32872d1245aeeaef207096c' was completed in 1,90 seconds with the score of 969,82 (1 unrouted), using 429746,41 CPU seconds and 667792 MB memory.
2026-08-14 16:53:52.541 INFO   [11415E\7588A6] Auto-router pass #821 on board '2e3ae28cc32872d1245aeeaef207096c' was completed in 1,08 seconds with the score of 969,82 (1 unrouted), using 430657,75 CPU seconds and 668525 MB memory.
2026-08-14 16:53:52.634 INFO   [11415E\7588A6] Auto-router pass #822 on board '2e3ae28cc32872d1245aeeaef207096c' was completed in 0,08 seconds with the score of 969,82 (1 unrouted), using 430657,75 CPU seconds and 668525 MB memory.
2026-08-14 16:53:52.732 INFO   [11415E\7588A6] Auto-router pass #823 on board '2e3ae28cc32872d1245aeeaef207096c' was completed in 0,09 seconds with the score of 969,82 (1 unrouted), using 430657,75 CPU seconds and 668525 MB memory.
2026-08-14 16:53:54.599 INFO   [11415E\7588A6] Restoring an earlier board that has the score of 969,82 (1 unrouted).
2026-08-14 16:53:54.599 INFO   [11415E\7588A6] Auto-router pass #824 on board '2e3ae28cc32872d1245aeeaef207096c' was completed in 1,86 seconds with the score of 969,82 (1 unrouted), using 432483,34 CPU seconds and 670112 MB memory.
2026-08-14 16:53:55.679 INFO   [11415E\7588A6] Auto-router pass #825 on board '2e3ae28cc32872d1245aeeaef207096c' was completed in 1,07 seconds with the score of 969,82 (1 unrouted), using 433397,62 CPU seconds and 670873 MB memory.
2026-08-14 16:53:55.776 INFO   [11415E\7588A6] Auto-router pass #826 on board '2e3ae28cc32872d1245aeeaef207096c' was completed in 0,09 seconds with the score of 969,82 (1 unrouted), using 433397,62 CPU seconds and 670873 MB memory.
2026-08-14 16:53:55.868 INFO   [11415E\7588A6] Auto-router pass #827 on board '2e3ae28cc32872d1245aeeaef207096c' was completed in 0,08 seconds with the score of 969,82 (1 unrouted), using 433397,62 CPU seconds and 670873 MB memory.
2026-08-14 16:53:57.769 INFO   [11415E\7588A6] Restoring an earlier board that has the score of 969,82 (1 unrouted).
2026-08-14 16:53:57.769 INFO   [11415E\7588A6] Auto-router pass #828 on board '2e3ae28cc32872d1245aeeaef207096c' was completed in 1,89 seconds with the score of 969,82 (1 unrouted), using 435229,09 CPU seconds and 672428 MB memory.
2026-08-14 16:53:58.869 INFO   [11415E\7588A6] Auto-router pass #829 on board '2e3ae28cc32872d1245aeeaef207096c' was completed in 1,09 seconds with the score of 969,82 (1 unrouted), using 436146,28 CPU seconds and 673178 MB memory.
2026-08-14 16:53:58.961 INFO   [11415E\7588A6] Auto-router pass #830 on board '2e3ae28cc32872d1245aeeaef207096c' was completed in 0,08 seconds with the score of 969,82 (1 unrouted), using 436146,28 CPU seconds and 673178 MB memory.
2026-08-14 16:53:59.059 INFO   [11415E\7588A6] Auto-router pass #831 on board '2e3ae28cc32872d1245aeeaef207096c' was completed in 0,09 seconds with the score of 969,82 (1 unrouted), using 436146,28 CPU seconds and 673178 MB memory.
2026-08-14 16:54:00.930 INFO   [11415E\7588A6] Restoring an earlier board that has the score of 968,07 (2 unrouted).
2026-08-14 16:54:00.931 INFO   [11415E\7588A6] Auto-router pass #832 on board '2e3ae28cc32872d1245aeeaef207096c' was completed in 1,86 seconds with the score of 969,82 (1 unrouted), using 437983,59 CPU seconds and 674730 MB memory.
2026-08-14 16:54:02.942 INFO   [11415E\7588A6] Auto-router pass #833 on board 'b53686dafd04b72da22e0e2e54d29ce4' was completed in 2,00 seconds with the score of 969,64 (1 unrouted), using 439824,81 CPU seconds and 676269 MB memory.
2026-08-14 16:54:03.044 INFO   [11415E\7588A6] Auto-router pass #834 on board 'f1d3640720806364e60de4f51d586b10' was completed in 0,08 seconds with the score of 969,64 (1 unrouted), using 439824,81 CPU seconds and 676269 MB memory.
2026-08-14 16:54:03.135 INFO   [11415E\7588A6] Auto-router pass #835 on board 'f1d3640720806364e60de4f51d586b10' was completed in 0,08 seconds with the score of 969,64 (1 unrouted), using 439824,81 CPU seconds and 676269 MB memory.
2026-08-14 16:54:04.939 INFO   [11415E\7588A6] Restoring an earlier board that has the score of 969,64 (1 unrouted).
2026-08-14 16:54:04.940 INFO   [11415E\7588A6] Auto-router pass #836 on board 'f1d3640720806364e60de4f51d586b10' was completed in 1,80 seconds with the score of 969,64 (1 unrouted), using 441669,91 CPU seconds and 677823 MB memory.
2026-08-14 16:54:06.049 INFO   [11415E\7588A6] Auto-router pass #837 on board 'f1d3640720806364e60de4f51d586b10' was completed in 1,10 seconds with the score of 969,64 (1 unrouted), using 442593,91 CPU seconds and 678586 MB memory.
2026-08-14 16:54:06.140 INFO   [11415E\7588A6] Auto-router pass #838 on board 'f1d3640720806364e60de4f51d586b10' was completed in 0,08 seconds with the score of 969,64 (1 unrouted), using 442593,91 CPU seconds and 678586 MB memory.
2026-08-14 16:54:06.239 INFO   [11415E\7588A6] Auto-router pass #839 on board 'f1d3640720806364e60de4f51d586b10' was completed in 0,09 seconds with the score of 969,64 (1 unrouted), using 442593,91 CPU seconds and 678586 MB memory.
2026-08-14 16:54:08.038 INFO   [11415E\7588A6] Restoring an earlier board that has the score of 969,64 (1 unrouted).
2026-08-14 16:54:08.038 INFO   [11415E\7588A6] Auto-router pass #840 on board 'f1d3640720806364e60de4f51d586b10' was completed in 1,79 seconds with the score of 969,64 (1 unrouted), using 444444,78 CPU seconds and 680081 MB memory.
2026-08-14 16:54:09.098 INFO   [11415E\7588A6] Auto-router pass #841 on board 'f1d3640720806364e60de4f51d586b10' was completed in 1,05 seconds with the score of 969,64 (1 unrouted), using 445371,66 CPU seconds and 680877 MB memory.
2026-08-14 16:54:09.188 INFO   [11415E\7588A6] Auto-router pass #842 on board 'f1d3640720806364e60de4f51d586b10' was completed in 0,08 seconds with the score of 969,64 (1 unrouted), using 445371,66 CPU seconds and 680877 MB memory.
2026-08-14 16:54:09.283 INFO   [11415E\7588A6] Auto-router pass #843 on board 'f1d3640720806364e60de4f51d586b10' was completed in 0,09 seconds with the score of 969,64 (1 unrouted), using 445371,66 CPU seconds and 680877 MB memory.
2026-08-14 16:54:11.060 INFO   [11415E\7588A6] Restoring an earlier board that has the score of 969,64 (1 unrouted).
2026-08-14 16:54:11.061 INFO   [11415E\7588A6] Auto-router pass #844 on board 'f1d3640720806364e60de4f51d586b10' was completed in 1,77 seconds with the score of 969,64 (1 unrouted), using 447228,38 CPU seconds and 682401 MB memory.
2026-08-14 16:54:12.118 INFO   [11415E\7588A6] Auto-router pass #845 on board 'f1d3640720806364e60de4f51d586b10' was completed in 1,05 seconds with the score of 969,64 (1 unrouted), using 448158,19 CPU seconds and 683205 MB memory.
2026-08-14 16:54:12.208 INFO   [11415E\7588A6] Auto-router pass #846 on board 'f1d3640720806364e60de4f51d586b10' was completed in 0,08 seconds with the score of 969,64 (1 unrouted), using 448158,19 CPU seconds and 683205 MB memory.
2026-08-14 16:54:12.298 INFO   [11415E\7588A6] Auto-router pass #847 on board 'f1d3640720806364e60de4f51d586b10' was completed in 0,08 seconds with the score of 969,64 (1 unrouted), using 448158,19 CPU seconds and 683205 MB memory.
2026-08-14 16:54:14.089 INFO   [11415E\7588A6] Restoring an earlier board that has the score of 969,64 (1 unrouted).
2026-08-14 16:54:14.090 INFO   [11415E\7588A6] Auto-router pass #848 on board 'f1d3640720806364e60de4f51d586b10' was completed in 1,78 seconds with the score of 969,64 (1 unrouted), using 450020,72 CPU seconds and 684728 MB memory.
2026-08-14 16:54:15.159 INFO   [11415E\7588A6] Auto-router pass #849 on board 'f1d3640720806364e60de4f51d586b10' was completed in 1,06 seconds with the score of 969,64 (1 unrouted), using 450953,44 CPU seconds and 685535 MB memory.
2026-08-14 16:54:15.248 INFO   [11415E\7588A6] Auto-router pass #850 on board 'f1d3640720806364e60de4f51d586b10' was completed in 0,08 seconds with the score of 969,64 (1 unrouted), using 450953,44 CPU seconds and 685535 MB memory.
2026-08-14 16:54:15.338 INFO   [11415E\7588A6] Auto-router pass #851 on board 'f1d3640720806364e60de4f51d586b10' was completed in 0,08 seconds with the score of 969,64 (1 unrouted), using 451887,16 CPU seconds and 686282 MB memory.
2026-08-14 16:54:17.116 INFO   [11415E\7588A6] Restoring an earlier board that has the score of 968,07 (2 unrouted).
2026-08-14 16:54:17.116 INFO   [11415E\7588A6] Auto-router pass #852 on board 'f1d3640720806364e60de4f51d586b10' was completed in 1,77 seconds with the score of 969,64 (1 unrouted), using 452821,84 CPU seconds and 687054 MB memory.
2026-08-14 16:54:19.202 INFO   [11415E\7588A6] Auto-router pass #853 on board 'b53686dafd04b72da22e0e2e54d29ce4' was completed in 2,08 seconds with the score of 969,64 (1 unrouted), using 454694,12 CPU seconds and 688624 MB memory.
2026-08-14 16:54:19.295 INFO   [11415E\7588A6] Auto-router pass #854 on board 'f1d3640720806364e60de4f51d586b10' was completed in 0,08 seconds with the score of 969,64 (1 unrouted), using 454694,12 CPU seconds and 688624 MB memory.
2026-08-14 16:54:19.383 INFO   [11415E\7588A6] Auto-router pass #855 on board 'f1d3640720806364e60de4f51d586b10' was completed in 0,08 seconds with the score of 969,64 (1 unrouted), using 455631,75 CPU seconds and 689357 MB memory.
2026-08-14 16:54:21.161 INFO   [11415E\7588A6] Restoring an earlier board that has the score of 968,01 (2 unrouted).
2026-08-14 16:54:21.161 INFO   [11415E\7588A6] Auto-router pass #856 on board 'f1d3640720806364e60de4f51d586b10' was completed in 1,77 seconds with the score of 969,64 (1 unrouted), using 456570,34 CPU seconds and 690131 MB memory.
2026-08-14 16:54:22.936 INFO   [11415E\7588A6] Auto-router pass #857 on board '0bd87e03ac331839f97686c55cace405' was completed in 1,76 seconds with the score of 969,69 (1 unrouted), using 458450,41 CPU seconds and 691696 MB memory.
2026-08-14 16:54:23.058 INFO   [11415E\7588A6] Auto-router pass #858 on board '33cb8e82f9ac25511a98704176f2b52c' was completed in 0,10 seconds with the score of 969,69 (1 unrouted), using 458450,41 CPU seconds and 691696 MB memory.
2026-08-14 16:54:23.149 INFO   [11415E\7588A6] Auto-router pass #859 on board '33cb8e82f9ac25511a98704176f2b52c' was completed in 0,08 seconds with the score of 969,69 (1 unrouted), using 458450,41 CPU seconds and 691696 MB memory.
2026-08-14 16:54:25.918 INFO   [11415E\7588A6] Restoring an earlier board that has the score of 969,69 (1 unrouted).
2026-08-14 16:54:25.918 INFO   [11415E\7588A6] Auto-router pass #860 on board '33cb8e82f9ac25511a98704176f2b52c' was completed in 2,76 seconds with the score of 969,69 (1 unrouted), using 461277,62 CPU seconds and 693894 MB memory.
2026-08-14 16:54:27.034 INFO   [11415E\7588A6] Auto-router pass #861 on board '33cb8e82f9ac25511a98704176f2b52c' was completed in 1,11 seconds with the score of 969,69 (1 unrouted), using 462221,97 CPU seconds and 694599 MB memory.
2026-08-14 16:54:27.126 INFO   [11415E\7588A6] Auto-router pass #862 on board '33cb8e82f9ac25511a98704176f2b52c' was completed in 0,08 seconds with the score of 969,69 (1 unrouted), using 462221,97 CPU seconds and 694599 MB memory.
2026-08-14 16:54:27.231 INFO   [11415E\7588A6] Auto-router pass #863 on board '33cb8e82f9ac25511a98704176f2b52c' was completed in 0,10 seconds with the score of 969,69 (1 unrouted), using 462221,97 CPU seconds and 694599 MB memory.
2026-08-14 16:54:29.189 INFO   [11415E\7588A6] Restoring an earlier board that has the score of 969,69 (1 unrouted).
2026-08-14 16:54:29.189 INFO   [11415E\7588A6] Auto-router pass #864 on board '33cb8e82f9ac25511a98704176f2b52c' was completed in 1,94 seconds with the score of 969,69 (1 unrouted), using 464113,50 CPU seconds and 696132 MB memory.
2026-08-14 16:54:30.302 INFO   [11415E\7588A6] Auto-router pass #865 on board '33cb8e82f9ac25511a98704176f2b52c' was completed in 1,10 seconds with the score of 969,69 (1 unrouted), using 465060,72 CPU seconds and 696960 MB memory.
2026-08-14 16:54:30.395 INFO   [11415E\7588A6] Auto-router pass #866 on board '33cb8e82f9ac25511a98704176f2b52c' was completed in 0,08 seconds with the score of 969,69 (1 unrouted), using 466008,94 CPU seconds and 697704 MB memory.
2026-08-14 16:54:30.487 INFO   [11415E\7588A6] Auto-router pass #867 on board '33cb8e82f9ac25511a98704176f2b52c' was completed in 0,08 seconds with the score of 969,69 (1 unrouted), using 466008,94 CPU seconds and 697704 MB memory.
2026-08-14 16:54:32.428 INFO   [11415E\7588A6] Restoring an earlier board that has the score of 969,69 (1 unrouted).
2026-08-14 16:54:32.428 INFO   [11415E\7588A6] Auto-router pass #868 on board '33cb8e82f9ac25511a98704176f2b52c' was completed in 1,93 seconds with the score of 969,69 (1 unrouted), using 467908,28 CPU seconds and 699332 MB memory.
2026-08-14 16:54:33.508 INFO   [11415E\7588A6] Auto-router pass #869 on board '33cb8e82f9ac25511a98704176f2b52c' was completed in 1,07 seconds with the score of 969,69 (1 unrouted), using 468859,41 CPU seconds and 700077 MB memory.
2026-08-14 16:54:33.605 INFO   [11415E\7588A6] Auto-router pass #870 on board '33cb8e82f9ac25511a98704176f2b52c' was completed in 0,09 seconds with the score of 969,69 (1 unrouted), using 468859,41 CPU seconds and 700077 MB memory.
2026-08-14 16:54:33.696 INFO   [11415E\7588A6] Auto-router pass #871 on board '33cb8e82f9ac25511a98704176f2b52c' was completed in 0,08 seconds with the score of 969,69 (1 unrouted), using 468859,41 CPU seconds and 700077 MB memory.
2026-08-14 16:54:35.643 INFO   [11415E\7588A6] Restoring an earlier board that has the score of 969,69 (1 unrouted).
2026-08-14 16:54:35.644 INFO   [11415E\7588A6] Auto-router pass #872 on board '33cb8e82f9ac25511a98704176f2b52c' was completed in 1,94 seconds with the score of 969,69 (1 unrouted), using 470764,56 CPU seconds and 701682 MB memory.
2026-08-14 16:54:36.744 INFO   [11415E\7588A6] Auto-router pass #873 on board '33cb8e82f9ac25511a98704176f2b52c' was completed in 1,09 seconds with the score of 969,69 (1 unrouted), using 471718,62 CPU seconds and 702452 MB memory.
2026-08-14 16:54:36.837 INFO   [11415E\7588A6] Auto-router pass #874 on board '33cb8e82f9ac25511a98704176f2b52c' was completed in 0,08 seconds with the score of 969,69 (1 unrouted), using 471718,62 CPU seconds and 702452 MB memory.
2026-08-14 16:54:36.935 INFO   [11415E\7588A6] Auto-router pass #875 on board '33cb8e82f9ac25511a98704176f2b52c' was completed in 0,09 seconds with the score of 969,69 (1 unrouted), using 471718,62 CPU seconds and 702452 MB memory.
2026-08-14 16:54:38.873 INFO   [11415E\7588A6] Restoring an earlier board that has the score of 968,01 (2 unrouted).
2026-08-14 16:54:38.874 INFO   [11415E\7588A6] Auto-router pass #876 on board '33cb8e82f9ac25511a98704176f2b52c' was completed in 1,93 seconds with the score of 969,69 (1 unrouted), using 473629,66 CPU seconds and 704032 MB memory.
2026-08-14 16:54:40.904 INFO   [11415E\7588A6] Auto-router pass #877 on board '0bd87e03ac331839f97686c55cace405' was completed in 2,02 seconds with the score of 969,65 (1 unrouted), using 475544,59 CPU seconds and 705564 MB memory.
2026-08-14 16:54:41.018 INFO   [11415E\7588A6] Auto-router pass #878 on board '717a6b1db46f72ad8bf70c971d936e17' was completed in 0,09 seconds with the score of 969,65 (1 unrouted), using 475544,59 CPU seconds and 705564 MB memory.
2026-08-14 16:54:41.110 INFO   [11415E\7588A6] Auto-router pass #879 on board '717a6b1db46f72ad8bf70c971d936e17' was completed in 0,08 seconds with the score of 969,65 (1 unrouted), using 475544,59 CPU seconds and 705564 MB memory.
2026-08-14 16:54:42.909 INFO   [11415E\7588A6] Restoring an earlier board that has the score of 969,65 (1 unrouted).
2026-08-14 16:54:42.909 INFO   [11415E\7588A6] Auto-router pass #880 on board '717a6b1db46f72ad8bf70c971d936e17' was completed in 1,79 seconds with the score of 969,65 (1 unrouted), using 477463,44 CPU seconds and 707096 MB memory.
2026-08-14 16:54:44.006 INFO   [11415E\7588A6] Auto-router pass #881 on board '717a6b1db46f72ad8bf70c971d936e17' was completed in 1,09 seconds with the score of 969,65 (1 unrouted), using 478424,31 CPU seconds and 707869 MB memory.
2026-08-14 16:54:44.096 INFO   [11415E\7588A6] Auto-router pass #882 on board '717a6b1db46f72ad8bf70c971d936e17' was completed in 0,08 seconds with the score of 969,65 (1 unrouted), using 478424,31 CPU seconds and 707869 MB memory.
2026-08-14 16:54:44.186 INFO   [11415E\7588A6] Auto-router pass #883 on board '717a6b1db46f72ad8bf70c971d936e17' was completed in 0,08 seconds with the score of 969,65 (1 unrouted), using 478424,31 CPU seconds and 707869 MB memory.
2026-08-14 16:54:45.996 INFO   [11415E\7588A6] Restoring an earlier board that has the score of 969,65 (1 unrouted).
2026-08-14 16:54:45.996 INFO   [11415E\7588A6] Auto-router pass #884 on board '717a6b1db46f72ad8bf70c971d936e17' was completed in 1,80 seconds with the score of 969,65 (1 unrouted), using 480348,91 CPU seconds and 709377 MB memory.
2026-08-14 16:54:47.077 INFO   [11415E\7588A6] Auto-router pass #885 on board '717a6b1db46f72ad8bf70c971d936e17' was completed in 1,07 seconds with the score of 969,65 (1 unrouted), using 481312,66 CPU seconds and 710170 MB memory.
2026-08-14 16:54:47.168 INFO   [11415E\7588A6] Auto-router pass #886 on board '717a6b1db46f72ad8bf70c971d936e17' was completed in 0,08 seconds with the score of 969,65 (1 unrouted), using 481312,66 CPU seconds and 710170 MB memory.
2026-08-14 16:54:47.259 INFO   [11415E\7588A6] Auto-router pass #887 on board '717a6b1db46f72ad8bf70c971d936e17' was completed in 0,08 seconds with the score of 969,65 (1 unrouted), using 481312,66 CPU seconds and 710170 MB memory.
2026-08-14 16:54:49.037 INFO   [11415E\7588A6] Restoring an earlier board that has the score of 969,65 (1 unrouted).
2026-08-14 16:54:49.037 INFO   [11415E\7588A6] Auto-router pass #888 on board '717a6b1db46f72ad8bf70c971d936e17' was completed in 1,77 seconds with the score of 969,65 (1 unrouted), using 483243,09 CPU seconds and 711699 MB memory.
2026-08-14 16:54:50.110 INFO   [11415E\7588A6] Auto-router pass #889 on board '717a6b1db46f72ad8bf70c971d936e17' was completed in 1,06 seconds with the score of 969,65 (1 unrouted), using 484209,78 CPU seconds and 712512 MB memory.
2026-08-14 16:54:50.205 INFO   [11415E\7588A6] Auto-router pass #890 on board '717a6b1db46f72ad8bf70c971d936e17' was completed in 0,09 seconds with the score of 969,65 (1 unrouted), using 484209,78 CPU seconds and 712512 MB memory.
2026-08-14 16:54:50.295 INFO   [11415E\7588A6] Auto-router pass #891 on board '717a6b1db46f72ad8bf70c971d936e17' was completed in 0,08 seconds with the score of 969,65 (1 unrouted), using 484209,78 CPU seconds and 712512 MB memory.
2026-08-14 16:54:52.067 INFO   [11415E\7588A6] Restoring an earlier board that has the score of 969,65 (1 unrouted).
2026-08-14 16:54:52.068 INFO   [11415E\7588A6] Auto-router pass #892 on board '717a6b1db46f72ad8bf70c971d936e17' was completed in 1,76 seconds with the score of 969,65 (1 unrouted), using 486146,06 CPU seconds and 714034 MB memory.
2026-08-14 16:54:53.131 INFO   [11415E\7588A6] Auto-router pass #893 on board '717a6b1db46f72ad8bf70c971d936e17' was completed in 1,05 seconds with the score of 969,65 (1 unrouted), using 487115,66 CPU seconds and 714854 MB memory.
2026-08-14 16:54:53.226 INFO   [11415E\7588A6] Auto-router pass #894 on board '717a6b1db46f72ad8bf70c971d936e17' was completed in 0,09 seconds with the score of 969,65 (1 unrouted), using 487115,66 CPU seconds and 714854 MB memory.
2026-08-14 16:54:53.317 INFO   [11415E\7588A6] Auto-router pass #895 on board '717a6b1db46f72ad8bf70c971d936e17' was completed in 0,08 seconds with the score of 969,65 (1 unrouted), using 487115,66 CPU seconds and 714854 MB memory.
2026-08-14 16:54:55.091 INFO   [11415E\7588A6] Restoring an earlier board that has the score of 968,01 (2 unrouted).
2026-08-14 16:54:55.091 INFO   [11415E\7588A6] Auto-router pass #896 on board '717a6b1db46f72ad8bf70c971d936e17' was completed in 1,76 seconds with the score of 969,65 (1 unrouted), using 489057,81 CPU seconds and 716372 MB memory.
2026-08-14 16:54:56.565 INFO   [11415E\7588A6] Auto-router pass #897 on board '0bd87e03ac331839f97686c55cace405' was completed in 1,47 seconds with the score of 969,40 (1 unrouted), using 491003,84 CPU seconds and 717917 MB memory.
2026-08-14 16:54:56.674 INFO   [11415E\7588A6] Auto-router pass #898 on board '80421f071a793eaca6cb2579def10a48' was completed in 0,08 seconds with the score of 969,40 (1 unrouted), using 491003,84 CPU seconds and 717917 MB memory.
2026-08-14 16:54:56.773 INFO   [11415E\7588A6] Auto-router pass #899 on board '80421f071a793eaca6cb2579def10a48' was completed in 0,09 seconds with the score of 969,40 (1 unrouted), using 491003,84 CPU seconds and 717917 MB memory.
2026-08-14 16:54:56.902 WARN   ItemAutorouteInfo.get_expansion_room: p_index out of range
2026-08-14 16:54:56.902 WARN   ItemAutorouteInfo.get_expansion_room: p_index out of range
2026-08-14 16:54:56.902 WARN   ItemAutorouteInfo.get_expansion_room: p_index out of range
2026-08-14 16:54:57.004 WARN   ItemAutorouteInfo.get_expansion_room: p_index out of range
2026-08-14 16:54:57.004 WARN   ItemAutorouteInfo.get_expansion_room: p_index out of range
2026-08-14 16:54:57.004 WARN   ItemAutorouteInfo.get_expansion_room: p_index out of range
2026-08-14 16:54:57.049 WARN   ItemAutorouteInfo.get_expansion_room: p_index out of range
2026-08-14 16:54:57.051 WARN   ItemAutorouteInfo.get_expansion_room: p_index out of range
2026-08-14 16:54:57.051 WARN   ItemAutorouteInfo.get_expansion_room: p_index out of range
2026-08-14 16:54:57.143 WARN   ItemAutorouteInfo.get_expansion_room: p_index out of range
2026-08-14 16:54:57.143 WARN   ItemAutorouteInfo.get_expansion_room: p_index out of range
2026-08-14 16:54:57.143 WARN   ItemAutorouteInfo.get_expansion_room: p_index out of range
2026-08-14 16:54:57.143 WARN   ItemAutorouteInfo.get_expansion_room: p_index out of range
2026-08-14 16:54:57.143 WARN   ItemAutorouteInfo.get_expansion_room: p_index out of range
2026-08-14 16:54:57.144 WARN   ItemAutorouteInfo.get_expansion_room: p_index out of range
2026-08-14 16:54:57.144 WARN   ItemAutorouteInfo.get_expansion_room: p_index out of range
2026-08-14 16:54:57.167 WARN   ItemAutorouteInfo.get_expansion_room: p_index out of range
2026-08-14 16:54:57.188 WARN   ItemAutorouteInfo.get_expansion_room: p_index out of range
2026-08-14 16:54:57.188 WARN   ItemAutorouteInfo.get_expansion_room: p_index out of range
2026-08-14 16:54:57.188 WARN   ItemAutorouteInfo.get_expansion_room: p_index out of range
2026-08-14 16:54:57.188 WARN   ItemAutorouteInfo.get_expansion_room: p_index out of range
2026-08-14 16:54:57.188 WARN   ItemAutorouteInfo.get_expansion_room: p_index out of range
2026-08-14 16:54:57.199 WARN   ItemAutorouteInfo.get_expansion_room: p_index out of range
2026-08-14 16:54:57.199 WARN   ItemAutorouteInfo.get_expansion_room: p_index out of range
2026-08-14 16:54:57.199 WARN   ItemAutorouteInfo.get_expansion_room: p_index out of range
2026-08-14 16:54:57.200 WARN   ItemAutorouteInfo.get_expansion_room: p_index out of range
2026-08-14 16:54:57.201 WARN   ItemAutorouteInfo.get_expansion_room: p_index out of range
2026-08-14 16:54:57.201 WARN   ItemAutorouteInfo.get_expansion_room: p_index out of range
2026-08-14 16:54:57.263 WARN   ItemAutorouteInfo.get_expansion_room: p_index out of range
2026-08-14 16:54:57.263 WARN   ItemAutorouteInfo.get_expansion_room: p_index out of range
2026-08-14 16:54:57.294 WARN   ItemAutorouteInfo.get_expansion_room: p_index out of range
2026-08-14 16:54:57.294 WARN   ItemAutorouteInfo.get_expansion_room: p_index out of range
2026-08-14 16:54:57.294 WARN   ItemAutorouteInfo.get_expansion_room: p_index out of range
2026-08-14 16:54:57.294 WARN   ItemAutorouteInfo.get_expansion_room: p_index out of range
2026-08-14 16:54:57.294 WARN   ItemAutorouteInfo.get_expansion_room: p_index out of range
2026-08-14 16:54:57.294 WARN   ItemAutorouteInfo.get_expansion_room: p_index out of range
2026-08-14 16:54:57.294 WARN   ItemAutorouteInfo.get_expansion_room: p_index out of range
2026-08-14 16:54:57.295 WARN   ItemAutorouteInfo.get_expansion_room: p_index out of range
2026-08-14 16:54:57.295 WARN   ItemAutorouteInfo.get_expansion_room: p_index out of range
2026-08-14 16:54:57.295 WARN   ItemAutorouteInfo.get_expansion_room: p_index out of range
2026-08-14 16:54:57.309 WARN   ItemAutorouteInfo.get_expansion_room: p_index out of range
2026-08-14 16:54:57.309 WARN   ItemAutorouteInfo.get_expansion_room: p_index out of range
2026-08-14 16:54:57.309 WARN   ItemAutorouteInfo.get_expansion_room: p_index out of range
2026-08-14 16:54:57.350 WARN   ItemAutorouteInfo.get_expansion_room: p_index out of range
2026-08-14 16:54:57.350 WARN   ItemAutorouteInfo.get_expansion_room: p_index out of range
2026-08-14 16:54:57.378 WARN   ItemAutorouteInfo.get_expansion_room: p_index out of range
2026-08-14 16:54:57.389 WARN   ItemAutorouteInfo.get_expansion_room: p_index out of range
2026-08-14 16:54:57.530 WARN   ItemAutorouteInfo.get_expansion_room: p_index out of range
2026-08-14 16:54:57.531 WARN   ItemAutorouteInfo.get_expansion_room: p_index out of range
2026-08-14 16:54:57.531 WARN   ItemAutorouteInfo.get_expansion_room: p_index out of range
2026-08-14 16:54:57.531 WARN   ItemAutorouteInfo.get_expansion_room: p_index out of range
2026-08-14 16:54:57.541 WARN   ItemAutorouteInfo.get_expansion_room: p_index out of range
2026-08-14 16:54:57.541 WARN   ItemAutorouteInfo.get_expansion_room: p_index out of range
2026-08-14 16:54:57.541 WARN   ItemAutorouteInfo.get_expansion_room: p_index out of range
2026-08-14 16:54:57.541 WARN   ItemAutorouteInfo.get_expansion_room: p_index out of range
2026-08-14 16:54:57.541 WARN   ItemAutorouteInfo.get_expansion_room: p_index out of range
2026-08-14 16:54:57.576 WARN   ItemAutorouteInfo.get_expansion_room: p_index out of range
2026-08-14 16:54:57.576 WARN   ItemAutorouteInfo.get_expansion_room: p_index out of range
2026-08-14 16:54:57.576 WARN   ItemAutorouteInfo.get_expansion_room: p_index out of range
2026-08-14 16:54:57.576 WARN   ItemAutorouteInfo.get_expansion_room: p_index out of range
2026-08-14 16:54:57.576 WARN   ItemAutorouteInfo.get_expansion_room: p_index out of range
2026-08-14 16:54:57.576 WARN   ItemAutorouteInfo.get_expansion_room: p_index out of range
2026-08-14 16:54:57.576 WARN   ItemAutorouteInfo.get_expansion_room: p_index out of range
2026-08-14 16:54:57.576 WARN   ItemAutorouteInfo.get_expansion_room: p_index out of range
2026-08-14 16:54:57.580 WARN   ItemAutorouteInfo.get_expansion_room: p_index out of range
2026-08-14 16:54:57.580 WARN   ItemAutorouteInfo.get_expansion_room: p_index out of range
2026-08-14 16:54:57.585 WARN   ItemAutorouteInfo.get_expansion_room: p_index out of range
2026-08-14 16:54:57.585 WARN   ItemAutorouteInfo.get_expansion_room: p_index out of range
2026-08-14 16:54:57.585 WARN   ItemAutorouteInfo.get_expansion_room: p_index out of range
2026-08-14 16:54:57.602 WARN   ItemAutorouteInfo.get_expansion_room: p_index out of range
2026-08-14 16:54:57.602 WARN   ItemAutorouteInfo.get_expansion_room: p_index out of range
2026-08-14 16:54:57.602 WARN   ItemAutorouteInfo.get_expansion_room: p_index out of range
2026-08-14 16:54:57.614 WARN   ItemAutorouteInfo.get_expansion_room: p_index out of range
2026-08-14 16:54:57.614 WARN   ItemAutorouteInfo.get_expansion_room: p_index out of range
2026-08-14 16:54:57.614 WARN   ItemAutorouteInfo.get_expansion_room: p_index out of range
2026-08-14 16:54:57.614 WARN   ItemAutorouteInfo.get_expansion_room: p_index out of range
2026-08-14 16:54:57.614 WARN   ItemAutorouteInfo.get_expansion_room: p_index out of range
2026-08-14 16:54:57.625 WARN   ItemAutorouteInfo.get_expansion_room: p_index out of range
2026-08-14 16:54:57.627 WARN   ItemAutorouteInfo.get_expansion_room: p_index out of range
2026-08-14 16:54:57.627 WARN   ItemAutorouteInfo.get_expansion_room: p_index out of range
2026-08-14 16:54:57.627 WARN   ItemAutorouteInfo.get_expansion_room: p_index out of range
2026-08-14 16:54:57.628 WARN   ItemAutorouteInfo.get_expansion_room: p_index out of range
2026-08-14 16:54:57.628 WARN   ItemAutorouteInfo.get_expansion_room: p_index out of range
2026-08-14 16:54:57.651 WARN   ItemAutorouteInfo.get_expansion_room: p_index out of range
2026-08-14 16:54:57.651 WARN   ItemAutorouteInfo.get_expansion_room: p_index out of range
2026-08-14 16:54:57.652 WARN   ItemAutorouteInfo.get_expansion_room: p_index out of range
2026-08-14 16:54:57.652 WARN   ItemAutorouteInfo.get_expansion_room: p_index out of range
2026-08-14 16:54:57.842 WARN   ItemAutorouteInfo.get_expansion_room: p_index out of range
2026-08-14 16:54:57.842 WARN   ItemAutorouteInfo.get_expansion_room: p_index out of range
2026-08-14 16:54:57.873 WARN   ItemAutorouteInfo.get_expansion_room: p_index out of range
2026-08-14 16:54:57.896 WARN   ItemAutorouteInfo.get_expansion_room: p_index out of range
2026-08-14 16:54:57.898 WARN   ItemAutorouteInfo.get_expansion_room: p_index out of range
2026-08-14 16:54:57.909 WARN   ItemAutorouteInfo.get_expansion_room: p_index out of range
2026-08-14 16:54:57.910 WARN   ItemAutorouteInfo.get_expansion_room: p_index out of range
2026-08-14 16:54:57.952 WARN   ItemAutorouteInfo.get_expansion_room: p_index out of range
2026-08-14 16:54:57.999 WARN   ItemAutorouteInfo.get_expansion_room: p_index out of range
2026-08-14 16:54:58.058 WARN   ItemAutorouteInfo.get_expansion_room: p_index out of range
2026-08-14 16:54:58.072 WARN   ItemAutorouteInfo.get_expansion_room: p_index out of range
2026-08-14 16:54:58.106 WARN   ItemAutorouteInfo.get_expansion_room: p_index out of range
2026-08-14 16:54:58.405 WARN   ItemAutorouteInfo.get_expansion_room: p_index out of range
2026-08-14 16:54:58.443 WARN   ItemAutorouteInfo.get_expansion_room: p_index out of range
2026-08-14 16:54:58.443 WARN   ItemAutorouteInfo.get_expansion_room: p_index out of range
2026-08-14 16:54:58.443 WARN   ItemAutorouteInfo.get_expansion_room: p_index out of range
2026-08-14 16:54:58.444 WARN   ItemAutorouteInfo.get_expansion_room: p_index out of range
2026-08-14 16:54:58.487 WARN   ItemAutorouteInfo.get_expansion_room: p_index out of range
2026-08-14 16:54:58.487 WARN   ItemAutorouteInfo.get_expansion_room: p_index out of range
2026-08-14 16:54:58.487 WARN   ItemAutorouteInfo.get_expansion_room: p_index out of range
2026-08-14 16:54:58.487 WARN   ItemAutorouteInfo.get_expansion_room: p_index out of range
2026-08-14 16:54:58.487 WARN   ItemAutorouteInfo.get_expansion_room: p_index out of range
2026-08-14 16:54:58.487 WARN   ItemAutorouteInfo.get_expansion_room: p_index out of range
2026-08-14 16:54:58.709 INFO   [11415E\7588A6] Restoring an earlier board that has the score of 969,40 (1 unrouted).
2026-08-14 16:54:58.710 INFO   [11415E\7588A6] Auto-router pass #900 on board '80421f071a793eaca6cb2579def10a48' was completed in 1,93 seconds with the score of 969,40 (1 unrouted), using 492953,78 CPU seconds and 719450 MB memory.
2026-08-14 16:54:59.772 INFO   [11415E\7588A6] Auto-router pass #901 on board '80421f071a793eaca6cb2579def10a48' was completed in 1,05 seconds with the score of 969,40 (1 unrouted), using 493930,22 CPU seconds and 720215 MB memory.
2026-08-14 16:54:59.864 INFO   [11415E\7588A6] Auto-router pass #902 on board '80421f071a793eaca6cb2579def10a48' was completed in 0,08 seconds with the score of 969,40 (1 unrouted), using 493930,22 CPU seconds and 720215 MB memory.
2026-08-14 16:54:59.949 INFO   [11415E\7588A6] Auto-router pass #903 on board '80421f071a793eaca6cb2579def10a48' was completed in 0,08 seconds with the score of 969,40 (1 unrouted), using 493930,22 CPU seconds and 720215 MB memory.
2026-08-14 16:55:01.856 INFO   [11415E\7588A6] Restoring an earlier board that has the score of 969,40 (1 unrouted).
2026-08-14 16:55:01.857 INFO   [11415E\7588A6] Auto-router pass #904 on board '80421f071a793eaca6cb2579def10a48' was completed in 1,90 seconds with the score of 969,40 (1 unrouted), using 495886,00 CPU seconds and 721780 MB memory.
2026-08-14 16:55:02.940 INFO   [11415E\7588A6] Auto-router pass #905 on board '80421f071a793eaca6cb2579def10a48' was completed in 1,07 seconds with the score of 969,40 (1 unrouted), using 496865,34 CPU seconds and 722557 MB memory.
2026-08-14 16:55:03.025 INFO   [11415E\7588A6] Auto-router pass #906 on board '80421f071a793eaca6cb2579def10a48' was completed in 0,08 seconds with the score of 969,40 (1 unrouted), using 496865,34 CPU seconds and 722557 MB memory.
2026-08-14 16:55:03.111 INFO   [11415E\7588A6] Auto-router pass #907 on board '80421f071a793eaca6cb2579def10a48' was completed in 0,08 seconds with the score of 969,40 (1 unrouted), using 496865,34 CPU seconds and 722557 MB memory.
2026-08-14 16:55:05.014 INFO   [11415E\7588A6] Restoring an earlier board that has the score of 969,40 (1 unrouted).
2026-08-14 16:55:05.014 INFO   [11415E\7588A6] Auto-router pass #908 on board '80421f071a793eaca6cb2579def10a48' was completed in 1,90 seconds with the score of 969,40 (1 unrouted), using 498827,00 CPU seconds and 724103 MB memory.
2026-08-14 16:55:06.071 INFO   [11415E\7588A6] Auto-router pass #909 on board '80421f071a793eaca6cb2579def10a48' was completed in 1,05 seconds with the score of 969,40 (1 unrouted), using 499809,28 CPU seconds and 724916 MB memory.
2026-08-14 16:55:06.157 INFO   [11415E\7588A6] Auto-router pass #910 on board '80421f071a793eaca6cb2579def10a48' was completed in 0,08 seconds with the score of 969,40 (1 unrouted), using 499809,28 CPU seconds and 724916 MB memory.
2026-08-14 16:55:06.246 INFO   [11415E\7588A6] Auto-router pass #911 on board '80421f071a793eaca6cb2579def10a48' was completed in 0,08 seconds with the score of 969,40 (1 unrouted), using 499809,28 CPU seconds and 724916 MB memory.
2026-08-14 16:55:08.159 INFO   [11415E\7588A6] Restoring an earlier board that has the score of 969,40 (1 unrouted).
2026-08-14 16:55:08.159 INFO   [11415E\7588A6] Auto-router pass #912 on board '80421f071a793eaca6cb2579def10a48' was completed in 1,90 seconds with the score of 969,40 (1 unrouted), using 501776,78 CPU seconds and 726451 MB memory.
2026-08-14 16:55:09.231 INFO   [11415E\7588A6] Auto-router pass #913 on board '80421f071a793eaca6cb2579def10a48' was completed in 1,06 seconds with the score of 969,40 (1 unrouted), using 502762,00 CPU seconds and 727268 MB memory.
2026-08-14 16:55:09.322 INFO   [11415E\7588A6] Auto-router pass #914 on board '80421f071a793eaca6cb2579def10a48' was completed in 0,08 seconds with the score of 969,40 (1 unrouted), using 502762,00 CPU seconds and 727268 MB memory.
2026-08-14 16:55:09.407 INFO   [11415E\7588A6] Auto-router pass #915 on board '80421f071a793eaca6cb2579def10a48' was completed in 0,08 seconds with the score of 969,40 (1 unrouted), using 503748,19 CPU seconds and 728016 MB memory.
2026-08-14 16:55:11.304 INFO   [11415E\7588A6] Restoring an earlier board that has the score of 968,01 (2 unrouted).
2026-08-14 16:55:11.305 INFO   [11415E\7588A6] Auto-router pass #916 on board '80421f071a793eaca6cb2579def10a48' was completed in 1,89 seconds with the score of 969,40 (1 unrouted), using 504735,34 CPU seconds and 728794 MB memory.
2026-08-14 16:55:12.823 INFO   [11415E\7588A6] Auto-router pass #917 on board '0bd87e03ac331839f97686c55cace405' was completed in 1,51 seconds with the score of 969,40 (1 unrouted), using 506712,59 CPU seconds and 730321 MB memory.
2026-08-14 16:55:12.914 INFO   [11415E\7588A6] Auto-router pass #918 on board '80421f071a793eaca6cb2579def10a48' was completed in 0,08 seconds with the score of 969,40 (1 unrouted), using 506712,59 CPU seconds and 730321 MB memory.
2026-08-14 16:55:13.005 INFO   [11415E\7588A6] Auto-router pass #919 on board '80421f071a793eaca6cb2579def10a48' was completed in 0,08 seconds with the score of 969,40 (1 unrouted), using 506712,59 CPU seconds and 730321 MB memory.
2026-08-14 16:55:13.114 WARN   ItemAutorouteInfo.get_expansion_room: p_index out of range
2026-08-14 16:55:13.114 WARN   ItemAutorouteInfo.get_expansion_room: p_index out of range
2026-08-14 16:55:13.114 WARN   ItemAutorouteInfo.get_expansion_room: p_index out of range
2026-08-14 16:55:13.211 WARN   ItemAutorouteInfo.get_expansion_room: p_index out of range
2026-08-14 16:55:13.211 WARN   ItemAutorouteInfo.get_expansion_room: p_index out of range
2026-08-14 16:55:13.211 WARN   ItemAutorouteInfo.get_expansion_room: p_index out of range
2026-08-14 16:55:13.251 WARN   ItemAutorouteInfo.get_expansion_room: p_index out of range
2026-08-14 16:55:13.253 WARN   ItemAutorouteInfo.get_expansion_room: p_index out of range
2026-08-14 16:55:13.253 WARN   ItemAutorouteInfo.get_expansion_room: p_index out of range
2026-08-14 16:55:13.355 WARN   ItemAutorouteInfo.get_expansion_room: p_index out of range
2026-08-14 16:55:13.355 WARN   ItemAutorouteInfo.get_expansion_room: p_index out of range
2026-08-14 16:55:13.355 WARN   ItemAutorouteInfo.get_expansion_room: p_index out of range
2026-08-14 16:55:13.355 WARN   ItemAutorouteInfo.get_expansion_room: p_index out of range
2026-08-14 16:55:13.355 WARN   ItemAutorouteInfo.get_expansion_room: p_index out of range
2026-08-14 16:55:13.356 WARN   ItemAutorouteInfo.get_expansion_room: p_index out of range
2026-08-14 16:55:13.356 WARN   ItemAutorouteInfo.get_expansion_room: p_index out of range
2026-08-14 16:55:13.378 WARN   ItemAutorouteInfo.get_expansion_room: p_index out of range
2026-08-14 16:55:13.398 WARN   ItemAutorouteInfo.get_expansion_room: p_index out of range
2026-08-14 16:55:13.398 WARN   ItemAutorouteInfo.get_expansion_room: p_index out of range
2026-08-14 16:55:13.399 WARN   ItemAutorouteInfo.get_expansion_room: p_index out of range
2026-08-14 16:55:13.399 WARN   ItemAutorouteInfo.get_expansion_room: p_index out of range
2026-08-14 16:55:13.399 WARN   ItemAutorouteInfo.get_expansion_room: p_index out of range
2026-08-14 16:55:13.409 WARN   ItemAutorouteInfo.get_expansion_room: p_index out of range
2026-08-14 16:55:13.410 WARN   ItemAutorouteInfo.get_expansion_room: p_index out of range
2026-08-14 16:55:13.410 WARN   ItemAutorouteInfo.get_expansion_room: p_index out of range
2026-08-14 16:55:13.411 WARN   ItemAutorouteInfo.get_expansion_room: p_index out of range
2026-08-14 16:55:13.411 WARN   ItemAutorouteInfo.get_expansion_room: p_index out of range
2026-08-14 16:55:13.411 WARN   ItemAutorouteInfo.get_expansion_room: p_index out of range
2026-08-14 16:55:13.471 WARN   ItemAutorouteInfo.get_expansion_room: p_index out of range
2026-08-14 16:55:13.472 WARN   ItemAutorouteInfo.get_expansion_room: p_index out of range
2026-08-14 16:55:13.495 WARN   ItemAutorouteInfo.get_expansion_room: p_index out of range
2026-08-14 16:55:13.495 WARN   ItemAutorouteInfo.get_expansion_room: p_index out of range
2026-08-14 16:55:13.495 WARN   ItemAutorouteInfo.get_expansion_room: p_index out of range
2026-08-14 16:55:13.495 WARN   ItemAutorouteInfo.get_expansion_room: p_index out of range
2026-08-14 16:55:13.495 WARN   ItemAutorouteInfo.get_expansion_room: p_index out of range
2026-08-14 16:55:13.495 WARN   ItemAutorouteInfo.get_expansion_room: p_index out of range
2026-08-14 16:55:13.495 WARN   ItemAutorouteInfo.get_expansion_room: p_index out of range
2026-08-14 16:55:13.496 WARN   ItemAutorouteInfo.get_expansion_room: p_index out of range
2026-08-14 16:55:13.496 WARN   ItemAutorouteInfo.get_expansion_room: p_index out of range
2026-08-14 16:55:13.496 WARN   ItemAutorouteInfo.get_expansion_room: p_index out of range
2026-08-14 16:55:13.511 WARN   ItemAutorouteInfo.get_expansion_room: p_index out of range
2026-08-14 16:55:13.511 WARN   ItemAutorouteInfo.get_expansion_room: p_index out of range
2026-08-14 16:55:13.511 WARN   ItemAutorouteInfo.get_expansion_room: p_index out of range
2026-08-14 16:55:13.555 WARN   ItemAutorouteInfo.get_expansion_room: p_index out of range
2026-08-14 16:55:13.555 WARN   ItemAutorouteInfo.get_expansion_room: p_index out of range
2026-08-14 16:55:13.584 WARN   ItemAutorouteInfo.get_expansion_room: p_index out of range
2026-08-14 16:55:13.601 WARN   ItemAutorouteInfo.get_expansion_room: p_index out of range
2026-08-14 16:55:13.739 WARN   ItemAutorouteInfo.get_expansion_room: p_index out of range
2026-08-14 16:55:13.739 WARN   ItemAutorouteInfo.get_expansion_room: p_index out of range
2026-08-14 16:55:13.739 WARN   ItemAutorouteInfo.get_expansion_room: p_index out of range
2026-08-14 16:55:13.740 WARN   ItemAutorouteInfo.get_expansion_room: p_index out of range
2026-08-14 16:55:13.741 WARN   ItemAutorouteInfo.get_expansion_room: p_index out of range
2026-08-14 16:55:13.741 WARN   ItemAutorouteInfo.get_expansion_room: p_index out of range
2026-08-14 16:55:13.741 WARN   ItemAutorouteInfo.get_expansion_room: p_index out of range
2026-08-14 16:55:13.742 WARN   ItemAutorouteInfo.get_expansion_room: p_index out of range
2026-08-14 16:55:13.742 WARN   ItemAutorouteInfo.get_expansion_room: p_index out of range
2026-08-14 16:55:13.778 WARN   ItemAutorouteInfo.get_expansion_room: p_index out of range
2026-08-14 16:55:13.778 WARN   ItemAutorouteInfo.get_expansion_room: p_index out of range
2026-08-14 16:55:13.778 WARN   ItemAutorouteInfo.get_expansion_room: p_index out of range
2026-08-14 16:55:13.778 WARN   ItemAutorouteInfo.get_expansion_room: p_index out of range
2026-08-14 16:55:13.778 WARN   ItemAutorouteInfo.get_expansion_room: p_index out of range
2026-08-14 16:55:13.778 WARN   ItemAutorouteInfo.get_expansion_room: p_index out of range
2026-08-14 16:55:13.779 WARN   ItemAutorouteInfo.get_expansion_room: p_index out of range
2026-08-14 16:55:13.779 WARN   ItemAutorouteInfo.get_expansion_room: p_index out of range
2026-08-14 16:55:13.782 WARN   ItemAutorouteInfo.get_expansion_room: p_index out of range
2026-08-14 16:55:13.783 WARN   ItemAutorouteInfo.get_expansion_room: p_index out of range
2026-08-14 16:55:13.787 WARN   ItemAutorouteInfo.get_expansion_room: p_index out of range
2026-08-14 16:55:13.788 WARN   ItemAutorouteInfo.get_expansion_room: p_index out of range
2026-08-14 16:55:13.788 WARN   ItemAutorouteInfo.get_expansion_room: p_index out of range
2026-08-14 16:55:13.806 WARN   ItemAutorouteInfo.get_expansion_room: p_index out of range
2026-08-14 16:55:13.806 WARN   ItemAutorouteInfo.get_expansion_room: p_index out of range
2026-08-14 16:55:13.806 WARN   ItemAutorouteInfo.get_expansion_room: p_index out of range
2026-08-14 16:55:13.818 WARN   ItemAutorouteInfo.get_expansion_room: p_index out of range
2026-08-14 16:55:13.818 WARN   ItemAutorouteInfo.get_expansion_room: p_index out of range
2026-08-14 16:55:13.818 WARN   ItemAutorouteInfo.get_expansion_room: p_index out of range
2026-08-14 16:55:13.819 WARN   ItemAutorouteInfo.get_expansion_room: p_index out of range
2026-08-14 16:55:13.819 WARN   ItemAutorouteInfo.get_expansion_room: p_index out of range
2026-08-14 16:55:13.830 WARN   ItemAutorouteInfo.get_expansion_room: p_index out of range
2026-08-14 16:55:13.832 WARN   ItemAutorouteInfo.get_expansion_room: p_index out of range
2026-08-14 16:55:13.832 WARN   ItemAutorouteInfo.get_expansion_room: p_index out of range
2026-08-14 16:55:13.832 WARN   ItemAutorouteInfo.get_expansion_room: p_index out of range
2026-08-14 16:55:13.832 WARN   ItemAutorouteInfo.get_expansion_room: p_index out of range
2026-08-14 16:55:13.833 WARN   ItemAutorouteInfo.get_expansion_room: p_index out of range
2026-08-14 16:55:13.864 WARN   ItemAutorouteInfo.get_expansion_room: p_index out of range
2026-08-14 16:55:13.864 WARN   ItemAutorouteInfo.get_expansion_room: p_index out of range
2026-08-14 16:55:13.865 WARN   ItemAutorouteInfo.get_expansion_room: p_index out of range
2026-08-14 16:55:13.865 WARN   ItemAutorouteInfo.get_expansion_room: p_index out of range
2026-08-14 16:55:14.042 WARN   ItemAutorouteInfo.get_expansion_room: p_index out of range
2026-08-14 16:55:14.042 WARN   ItemAutorouteInfo.get_expansion_room: p_index out of range
2026-08-14 16:55:14.074 WARN   ItemAutorouteInfo.get_expansion_room: p_index out of range
2026-08-14 16:55:14.098 WARN   ItemAutorouteInfo.get_expansion_room: p_index out of range
2026-08-14 16:55:14.100 WARN   ItemAutorouteInfo.get_expansion_room: p_index out of range
2026-08-14 16:55:14.119 WARN   ItemAutorouteInfo.get_expansion_room: p_index out of range
2026-08-14 16:55:14.121 WARN   ItemAutorouteInfo.get_expansion_room: p_index out of range
2026-08-14 16:55:14.162 WARN   ItemAutorouteInfo.get_expansion_room: p_index out of range
2026-08-14 16:55:14.208 WARN   ItemAutorouteInfo.get_expansion_room: p_index out of range
2026-08-14 16:55:14.258 WARN   ItemAutorouteInfo.get_expansion_room: p_index out of range
2026-08-14 16:55:14.273 WARN   ItemAutorouteInfo.get_expansion_room: p_index out of range
2026-08-14 16:55:14.309 WARN   ItemAutorouteInfo.get_expansion_room: p_index out of range
2026-08-14 16:55:14.619 WARN   ItemAutorouteInfo.get_expansion_room: p_index out of range
2026-08-14 16:55:14.659 WARN   ItemAutorouteInfo.get_expansion_room: p_index out of range
2026-08-14 16:55:14.659 WARN   ItemAutorouteInfo.get_expansion_room: p_index out of range
2026-08-14 16:55:14.659 WARN   ItemAutorouteInfo.get_expansion_room: p_index out of range
2026-08-14 16:55:14.660 WARN   ItemAutorouteInfo.get_expansion_room: p_index out of range
2026-08-14 16:55:14.704 WARN   ItemAutorouteInfo.get_expansion_room: p_index out of range
2026-08-14 16:55:14.704 WARN   ItemAutorouteInfo.get_expansion_room: p_index out of range
2026-08-14 16:55:14.705 WARN   ItemAutorouteInfo.get_expansion_room: p_index out of range
2026-08-14 16:55:14.705 WARN   ItemAutorouteInfo.get_expansion_room: p_index out of range
2026-08-14 16:55:14.705 WARN   ItemAutorouteInfo.get_expansion_room: p_index out of range
2026-08-14 16:55:14.705 WARN   ItemAutorouteInfo.get_expansion_room: p_index out of range
2026-08-14 16:55:14.957 INFO   [11415E\7588A6] Restoring an earlier board that has the score of 968,01 (2 unrouted).
2026-08-14 16:55:14.958 INFO   [11415E\7588A6] Auto-router pass #920 on board '80421f071a793eaca6cb2579def10a48' was completed in 1,94 seconds with the score of 969,40 (1 unrouted), using 508693,75 CPU seconds and 731860 MB memory.
2026-08-14 16:55:17.285 INFO   [11415E\7588A6] Auto-router pass #921 on board '135bb41377670d0fdfb60ca96f40a559' was completed in 2,32 seconds with the score of 968,01 (2 unrouted), using 510678,81 CPU seconds and 733431 MB memory.
2026-08-14 16:55:18.606 INFO   [11415E\7588A6] Auto-router pass #922 on board '7e493471975bb0e60a871367d346e3cb' was completed in 1,30 seconds with the score of 968,01 (2 unrouted), using 512667,72 CPU seconds and 734828 MB memory.
2026-08-14 16:55:19.150 INFO   [11415E\7588A6] Auto-router pass #923 on board '12e249ae125755d9d03df7e78286a8ee' was completed in 0,52 seconds with the score of 969,40 (1 unrouted), using 512667,72 CPU seconds and 734828 MB memory.
2026-08-14 16:55:21.681 INFO   [11415E\7588A6] Restoring an earlier board that has the score of 969,40 (1 unrouted).
2026-08-14 16:55:21.682 INFO   [11415E\7588A6] Auto-router pass #924 on board '0a3ff04b9e794a87ec1a5b4e489bda0b' was completed in 2,51 seconds with the score of 969,40 (1 unrouted), using 515658,34 CPU seconds and 736888 MB memory.
2026-08-14 16:55:22.743 INFO   [11415E\7588A6] Auto-router pass #925 on board '0a3ff04b9e794a87ec1a5b4e489bda0b' was completed in 1,05 seconds with the score of 969,40 (1 unrouted), using 516657,19 CPU seconds and 737591 MB memory.
2026-08-14 16:55:22.829 INFO   [11415E\7588A6] Auto-router pass #926 on board '0a3ff04b9e794a87ec1a5b4e489bda0b' was completed in 0,08 seconds with the score of 969,40 (1 unrouted), using 516657,19 CPU seconds and 737591 MB memory.
2026-08-14 16:55:22.923 INFO   [11415E\7588A6] Auto-router pass #927 on board '0a3ff04b9e794a87ec1a5b4e489bda0b' was completed in 0,09 seconds with the score of 969,40 (1 unrouted), using 516657,19 CPU seconds and 737591 MB memory.
2026-08-14 16:55:24.751 INFO   [11415E\7588A6] Restoring an earlier board that has the score of 969,40 (1 unrouted).
2026-08-14 16:55:24.751 INFO   [11415E\7588A6] Auto-router pass #928 on board '0a3ff04b9e794a87ec1a5b4e489bda0b' was completed in 1,82 seconds with the score of 969,40 (1 unrouted), using 518657,75 CPU seconds and 739105 MB memory.
2026-08-14 16:55:25.782 INFO   [11415E\7588A6] Auto-router pass #929 on board '0a3ff04b9e794a87ec1a5b4e489bda0b' was completed in 1,02 seconds with the score of 969,40 (1 unrouted), using 519659,50 CPU seconds and 739881 MB memory.
2026-08-14 16:55:25.868 INFO   [11415E\7588A6] Auto-router pass #930 on board '0a3ff04b9e794a87ec1a5b4e489bda0b' was completed in 0,08 seconds with the score of 969,40 (1 unrouted), using 519659,50 CPU seconds and 739881 MB memory.
2026-08-14 16:55:25.954 INFO   [11415E\7588A6] Auto-router pass #931 on board '0a3ff04b9e794a87ec1a5b4e489bda0b' was completed in 0,08 seconds with the score of 969,40 (1 unrouted), using 519659,50 CPU seconds and 739881 MB memory.
2026-08-14 16:55:27.751 INFO   [11415E\7588A6] Restoring an earlier board that has the score of 969,40 (1 unrouted).
2026-08-14 16:55:27.751 INFO   [11415E\7588A6] Auto-router pass #932 on board '0a3ff04b9e794a87ec1a5b4e489bda0b' was completed in 1,78 seconds with the score of 969,40 (1 unrouted), using 521665,91 CPU seconds and 741434 MB memory.
2026-08-14 16:55:28.790 INFO   [11415E\7588A6] Auto-router pass #933 on board '0a3ff04b9e794a87ec1a5b4e489bda0b' was completed in 1,03 seconds with the score of 969,40 (1 unrouted), using 522670,56 CPU seconds and 742209 MB memory.
2026-08-14 16:55:28.877 INFO   [11415E\7588A6] Auto-router pass #934 on board '0a3ff04b9e794a87ec1a5b4e489bda0b' was completed in 0,08 seconds with the score of 969,40 (1 unrouted), using 522670,56 CPU seconds and 742209 MB memory.
2026-08-14 16:55:28.964 INFO   [11415E\7588A6] Auto-router pass #935 on board '0a3ff04b9e794a87ec1a5b4e489bda0b' was completed in 0,08 seconds with the score of 969,40 (1 unrouted), using 522670,56 CPU seconds and 742209 MB memory.
2026-08-14 16:55:30.801 INFO   [11415E\7588A6] Restoring an earlier board that has the score of 969,40 (1 unrouted).
2026-08-14 16:55:30.802 INFO   [11415E\7588A6] Auto-router pass #936 on board '0a3ff04b9e794a87ec1a5b4e489bda0b' was completed in 1,83 seconds with the score of 969,40 (1 unrouted), using 524682,75 CPU seconds and 743727 MB memory.
2026-08-14 16:55:31.836 INFO   [11415E\7588A6] Auto-router pass #937 on board '0a3ff04b9e794a87ec1a5b4e489bda0b' was completed in 1,02 seconds with the score of 969,40 (1 unrouted), using 525690,31 CPU seconds and 744491 MB memory.
2026-08-14 16:55:31.927 INFO   [11415E\7588A6] Auto-router pass #938 on board '0a3ff04b9e794a87ec1a5b4e489bda0b' was completed in 0,08 seconds with the score of 969,40 (1 unrouted), using 525690,31 CPU seconds and 744491 MB memory.
2026-08-14 16:55:32.014 INFO   [11415E\7588A6] Auto-router pass #939 on board '0a3ff04b9e794a87ec1a5b4e489bda0b' was completed in 0,08 seconds with the score of 969,40 (1 unrouted), using 525690,31 CPU seconds and 744491 MB memory.
2026-08-14 16:55:33.827 INFO   [11415E\7588A6] Restoring an earlier board that has the score of 968,01 (2 unrouted).
2026-08-14 16:55:33.827 INFO   [11415E\7588A6] Auto-router pass #940 on board '0a3ff04b9e794a87ec1a5b4e489bda0b' was completed in 1,80 seconds with the score of 969,40 (1 unrouted), using 527708,31 CPU seconds and 746042 MB memory.
2026-08-14 16:55:35.317 INFO   [11415E\7588A6] Auto-router pass #941 on board '135bb41377670d0fdfb60ca96f40a559' was completed in 1,48 seconds with the score of 969,40 (1 unrouted), using 528718,75 CPU seconds and 746816 MB memory.
2026-08-14 16:55:35.425 INFO   [11415E\7588A6] Auto-router pass #942 on board '998bcaa67c91a1dd3cdada657bc2d408' was completed in 0,08 seconds with the score of 969,40 (1 unrouted), using 529730,19 CPU seconds and 747554 MB memory.
2026-08-14 16:55:35.523 INFO   [11415E\7588A6] Auto-router pass #943 on board '998bcaa67c91a1dd3cdada657bc2d408' was completed in 0,09 seconds with the score of 969,40 (1 unrouted), using 529730,19 CPU seconds and 747554 MB memory.
2026-08-14 16:55:35.627 WARN   ItemAutorouteInfo.get_expansion_room: p_index out of range
2026-08-14 16:55:35.628 WARN   ItemAutorouteInfo.get_expansion_room: p_index out of range
2026-08-14 16:55:35.628 WARN   ItemAutorouteInfo.get_expansion_room: p_index out of range
2026-08-14 16:55:35.631 WARN   ItemAutorouteInfo.get_expansion_room: p_index out of range
2026-08-14 16:55:35.632 WARN   ItemAutorouteInfo.get_expansion_room: p_index out of range
2026-08-14 16:55:35.632 WARN   ItemAutorouteInfo.get_expansion_room: p_index out of range
2026-08-14 16:55:35.725 WARN   ItemAutorouteInfo.get_expansion_room: p_index out of range
2026-08-14 16:55:35.725 WARN   ItemAutorouteInfo.get_expansion_room: p_index out of range
2026-08-14 16:55:35.774 WARN   ItemAutorouteInfo.get_expansion_room: p_index out of range
2026-08-14 16:55:35.777 WARN   ItemAutorouteInfo.get_expansion_room: p_index out of range
2026-08-14 16:55:35.777 WARN   ItemAutorouteInfo.get_expansion_room: p_index out of range
2026-08-14 16:55:35.868 WARN   ItemAutorouteInfo.get_expansion_room: p_index out of range
2026-08-14 16:55:35.868 WARN   ItemAutorouteInfo.get_expansion_room: p_index out of range
2026-08-14 16:55:35.868 WARN   ItemAutorouteInfo.get_expansion_room: p_index out of range
2026-08-14 16:55:35.868 WARN   ItemAutorouteInfo.get_expansion_room: p_index out of range
2026-08-14 16:55:35.868 WARN   ItemAutorouteInfo.get_expansion_room: p_index out of range
2026-08-14 16:55:35.869 WARN   ItemAutorouteInfo.get_expansion_room: p_index out of range
2026-08-14 16:55:35.869 WARN   ItemAutorouteInfo.get_expansion_room: p_index out of range
2026-08-14 16:55:35.892 WARN   ItemAutorouteInfo.get_expansion_room: p_index out of range
2026-08-14 16:55:35.913 WARN   ItemAutorouteInfo.get_expansion_room: p_index out of range
2026-08-14 16:55:35.913 WARN   ItemAutorouteInfo.get_expansion_room: p_index out of range
2026-08-14 16:55:35.913 WARN   ItemAutorouteInfo.get_expansion_room: p_index out of range
2026-08-14 16:55:35.913 WARN   ItemAutorouteInfo.get_expansion_room: p_index out of range
2026-08-14 16:55:35.913 WARN   ItemAutorouteInfo.get_expansion_room: p_index out of range
2026-08-14 16:55:35.924 WARN   ItemAutorouteInfo.get_expansion_room: p_index out of range
2026-08-14 16:55:35.924 WARN   ItemAutorouteInfo.get_expansion_room: p_index out of range
2026-08-14 16:55:35.924 WARN   ItemAutorouteInfo.get_expansion_room: p_index out of range
2026-08-14 16:55:35.926 WARN   ItemAutorouteInfo.get_expansion_room: p_index out of range
2026-08-14 16:55:35.926 WARN   ItemAutorouteInfo.get_expansion_room: p_index out of range
2026-08-14 16:55:35.926 WARN   ItemAutorouteInfo.get_expansion_room: p_index out of range
2026-08-14 16:55:35.989 WARN   ItemAutorouteInfo.get_expansion_room: p_index out of range
2026-08-14 16:55:35.989 WARN   ItemAutorouteInfo.get_expansion_room: p_index out of range
2026-08-14 16:55:36.019 WARN   ItemAutorouteInfo.get_expansion_room: p_index out of range
2026-08-14 16:55:36.019 WARN   ItemAutorouteInfo.get_expansion_room: p_index out of range
2026-08-14 16:55:36.019 WARN   ItemAutorouteInfo.get_expansion_room: p_index out of range
2026-08-14 16:55:36.019 WARN   ItemAutorouteInfo.get_expansion_room: p_index out of range
2026-08-14 16:55:36.019 WARN   ItemAutorouteInfo.get_expansion_room: p_index out of range
2026-08-14 16:55:36.019 WARN   ItemAutorouteInfo.get_expansion_room: p_index out of range
2026-08-14 16:55:36.020 WARN   ItemAutorouteInfo.get_expansion_room: p_index out of range
2026-08-14 16:55:36.020 WARN   ItemAutorouteInfo.get_expansion_room: p_index out of range
2026-08-14 16:55:36.020 WARN   ItemAutorouteInfo.get_expansion_room: p_index out of range
2026-08-14 16:55:36.020 WARN   ItemAutorouteInfo.get_expansion_room: p_index out of range
2026-08-14 16:55:36.034 WARN   ItemAutorouteInfo.get_expansion_room: p_index out of range
2026-08-14 16:55:36.034 WARN   ItemAutorouteInfo.get_expansion_room: p_index out of range
2026-08-14 16:55:36.034 WARN   ItemAutorouteInfo.get_expansion_room: p_index out of range
2026-08-14 16:55:36.076 WARN   ItemAutorouteInfo.get_expansion_room: p_index out of range
2026-08-14 16:55:36.076 WARN   ItemAutorouteInfo.get_expansion_room: p_index out of range
2026-08-14 16:55:36.105 WARN   ItemAutorouteInfo.get_expansion_room: p_index out of range
2026-08-14 16:55:36.115 WARN   ItemAutorouteInfo.get_expansion_room: p_index out of range
2026-08-14 16:55:36.264 WARN   ItemAutorouteInfo.get_expansion_room: p_index out of range
2026-08-14 16:55:36.264 WARN   ItemAutorouteInfo.get_expansion_room: p_index out of range
2026-08-14 16:55:36.265 WARN   ItemAutorouteInfo.get_expansion_room: p_index out of range
2026-08-14 16:55:36.265 WARN   ItemAutorouteInfo.get_expansion_room: p_index out of range
2026-08-14 16:55:36.266 WARN   ItemAutorouteInfo.get_expansion_room: p_index out of range
2026-08-14 16:55:36.266 WARN   ItemAutorouteInfo.get_expansion_room: p_index out of range
2026-08-14 16:55:36.267 WARN   ItemAutorouteInfo.get_expansion_room: p_index out of range
2026-08-14 16:55:36.267 WARN   ItemAutorouteInfo.get_expansion_room: p_index out of range
2026-08-14 16:55:36.267 WARN   ItemAutorouteInfo.get_expansion_room: p_index out of range
2026-08-14 16:55:36.301 WARN   ItemAutorouteInfo.get_expansion_room: p_index out of range
2026-08-14 16:55:36.301 WARN   ItemAutorouteInfo.get_expansion_room: p_index out of range
2026-08-14 16:55:36.301 WARN   ItemAutorouteInfo.get_expansion_room: p_index out of range
2026-08-14 16:55:36.302 WARN   ItemAutorouteInfo.get_expansion_room: p_index out of range
2026-08-14 16:55:36.302 WARN   ItemAutorouteInfo.get_expansion_room: p_index out of range
2026-08-14 16:55:36.302 WARN   ItemAutorouteInfo.get_expansion_room: p_index out of range
2026-08-14 16:55:36.302 WARN   ItemAutorouteInfo.get_expansion_room: p_index out of range
2026-08-14 16:55:36.302 WARN   ItemAutorouteInfo.get_expansion_room: p_index out of range
2026-08-14 16:55:36.306 WARN   ItemAutorouteInfo.get_expansion_room: p_index out of range
2026-08-14 16:55:36.306 WARN   ItemAutorouteInfo.get_expansion_room: p_index out of range
2026-08-14 16:55:36.311 WARN   ItemAutorouteInfo.get_expansion_room: p_index out of range
2026-08-14 16:55:36.311 WARN   ItemAutorouteInfo.get_expansion_room: p_index out of range
2026-08-14 16:55:36.311 WARN   ItemAutorouteInfo.get_expansion_room: p_index out of range
2026-08-14 16:55:36.328 WARN   ItemAutorouteInfo.get_expansion_room: p_index out of range
2026-08-14 16:55:36.328 WARN   ItemAutorouteInfo.get_expansion_room: p_index out of range
2026-08-14 16:55:36.328 WARN   ItemAutorouteInfo.get_expansion_room: p_index out of range
2026-08-14 16:55:36.340 WARN   ItemAutorouteInfo.get_expansion_room: p_index out of range
2026-08-14 16:55:36.340 WARN   ItemAutorouteInfo.get_expansion_room: p_index out of range
2026-08-14 16:55:36.340 WARN   ItemAutorouteInfo.get_expansion_room: p_index out of range
2026-08-14 16:55:36.340 WARN   ItemAutorouteInfo.get_expansion_room: p_index out of range
2026-08-14 16:55:36.340 WARN   ItemAutorouteInfo.get_expansion_room: p_index out of range
2026-08-14 16:55:36.351 WARN   ItemAutorouteInfo.get_expansion_room: p_index out of range
2026-08-14 16:55:36.353 WARN   ItemAutorouteInfo.get_expansion_room: p_index out of range
2026-08-14 16:55:36.353 WARN   ItemAutorouteInfo.get_expansion_room: p_index out of range
2026-08-14 16:55:36.353 WARN   ItemAutorouteInfo.get_expansion_room: p_index out of range
2026-08-14 16:55:36.354 WARN   ItemAutorouteInfo.get_expansion_room: p_index out of range
2026-08-14 16:55:36.354 WARN   ItemAutorouteInfo.get_expansion_room: p_index out of range
2026-08-14 16:55:36.377 WARN   ItemAutorouteInfo.get_expansion_room: p_index out of range
2026-08-14 16:55:36.378 WARN   ItemAutorouteInfo.get_expansion_room: p_index out of range
2026-08-14 16:55:36.378 WARN   ItemAutorouteInfo.get_expansion_room: p_index out of range
2026-08-14 16:55:36.378 WARN   ItemAutorouteInfo.get_expansion_room: p_index out of range
2026-08-14 16:55:36.566 WARN   ItemAutorouteInfo.get_expansion_room: p_index out of range
2026-08-14 16:55:36.566 WARN   ItemAutorouteInfo.get_expansion_room: p_index out of range
2026-08-14 16:55:36.597 WARN   ItemAutorouteInfo.get_expansion_room: p_index out of range
2026-08-14 16:55:36.620 WARN   ItemAutorouteInfo.get_expansion_room: p_index out of range
2026-08-14 16:55:36.621 WARN   ItemAutorouteInfo.get_expansion_room: p_index out of range
2026-08-14 16:55:36.632 WARN   ItemAutorouteInfo.get_expansion_room: p_index out of range
2026-08-14 16:55:36.634 WARN   ItemAutorouteInfo.get_expansion_room: p_index out of range
2026-08-14 16:55:36.675 WARN   ItemAutorouteInfo.get_expansion_room: p_index out of range
2026-08-14 16:55:36.721 WARN   ItemAutorouteInfo.get_expansion_room: p_index out of range
2026-08-14 16:55:36.780 WARN   ItemAutorouteInfo.get_expansion_room: p_index out of range
2026-08-14 16:55:36.794 WARN   ItemAutorouteInfo.get_expansion_room: p_index out of range
2026-08-14 16:55:36.829 WARN   ItemAutorouteInfo.get_expansion_room: p_index out of range
2026-08-14 16:55:37.128 WARN   ItemAutorouteInfo.get_expansion_room: p_index out of range
2026-08-14 16:55:37.166 WARN   ItemAutorouteInfo.get_expansion_room: p_index out of range
2026-08-14 16:55:37.166 WARN   ItemAutorouteInfo.get_expansion_room: p_index out of range
2026-08-14 16:55:37.166 WARN   ItemAutorouteInfo.get_expansion_room: p_index out of range
2026-08-14 16:55:37.167 WARN   ItemAutorouteInfo.get_expansion_room: p_index out of range
2026-08-14 16:55:37.210 WARN   ItemAutorouteInfo.get_expansion_room: p_index out of range
2026-08-14 16:55:37.210 WARN   ItemAutorouteInfo.get_expansion_room: p_index out of range
2026-08-14 16:55:37.210 WARN   ItemAutorouteInfo.get_expansion_room: p_index out of range
2026-08-14 16:55:37.210 WARN   ItemAutorouteInfo.get_expansion_room: p_index out of range
2026-08-14 16:55:37.210 WARN   ItemAutorouteInfo.get_expansion_room: p_index out of range
2026-08-14 16:55:37.210 WARN   ItemAutorouteInfo.get_expansion_room: p_index out of range
2026-08-14 16:55:37.457 INFO   [11415E\7588A6] Restoring an earlier board that has the score of 969,40 (1 unrouted).
2026-08-14 16:55:37.457 INFO   [11415E\7588A6] Auto-router pass #944 on board '998bcaa67c91a1dd3cdada657bc2d408' was completed in 1,93 seconds with the score of 969,40 (1 unrouted), using 531755,88 CPU seconds and 749121 MB memory.
2026-08-14 16:55:38.536 INFO   [11415E\7588A6] Auto-router pass #945 on board '998bcaa67c91a1dd3cdada657bc2d408' was completed in 1,07 seconds with the score of 969,40 (1 unrouted), using 532770,19 CPU seconds and 749838 MB memory.
2026-08-14 16:55:38.628 INFO   [11415E\7588A6] Auto-router pass #946 on board '998bcaa67c91a1dd3cdada657bc2d408' was completed in 0,08 seconds with the score of 969,40 (1 unrouted), using 532770,19 CPU seconds and 749838 MB memory.
2026-08-14 16:55:38.713 INFO   [11415E\7588A6] Auto-router pass #947 on board '998bcaa67c91a1dd3cdada657bc2d408' was completed in 0,08 seconds with the score of 969,40 (1 unrouted), using 532770,19 CPU seconds and 749838 MB memory.
2026-08-14 16:55:40.614 INFO   [11415E\7588A6] Restoring an earlier board that has the score of 969,40 (1 unrouted).
2026-08-14 16:55:40.614 INFO   [11415E\7588A6] Auto-router pass #948 on board '998bcaa67c91a1dd3cdada657bc2d408' was completed in 1,89 seconds with the score of 969,40 (1 unrouted), using 534801,75 CPU seconds and 751425 MB memory.
2026-08-14 16:55:41.705 INFO   [11415E\7588A6] Auto-router pass #949 on board '998bcaa67c91a1dd3cdada657bc2d408' was completed in 1,08 seconds with the score of 969,40 (1 unrouted), using 535819,00 CPU seconds and 752167 MB memory.
2026-08-14 16:55:41.791 INFO   [11415E\7588A6] Auto-router pass #950 on board '998bcaa67c91a1dd3cdada657bc2d408' was completed in 0,08 seconds with the score of 969,40 (1 unrouted), using 535819,00 CPU seconds and 752167 MB memory.
2026-08-14 16:55:41.881 INFO   [11415E\7588A6] Auto-router pass #951 on board '998bcaa67c91a1dd3cdada657bc2d408' was completed in 0,08 seconds with the score of 969,40 (1 unrouted), using 535819,00 CPU seconds and 752167 MB memory.
2026-08-14 16:55:43.787 INFO   [11415E\7588A6] Restoring an earlier board that has the score of 969,40 (1 unrouted).
2026-08-14 16:55:43.788 INFO   [11415E\7588A6] Auto-router pass #952 on board '998bcaa67c91a1dd3cdada657bc2d408' was completed in 1,90 seconds with the score of 969,40 (1 unrouted), using 537856,38 CPU seconds and 753731 MB memory.
2026-08-14 16:55:44.853 INFO   [11415E\7588A6] Auto-router pass #953 on board '998bcaa67c91a1dd3cdada657bc2d408' was completed in 1,06 seconds with the score of 969,40 (1 unrouted), using 538876,50 CPU seconds and 754506 MB memory.
2026-08-14 16:55:44.944 INFO   [11415E\7588A6] Auto-router pass #954 on board '998bcaa67c91a1dd3cdada657bc2d408' was completed in 0,08 seconds with the score of 969,40 (1 unrouted), using 538876,50 CPU seconds and 754506 MB memory.
2026-08-14 16:55:45.032 INFO   [11415E\7588A6] Auto-router pass #955 on board '998bcaa67c91a1dd3cdada657bc2d408' was completed in 0,08 seconds with the score of 969,40 (1 unrouted), using 538876,50 CPU seconds and 754506 MB memory.
2026-08-14 16:55:46.923 INFO   [11415E\7588A6] Restoring an earlier board that has the score of 969,40 (1 unrouted).
2026-08-14 16:55:46.923 INFO   [11415E\7588A6] Auto-router pass #956 on board '998bcaa67c91a1dd3cdada657bc2d408' was completed in 1,88 seconds with the score of 969,40 (1 unrouted), using 540919,69 CPU seconds and 756070 MB memory.
2026-08-14 16:55:47.999 INFO   [11415E\7588A6] Auto-router pass #957 on board '998bcaa67c91a1dd3cdada657bc2d408' was completed in 1,07 seconds with the score of 969,40 (1 unrouted), using 541942,75 CPU seconds and 756857 MB memory.
2026-08-14 16:55:48.084 INFO   [11415E\7588A6] Auto-router pass #958 on board '998bcaa67c91a1dd3cdada657bc2d408' was completed in 0,08 seconds with the score of 969,40 (1 unrouted), using 541942,75 CPU seconds and 756857 MB memory.
2026-08-14 16:55:48.168 INFO   [11415E\7588A6] Auto-router pass #959 on board '998bcaa67c91a1dd3cdada657bc2d408' was completed in 0,08 seconds with the score of 969,40 (1 unrouted), using 541942,75 CPU seconds and 756857 MB memory.
2026-08-14 16:55:50.061 INFO   [11415E\7588A6] Restoring an earlier board that has the score of 968,01 (2 unrouted).
2026-08-14 16:55:50.061 INFO   [11415E\7588A6] Auto-router pass #960 on board '998bcaa67c91a1dd3cdada657bc2d408' was completed in 1,88 seconds with the score of 969,40 (1 unrouted), using 543991,81 CPU seconds and 758398 MB memory.
2026-08-14 16:55:52.110 INFO   [11415E\7588A6] Auto-router pass #961 on board '135bb41377670d0fdfb60ca96f40a559' was completed in 2,04 seconds with the score of 969,65 (1 unrouted), using 546044,75 CPU seconds and 759934 MB memory.
2026-08-14 16:55:52.218 INFO   [11415E\7588A6] Auto-router pass #962 on board 'be374f0982e54227d5735043d6ecbe99' was completed in 0,08 seconds with the score of 969,65 (1 unrouted), using 546044,75 CPU seconds and 759934 MB memory.
2026-08-14 16:55:52.309 INFO   [11415E\7588A6] Auto-router pass #963 on board 'be374f0982e54227d5735043d6ecbe99' was completed in 0,08 seconds with the score of 969,65 (1 unrouted), using 546044,75 CPU seconds and 759934 MB memory.
2026-08-14 16:55:54.098 INFO   [11415E\7588A6] Restoring an earlier board that has the score of 969,65 (1 unrouted).
2026-08-14 16:55:54.098 INFO   [11415E\7588A6] Auto-router pass #964 on board 'be374f0982e54227d5735043d6ecbe99' was completed in 1,78 seconds with the score of 969,65 (1 unrouted), using 548101,56 CPU seconds and 761451 MB memory.
2026-08-14 16:55:55.168 INFO   [11415E\7588A6] Auto-router pass #965 on board 'be374f0982e54227d5735043d6ecbe99' was completed in 1,06 seconds with the score of 969,65 (1 unrouted), using 549131,44 CPU seconds and 762260 MB memory.
2026-08-14 16:55:55.257 INFO   [11415E\7588A6] Auto-router pass #966 on board 'be374f0982e54227d5735043d6ecbe99' was completed in 0,08 seconds with the score of 969,65 (1 unrouted), using 549131,44 CPU seconds and 762260 MB memory.
2026-08-14 16:55:55.347 INFO   [11415E\7588A6] Auto-router pass #967 on board 'be374f0982e54227d5735043d6ecbe99' was completed in 0,08 seconds with the score of 969,65 (1 unrouted), using 549131,44 CPU seconds and 762260 MB memory.
2026-08-14 16:55:57.135 INFO   [11415E\7588A6] Restoring an earlier board that has the score of 969,65 (1 unrouted).
2026-08-14 16:55:57.136 INFO   [11415E\7588A6] Auto-router pass #968 on board 'be374f0982e54227d5735043d6ecbe99' was completed in 1,78 seconds with the score of 969,65 (1 unrouted), using 551194,12 CPU seconds and 763783 MB memory.
2026-08-14 16:55:58.203 INFO   [11415E\7588A6] Auto-router pass #969 on board 'be374f0982e54227d5735043d6ecbe99' was completed in 1,06 seconds with the score of 969,65 (1 unrouted), using 552226,94 CPU seconds and 764597 MB memory.
2026-08-14 16:55:58.293 INFO   [11415E\7588A6] Auto-router pass #970 on board 'be374f0982e54227d5735043d6ecbe99' was completed in 0,08 seconds with the score of 969,65 (1 unrouted), using 552226,94 CPU seconds and 764597 MB memory.
2026-08-14 16:55:58.384 INFO   [11415E\7588A6] Auto-router pass #971 on board 'be374f0982e54227d5735043d6ecbe99' was completed in 0,08 seconds with the score of 969,65 (1 unrouted), using 553260,69 CPU seconds and 765349 MB memory.
2026-08-14 16:56:00.173 INFO   [11415E\7588A6] Restoring an earlier board that has the score of 969,65 (1 unrouted).
2026-08-14 16:56:00.173 INFO   [11415E\7588A6] Auto-router pass #972 on board 'be374f0982e54227d5735043d6ecbe99' was completed in 1,78 seconds with the score of 969,65 (1 unrouted), using 554295,44 CPU seconds and 766112 MB memory.
2026-08-14 16:56:01.239 INFO   [11415E\7588A6] Auto-router pass #973 on board 'be374f0982e54227d5735043d6ecbe99' was completed in 1,06 seconds with the score of 969,65 (1 unrouted), using 555331,19 CPU seconds and 766936 MB memory.
2026-08-14 16:56:01.334 INFO   [11415E\7588A6] Auto-router pass #974 on board 'be374f0982e54227d5735043d6ecbe99' was completed in 0,09 seconds with the score of 969,65 (1 unrouted), using 555331,19 CPU seconds and 766936 MB memory.
2026-08-14 16:56:01.425 INFO   [11415E\7588A6] Auto-router pass #975 on board 'be374f0982e54227d5735043d6ecbe99' was completed in 0,08 seconds with the score of 969,65 (1 unrouted), using 556367,88 CPU seconds and 767674 MB memory.
2026-08-14 16:56:03.197 INFO   [11415E\7588A6] Restoring an earlier board that has the score of 969,65 (1 unrouted).
2026-08-14 16:56:03.197 INFO   [11415E\7588A6] Auto-router pass #976 on board 'be374f0982e54227d5735043d6ecbe99' was completed in 1,76 seconds with the score of 969,65 (1 unrouted), using 557405,56 CPU seconds and 768455 MB memory.
2026-08-14 16:56:04.239 INFO   [11415E\7588A6] Auto-router pass #977 on board 'be374f0982e54227d5735043d6ecbe99' was completed in 1,03 seconds with the score of 969,65 (1 unrouted), using 558444,25 CPU seconds and 769283 MB memory.
2026-08-14 16:56:04.333 INFO   [11415E\7588A6] Auto-router pass #978 on board 'be374f0982e54227d5735043d6ecbe99' was completed in 0,09 seconds with the score of 969,65 (1 unrouted), using 558444,25 CPU seconds and 769283 MB memory.
2026-08-14 16:56:04.423 INFO   [11415E\7588A6] Auto-router pass #979 on board 'be374f0982e54227d5735043d6ecbe99' was completed in 0,08 seconds with the score of 969,65 (1 unrouted), using 559483,88 CPU seconds and 770034 MB memory.
2026-08-14 16:56:06.202 INFO   [11415E\7588A6] Restoring an earlier board that has the score of 968,01 (2 unrouted).
2026-08-14 16:56:06.202 INFO   [11415E\7588A6] Auto-router pass #980 on board 'be374f0982e54227d5735043d6ecbe99' was completed in 1,77 seconds with the score of 969,65 (1 unrouted), using 560524,50 CPU seconds and 770811 MB memory.
2026-08-14 16:56:07.686 INFO   [11415E\7588A6] Auto-router pass #981 on board '135bb41377670d0fdfb60ca96f40a559' was completed in 1,48 seconds with the score of 969,40 (1 unrouted), using 562608,69 CPU seconds and 772331 MB memory.
2026-08-14 16:56:07.778 INFO   [11415E\7588A6] Auto-router pass #982 on board '998bcaa67c91a1dd3cdada657bc2d408' was completed in 0,08 seconds with the score of 969,40 (1 unrouted), using 562608,69 CPU seconds and 772331 MB memory.
2026-08-14 16:56:07.870 INFO   [11415E\7588A6] Auto-router pass #983 on board '998bcaa67c91a1dd3cdada657bc2d408' was completed in 0,08 seconds with the score of 969,40 (1 unrouted), using 562608,69 CPU seconds and 772331 MB memory.
2026-08-14 16:56:07.981 WARN   ItemAutorouteInfo.get_expansion_room: p_index out of range
2026-08-14 16:56:07.981 WARN   ItemAutorouteInfo.get_expansion_room: p_index out of range
2026-08-14 16:56:07.981 WARN   ItemAutorouteInfo.get_expansion_room: p_index out of range
2026-08-14 16:56:07.985 WARN   ItemAutorouteInfo.get_expansion_room: p_index out of range
2026-08-14 16:56:07.985 WARN   ItemAutorouteInfo.get_expansion_room: p_index out of range
2026-08-14 16:56:07.985 WARN   ItemAutorouteInfo.get_expansion_room: p_index out of range
2026-08-14 16:56:08.078 WARN   ItemAutorouteInfo.get_expansion_room: p_index out of range
2026-08-14 16:56:08.079 WARN   ItemAutorouteInfo.get_expansion_room: p_index out of range
2026-08-14 16:56:08.124 WARN   ItemAutorouteInfo.get_expansion_room: p_index out of range
2026-08-14 16:56:08.127 WARN   ItemAutorouteInfo.get_expansion_room: p_index out of range
2026-08-14 16:56:08.127 WARN   ItemAutorouteInfo.get_expansion_room: p_index out of range
2026-08-14 16:56:08.223 WARN   ItemAutorouteInfo.get_expansion_room: p_index out of range
2026-08-14 16:56:08.223 WARN   ItemAutorouteInfo.get_expansion_room: p_index out of range
2026-08-14 16:56:08.223 WARN   ItemAutorouteInfo.get_expansion_room: p_index out of range
2026-08-14 16:56:08.223 WARN   ItemAutorouteInfo.get_expansion_room: p_index out of range
2026-08-14 16:56:08.223 WARN   ItemAutorouteInfo.get_expansion_room: p_index out of range
2026-08-14 16:56:08.223 WARN   ItemAutorouteInfo.get_expansion_room: p_index out of range
2026-08-14 16:56:08.223 WARN   ItemAutorouteInfo.get_expansion_room: p_index out of range
2026-08-14 16:56:08.246 WARN   ItemAutorouteInfo.get_expansion_room: p_index out of range
2026-08-14 16:56:08.266 WARN   ItemAutorouteInfo.get_expansion_room: p_index out of range
2026-08-14 16:56:08.266 WARN   ItemAutorouteInfo.get_expansion_room: p_index out of range
2026-08-14 16:56:08.266 WARN   ItemAutorouteInfo.get_expansion_room: p_index out of range
2026-08-14 16:56:08.267 WARN   ItemAutorouteInfo.get_expansion_room: p_index out of range
2026-08-14 16:56:08.267 WARN   ItemAutorouteInfo.get_expansion_room: p_index out of range
2026-08-14 16:56:08.278 WARN   ItemAutorouteInfo.get_expansion_room: p_index out of range
2026-08-14 16:56:08.278 WARN   ItemAutorouteInfo.get_expansion_room: p_index out of range
2026-08-14 16:56:08.278 WARN   ItemAutorouteInfo.get_expansion_room: p_index out of range
2026-08-14 16:56:08.279 WARN   ItemAutorouteInfo.get_expansion_room: p_index out of range
2026-08-14 16:56:08.279 WARN   ItemAutorouteInfo.get_expansion_room: p_index out of range
2026-08-14 16:56:08.279 WARN   ItemAutorouteInfo.get_expansion_room: p_index out of range
2026-08-14 16:56:08.341 WARN   ItemAutorouteInfo.get_expansion_room: p_index out of range
2026-08-14 16:56:08.341 WARN   ItemAutorouteInfo.get_expansion_room: p_index out of range
2026-08-14 16:56:08.366 WARN   ItemAutorouteInfo.get_expansion_room: p_index out of range
2026-08-14 16:56:08.366 WARN   ItemAutorouteInfo.get_expansion_room: p_index out of range
2026-08-14 16:56:08.366 WARN   ItemAutorouteInfo.get_expansion_room: p_index out of range
2026-08-14 16:56:08.366 WARN   ItemAutorouteInfo.get_expansion_room: p_index out of range
2026-08-14 16:56:08.366 WARN   ItemAutorouteInfo.get_expansion_room: p_index out of range
2026-08-14 16:56:08.366 WARN   ItemAutorouteInfo.get_expansion_room: p_index out of range
2026-08-14 16:56:08.366 WARN   ItemAutorouteInfo.get_expansion_room: p_index out of range
2026-08-14 16:56:08.367 WARN   ItemAutorouteInfo.get_expansion_room: p_index out of range
2026-08-14 16:56:08.367 WARN   ItemAutorouteInfo.get_expansion_room: p_index out of range
2026-08-14 16:56:08.367 WARN   ItemAutorouteInfo.get_expansion_room: p_index out of range
2026-08-14 16:56:08.381 WARN   ItemAutorouteInfo.get_expansion_room: p_index out of range
2026-08-14 16:56:08.381 WARN   ItemAutorouteInfo.get_expansion_room: p_index out of range
2026-08-14 16:56:08.382 WARN   ItemAutorouteInfo.get_expansion_room: p_index out of range
2026-08-14 16:56:08.429 WARN   ItemAutorouteInfo.get_expansion_room: p_index out of range
2026-08-14 16:56:08.429 WARN   ItemAutorouteInfo.get_expansion_room: p_index out of range
2026-08-14 16:56:08.457 WARN   ItemAutorouteInfo.get_expansion_room: p_index out of range
2026-08-14 16:56:08.467 WARN   ItemAutorouteInfo.get_expansion_room: p_index out of range
2026-08-14 16:56:08.606 WARN   ItemAutorouteInfo.get_expansion_room: p_index out of range
2026-08-14 16:56:08.606 WARN   ItemAutorouteInfo.get_expansion_room: p_index out of range
2026-08-14 16:56:08.607 WARN   ItemAutorouteInfo.get_expansion_room: p_index out of range
2026-08-14 16:56:08.607 WARN   ItemAutorouteInfo.get_expansion_room: p_index out of range
2026-08-14 16:56:08.609 WARN   ItemAutorouteInfo.get_expansion_room: p_index out of range
2026-08-14 16:56:08.609 WARN   ItemAutorouteInfo.get_expansion_room: p_index out of range
2026-08-14 16:56:08.609 WARN   ItemAutorouteInfo.get_expansion_room: p_index out of range
2026-08-14 16:56:08.609 WARN   ItemAutorouteInfo.get_expansion_room: p_index out of range
2026-08-14 16:56:08.609 WARN   ItemAutorouteInfo.get_expansion_room: p_index out of range
2026-08-14 16:56:08.646 WARN   ItemAutorouteInfo.get_expansion_room: p_index out of range
2026-08-14 16:56:08.646 WARN   ItemAutorouteInfo.get_expansion_room: p_index out of range
2026-08-14 16:56:08.646 WARN   ItemAutorouteInfo.get_expansion_room: p_index out of range
2026-08-14 16:56:08.655 WARN   ItemAutorouteInfo.get_expansion_room: p_index out of range
2026-08-14 16:56:08.655 WARN   ItemAutorouteInfo.get_expansion_room: p_index out of range
2026-08-14 16:56:08.656 WARN   ItemAutorouteInfo.get_expansion_room: p_index out of range
2026-08-14 16:56:08.656 WARN   ItemAutorouteInfo.get_expansion_room: p_index out of range
2026-08-14 16:56:08.656 WARN   ItemAutorouteInfo.get_expansion_room: p_index out of range
2026-08-14 16:56:08.660 WARN   ItemAutorouteInfo.get_expansion_room: p_index out of range
2026-08-14 16:56:08.660 WARN   ItemAutorouteInfo.get_expansion_room: p_index out of range
2026-08-14 16:56:08.664 WARN   ItemAutorouteInfo.get_expansion_room: p_index out of range
2026-08-14 16:56:08.664 WARN   ItemAutorouteInfo.get_expansion_room: p_index out of range
2026-08-14 16:56:08.664 WARN   ItemAutorouteInfo.get_expansion_room: p_index out of range
2026-08-14 16:56:08.682 WARN   ItemAutorouteInfo.get_expansion_room: p_index out of range
2026-08-14 16:56:08.682 WARN   ItemAutorouteInfo.get_expansion_room: p_index out of range
2026-08-14 16:56:08.682 WARN   ItemAutorouteInfo.get_expansion_room: p_index out of range
2026-08-14 16:56:08.694 WARN   ItemAutorouteInfo.get_expansion_room: p_index out of range
2026-08-14 16:56:08.694 WARN   ItemAutorouteInfo.get_expansion_room: p_index out of range
2026-08-14 16:56:08.694 WARN   ItemAutorouteInfo.get_expansion_room: p_index out of range
2026-08-14 16:56:08.694 WARN   ItemAutorouteInfo.get_expansion_room: p_index out of range
2026-08-14 16:56:08.694 WARN   ItemAutorouteInfo.get_expansion_room: p_index out of range
2026-08-14 16:56:08.705 WARN   ItemAutorouteInfo.get_expansion_room: p_index out of range
2026-08-14 16:56:08.707 WARN   ItemAutorouteInfo.get_expansion_room: p_index out of range
2026-08-14 16:56:08.707 WARN   ItemAutorouteInfo.get_expansion_room: p_index out of range
2026-08-14 16:56:08.707 WARN   ItemAutorouteInfo.get_expansion_room: p_index out of range
2026-08-14 16:56:08.707 WARN   ItemAutorouteInfo.get_expansion_room: p_index out of range
2026-08-14 16:56:08.707 WARN   ItemAutorouteInfo.get_expansion_room: p_index out of range
2026-08-14 16:56:08.731 WARN   ItemAutorouteInfo.get_expansion_room: p_index out of range
2026-08-14 16:56:08.731 WARN   ItemAutorouteInfo.get_expansion_room: p_index out of range
2026-08-14 16:56:08.731 WARN   ItemAutorouteInfo.get_expansion_room: p_index out of range
2026-08-14 16:56:08.731 WARN   ItemAutorouteInfo.get_expansion_room: p_index out of range
2026-08-14 16:56:08.921 WARN   ItemAutorouteInfo.get_expansion_room: p_index out of range
2026-08-14 16:56:08.921 WARN   ItemAutorouteInfo.get_expansion_room: p_index out of range
2026-08-14 16:56:08.952 WARN   ItemAutorouteInfo.get_expansion_room: p_index out of range
2026-08-14 16:56:08.975 WARN   ItemAutorouteInfo.get_expansion_room: p_index out of range
2026-08-14 16:56:08.977 WARN   ItemAutorouteInfo.get_expansion_room: p_index out of range
2026-08-14 16:56:08.988 WARN   ItemAutorouteInfo.get_expansion_room: p_index out of range
2026-08-14 16:56:08.989 WARN   ItemAutorouteInfo.get_expansion_room: p_index out of range
2026-08-14 16:56:09.031 WARN   ItemAutorouteInfo.get_expansion_room: p_index out of range
2026-08-14 16:56:09.077 WARN   ItemAutorouteInfo.get_expansion_room: p_index out of range
2026-08-14 16:56:09.125 WARN   ItemAutorouteInfo.get_expansion_room: p_index out of range
2026-08-14 16:56:09.140 WARN   ItemAutorouteInfo.get_expansion_room: p_index out of range
2026-08-14 16:56:09.184 WARN   ItemAutorouteInfo.get_expansion_room: p_index out of range
2026-08-14 16:56:09.480 WARN   ItemAutorouteInfo.get_expansion_room: p_index out of range
2026-08-14 16:56:09.519 WARN   ItemAutorouteInfo.get_expansion_room: p_index out of range
2026-08-14 16:56:09.519 WARN   ItemAutorouteInfo.get_expansion_room: p_index out of range
2026-08-14 16:56:09.519 WARN   ItemAutorouteInfo.get_expansion_room: p_index out of range
2026-08-14 16:56:09.520 WARN   ItemAutorouteInfo.get_expansion_room: p_index out of range
2026-08-14 16:56:09.565 WARN   ItemAutorouteInfo.get_expansion_room: p_index out of range
2026-08-14 16:56:09.565 WARN   ItemAutorouteInfo.get_expansion_room: p_index out of range
2026-08-14 16:56:09.565 WARN   ItemAutorouteInfo.get_expansion_room: p_index out of range
2026-08-14 16:56:09.565 WARN   ItemAutorouteInfo.get_expansion_room: p_index out of range
2026-08-14 16:56:09.565 WARN   ItemAutorouteInfo.get_expansion_room: p_index out of range
2026-08-14 16:56:09.565 WARN   ItemAutorouteInfo.get_expansion_room: p_index out of range
2026-08-14 16:56:09.817 INFO   [11415E\7588A6] Restoring an earlier board that has the score of 968,01 (2 unrouted).
2026-08-14 16:56:09.817 INFO   [11415E\7588A6] Auto-router pass #984 on board '998bcaa67c91a1dd3cdada657bc2d408' was completed in 1,93 seconds with the score of 969,40 (1 unrouted), using 564696,75 CPU seconds and 773882 MB memory.
2026-08-14 16:56:11.487 INFO   [11415E\7588A6] Auto-router pass #985 on board 'b2fef2856f7750f0db501cd08eea7613' was completed in 1,66 seconds with the score of 969,69 (1 unrouted), using 566788,75 CPU seconds and 775496 MB memory.
2026-08-14 16:56:11.595 INFO   [11415E\7588A6] Auto-router pass #986 on board '42e09c82089ca24d40bfb0b10ae97996' was completed in 0,08 seconds with the score of 969,69 (1 unrouted), using 566788,75 CPU seconds and 775496 MB memory.
2026-08-14 16:56:11.693 INFO   [11415E\7588A6] Auto-router pass #987 on board '42e09c82089ca24d40bfb0b10ae97996' was completed in 0,09 seconds with the score of 969,69 (1 unrouted), using 566788,75 CPU seconds and 775496 MB memory.
2026-08-14 16:56:14.422 INFO   [11415E\7588A6] Restoring an earlier board that has the score of 969,69 (1 unrouted).
2026-08-14 16:56:14.422 INFO   [11415E\7588A6] Auto-router pass #988 on board '42e09c82089ca24d40bfb0b10ae97996' was completed in 2,72 seconds with the score of 969,69 (1 unrouted), using 569934,00 CPU seconds and 777671 MB memory.
2026-08-14 16:56:15.521 INFO   [11415E\7588A6] Auto-router pass #989 on board '42e09c82089ca24d40bfb0b10ae97996' was completed in 1,09 seconds with the score of 969,69 (1 unrouted), using 570984,38 CPU seconds and 778390 MB memory.
2026-08-14 16:56:15.622 INFO   [11415E\7588A6] Auto-router pass #990 on board '42e09c82089ca24d40bfb0b10ae97996' was completed in 0,09 seconds with the score of 969,69 (1 unrouted), using 570984,38 CPU seconds and 778390 MB memory.
2026-08-14 16:56:15.715 INFO   [11415E\7588A6] Auto-router pass #991 on board '42e09c82089ca24d40bfb0b10ae97996' was completed in 0,08 seconds with the score of 969,69 (1 unrouted), using 570984,38 CPU seconds and 778390 MB memory.
2026-08-14 16:56:17.689 INFO   [11415E\7588A6] Restoring an earlier board that has the score of 969,69 (1 unrouted).
2026-08-14 16:56:17.689 INFO   [11415E\7588A6] Auto-router pass #992 on board '42e09c82089ca24d40bfb0b10ae97996' was completed in 1,97 seconds with the score of 969,69 (1 unrouted), using 573087,94 CPU seconds and 779962 MB memory.
2026-08-14 16:56:18.774 INFO   [11415E\7588A6] Auto-router pass #993 on board '42e09c82089ca24d40bfb0b10ae97996' was completed in 1,07 seconds with the score of 969,69 (1 unrouted), using 574141,19 CPU seconds and 780733 MB memory.
2026-08-14 16:56:18.872 INFO   [11415E\7588A6] Auto-router pass #994 on board '42e09c82089ca24d40bfb0b10ae97996' was completed in 0,09 seconds with the score of 969,69 (1 unrouted), using 574141,19 CPU seconds and 780733 MB memory.
2026-08-14 16:56:18.964 INFO   [11415E\7588A6] Auto-router pass #995 on board '42e09c82089ca24d40bfb0b10ae97996' was completed in 0,08 seconds with the score of 969,69 (1 unrouted), using 574141,19 CPU seconds and 780733 MB memory.
2026-08-14 16:56:20.898 INFO   [11415E\7588A6] Restoring an earlier board that has the score of 969,69 (1 unrouted).
2026-08-14 16:56:20.898 INFO   [11415E\7588A6] Auto-router pass #996 on board '42e09c82089ca24d40bfb0b10ae97996' was completed in 1,93 seconds with the score of 969,69 (1 unrouted), using 576250,62 CPU seconds and 782321 MB memory.
2026-08-14 16:56:21.980 INFO   [11415E\7588A6] Auto-router pass #997 on board '42e09c82089ca24d40bfb0b10ae97996' was completed in 1,07 seconds with the score of 969,69 (1 unrouted), using 577306,81 CPU seconds and 783113 MB memory.
2026-08-14 16:56:22.072 INFO   [11415E\7588A6] Auto-router pass #998 on board '42e09c82089ca24d40bfb0b10ae97996' was completed in 0,08 seconds with the score of 969,69 (1 unrouted), using 577306,81 CPU seconds and 783113 MB memory.
2026-08-14 16:56:22.169 INFO   [11415E\7588A6] Auto-router pass #999 on board '42e09c82089ca24d40bfb0b10ae97996' was completed in 0,09 seconds with the score of 969,69 (1 unrouted), using 577306,81 CPU seconds and 783113 MB memory.
{
  "host": "KiCad's Pcbnew,9.0.3+dfsg-1",
  "unit": "mm",
  "board": {
    "bounding_box": {
      "x": 1501.0,
      "y": 1.0,
      "width": -1.0,
      "height": -581.0
    },
    "size": {
      "x": 0.0,
      "y": 0.0,
      "width": 1502.0,
      "height": 582.0
    }
  },
  "layers": {
    "total_count": 2,
    "signal_count": 2
  },
  "items": {
    "total_count": 994,
    "trace_count": 264,
    "via_count": 142,
    "conduction_area_count": 2,
    "drill_item_count": 272,
    "pin_count": 0,
    "component_count": 313,
    "other_count": 1
  },
  "components": {
    "total_count": 26
  },
  "pads": {
    "total_count": 272
  },
  "nets": {
    "total_count": 69,
    "class_count": 3
  },
  "connections": {
    "maximum_count": 572,
    "incomplete_count": 1
  },
  "traces": {
    "total_count": 264,
    "total_segment_count": 1021,
    "total_length": 50681.14,
    "total_weighted_length": 1.6966901E8,
    "average_length": 191.97401,
    "total_vertical_length": 6008.111,
    "total_horizontal_length": 27611.2,
    "total_angled_length": 9594.697
  },
  "bends": {
    "total_count": 757,
    "90_degree_count": 6,
    "45_degree_count": 751,
    "other_angle_count": 0
  },
  "vias": {
    "total_count": 142,
    "through_hole_count": 142,
    "blind_count": 0,
    "buried_count": 0
  },
  "clearance_violations": {
    "total_count": 0
  }
}
16:56:23: Debug: Adding duplicate image handler for 'PNG file'
16:56:23: Debug: Adding duplicate image handler for 'JPEG file'
16:56:23: Debug: Adding duplicate image handler for 'TIFF file'
16:56:23: Debug: Adding duplicate image handler for 'GIF file'
16:56:23: Debug: Adding duplicate image handler for 'PNM file'
16:56:23: Debug: Adding duplicate image handler for 'PCX file'
16:56:23: Debug: Adding duplicate image handler for 'IFF file'
16:56:23: Debug: Adding duplicate image handler for 'Windows icon file'
16:56:23: Debug: Adding duplicate image handler for 'Windows cursor file'
16:56:23: Debug: Adding duplicate image handler for 'Windows animated cursor file'
16:56:23: Debug: Adding duplicate image handler for 'TGA file'
16:56:23: Debug: Adding duplicate image handler for 'XPM file'
16:56:24: Debug: Adding duplicate image handler for 'PNG file'
16:56:24: Debug: Adding duplicate image handler for 'JPEG file'
16:56:24: Debug: Adding duplicate image handler for 'TIFF file'
16:56:24: Debug: Adding duplicate image handler for 'GIF file'
16:56:24: Debug: Adding duplicate image handler for 'PNM file'
16:56:24: Debug: Adding duplicate image handler for 'PCX file'
16:56:24: Debug: Adding duplicate image handler for 'IFF file'
16:56:24: Debug: Adding duplicate image handler for 'Windows icon file'
16:56:24: Debug: Adding duplicate image handler for 'Windows cursor file'
16:56:24: Debug: Adding duplicate image handler for 'Windows animated cursor file'
16:56:24: Debug: Adding duplicate image handler for 'TGA file'
16:56:24: Debug: Adding duplicate image handler for 'XPM file'
freerouting : java -Djava.awt.headless=true -jar ../phaseA/freerouting.jar -de berceau_fr.dsn -do berceau.ses -mp 5
liaisons non routées restantes : 43
