2026-08-13 16:31:04.520 INFO   Freerouting v2.1.0 (build-date: 2025-04-12)
2026-08-13 16:31:04.556 WARN   No default constructor found for field: currentLocale
2026-08-13 16:31:04.556 INFO   Settings were loaded from freerouting.json
2026-08-13 16:31:04.559 WARN   Couldn't get screen resolution. If you are running in a headless environment, disable the GUI by setting gui.enabled to false.
2026-08-13 16:31:05.985 INFO   [B1F8ED\011EDF] Job 'B1F8ED\011EDF' started at 2026-08-13T14:31:05.985425615Z
2026-08-13 16:31:06.363 INFO   New version available: v2.3.0
2026-08-13 16:31:09.150 INFO   [B1F8ED\011EDF] Auto-router pass #1 on board '115fb7dfb22440eeca5100d11aa2408c' was completed in 3,00 seconds with the score of 934,49 (20 unrouted), using 5,70 CPU seconds and 2336 MB memory.
2026-08-13 16:31:09.832 INFO   [B1F8ED\011EDF] Auto-router pass #2 on board '2f62153447b22da526a463320c3eb5ac' was completed in 0,66 seconds with the score of 934,49 (20 unrouted), using 5,70 CPU seconds and 2336 MB memory.
2026-08-13 16:31:10.412 INFO   [B1F8ED\011EDF] Auto-router pass #3 on board '2f62153447b22da526a463320c3eb5ac' was completed in 0,57 seconds with the score of 934,49 (20 unrouted), using 9,54 CPU seconds and 3261 MB memory.
2026-08-13 16:31:12.002 INFO   [B1F8ED\011EDF] Auto-router pass #4 on board '2f62153447b22da526a463320c3eb5ac' was completed in 1,58 seconds with the score of 934,49 (20 unrouted), using 20,15 CPU seconds and 5245 MB memory.
2026-08-13 16:31:12.572 INFO   [B1F8ED\011EDF] Auto-router pass #5 on board '2f62153447b22da526a463320c3eb5ac' was completed in 0,56 seconds with the score of 934,49 (20 unrouted), using 20,15 CPU seconds and 5245 MB memory.
2026-08-13 16:31:13.141 INFO   [B1F8ED\011EDF] Auto-router pass #6 on board '2f62153447b22da526a463320c3eb5ac' was completed in 0,56 seconds with the score of 934,49 (20 unrouted), using 26,93 CPU seconds and 6261 MB memory.
2026-08-13 16:31:13.706 INFO   [B1F8ED\011EDF] Auto-router pass #7 on board '2f62153447b22da526a463320c3eb5ac' was completed in 0,56 seconds with the score of 934,49 (20 unrouted), using 26,93 CPU seconds and 6261 MB memory.
2026-08-13 16:31:14.284 INFO   [B1F8ED\011EDF] Auto-router pass #8 on board '2f62153447b22da526a463320c3eb5ac' was completed in 0,57 seconds with the score of 934,49 (20 unrouted), using 34,70 CPU seconds and 7280 MB memory.
2026-08-13 16:31:14.838 INFO   [B1F8ED\011EDF] Auto-router pass #9 on board '2f62153447b22da526a463320c3eb5ac' was completed in 0,55 seconds with the score of 934,49 (20 unrouted), using 34,70 CPU seconds and 7280 MB memory.
2026-08-13 16:31:15.390 INFO   [B1F8ED\011EDF] Auto-router pass #10 on board '2f62153447b22da526a463320c3eb5ac' was completed in 0,55 seconds with the score of 934,49 (20 unrouted), using 43,46 CPU seconds and 8314 MB memory.
2026-08-13 16:31:15.960 INFO   [B1F8ED\011EDF] Auto-router pass #11 on board '2f62153447b22da526a463320c3eb5ac' was completed in 0,56 seconds with the score of 934,49 (20 unrouted), using 43,46 CPU seconds and 8314 MB memory.
2026-08-13 16:31:16.511 INFO   [B1F8ED\011EDF] Auto-router pass #12 on board '2f62153447b22da526a463320c3eb5ac' was completed in 0,55 seconds with the score of 934,49 (20 unrouted), using 53,21 CPU seconds and 9345 MB memory.
2026-08-13 16:31:17.059 INFO   [B1F8ED\011EDF] Auto-router pass #13 on board '2f62153447b22da526a463320c3eb5ac' was completed in 0,54 seconds with the score of 934,49 (20 unrouted), using 63,95 CPU seconds and 10405 MB memory.
2026-08-13 16:31:17.605 INFO   [B1F8ED\011EDF] Auto-router pass #14 on board '2f62153447b22da526a463320c3eb5ac' was completed in 0,54 seconds with the score of 934,49 (20 unrouted), using 63,95 CPU seconds and 10405 MB memory.
2026-08-13 16:31:18.150 INFO   [B1F8ED\011EDF] Auto-router pass #15 on board '2f62153447b22da526a463320c3eb5ac' was completed in 0,54 seconds with the score of 934,49 (20 unrouted), using 75,67 CPU seconds and 11465 MB memory.
2026-08-13 16:31:18.698 INFO   [B1F8ED\011EDF] Auto-router pass #16 on board '2f62153447b22da526a463320c3eb5ac' was completed in 0,54 seconds with the score of 934,49 (20 unrouted), using 75,67 CPU seconds and 11465 MB memory.
2026-08-13 16:31:19.252 INFO   [B1F8ED\011EDF] Auto-router pass #17 on board '2f62153447b22da526a463320c3eb5ac' was completed in 0,55 seconds with the score of 934,49 (20 unrouted), using 88,39 CPU seconds and 12522 MB memory.
2026-08-13 16:31:19.797 INFO   [B1F8ED\011EDF] Auto-router pass #18 on board '2f62153447b22da526a463320c3eb5ac' was completed in 0,54 seconds with the score of 934,49 (20 unrouted), using 88,39 CPU seconds and 12522 MB memory.
2026-08-13 16:31:20.346 INFO   [B1F8ED\011EDF] Auto-router pass #19 on board '2f62153447b22da526a463320c3eb5ac' was completed in 0,54 seconds with the score of 934,49 (20 unrouted), using 102,10 CPU seconds and 13585 MB memory.
2026-08-13 16:31:20.899 INFO   [B1F8ED\011EDF] Auto-router pass #20 on board '2f62153447b22da526a463320c3eb5ac' was completed in 0,55 seconds with the score of 934,49 (20 unrouted), using 102,10 CPU seconds and 13585 MB memory.
2026-08-13 16:31:21.450 INFO   [B1F8ED\011EDF] Auto-router pass #21 on board '2f62153447b22da526a463320c3eb5ac' was completed in 0,55 seconds with the score of 934,49 (20 unrouted), using 116,80 CPU seconds and 14636 MB memory.
2026-08-13 16:31:21.992 INFO   [B1F8ED\011EDF] Auto-router pass #22 on board '2f62153447b22da526a463320c3eb5ac' was completed in 0,54 seconds with the score of 934,49 (20 unrouted), using 116,80 CPU seconds and 14636 MB memory.
2026-08-13 16:31:22.534 INFO   [B1F8ED\011EDF] Auto-router pass #23 on board '2f62153447b22da526a463320c3eb5ac' was completed in 0,54 seconds with the score of 934,49 (20 unrouted), using 132,49 CPU seconds and 15694 MB memory.
2026-08-13 16:31:23.112 INFO   [B1F8ED\011EDF] Auto-router pass #24 on board '2f62153447b22da526a463320c3eb5ac' was completed in 0,57 seconds with the score of 934,49 (20 unrouted), using 149,17 CPU seconds and 16739 MB memory.
2026-08-13 16:31:23.703 INFO   [B1F8ED\011EDF] Auto-router pass #25 on board '2f62153447b22da526a463320c3eb5ac' was completed in 0,58 seconds with the score of 934,49 (20 unrouted), using 149,17 CPU seconds and 16739 MB memory.
2026-08-13 16:31:24.285 INFO   [B1F8ED\011EDF] Auto-router pass #26 on board '2f62153447b22da526a463320c3eb5ac' was completed in 0,58 seconds with the score of 934,49 (20 unrouted), using 166,85 CPU seconds and 17720 MB memory.
2026-08-13 16:31:24.854 INFO   [B1F8ED\011EDF] Auto-router pass #27 on board '2f62153447b22da526a463320c3eb5ac' was completed in 0,56 seconds with the score of 934,49 (20 unrouted), using 166,85 CPU seconds and 17720 MB memory.
2026-08-13 16:31:25.417 INFO   [B1F8ED\011EDF] Auto-router pass #28 on board '2f62153447b22da526a463320c3eb5ac' was completed in 0,56 seconds with the score of 934,49 (20 unrouted), using 185,51 CPU seconds and 18737 MB memory.
2026-08-13 16:31:25.970 INFO   [B1F8ED\011EDF] Auto-router pass #29 on board '2f62153447b22da526a463320c3eb5ac' was completed in 0,55 seconds with the score of 934,49 (20 unrouted), using 185,51 CPU seconds and 18737 MB memory.
2026-08-13 16:31:26.530 INFO   [B1F8ED\011EDF] Auto-router pass #30 on board '2f62153447b22da526a463320c3eb5ac' was completed in 0,56 seconds with the score of 934,49 (20 unrouted), using 205,17 CPU seconds and 19776 MB memory.
2026-08-13 16:31:27.107 INFO   [B1F8ED\011EDF] Auto-router pass #31 on board '2f62153447b22da526a463320c3eb5ac' was completed in 0,57 seconds with the score of 934,49 (20 unrouted), using 225,81 CPU seconds and 20795 MB memory.
2026-08-13 16:31:27.692 INFO   [B1F8ED\011EDF] Auto-router pass #32 on board '2f62153447b22da526a463320c3eb5ac' was completed in 0,58 seconds with the score of 934,49 (20 unrouted), using 225,81 CPU seconds and 20795 MB memory.
2026-08-13 16:31:28.273 INFO   [B1F8ED\011EDF] Auto-router pass #33 on board '2f62153447b22da526a463320c3eb5ac' was completed in 0,57 seconds with the score of 934,49 (20 unrouted), using 247,44 CPU seconds and 21795 MB memory.
2026-08-13 16:31:28.872 INFO   [B1F8ED\011EDF] Auto-router pass #34 on board '2f62153447b22da526a463320c3eb5ac' was completed in 0,59 seconds with the score of 934,49 (20 unrouted), using 247,44 CPU seconds and 21795 MB memory.
2026-08-13 16:31:29.468 INFO   [B1F8ED\011EDF] Auto-router pass #35 on board '2f62153447b22da526a463320c3eb5ac' was completed in 0,59 seconds with the score of 934,49 (20 unrouted), using 270,07 CPU seconds and 22772 MB memory.
2026-08-13 16:31:30.089 INFO   [B1F8ED\011EDF] Auto-router pass #36 on board '2f62153447b22da526a463320c3eb5ac' was completed in 0,61 seconds with the score of 934,49 (20 unrouted), using 293,68 CPU seconds and 23726 MB memory.
2026-08-13 16:31:30.706 INFO   [B1F8ED\011EDF] Auto-router pass #37 on board '2f62153447b22da526a463320c3eb5ac' was completed in 0,61 seconds with the score of 934,49 (20 unrouted), using 293,68 CPU seconds and 23726 MB memory.
2026-08-13 16:31:31.330 INFO   [B1F8ED\011EDF] Auto-router pass #38 on board '2f62153447b22da526a463320c3eb5ac' was completed in 0,62 seconds with the score of 934,49 (20 unrouted), using 318,28 CPU seconds and 24663 MB memory.
2026-08-13 16:31:31.957 INFO   [B1F8ED\011EDF] Auto-router pass #39 on board '2f62153447b22da526a463320c3eb5ac' was completed in 0,62 seconds with the score of 934,49 (20 unrouted), using 318,28 CPU seconds and 24663 MB memory.
2026-08-13 16:31:32.608 INFO   [B1F8ED\011EDF] Auto-router pass #40 on board '2f62153447b22da526a463320c3eb5ac' was completed in 0,64 seconds with the score of 934,49 (20 unrouted), using 343,87 CPU seconds and 25581 MB memory.
2026-08-13 16:31:33.198 INFO   [B1F8ED\011EDF] Auto-router pass #41 on board '2f62153447b22da526a463320c3eb5ac' was completed in 0,58 seconds with the score of 934,49 (20 unrouted), using 370,45 CPU seconds and 26508 MB memory.
2026-08-13 16:31:33.774 INFO   [B1F8ED\011EDF] Auto-router pass #42 on board '2f62153447b22da526a463320c3eb5ac' was completed in 0,57 seconds with the score of 934,49 (20 unrouted), using 370,45 CPU seconds and 26508 MB memory.
2026-08-13 16:31:34.390 INFO   [B1F8ED\011EDF] Auto-router pass #43 on board '2f62153447b22da526a463320c3eb5ac' was completed in 0,61 seconds with the score of 934,49 (20 unrouted), using 398,02 CPU seconds and 27517 MB memory.
2026-08-13 16:31:35.020 INFO   [B1F8ED\011EDF] Auto-router pass #44 on board '2f62153447b22da526a463320c3eb5ac' was completed in 0,62 seconds with the score of 934,49 (20 unrouted), using 426,58 CPU seconds and 28430 MB memory.
2026-08-13 16:31:35.591 INFO   [B1F8ED\011EDF] Auto-router pass #45 on board '2f62153447b22da526a463320c3eb5ac' was completed in 0,56 seconds with the score of 934,49 (20 unrouted), using 426,58 CPU seconds and 28430 MB memory.
2026-08-13 16:31:36.178 INFO   [B1F8ED\011EDF] Auto-router pass #46 on board '2f62153447b22da526a463320c3eb5ac' was completed in 0,58 seconds with the score of 934,49 (20 unrouted), using 456,14 CPU seconds and 29427 MB memory.
2026-08-13 16:31:36.771 INFO   [B1F8ED\011EDF] Auto-router pass #47 on board '2f62153447b22da526a463320c3eb5ac' was completed in 0,59 seconds with the score of 934,49 (20 unrouted), using 456,14 CPU seconds and 29427 MB memory.
2026-08-13 16:31:37.407 INFO   [B1F8ED\011EDF] Auto-router pass #48 on board '2f62153447b22da526a463320c3eb5ac' was completed in 0,63 seconds with the score of 934,49 (20 unrouted), using 486,68 CPU seconds and 30403 MB memory.
2026-08-13 16:31:37.992 INFO   [B1F8ED\011EDF] Auto-router pass #49 on board '2f62153447b22da526a463320c3eb5ac' was completed in 0,58 seconds with the score of 934,49 (20 unrouted), using 486,68 CPU seconds and 30403 MB memory.
2026-08-13 16:31:38.562 INFO   [B1F8ED\011EDF] Auto-router pass #50 on board '2f62153447b22da526a463320c3eb5ac' was completed in 0,56 seconds with the score of 934,49 (20 unrouted), using 518,22 CPU seconds and 31356 MB memory.
2026-08-13 16:31:39.150 INFO   [B1F8ED\011EDF] Auto-router pass #51 on board '2f62153447b22da526a463320c3eb5ac' was completed in 0,58 seconds with the score of 934,49 (20 unrouted), using 550,75 CPU seconds and 32357 MB memory.
2026-08-13 16:31:39.740 INFO   [B1F8ED\011EDF] Auto-router pass #52 on board '2f62153447b22da526a463320c3eb5ac' was completed in 0,58 seconds with the score of 934,49 (20 unrouted), using 550,75 CPU seconds and 32357 MB memory.
2026-08-13 16:31:40.326 INFO   [B1F8ED\011EDF] Auto-router pass #53 on board '2f62153447b22da526a463320c3eb5ac' was completed in 0,58 seconds with the score of 934,49 (20 unrouted), using 584,26 CPU seconds and 33348 MB memory.
2026-08-13 16:31:40.934 INFO   [B1F8ED\011EDF] Auto-router pass #54 on board '2f62153447b22da526a463320c3eb5ac' was completed in 0,60 seconds with the score of 934,49 (20 unrouted), using 584,26 CPU seconds and 33348 MB memory.
2026-08-13 16:31:41.536 INFO   [B1F8ED\011EDF] Auto-router pass #55 on board '2f62153447b22da526a463320c3eb5ac' was completed in 0,59 seconds with the score of 934,49 (20 unrouted), using 618,77 CPU seconds and 34310 MB memory.
2026-08-13 16:31:42.141 INFO   [B1F8ED\011EDF] Auto-router pass #56 on board '2f62153447b22da526a463320c3eb5ac' was completed in 0,60 seconds with the score of 934,49 (20 unrouted), using 654,26 CPU seconds and 35273 MB memory.
2026-08-13 16:31:42.718 INFO   [B1F8ED\011EDF] Auto-router pass #57 on board '2f62153447b22da526a463320c3eb5ac' was completed in 0,57 seconds with the score of 934,49 (20 unrouted), using 654,26 CPU seconds and 35273 MB memory.
2026-08-13 16:31:43.285 INFO   [B1F8ED\011EDF] Auto-router pass #58 on board '2f62153447b22da526a463320c3eb5ac' was completed in 0,56 seconds with the score of 934,49 (20 unrouted), using 690,75 CPU seconds and 36276 MB memory.
2026-08-13 16:31:43.870 INFO   [B1F8ED\011EDF] Auto-router pass #59 on board '2f62153447b22da526a463320c3eb5ac' was completed in 0,58 seconds with the score of 934,49 (20 unrouted), using 690,75 CPU seconds and 36276 MB memory.
2026-08-13 16:31:44.504 INFO   [B1F8ED\011EDF] Auto-router pass #60 on board '2f62153447b22da526a463320c3eb5ac' was completed in 0,63 seconds with the score of 934,49 (20 unrouted), using 728,23 CPU seconds and 37263 MB memory.
2026-08-13 16:31:45.109 INFO   [B1F8ED\011EDF] Auto-router pass #61 on board '2f62153447b22da526a463320c3eb5ac' was completed in 0,60 seconds with the score of 934,49 (20 unrouted), using 766,70 CPU seconds and 38208 MB memory.
2026-08-13 16:31:45.696 INFO   [B1F8ED\011EDF] Auto-router pass #62 on board '2f62153447b22da526a463320c3eb5ac' was completed in 0,58 seconds with the score of 934,49 (20 unrouted), using 766,70 CPU seconds and 38208 MB memory.
2026-08-13 16:31:46.288 INFO   [B1F8ED\011EDF] Auto-router pass #63 on board '2f62153447b22da526a463320c3eb5ac' was completed in 0,59 seconds with the score of 934,49 (20 unrouted), using 806,16 CPU seconds and 39185 MB memory.
2026-08-13 16:31:46.907 INFO   [B1F8ED\011EDF] Auto-router pass #64 on board '2f62153447b22da526a463320c3eb5ac' was completed in 0,61 seconds with the score of 934,49 (20 unrouted), using 806,16 CPU seconds and 39185 MB memory.
2026-08-13 16:31:47.505 INFO   [B1F8ED\011EDF] Auto-router pass #65 on board '2f62153447b22da526a463320c3eb5ac' was completed in 0,59 seconds with the score of 934,49 (20 unrouted), using 846,61 CPU seconds and 40140 MB memory.
2026-08-13 16:31:48.103 INFO   [B1F8ED\011EDF] Auto-router pass #66 on board '2f62153447b22da526a463320c3eb5ac' was completed in 0,59 seconds with the score of 934,49 (20 unrouted), using 888,05 CPU seconds and 41120 MB memory.
2026-08-13 16:31:48.676 INFO   [B1F8ED\011EDF] Auto-router pass #67 on board '2f62153447b22da526a463320c3eb5ac' was completed in 0,57 seconds with the score of 934,49 (20 unrouted), using 888,05 CPU seconds and 41120 MB memory.
2026-08-13 16:31:49.261 INFO   [B1F8ED\011EDF] Auto-router pass #68 on board '2f62153447b22da526a463320c3eb5ac' was completed in 0,58 seconds with the score of 934,49 (20 unrouted), using 930,48 CPU seconds and 42113 MB memory.
2026-08-13 16:31:49.840 INFO   [B1F8ED\011EDF] Auto-router pass #69 on board '2f62153447b22da526a463320c3eb5ac' was completed in 0,57 seconds with the score of 934,49 (20 unrouted), using 930,48 CPU seconds and 42113 MB memory.
2026-08-13 16:31:50.430 INFO   [B1F8ED\011EDF] Auto-router pass #70 on board '2f62153447b22da526a463320c3eb5ac' was completed in 0,58 seconds with the score of 934,49 (20 unrouted), using 973,91 CPU seconds and 43109 MB memory.
2026-08-13 16:31:51.027 INFO   [B1F8ED\011EDF] Auto-router pass #71 on board '2f62153447b22da526a463320c3eb5ac' was completed in 0,59 seconds with the score of 934,49 (20 unrouted), using 1018,32 CPU seconds and 44084 MB memory.
2026-08-13 16:31:51.646 INFO   [B1F8ED\011EDF] Auto-router pass #72 on board '2f62153447b22da526a463320c3eb5ac' was completed in 0,61 seconds with the score of 934,49 (20 unrouted), using 1018,32 CPU seconds and 44084 MB memory.
2026-08-13 16:31:52.244 INFO   [B1F8ED\011EDF] Auto-router pass #73 on board '2f62153447b22da526a463320c3eb5ac' was completed in 0,59 seconds with the score of 934,49 (20 unrouted), using 1063,73 CPU seconds and 45036 MB memory.
2026-08-13 16:31:52.853 INFO   [B1F8ED\011EDF] Auto-router pass #74 on board '2f62153447b22da526a463320c3eb5ac' was completed in 0,60 seconds with the score of 934,49 (20 unrouted), using 1063,73 CPU seconds and 45036 MB memory.
2026-08-13 16:31:53.452 INFO   [B1F8ED\011EDF] Auto-router pass #75 on board '2f62153447b22da526a463320c3eb5ac' was completed in 0,59 seconds with the score of 934,49 (20 unrouted), using 1110,13 CPU seconds and 45990 MB memory.
2026-08-13 16:31:54.070 INFO   [B1F8ED\011EDF] Auto-router pass #76 on board '2f62153447b22da526a463320c3eb5ac' was completed in 0,61 seconds with the score of 934,49 (20 unrouted), using 1157,52 CPU seconds and 46946 MB memory.
2026-08-13 16:31:54.659 INFO   [B1F8ED\011EDF] Auto-router pass #77 on board '2f62153447b22da526a463320c3eb5ac' was completed in 0,58 seconds with the score of 934,49 (20 unrouted), using 1157,52 CPU seconds and 46946 MB memory.
2026-08-13 16:31:55.226 INFO   [B1F8ED\011EDF] Auto-router pass #78 on board '2f62153447b22da526a463320c3eb5ac' was completed in 0,56 seconds with the score of 934,49 (20 unrouted), using 1205,90 CPU seconds and 47943 MB memory.
2026-08-13 16:31:55.800 INFO   [B1F8ED\011EDF] Auto-router pass #79 on board '2f62153447b22da526a463320c3eb5ac' was completed in 0,57 seconds with the score of 934,49 (20 unrouted), using 1205,90 CPU seconds and 47943 MB memory.
2026-08-13 16:31:56.381 INFO   [B1F8ED\011EDF] Auto-router pass #80 on board '2f62153447b22da526a463320c3eb5ac' was completed in 0,57 seconds with the score of 934,49 (20 unrouted), using 1255,27 CPU seconds and 48949 MB memory.
2026-08-13 16:31:56.953 INFO   [B1F8ED\011EDF] Auto-router pass #81 on board '2f62153447b22da526a463320c3eb5ac' was completed in 0,57 seconds with the score of 934,49 (20 unrouted), using 1255,27 CPU seconds and 48949 MB memory.
2026-08-13 16:31:57.531 INFO   [B1F8ED\011EDF] Auto-router pass #82 on board '2f62153447b22da526a463320c3eb5ac' was completed in 0,57 seconds with the score of 934,49 (20 unrouted), using 1305,64 CPU seconds and 49957 MB memory.
2026-08-13 16:31:58.137 INFO   [B1F8ED\011EDF] Auto-router pass #83 on board '2f62153447b22da526a463320c3eb5ac' was completed in 0,60 seconds with the score of 934,49 (20 unrouted), using 1356,99 CPU seconds and 50949 MB memory.
2026-08-13 16:31:58.795 INFO   [B1F8ED\011EDF] Auto-router pass #84 on board '2f62153447b22da526a463320c3eb5ac' was completed in 0,65 seconds with the score of 934,49 (20 unrouted), using 1356,99 CPU seconds and 50949 MB memory.
2026-08-13 16:31:59.415 INFO   [B1F8ED\011EDF] Auto-router pass #85 on board '2f62153447b22da526a463320c3eb5ac' was completed in 0,61 seconds with the score of 934,49 (20 unrouted), using 1409,34 CPU seconds and 51835 MB memory.
2026-08-13 16:32:00.016 INFO   [B1F8ED\011EDF] Auto-router pass #86 on board '2f62153447b22da526a463320c3eb5ac' was completed in 0,60 seconds with the score of 934,49 (20 unrouted), using 1462,69 CPU seconds and 52799 MB memory.
2026-08-13 16:32:00.619 INFO   [B1F8ED\011EDF] Auto-router pass #87 on board '2f62153447b22da526a463320c3eb5ac' was completed in 0,60 seconds with the score of 934,49 (20 unrouted), using 1462,69 CPU seconds and 52799 MB memory.
2026-08-13 16:32:01.231 INFO   [B1F8ED\011EDF] Auto-router pass #88 on board '2f62153447b22da526a463320c3eb5ac' was completed in 0,61 seconds with the score of 934,49 (20 unrouted), using 1517,02 CPU seconds and 53753 MB memory.
2026-08-13 16:32:01.833 INFO   [B1F8ED\011EDF] Auto-router pass #89 on board '2f62153447b22da526a463320c3eb5ac' was completed in 0,60 seconds with the score of 934,49 (20 unrouted), using 1517,02 CPU seconds and 53753 MB memory.
2026-08-13 16:32:02.450 INFO   [B1F8ED\011EDF] Auto-router pass #90 on board '2f62153447b22da526a463320c3eb5ac' was completed in 0,61 seconds with the score of 934,49 (20 unrouted), using 1572,35 CPU seconds and 54708 MB memory.
2026-08-13 16:32:03.107 INFO   [B1F8ED\011EDF] Auto-router pass #91 on board '2f62153447b22da526a463320c3eb5ac' was completed in 0,65 seconds with the score of 934,49 (20 unrouted), using 1628,66 CPU seconds and 55607 MB memory.
2026-08-13 16:32:03.719 INFO   [B1F8ED\011EDF] Auto-router pass #92 on board '2f62153447b22da526a463320c3eb5ac' was completed in 0,60 seconds with the score of 934,49 (20 unrouted), using 1628,66 CPU seconds and 55607 MB memory.
2026-08-13 16:32:04.322 INFO   [B1F8ED\011EDF] Auto-router pass #93 on board '2f62153447b22da526a463320c3eb5ac' was completed in 0,60 seconds with the score of 934,49 (20 unrouted), using 1685,97 CPU seconds and 56559 MB memory.
2026-08-13 16:32:04.916 INFO   [B1F8ED\011EDF] Auto-router pass #94 on board '2f62153447b22da526a463320c3eb5ac' was completed in 0,59 seconds with the score of 934,49 (20 unrouted), using 1685,97 CPU seconds and 56559 MB memory.
2026-08-13 16:32:05.513 INFO   [B1F8ED\011EDF] Auto-router pass #95 on board '2f62153447b22da526a463320c3eb5ac' was completed in 0,59 seconds with the score of 934,49 (20 unrouted), using 1744,26 CPU seconds and 57532 MB memory.
2026-08-13 16:32:06.119 INFO   [B1F8ED\011EDF] Auto-router pass #96 on board '2f62153447b22da526a463320c3eb5ac' was completed in 0,60 seconds with the score of 934,49 (20 unrouted), using 1803,53 CPU seconds and 58506 MB memory.
2026-08-13 16:32:06.714 INFO   [B1F8ED\011EDF] Auto-router pass #97 on board '2f62153447b22da526a463320c3eb5ac' was completed in 0,59 seconds with the score of 934,49 (20 unrouted), using 1803,53 CPU seconds and 58506 MB memory.
2026-08-13 16:32:07.333 INFO   [B1F8ED\011EDF] Auto-router pass #98 on board '2f62153447b22da526a463320c3eb5ac' was completed in 0,61 seconds with the score of 934,49 (20 unrouted), using 1863,80 CPU seconds and 59467 MB memory.
2026-08-13 16:32:07.925 INFO   [B1F8ED\011EDF] Auto-router pass #99 on board '2f62153447b22da526a463320c3eb5ac' was completed in 0,59 seconds with the score of 934,49 (20 unrouted), using 1863,80 CPU seconds and 59467 MB memory.
2026-08-13 16:32:08.519 INFO   [B1F8ED\011EDF] Auto-router pass #100 on board '2f62153447b22da526a463320c3eb5ac' was completed in 0,59 seconds with the score of 934,49 (20 unrouted), using 1925,06 CPU seconds and 60422 MB memory.
2026-08-13 16:32:09.152 INFO   [B1F8ED\011EDF] Auto-router pass #101 on board '2f62153447b22da526a463320c3eb5ac' was completed in 0,63 seconds with the score of 934,49 (20 unrouted), using 1987,31 CPU seconds and 61380 MB memory.
2026-08-13 16:32:09.761 INFO   [B1F8ED\011EDF] Auto-router pass #102 on board '2f62153447b22da526a463320c3eb5ac' was completed in 0,60 seconds with the score of 934,49 (20 unrouted), using 1987,31 CPU seconds and 61380 MB memory.
2026-08-13 16:32:10.365 INFO   [B1F8ED\011EDF] Auto-router pass #103 on board '2f62153447b22da526a463320c3eb5ac' was completed in 0,60 seconds with the score of 934,49 (20 unrouted), using 2050,55 CPU seconds and 62316 MB memory.
2026-08-13 16:32:10.952 INFO   [B1F8ED\011EDF] Auto-router pass #104 on board '2f62153447b22da526a463320c3eb5ac' was completed in 0,58 seconds with the score of 934,49 (20 unrouted), using 2050,55 CPU seconds and 62316 MB memory.
2026-08-13 16:32:11.564 INFO   [B1F8ED\011EDF] Auto-router pass #105 on board '2f62153447b22da526a463320c3eb5ac' was completed in 0,61 seconds with the score of 934,49 (20 unrouted), using 2114,79 CPU seconds and 63302 MB memory.
2026-08-13 16:32:12.173 INFO   [B1F8ED\011EDF] Auto-router pass #106 on board '2f62153447b22da526a463320c3eb5ac' was completed in 0,60 seconds with the score of 934,49 (20 unrouted), using 2180,02 CPU seconds and 64249 MB memory.
2026-08-13 16:32:12.823 INFO   [B1F8ED\011EDF] Auto-router pass #107 on board '2f62153447b22da526a463320c3eb5ac' was completed in 0,64 seconds with the score of 934,49 (20 unrouted), using 2180,02 CPU seconds and 64249 MB memory.
2026-08-13 16:32:13.444 INFO   [B1F8ED\011EDF] Auto-router pass #108 on board '2f62153447b22da526a463320c3eb5ac' was completed in 0,61 seconds with the score of 934,49 (20 unrouted), using 2246,24 CPU seconds and 65156 MB memory.
2026-08-13 16:32:14.080 INFO   [B1F8ED\011EDF] Auto-router pass #109 on board '2f62153447b22da526a463320c3eb5ac' was completed in 0,63 seconds with the score of 934,49 (20 unrouted), using 2313,45 CPU seconds and 66084 MB memory.
2026-08-13 16:32:14.702 INFO   [B1F8ED\011EDF] Auto-router pass #110 on board '2f62153447b22da526a463320c3eb5ac' was completed in 0,62 seconds with the score of 934,49 (20 unrouted), using 2313,45 CPU seconds and 66084 MB memory.
2026-08-13 16:32:15.313 INFO   [B1F8ED\011EDF] Auto-router pass #111 on board '2f62153447b22da526a463320c3eb5ac' was completed in 0,60 seconds with the score of 934,49 (20 unrouted), using 2381,65 CPU seconds and 67015 MB memory.
2026-08-13 16:32:15.931 INFO   [B1F8ED\011EDF] Auto-router pass #112 on board '2f62153447b22da526a463320c3eb5ac' was completed in 0,61 seconds with the score of 934,49 (20 unrouted), using 2381,65 CPU seconds and 67015 MB memory.
2026-08-13 16:32:16.586 INFO   [B1F8ED\011EDF] Auto-router pass #113 on board '2f62153447b22da526a463320c3eb5ac' was completed in 0,65 seconds with the score of 934,49 (20 unrouted), using 2450,85 CPU seconds and 67959 MB memory.
2026-08-13 16:32:17.235 INFO   [B1F8ED\011EDF] Auto-router pass #114 on board '2f62153447b22da526a463320c3eb5ac' was completed in 0,64 seconds with the score of 934,49 (20 unrouted), using 2521,04 CPU seconds and 68830 MB memory.
2026-08-13 16:32:17.849 INFO   [B1F8ED\011EDF] Auto-router pass #115 on board '2f62153447b22da526a463320c3eb5ac' was completed in 0,61 seconds with the score of 934,49 (20 unrouted), using 2521,04 CPU seconds and 68830 MB memory.
2026-08-13 16:32:18.525 INFO   [B1F8ED\011EDF] Auto-router pass #116 on board '2f62153447b22da526a463320c3eb5ac' was completed in 0,67 seconds with the score of 934,49 (20 unrouted), using 2592,22 CPU seconds and 69763 MB memory.
2026-08-13 16:32:19.148 INFO   [B1F8ED\011EDF] Auto-router pass #117 on board '2f62153447b22da526a463320c3eb5ac' was completed in 0,62 seconds with the score of 934,49 (20 unrouted), using 2664,39 CPU seconds and 70653 MB memory.
2026-08-13 16:32:19.745 INFO   [B1F8ED\011EDF] Auto-router pass #118 on board '2f62153447b22da526a463320c3eb5ac' was completed in 0,59 seconds with the score of 934,49 (20 unrouted), using 2664,39 CPU seconds and 70653 MB memory.
2026-08-13 16:32:20.346 INFO   [B1F8ED\011EDF] Auto-router pass #119 on board '2f62153447b22da526a463320c3eb5ac' was completed in 0,59 seconds with the score of 934,49 (20 unrouted), using 2737,55 CPU seconds and 71627 MB memory.
2026-08-13 16:32:20.938 INFO   [B1F8ED\011EDF] Auto-router pass #120 on board '2f62153447b22da526a463320c3eb5ac' was completed in 0,59 seconds with the score of 934,49 (20 unrouted), using 2737,55 CPU seconds and 71627 MB memory.
2026-08-13 16:32:21.519 INFO   [B1F8ED\011EDF] Auto-router pass #121 on board '2f62153447b22da526a463320c3eb5ac' was completed in 0,57 seconds with the score of 934,49 (20 unrouted), using 2811,70 CPU seconds and 72596 MB memory.
2026-08-13 16:32:22.128 INFO   [B1F8ED\011EDF] Auto-router pass #122 on board '2f62153447b22da526a463320c3eb5ac' was completed in 0,60 seconds with the score of 934,49 (20 unrouted), using 2886,84 CPU seconds and 73581 MB memory.
2026-08-13 16:32:22.744 INFO   [B1F8ED\011EDF] Auto-router pass #123 on board '2f62153447b22da526a463320c3eb5ac' was completed in 0,61 seconds with the score of 934,49 (20 unrouted), using 2886,84 CPU seconds and 73581 MB memory.
2026-08-13 16:32:23.347 INFO   [B1F8ED\011EDF] Auto-router pass #124 on board '2f62153447b22da526a463320c3eb5ac' was completed in 0,60 seconds with the score of 934,49 (20 unrouted), using 2962,98 CPU seconds and 74516 MB memory.
2026-08-13 16:32:23.977 INFO   [B1F8ED\011EDF] Auto-router pass #125 on board '2f62153447b22da526a463320c3eb5ac' was completed in 0,62 seconds with the score of 934,49 (20 unrouted), using 2962,98 CPU seconds and 74516 MB memory.
2026-08-13 16:32:24.565 INFO   [B1F8ED\011EDF] Auto-router pass #126 on board '2f62153447b22da526a463320c3eb5ac' was completed in 0,58 seconds with the score of 934,49 (20 unrouted), using 3040,10 CPU seconds and 75455 MB memory.
2026-08-13 16:32:25.179 INFO   [B1F8ED\011EDF] Auto-router pass #127 on board '2f62153447b22da526a463320c3eb5ac' was completed in 0,61 seconds with the score of 934,49 (20 unrouted), using 3118,21 CPU seconds and 76421 MB memory.
2026-08-13 16:32:25.767 INFO   [B1F8ED\011EDF] Auto-router pass #128 on board '2f62153447b22da526a463320c3eb5ac' was completed in 0,58 seconds with the score of 934,49 (20 unrouted), using 3118,21 CPU seconds and 76421 MB memory.
2026-08-13 16:32:26.355 INFO   [B1F8ED\011EDF] Auto-router pass #129 on board '2f62153447b22da526a463320c3eb5ac' was completed in 0,58 seconds with the score of 934,49 (20 unrouted), using 3197,32 CPU seconds and 77403 MB memory.
2026-08-13 16:32:26.941 INFO   [B1F8ED\011EDF] Auto-router pass #130 on board '2f62153447b22da526a463320c3eb5ac' was completed in 0,58 seconds with the score of 934,49 (20 unrouted), using 3197,32 CPU seconds and 77403 MB memory.
2026-08-13 16:32:27.551 INFO   [B1F8ED\011EDF] Auto-router pass #131 on board '2f62153447b22da526a463320c3eb5ac' was completed in 0,60 seconds with the score of 934,49 (20 unrouted), using 3277,42 CPU seconds and 78392 MB memory.
2026-08-13 16:32:28.142 INFO   [B1F8ED\011EDF] Auto-router pass #132 on board '2f62153447b22da526a463320c3eb5ac' was completed in 0,58 seconds with the score of 934,49 (20 unrouted), using 3358,51 CPU seconds and 79354 MB memory.
2026-08-13 16:32:28.711 INFO   [B1F8ED\011EDF] Auto-router pass #133 on board '2f62153447b22da526a463320c3eb5ac' was completed in 0,56 seconds with the score of 934,49 (20 unrouted), using 3358,51 CPU seconds and 79354 MB memory.
2026-08-13 16:32:29.277 INFO   [B1F8ED\011EDF] Auto-router pass #134 on board '2f62153447b22da526a463320c3eb5ac' was completed in 0,56 seconds with the score of 934,49 (20 unrouted), using 3440,59 CPU seconds and 80372 MB memory.
2026-08-13 16:32:29.914 INFO   [B1F8ED\011EDF] Auto-router pass #135 on board '2f62153447b22da526a463320c3eb5ac' was completed in 0,63 seconds with the score of 934,49 (20 unrouted), using 3440,59 CPU seconds and 80372 MB memory.
2026-08-13 16:32:30.503 INFO   [B1F8ED\011EDF] Auto-router pass #136 on board '2f62153447b22da526a463320c3eb5ac' was completed in 0,58 seconds with the score of 934,49 (20 unrouted), using 3523,66 CPU seconds and 81312 MB memory.
2026-08-13 16:32:31.092 INFO   [B1F8ED\011EDF] Auto-router pass #137 on board '2f62153447b22da526a463320c3eb5ac' was completed in 0,58 seconds with the score of 934,49 (20 unrouted), using 3607,72 CPU seconds and 82311 MB memory.
2026-08-13 16:32:31.656 INFO   [B1F8ED\011EDF] Auto-router pass #138 on board '2f62153447b22da526a463320c3eb5ac' was completed in 0,56 seconds with the score of 934,49 (20 unrouted), using 3607,72 CPU seconds and 82311 MB memory.
2026-08-13 16:32:32.234 INFO   [B1F8ED\011EDF] Auto-router pass #139 on board '2f62153447b22da526a463320c3eb5ac' was completed in 0,57 seconds with the score of 934,49 (20 unrouted), using 3692,78 CPU seconds and 83324 MB memory.
2026-08-13 16:32:32.815 INFO   [B1F8ED\011EDF] Auto-router pass #140 on board '2f62153447b22da526a463320c3eb5ac' was completed in 0,57 seconds with the score of 934,49 (20 unrouted), using 3692,78 CPU seconds and 83324 MB memory.
2026-08-13 16:32:33.366 INFO   [B1F8ED\011EDF] Auto-router pass #141 on board '2f62153447b22da526a463320c3eb5ac' was completed in 0,55 seconds with the score of 934,49 (20 unrouted), using 3778,82 CPU seconds and 84335 MB memory.
2026-08-13 16:32:33.950 INFO   [B1F8ED\011EDF] Auto-router pass #142 on board '2f62153447b22da526a463320c3eb5ac' was completed in 0,58 seconds with the score of 934,49 (20 unrouted), using 3778,82 CPU seconds and 84335 MB memory.
2026-08-13 16:32:34.516 INFO   [B1F8ED\011EDF] Auto-router pass #143 on board '2f62153447b22da526a463320c3eb5ac' was completed in 0,56 seconds with the score of 934,49 (20 unrouted), using 3865,85 CPU seconds and 85343 MB memory.
2026-08-13 16:32:35.091 INFO   [B1F8ED\011EDF] Auto-router pass #144 on board '2f62153447b22da526a463320c3eb5ac' was completed in 0,57 seconds with the score of 934,49 (20 unrouted), using 3953,88 CPU seconds and 86365 MB memory.
2026-08-13 16:32:35.639 INFO   [B1F8ED\011EDF] Auto-router pass #145 on board '2f62153447b22da526a463320c3eb5ac' was completed in 0,54 seconds with the score of 934,49 (20 unrouted), using 3953,88 CPU seconds and 86365 MB memory.
2026-08-13 16:32:36.226 INFO   [B1F8ED\011EDF] Auto-router pass #146 on board '2f62153447b22da526a463320c3eb5ac' was completed in 0,58 seconds with the score of 934,49 (20 unrouted), using 4042,89 CPU seconds and 87399 MB memory.
2026-08-13 16:32:36.864 INFO   [B1F8ED\011EDF] Auto-router pass #147 on board '2f62153447b22da526a463320c3eb5ac' was completed in 0,63 seconds with the score of 934,49 (20 unrouted), using 4042,89 CPU seconds and 87399 MB memory.
2026-08-13 16:32:37.492 INFO   [B1F8ED\011EDF] Auto-router pass #148 on board '2f62153447b22da526a463320c3eb5ac' was completed in 0,62 seconds with the score of 934,49 (20 unrouted), using 4132,90 CPU seconds and 88309 MB memory.
2026-08-13 16:32:38.117 INFO   [B1F8ED\011EDF] Auto-router pass #149 on board '2f62153447b22da526a463320c3eb5ac' was completed in 0,62 seconds with the score of 934,49 (20 unrouted), using 4223,89 CPU seconds and 89251 MB memory.
2026-08-13 16:32:38.706 INFO   [B1F8ED\011EDF] Auto-router pass #150 on board '2f62153447b22da526a463320c3eb5ac' was completed in 0,58 seconds with the score of 934,49 (20 unrouted), using 4223,89 CPU seconds and 89251 MB memory.
2026-08-13 16:32:39.282 INFO   [B1F8ED\011EDF] Auto-router pass #151 on board '2f62153447b22da526a463320c3eb5ac' was completed in 0,57 seconds with the score of 934,49 (20 unrouted), using 4315,88 CPU seconds and 90240 MB memory.
2026-08-13 16:32:39.939 INFO   [B1F8ED\011EDF] Auto-router pass #152 on board '2f62153447b22da526a463320c3eb5ac' was completed in 0,65 seconds with the score of 934,49 (20 unrouted), using 4315,88 CPU seconds and 90240 MB memory.
2026-08-13 16:32:40.537 INFO   [B1F8ED\011EDF] Auto-router pass #153 on board '2f62153447b22da526a463320c3eb5ac' was completed in 0,59 seconds with the score of 934,49 (20 unrouted), using 4408,85 CPU seconds and 91152 MB memory.
2026-08-13 16:32:41.086 INFO   [B1F8ED\011EDF] Auto-router pass #154 on board '2f62153447b22da526a463320c3eb5ac' was completed in 0,54 seconds with the score of 934,49 (20 unrouted), using 4502,82 CPU seconds and 92165 MB memory.
2026-08-13 16:32:41.647 INFO   [B1F8ED\011EDF] Auto-router pass #155 on board '2f62153447b22da526a463320c3eb5ac' was completed in 0,56 seconds with the score of 934,49 (20 unrouted), using 4502,82 CPU seconds and 92165 MB memory.
2026-08-13 16:32:42.196 INFO   [B1F8ED\011EDF] Auto-router pass #156 on board '2f62153447b22da526a463320c3eb5ac' was completed in 0,54 seconds with the score of 934,49 (20 unrouted), using 4597,78 CPU seconds and 93209 MB memory.
2026-08-13 16:32:42.762 INFO   [B1F8ED\011EDF] Auto-router pass #157 on board '2f62153447b22da526a463320c3eb5ac' was completed in 0,56 seconds with the score of 934,49 (20 unrouted), using 4597,78 CPU seconds and 93209 MB memory.
2026-08-13 16:32:43.313 INFO   [B1F8ED\011EDF] Auto-router pass #158 on board '2f62153447b22da526a463320c3eb5ac' was completed in 0,55 seconds with the score of 934,49 (20 unrouted), using 4693,73 CPU seconds and 94248 MB memory.
2026-08-13 16:32:43.892 INFO   [B1F8ED\011EDF] Auto-router pass #159 on board '2f62153447b22da526a463320c3eb5ac' was completed in 0,57 seconds with the score of 934,49 (20 unrouted), using 4693,73 CPU seconds and 94248 MB memory.
2026-08-13 16:32:44.484 INFO   [B1F8ED\011EDF] Auto-router pass #160 on board '2f62153447b22da526a463320c3eb5ac' was completed in 0,59 seconds with the score of 934,49 (20 unrouted), using 4790,67 CPU seconds and 95260 MB memory.
2026-08-13 16:32:45.088 INFO   [B1F8ED\011EDF] Auto-router pass #161 on board '2f62153447b22da526a463320c3eb5ac' was completed in 0,60 seconds with the score of 934,49 (20 unrouted), using 4888,60 CPU seconds and 96228 MB memory.
2026-08-13 16:32:45.646 INFO   [B1F8ED\011EDF] Auto-router pass #162 on board '2f62153447b22da526a463320c3eb5ac' was completed in 0,55 seconds with the score of 934,49 (20 unrouted), using 4888,60 CPU seconds and 96228 MB memory.
2026-08-13 16:32:46.224 INFO   [B1F8ED\011EDF] Auto-router pass #163 on board '2f62153447b22da526a463320c3eb5ac' was completed in 0,57 seconds with the score of 934,49 (20 unrouted), using 4987,52 CPU seconds and 97248 MB memory.
2026-08-13 16:32:46.784 INFO   [B1F8ED\011EDF] Auto-router pass #164 on board '2f62153447b22da526a463320c3eb5ac' was completed in 0,55 seconds with the score of 934,49 (20 unrouted), using 4987,52 CPU seconds and 97248 MB memory.
2026-08-13 16:32:47.353 INFO   [B1F8ED\011EDF] Auto-router pass #165 on board '2f62153447b22da526a463320c3eb5ac' was completed in 0,56 seconds with the score of 934,49 (20 unrouted), using 5087,43 CPU seconds and 98291 MB memory.
2026-08-13 16:32:47.890 INFO   [B1F8ED\011EDF] Auto-router pass #166 on board '2f62153447b22da526a463320c3eb5ac' was completed in 0,53 seconds with the score of 934,49 (20 unrouted), using 5087,43 CPU seconds and 98291 MB memory.
2026-08-13 16:32:48.465 INFO   [B1F8ED\011EDF] Auto-router pass #167 on board '2f62153447b22da526a463320c3eb5ac' was completed in 0,57 seconds with the score of 934,49 (20 unrouted), using 5188,33 CPU seconds and 99324 MB memory.
2026-08-13 16:32:49.042 INFO   [B1F8ED\011EDF] Auto-router pass #168 on board '2f62153447b22da526a463320c3eb5ac' was completed in 0,57 seconds with the score of 934,49 (20 unrouted), using 5290,23 CPU seconds and 100338 MB memory.
2026-08-13 16:32:49.603 INFO   [B1F8ED\011EDF] Auto-router pass #169 on board '2f62153447b22da526a463320c3eb5ac' was completed in 0,56 seconds with the score of 934,49 (20 unrouted), using 5290,23 CPU seconds and 100338 MB memory.
2026-08-13 16:32:50.190 INFO   [B1F8ED\011EDF] Auto-router pass #170 on board '2f62153447b22da526a463320c3eb5ac' was completed in 0,58 seconds with the score of 934,49 (20 unrouted), using 5393,11 CPU seconds and 101349 MB memory.
2026-08-13 16:32:50.766 INFO   [B1F8ED\011EDF] Auto-router pass #171 on board '2f62153447b22da526a463320c3eb5ac' was completed in 0,57 seconds with the score of 934,49 (20 unrouted), using 5393,11 CPU seconds and 101349 MB memory.
2026-08-13 16:32:51.344 INFO   [B1F8ED\011EDF] Auto-router pass #172 on board '2f62153447b22da526a463320c3eb5ac' was completed in 0,57 seconds with the score of 934,49 (20 unrouted), using 5496,99 CPU seconds and 102339 MB memory.
2026-08-13 16:32:51.925 INFO   [B1F8ED\011EDF] Auto-router pass #173 on board '2f62153447b22da526a463320c3eb5ac' was completed in 0,58 seconds with the score of 934,49 (20 unrouted), using 5496,99 CPU seconds and 102339 MB memory.
2026-08-13 16:32:52.507 INFO   [B1F8ED\011EDF] Auto-router pass #174 on board '2f62153447b22da526a463320c3eb5ac' was completed in 0,57 seconds with the score of 934,49 (20 unrouted), using 5601,85 CPU seconds and 103348 MB memory.
2026-08-13 16:32:53.087 INFO   [B1F8ED\011EDF] Auto-router pass #175 on board '2f62153447b22da526a463320c3eb5ac' was completed in 0,57 seconds with the score of 934,49 (20 unrouted), using 5707,71 CPU seconds and 104347 MB memory.
2026-08-13 16:32:53.674 INFO   [B1F8ED\011EDF] Auto-router pass #176 on board '2f62153447b22da526a463320c3eb5ac' was completed in 0,58 seconds with the score of 934,49 (20 unrouted), using 5707,71 CPU seconds and 104347 MB memory.
2026-08-13 16:32:54.247 INFO   [B1F8ED\011EDF] Auto-router pass #177 on board '2f62153447b22da526a463320c3eb5ac' was completed in 0,57 seconds with the score of 934,49 (20 unrouted), using 5814,55 CPU seconds and 105346 MB memory.
2026-08-13 16:32:54.833 INFO   [B1F8ED\011EDF] Auto-router pass #178 on board '2f62153447b22da526a463320c3eb5ac' was completed in 0,58 seconds with the score of 934,49 (20 unrouted), using 5814,55 CPU seconds and 105346 MB memory.
2026-08-13 16:32:55.415 INFO   [B1F8ED\011EDF] Auto-router pass #179 on board '2f62153447b22da526a463320c3eb5ac' was completed in 0,58 seconds with the score of 934,49 (20 unrouted), using 5922,39 CPU seconds and 106340 MB memory.
2026-08-13 16:32:56.007 INFO   [B1F8ED\011EDF] Auto-router pass #180 on board '2f62153447b22da526a463320c3eb5ac' was completed in 0,59 seconds with the score of 934,49 (20 unrouted), using 5922,39 CPU seconds and 106340 MB memory.
2026-08-13 16:32:56.565 INFO   [B1F8ED\011EDF] Auto-router pass #181 on board '2f62153447b22da526a463320c3eb5ac' was completed in 0,55 seconds with the score of 934,49 (20 unrouted), using 6031,22 CPU seconds and 107331 MB memory.
2026-08-13 16:32:57.122 INFO   [B1F8ED\011EDF] Auto-router pass #182 on board '2f62153447b22da526a463320c3eb5ac' was completed in 0,55 seconds with the score of 934,49 (20 unrouted), using 6141,04 CPU seconds and 108372 MB memory.
2026-08-13 16:32:57.744 INFO   [B1F8ED\011EDF] Auto-router pass #183 on board '2f62153447b22da526a463320c3eb5ac' was completed in 0,62 seconds with the score of 934,49 (20 unrouted), using 6141,04 CPU seconds and 108372 MB memory.
2026-08-13 16:32:58.361 INFO   [B1F8ED\011EDF] Auto-router pass #184 on board '2f62153447b22da526a463320c3eb5ac' was completed in 0,61 seconds with the score of 934,49 (20 unrouted), using 6251,85 CPU seconds and 109305 MB memory.
2026-08-13 16:32:58.917 INFO   [B1F8ED\011EDF] Auto-router pass #185 on board '2f62153447b22da526a463320c3eb5ac' was completed in 0,55 seconds with the score of 934,49 (20 unrouted), using 6251,85 CPU seconds and 109305 MB memory.
2026-08-13 16:32:59.476 INFO   [B1F8ED\011EDF] Auto-router pass #186 on board '2f62153447b22da526a463320c3eb5ac' was completed in 0,55 seconds with the score of 934,49 (20 unrouted), using 6363,66 CPU seconds and 110320 MB memory.
2026-08-13 16:33:00.031 INFO   [B1F8ED\011EDF] Auto-router pass #187 on board '2f62153447b22da526a463320c3eb5ac' was completed in 0,55 seconds with the score of 934,49 (20 unrouted), using 6476,45 CPU seconds and 111365 MB memory.
2026-08-13 16:33:00.582 INFO   [B1F8ED\011EDF] Auto-router pass #188 on board '2f62153447b22da526a463320c3eb5ac' was completed in 0,55 seconds with the score of 934,49 (20 unrouted), using 6476,45 CPU seconds and 111365 MB memory.
2026-08-13 16:33:01.203 INFO   [B1F8ED\011EDF] Auto-router pass #189 on board '2f62153447b22da526a463320c3eb5ac' was completed in 0,62 seconds with the score of 934,49 (20 unrouted), using 6590,23 CPU seconds and 112374 MB memory.
2026-08-13 16:33:01.817 INFO   [B1F8ED\011EDF] Auto-router pass #190 on board '2f62153447b22da526a463320c3eb5ac' was completed in 0,61 seconds with the score of 934,49 (20 unrouted), using 6590,23 CPU seconds and 112374 MB memory.
2026-08-13 16:33:02.447 INFO   [B1F8ED\011EDF] Auto-router pass #191 on board '2f62153447b22da526a463320c3eb5ac' was completed in 0,62 seconds with the score of 934,49 (20 unrouted), using 6705,00 CPU seconds and 113316 MB memory.
2026-08-13 16:33:03.070 INFO   [B1F8ED\011EDF] Auto-router pass #192 on board '2f62153447b22da526a463320c3eb5ac' was completed in 0,62 seconds with the score of 934,49 (20 unrouted), using 6820,77 CPU seconds and 114229 MB memory.
2026-08-13 16:33:03.692 INFO   [B1F8ED\011EDF] Auto-router pass #193 on board '2f62153447b22da526a463320c3eb5ac' was completed in 0,62 seconds with the score of 934,49 (20 unrouted), using 6820,77 CPU seconds and 114229 MB memory.
2026-08-13 16:33:04.270 INFO   [B1F8ED\011EDF] Auto-router pass #194 on board '2f62153447b22da526a463320c3eb5ac' was completed in 0,57 seconds with the score of 934,49 (20 unrouted), using 6937,52 CPU seconds and 115183 MB memory.
2026-08-13 16:33:04.832 INFO   [B1F8ED\011EDF] Auto-router pass #195 on board '2f62153447b22da526a463320c3eb5ac' was completed in 0,56 seconds with the score of 934,49 (20 unrouted), using 6937,52 CPU seconds and 115183 MB memory.
2026-08-13 16:33:05.387 INFO   [B1F8ED\011EDF] Auto-router pass #196 on board '2f62153447b22da526a463320c3eb5ac' was completed in 0,55 seconds with the score of 934,49 (20 unrouted), using 7055,27 CPU seconds and 116210 MB memory.
2026-08-13 16:33:05.956 INFO   [B1F8ED\011EDF] Auto-router pass #197 on board '2f62153447b22da526a463320c3eb5ac' was completed in 0,56 seconds with the score of 934,49 (20 unrouted), using 7055,27 CPU seconds and 116210 MB memory.
2026-08-13 16:33:06.553 INFO   [B1F8ED\011EDF] Auto-router pass #198 on board '2f62153447b22da526a463320c3eb5ac' was completed in 0,59 seconds with the score of 934,49 (20 unrouted), using 7174,00 CPU seconds and 117238 MB memory.
2026-08-13 16:33:07.143 INFO   [B1F8ED\011EDF] Auto-router pass #199 on board '2f62153447b22da526a463320c3eb5ac' was completed in 0,58 seconds with the score of 934,49 (20 unrouted), using 7293,71 CPU seconds and 118214 MB memory.
2026-08-13 16:33:07.742 INFO   [B1F8ED\011EDF] Auto-router pass #200 on board '2f62153447b22da526a463320c3eb5ac' was completed in 0,59 seconds with the score of 934,49 (20 unrouted), using 7293,71 CPU seconds and 118214 MB memory.
2026-08-13 16:33:08.302 INFO   [B1F8ED\011EDF] Auto-router pass #201 on board '2f62153447b22da526a463320c3eb5ac' was completed in 0,56 seconds with the score of 934,49 (20 unrouted), using 7414,42 CPU seconds and 119210 MB memory.
2026-08-13 16:33:08.858 INFO   [B1F8ED\011EDF] Auto-router pass #202 on board '2f62153447b22da526a463320c3eb5ac' was completed in 0,55 seconds with the score of 934,49 (20 unrouted), using 7414,42 CPU seconds and 119210 MB memory.
2026-08-13 16:33:09.478 INFO   [B1F8ED\011EDF] Auto-router pass #203 on board '2f62153447b22da526a463320c3eb5ac' was completed in 0,61 seconds with the score of 934,49 (20 unrouted), using 7536,13 CPU seconds and 120226 MB memory.
2026-08-13 16:33:10.058 INFO   [B1F8ED\011EDF] Auto-router pass #204 on board '2f62153447b22da526a463320c3eb5ac' was completed in 0,57 seconds with the score of 934,49 (20 unrouted), using 7658,82 CPU seconds and 121200 MB memory.
2026-08-13 16:33:10.635 INFO   [B1F8ED\011EDF] Auto-router pass #205 on board '2f62153447b22da526a463320c3eb5ac' was completed in 0,57 seconds with the score of 934,49 (20 unrouted), using 7658,82 CPU seconds and 121200 MB memory.
2026-08-13 16:33:11.226 INFO   [B1F8ED\011EDF] Auto-router pass #206 on board '2f62153447b22da526a463320c3eb5ac' was completed in 0,59 seconds with the score of 934,49 (20 unrouted), using 7782,51 CPU seconds and 122202 MB memory.
2026-08-13 16:33:11.799 INFO   [B1F8ED\011EDF] Auto-router pass #207 on board '2f62153447b22da526a463320c3eb5ac' was completed in 0,57 seconds with the score of 934,49 (20 unrouted), using 7782,51 CPU seconds and 122202 MB memory.
2026-08-13 16:33:12.402 INFO   [B1F8ED\011EDF] Auto-router pass #208 on board '2f62153447b22da526a463320c3eb5ac' was completed in 0,60 seconds with the score of 934,49 (20 unrouted), using 7907,18 CPU seconds and 123181 MB memory.
2026-08-13 16:33:13.028 INFO   [B1F8ED\011EDF] Auto-router pass #209 on board '2f62153447b22da526a463320c3eb5ac' was completed in 0,62 seconds with the score of 934,49 (20 unrouted), using 7907,18 CPU seconds and 123181 MB memory.
2026-08-13 16:33:13.627 INFO   [B1F8ED\011EDF] Auto-router pass #210 on board '2f62153447b22da526a463320c3eb5ac' was completed in 0,59 seconds with the score of 934,49 (20 unrouted), using 8032,85 CPU seconds and 124129 MB memory.
2026-08-13 16:33:14.264 INFO   [B1F8ED\011EDF] Auto-router pass #211 on board '2f62153447b22da526a463320c3eb5ac' was completed in 0,63 seconds with the score of 934,49 (20 unrouted), using 8159,51 CPU seconds and 125076 MB memory.
2026-08-13 16:33:14.869 INFO   [B1F8ED\011EDF] Auto-router pass #212 on board '2f62153447b22da526a463320c3eb5ac' was completed in 0,60 seconds with the score of 934,49 (20 unrouted), using 8159,51 CPU seconds and 125076 MB memory.
2026-08-13 16:33:15.454 INFO   [B1F8ED\011EDF] Auto-router pass #213 on board '2f62153447b22da526a463320c3eb5ac' was completed in 0,58 seconds with the score of 934,49 (20 unrouted), using 8287,15 CPU seconds and 126028 MB memory.
2026-08-13 16:33:16.057 INFO   [B1F8ED\011EDF] Auto-router pass #214 on board '2f62153447b22da526a463320c3eb5ac' was completed in 0,60 seconds with the score of 934,49 (20 unrouted), using 8415,79 CPU seconds and 126999 MB memory.
2026-08-13 16:33:16.640 INFO   [B1F8ED\011EDF] Auto-router pass #215 on board '2f62153447b22da526a463320c3eb5ac' was completed in 0,58 seconds with the score of 934,49 (20 unrouted), using 8415,79 CPU seconds and 126999 MB memory.
2026-08-13 16:33:17.238 INFO   [B1F8ED\011EDF] Auto-router pass #216 on board '2f62153447b22da526a463320c3eb5ac' was completed in 0,59 seconds with the score of 934,49 (20 unrouted), using 8545,43 CPU seconds and 127990 MB memory.
2026-08-13 16:33:17.835 INFO   [B1F8ED\011EDF] Auto-router pass #217 on board '2f62153447b22da526a463320c3eb5ac' was completed in 0,59 seconds with the score of 934,49 (20 unrouted), using 8545,43 CPU seconds and 127990 MB memory.
2026-08-13 16:33:18.428 INFO   [B1F8ED\011EDF] Auto-router pass #218 on board '2f62153447b22da526a463320c3eb5ac' was completed in 0,59 seconds with the score of 934,49 (20 unrouted), using 8676,05 CPU seconds and 128956 MB memory.
2026-08-13 16:33:19.017 INFO   [B1F8ED\011EDF] Auto-router pass #219 on board '2f62153447b22da526a463320c3eb5ac' was completed in 0,58 seconds with the score of 934,49 (20 unrouted), using 8676,05 CPU seconds and 128956 MB memory.
2026-08-13 16:33:19.614 INFO   [B1F8ED\011EDF] Auto-router pass #220 on board '2f62153447b22da526a463320c3eb5ac' was completed in 0,59 seconds with the score of 934,49 (20 unrouted), using 8807,66 CPU seconds and 129936 MB memory.
2026-08-13 16:33:20.218 INFO   [B1F8ED\011EDF] Auto-router pass #221 on board '2f62153447b22da526a463320c3eb5ac' was completed in 0,60 seconds with the score of 934,49 (20 unrouted), using 8940,27 CPU seconds and 130905 MB memory.
2026-08-13 16:33:20.823 INFO   [B1F8ED\011EDF] Auto-router pass #222 on board '2f62153447b22da526a463320c3eb5ac' was completed in 0,60 seconds with the score of 934,49 (20 unrouted), using 8940,27 CPU seconds and 130905 MB memory.
2026-08-13 16:33:21.417 INFO   [B1F8ED\011EDF] Auto-router pass #223 on board '2f62153447b22da526a463320c3eb5ac' was completed in 0,59 seconds with the score of 934,49 (20 unrouted), using 9073,87 CPU seconds and 131868 MB memory.
2026-08-13 16:33:22.033 INFO   [B1F8ED\011EDF] Auto-router pass #224 on board '2f62153447b22da526a463320c3eb5ac' was completed in 0,61 seconds with the score of 934,49 (20 unrouted), using 9073,87 CPU seconds and 131868 MB memory.
2026-08-13 16:33:22.635 INFO   [B1F8ED\011EDF] Auto-router pass #225 on board '2f62153447b22da526a463320c3eb5ac' was completed in 0,60 seconds with the score of 934,49 (20 unrouted), using 9208,45 CPU seconds and 132826 MB memory.
2026-08-13 16:33:23.236 INFO   [B1F8ED\011EDF] Auto-router pass #226 on board '2f62153447b22da526a463320c3eb5ac' was completed in 0,59 seconds with the score of 934,49 (20 unrouted), using 9344,03 CPU seconds and 133785 MB memory.
2026-08-13 16:33:23.830 INFO   [B1F8ED\011EDF] Auto-router pass #227 on board '2f62153447b22da526a463320c3eb5ac' was completed in 0,59 seconds with the score of 934,49 (20 unrouted), using 9344,03 CPU seconds and 133785 MB memory.
2026-08-13 16:33:24.438 INFO   [B1F8ED\011EDF] Auto-router pass #228 on board '2f62153447b22da526a463320c3eb5ac' was completed in 0,60 seconds with the score of 934,49 (20 unrouted), using 9480,60 CPU seconds and 134755 MB memory.
2026-08-13 16:33:25.035 INFO   [B1F8ED\011EDF] Auto-router pass #229 on board '2f62153447b22da526a463320c3eb5ac' was completed in 0,59 seconds with the score of 934,49 (20 unrouted), using 9618,16 CPU seconds and 135724 MB memory.
2026-08-13 16:33:25.631 INFO   [B1F8ED\011EDF] Auto-router pass #230 on board '2f62153447b22da526a463320c3eb5ac' was completed in 0,59 seconds with the score of 934,49 (20 unrouted), using 9618,16 CPU seconds and 135724 MB memory.
2026-08-13 16:33:26.212 INFO   [B1F8ED\011EDF] Auto-router pass #231 on board '2f62153447b22da526a463320c3eb5ac' was completed in 0,57 seconds with the score of 934,49 (20 unrouted), using 9756,71 CPU seconds and 136700 MB memory.
2026-08-13 16:33:26.809 INFO   [B1F8ED\011EDF] Auto-router pass #232 on board '2f62153447b22da526a463320c3eb5ac' was completed in 0,59 seconds with the score of 934,49 (20 unrouted), using 9756,71 CPU seconds and 136700 MB memory.
2026-08-13 16:33:27.424 INFO   [B1F8ED\011EDF] Auto-router pass #233 on board '2f62153447b22da526a463320c3eb5ac' was completed in 0,61 seconds with the score of 934,49 (20 unrouted), using 9896,25 CPU seconds and 137678 MB memory.
2026-08-13 16:33:28.038 INFO   [B1F8ED\011EDF] Auto-router pass #234 on board '2f62153447b22da526a463320c3eb5ac' was completed in 0,61 seconds with the score of 934,49 (20 unrouted), using 10036,78 CPU seconds and 138620 MB memory.
2026-08-13 16:33:28.656 INFO   [B1F8ED\011EDF] Auto-router pass #235 on board '2f62153447b22da526a463320c3eb5ac' was completed in 0,61 seconds with the score of 934,49 (20 unrouted), using 10036,78 CPU seconds and 138620 MB memory.
2026-08-13 16:33:29.270 INFO   [B1F8ED\011EDF] Auto-router pass #236 on board '2f62153447b22da526a463320c3eb5ac' was completed in 0,61 seconds with the score of 934,49 (20 unrouted), using 10178,30 CPU seconds and 139562 MB memory.
2026-08-13 16:33:29.873 INFO   [B1F8ED\011EDF] Auto-router pass #237 on board '2f62153447b22da526a463320c3eb5ac' was completed in 0,60 seconds with the score of 934,49 (20 unrouted), using 10178,30 CPU seconds and 139562 MB memory.
2026-08-13 16:33:30.476 INFO   [B1F8ED\011EDF] Auto-router pass #238 on board '2f62153447b22da526a463320c3eb5ac' was completed in 0,60 seconds with the score of 934,49 (20 unrouted), using 10320,81 CPU seconds and 140521 MB memory.
2026-08-13 16:33:31.085 INFO   [B1F8ED\011EDF] Auto-router pass #239 on board '2f62153447b22da526a463320c3eb5ac' was completed in 0,60 seconds with the score of 934,49 (20 unrouted), using 10464,31 CPU seconds and 141475 MB memory.
2026-08-13 16:33:31.700 INFO   [B1F8ED\011EDF] Auto-router pass #240 on board '2f62153447b22da526a463320c3eb5ac' was completed in 0,61 seconds with the score of 934,49 (20 unrouted), using 10464,31 CPU seconds and 141475 MB memory.
2026-08-13 16:33:32.310 INFO   [B1F8ED\011EDF] Auto-router pass #241 on board '2f62153447b22da526a463320c3eb5ac' was completed in 0,60 seconds with the score of 934,49 (20 unrouted), using 10608,80 CPU seconds and 142420 MB memory.
2026-08-13 16:33:32.926 INFO   [B1F8ED\011EDF] Auto-router pass #242 on board '2f62153447b22da526a463320c3eb5ac' was completed in 0,61 seconds with the score of 934,49 (20 unrouted), using 10608,80 CPU seconds and 142420 MB memory.
2026-08-13 16:33:33.532 INFO   [B1F8ED\011EDF] Auto-router pass #243 on board '2f62153447b22da526a463320c3eb5ac' was completed in 0,60 seconds with the score of 934,49 (20 unrouted), using 10754,28 CPU seconds and 143365 MB memory.
2026-08-13 16:33:34.138 INFO   [B1F8ED\011EDF] Auto-router pass #244 on board '2f62153447b22da526a463320c3eb5ac' was completed in 0,60 seconds with the score of 934,49 (20 unrouted), using 10900,76 CPU seconds and 144325 MB memory.
2026-08-13 16:33:34.737 INFO   [B1F8ED\011EDF] Auto-router pass #245 on board '2f62153447b22da526a463320c3eb5ac' was completed in 0,59 seconds with the score of 934,49 (20 unrouted), using 10900,76 CPU seconds and 144325 MB memory.
2026-08-13 16:33:35.339 INFO   [B1F8ED\011EDF] Auto-router pass #246 on board '2f62153447b22da526a463320c3eb5ac' was completed in 0,60 seconds with the score of 934,49 (20 unrouted), using 11048,23 CPU seconds and 145290 MB memory.
2026-08-13 16:33:35.943 INFO   [B1F8ED\011EDF] Auto-router pass #247 on board '2f62153447b22da526a463320c3eb5ac' was completed in 0,60 seconds with the score of 934,49 (20 unrouted), using 11048,23 CPU seconds and 145290 MB memory.
2026-08-13 16:33:36.553 INFO   [B1F8ED\011EDF] Auto-router pass #248 on board '2f62153447b22da526a463320c3eb5ac' was completed in 0,60 seconds with the score of 934,49 (20 unrouted), using 11196,68 CPU seconds and 146247 MB memory.
2026-08-13 16:33:37.156 INFO   [B1F8ED\011EDF] Auto-router pass #249 on board '2f62153447b22da526a463320c3eb5ac' was completed in 0,60 seconds with the score of 934,49 (20 unrouted), using 11346,13 CPU seconds and 147206 MB memory.
2026-08-13 16:33:37.753 INFO   [B1F8ED\011EDF] Auto-router pass #250 on board '2f62153447b22da526a463320c3eb5ac' was completed in 0,59 seconds with the score of 934,49 (20 unrouted), using 11346,13 CPU seconds and 147206 MB memory.
2026-08-13 16:33:38.345 INFO   [B1F8ED\011EDF] Auto-router pass #251 on board '2f62153447b22da526a463320c3eb5ac' was completed in 0,59 seconds with the score of 934,49 (20 unrouted), using 11496,57 CPU seconds and 148174 MB memory.
2026-08-13 16:33:38.965 INFO   [B1F8ED\011EDF] Auto-router pass #252 on board '2f62153447b22da526a463320c3eb5ac' was completed in 0,61 seconds with the score of 934,49 (20 unrouted), using 11496,57 CPU seconds and 148174 MB memory.
2026-08-13 16:33:39.602 INFO   [B1F8ED\011EDF] Auto-router pass #253 on board '2f62153447b22da526a463320c3eb5ac' was completed in 0,63 seconds with the score of 934,49 (20 unrouted), using 11648,00 CPU seconds and 149125 MB memory.
2026-08-13 16:33:40.207 INFO   [B1F8ED\011EDF] Auto-router pass #254 on board '2f62153447b22da526a463320c3eb5ac' was completed in 0,60 seconds with the score of 934,49 (20 unrouted), using 11800,43 CPU seconds and 150056 MB memory.
2026-08-13 16:33:40.827 INFO   [B1F8ED\011EDF] Auto-router pass #255 on board '2f62153447b22da526a463320c3eb5ac' was completed in 0,61 seconds with the score of 934,49 (20 unrouted), using 11800,43 CPU seconds and 150056 MB memory.
2026-08-13 16:33:41.451 INFO   [B1F8ED\011EDF] Auto-router pass #256 on board '2f62153447b22da526a463320c3eb5ac' was completed in 0,62 seconds with the score of 934,49 (20 unrouted), using 11953,84 CPU seconds and 150986 MB memory.
2026-08-13 16:33:42.086 INFO   [B1F8ED\011EDF] Auto-router pass #257 on board '2f62153447b22da526a463320c3eb5ac' was completed in 0,63 seconds with the score of 934,49 (20 unrouted), using 12108,25 CPU seconds and 151917 MB memory.
2026-08-13 16:33:42.697 INFO   [B1F8ED\011EDF] Auto-router pass #258 on board '2f62153447b22da526a463320c3eb5ac' was completed in 0,60 seconds with the score of 934,49 (20 unrouted), using 12108,25 CPU seconds and 151917 MB memory.
2026-08-13 16:33:43.308 INFO   [B1F8ED\011EDF] Auto-router pass #259 on board '2f62153447b22da526a463320c3eb5ac' was completed in 0,60 seconds with the score of 934,49 (20 unrouted), using 12263,65 CPU seconds and 152867 MB memory.
2026-08-13 16:33:43.929 INFO   [B1F8ED\011EDF] Auto-router pass #260 on board '2f62153447b22da526a463320c3eb5ac' was completed in 0,61 seconds with the score of 934,49 (20 unrouted), using 12263,65 CPU seconds and 152867 MB memory.
2026-08-13 16:33:44.528 INFO   [B1F8ED\011EDF] Auto-router pass #261 on board '2f62153447b22da526a463320c3eb5ac' was completed in 0,59 seconds with the score of 934,49 (20 unrouted), using 12420,04 CPU seconds and 153805 MB memory.
2026-08-13 16:33:45.124 INFO   [B1F8ED\011EDF] Auto-router pass #262 on board '2f62153447b22da526a463320c3eb5ac' was completed in 0,59 seconds with the score of 934,49 (20 unrouted), using 12577,42 CPU seconds and 154777 MB memory.
2026-08-13 16:33:45.730 INFO   [B1F8ED\011EDF] Auto-router pass #263 on board '2f62153447b22da526a463320c3eb5ac' was completed in 0,60 seconds with the score of 934,49 (20 unrouted), using 12577,42 CPU seconds and 154777 MB memory.
2026-08-13 16:33:46.336 INFO   [B1F8ED\011EDF] Auto-router pass #264 on board '2f62153447b22da526a463320c3eb5ac' was completed in 0,60 seconds with the score of 934,49 (20 unrouted), using 12735,79 CPU seconds and 155737 MB memory.
2026-08-13 16:33:46.923 INFO   [B1F8ED\011EDF] Auto-router pass #265 on board '2f62153447b22da526a463320c3eb5ac' was completed in 0,58 seconds with the score of 934,49 (20 unrouted), using 12735,79 CPU seconds and 155737 MB memory.
2026-08-13 16:33:47.504 INFO   [B1F8ED\011EDF] Auto-router pass #266 on board '2f62153447b22da526a463320c3eb5ac' was completed in 0,57 seconds with the score of 934,49 (20 unrouted), using 12895,15 CPU seconds and 156714 MB memory.
2026-08-13 16:33:48.090 INFO   [B1F8ED\011EDF] Auto-router pass #267 on board '2f62153447b22da526a463320c3eb5ac' was completed in 0,58 seconds with the score of 934,49 (20 unrouted), using 13055,50 CPU seconds and 157710 MB memory.
2026-08-13 16:33:48.682 INFO   [B1F8ED\011EDF] Auto-router pass #268 on board '2f62153447b22da526a463320c3eb5ac' was completed in 0,59 seconds with the score of 934,49 (20 unrouted), using 13055,50 CPU seconds and 157710 MB memory.
2026-08-13 16:33:49.279 INFO   [B1F8ED\011EDF] Auto-router pass #269 on board '2f62153447b22da526a463320c3eb5ac' was completed in 0,59 seconds with the score of 934,49 (20 unrouted), using 13216,84 CPU seconds and 158685 MB memory.
2026-08-13 16:33:49.867 INFO   [B1F8ED\011EDF] Auto-router pass #270 on board '2f62153447b22da526a463320c3eb5ac' was completed in 0,58 seconds with the score of 934,49 (20 unrouted), using 13216,84 CPU seconds and 158685 MB memory.
2026-08-13 16:33:50.450 INFO   [B1F8ED\011EDF] Auto-router pass #271 on board '2f62153447b22da526a463320c3eb5ac' was completed in 0,58 seconds with the score of 934,49 (20 unrouted), using 13379,17 CPU seconds and 159669 MB memory.
2026-08-13 16:33:51.054 INFO   [B1F8ED\011EDF] Auto-router pass #272 on board '2f62153447b22da526a463320c3eb5ac' was completed in 0,60 seconds with the score of 934,49 (20 unrouted), using 13542,49 CPU seconds and 160647 MB memory.
2026-08-13 16:33:51.644 INFO   [B1F8ED\011EDF] Auto-router pass #273 on board '2f62153447b22da526a463320c3eb5ac' was completed in 0,58 seconds with the score of 934,49 (20 unrouted), using 13542,49 CPU seconds and 160647 MB memory.
2026-08-13 16:33:52.233 INFO   [B1F8ED\011EDF] Auto-router pass #274 on board '2f62153447b22da526a463320c3eb5ac' was completed in 0,58 seconds with the score of 934,49 (20 unrouted), using 13706,81 CPU seconds and 161625 MB memory.
2026-08-13 16:33:52.828 INFO   [B1F8ED\011EDF] Auto-router pass #275 on board '2f62153447b22da526a463320c3eb5ac' was completed in 0,59 seconds with the score of 934,49 (20 unrouted), using 13706,81 CPU seconds and 161625 MB memory.
2026-08-13 16:33:53.435 INFO   [B1F8ED\011EDF] Auto-router pass #276 on board '2f62153447b22da526a463320c3eb5ac' was completed in 0,60 seconds with the score of 934,49 (20 unrouted), using 13872,11 CPU seconds and 162599 MB memory.
2026-08-13 16:33:54.032 INFO   [B1F8ED\011EDF] Auto-router pass #277 on board '2f62153447b22da526a463320c3eb5ac' was completed in 0,59 seconds with the score of 934,49 (20 unrouted), using 13872,11 CPU seconds and 162599 MB memory.
2026-08-13 16:33:54.618 INFO   [B1F8ED\011EDF] Auto-router pass #278 on board '2f62153447b22da526a463320c3eb5ac' was completed in 0,58 seconds with the score of 934,49 (20 unrouted), using 14038,40 CPU seconds and 163564 MB memory.
2026-08-13 16:33:55.201 INFO   [B1F8ED\011EDF] Auto-router pass #279 on board '2f62153447b22da526a463320c3eb5ac' was completed in 0,58 seconds with the score of 934,49 (20 unrouted), using 14205,69 CPU seconds and 164557 MB memory.
2026-08-13 16:33:55.822 INFO   [B1F8ED\011EDF] Auto-router pass #280 on board '2f62153447b22da526a463320c3eb5ac' was completed in 0,61 seconds with the score of 934,49 (20 unrouted), using 14205,69 CPU seconds and 164557 MB memory.
2026-08-13 16:33:56.441 INFO   [B1F8ED\011EDF] Auto-router pass #281 on board '2f62153447b22da526a463320c3eb5ac' was completed in 0,61 seconds with the score of 934,49 (20 unrouted), using 14373,96 CPU seconds and 165500 MB memory.
2026-08-13 16:33:57.053 INFO   [B1F8ED\011EDF] Auto-router pass #282 on board '2f62153447b22da526a463320c3eb5ac' was completed in 0,61 seconds with the score of 934,49 (20 unrouted), using 14543,22 CPU seconds and 166448 MB memory.
2026-08-13 16:33:57.655 INFO   [B1F8ED\011EDF] Auto-router pass #283 on board '2f62153447b22da526a463320c3eb5ac' was completed in 0,60 seconds with the score of 934,49 (20 unrouted), using 14543,22 CPU seconds and 166448 MB memory.
2026-08-13 16:33:58.247 INFO   [B1F8ED\011EDF] Auto-router pass #284 on board '2f62153447b22da526a463320c3eb5ac' was completed in 0,59 seconds with the score of 934,49 (20 unrouted), using 14713,48 CPU seconds and 167419 MB memory.
2026-08-13 16:33:58.832 INFO   [B1F8ED\011EDF] Auto-router pass #285 on board '2f62153447b22da526a463320c3eb5ac' was completed in 0,58 seconds with the score of 934,49 (20 unrouted), using 14713,48 CPU seconds and 167419 MB memory.
2026-08-13 16:33:59.413 INFO   [B1F8ED\011EDF] Auto-router pass #286 on board '2f62153447b22da526a463320c3eb5ac' was completed in 0,57 seconds with the score of 934,49 (20 unrouted), using 14884,72 CPU seconds and 168405 MB memory.
2026-08-13 16:33:59.996 INFO   [B1F8ED\011EDF] Auto-router pass #287 on board '2f62153447b22da526a463320c3eb5ac' was completed in 0,58 seconds with the score of 934,49 (20 unrouted), using 14884,72 CPU seconds and 168405 MB memory.
2026-08-13 16:34:00.601 INFO   [B1F8ED\011EDF] Auto-router pass #288 on board '2f62153447b22da526a463320c3eb5ac' was completed in 0,60 seconds with the score of 934,49 (20 unrouted), using 15056,96 CPU seconds and 169398 MB memory.
2026-08-13 16:34:01.188 INFO   [B1F8ED\011EDF] Auto-router pass #289 on board '2f62153447b22da526a463320c3eb5ac' was completed in 0,58 seconds with the score of 934,49 (20 unrouted), using 15230,19 CPU seconds and 170374 MB memory.
2026-08-13 16:34:01.782 INFO   [B1F8ED\011EDF] Auto-router pass #290 on board '2f62153447b22da526a463320c3eb5ac' was completed in 0,59 seconds with the score of 934,49 (20 unrouted), using 15230,19 CPU seconds and 170374 MB memory.
2026-08-13 16:34:02.381 INFO   [B1F8ED\011EDF] Auto-router pass #291 on board '2f62153447b22da526a463320c3eb5ac' was completed in 0,59 seconds with the score of 934,49 (20 unrouted), using 15404,41 CPU seconds and 171348 MB memory.
2026-08-13 16:34:02.977 INFO   [B1F8ED\011EDF] Auto-router pass #292 on board '2f62153447b22da526a463320c3eb5ac' was completed in 0,59 seconds with the score of 934,49 (20 unrouted), using 15404,41 CPU seconds and 171348 MB memory.
2026-08-13 16:34:03.571 INFO   [B1F8ED\011EDF] Auto-router pass #293 on board '2f62153447b22da526a463320c3eb5ac' was completed in 0,59 seconds with the score of 934,49 (20 unrouted), using 15579,63 CPU seconds and 172318 MB memory.
2026-08-13 16:34:04.157 INFO   [B1F8ED\011EDF] Auto-router pass #294 on board '2f62153447b22da526a463320c3eb5ac' was completed in 0,58 seconds with the score of 934,49 (20 unrouted), using 15755,83 CPU seconds and 173303 MB memory.
2026-08-13 16:34:04.759 INFO   [B1F8ED\011EDF] Auto-router pass #295 on board '2f62153447b22da526a463320c3eb5ac' was completed in 0,60 seconds with the score of 934,49 (20 unrouted), using 15755,83 CPU seconds and 173303 MB memory.
2026-08-13 16:34:05.355 INFO   [B1F8ED\011EDF] Auto-router pass #296 on board '2f62153447b22da526a463320c3eb5ac' was completed in 0,59 seconds with the score of 934,49 (20 unrouted), using 15933,03 CPU seconds and 174266 MB memory.
2026-08-13 16:34:05.935 INFO   [B1F8ED\011EDF] Auto-router pass #297 on board '2f62153447b22da526a463320c3eb5ac' was completed in 0,57 seconds with the score of 934,49 (20 unrouted), using 15933,03 CPU seconds and 174266 MB memory.
2026-08-13 16:34:06.520 INFO   [B1F8ED\011EDF] Auto-router pass #298 on board '2f62153447b22da526a463320c3eb5ac' was completed in 0,58 seconds with the score of 934,49 (20 unrouted), using 16111,22 CPU seconds and 175260 MB memory.
2026-08-13 16:34:07.106 INFO   [B1F8ED\011EDF] Auto-router pass #299 on board '2f62153447b22da526a463320c3eb5ac' was completed in 0,58 seconds with the score of 934,49 (20 unrouted), using 16290,40 CPU seconds and 176254 MB memory.
2026-08-13 16:34:07.694 INFO   [B1F8ED\011EDF] Auto-router pass #300 on board '2f62153447b22da526a463320c3eb5ac' was completed in 0,58 seconds with the score of 934,49 (20 unrouted), using 16290,40 CPU seconds and 176254 MB memory.
2026-08-13 16:34:08.323 INFO   [B1F8ED\011EDF] Auto-router pass #301 on board '2f62153447b22da526a463320c3eb5ac' was completed in 0,62 seconds with the score of 934,49 (20 unrouted), using 16470,57 CPU seconds and 177219 MB memory.
2026-08-13 16:34:08.954 INFO   [B1F8ED\011EDF] Auto-router pass #302 on board '2f62153447b22da526a463320c3eb5ac' was completed in 0,62 seconds with the score of 934,49 (20 unrouted), using 16470,57 CPU seconds and 177219 MB memory.
2026-08-13 16:34:09.554 INFO   [B1F8ED\011EDF] Auto-router pass #303 on board '2f62153447b22da526a463320c3eb5ac' was completed in 0,59 seconds with the score of 934,49 (20 unrouted), using 16651,73 CPU seconds and 178139 MB memory.
2026-08-13 16:34:10.148 INFO   [B1F8ED\011EDF] Auto-router pass #304 on board '2f62153447b22da526a463320c3eb5ac' was completed in 0,59 seconds with the score of 934,49 (20 unrouted), using 16833,89 CPU seconds and 179114 MB memory.
2026-08-13 16:34:10.723 INFO   [B1F8ED\011EDF] Auto-router pass #305 on board '2f62153447b22da526a463320c3eb5ac' was completed in 0,57 seconds with the score of 934,49 (20 unrouted), using 16833,89 CPU seconds and 179114 MB memory.
2026-08-13 16:34:11.298 INFO   [B1F8ED\011EDF] Auto-router pass #306 on board '2f62153447b22da526a463320c3eb5ac' was completed in 0,57 seconds with the score of 934,49 (20 unrouted), using 17017,03 CPU seconds and 180118 MB memory.
2026-08-13 16:34:11.879 INFO   [B1F8ED\011EDF] Auto-router pass #307 on board '2f62153447b22da526a463320c3eb5ac' was completed in 0,58 seconds with the score of 934,49 (20 unrouted), using 17017,03 CPU seconds and 180118 MB memory.
2026-08-13 16:34:12.485 INFO   [B1F8ED\011EDF] Auto-router pass #308 on board '2f62153447b22da526a463320c3eb5ac' was completed in 0,60 seconds with the score of 934,49 (20 unrouted), using 17201,17 CPU seconds and 181112 MB memory.
2026-08-13 16:34:13.089 INFO   [B1F8ED\011EDF] Auto-router pass #309 on board '2f62153447b22da526a463320c3eb5ac' was completed in 0,60 seconds with the score of 934,49 (20 unrouted), using 17386,30 CPU seconds and 182076 MB memory.
2026-08-13 16:34:13.697 INFO   [B1F8ED\011EDF] Auto-router pass #310 on board '2f62153447b22da526a463320c3eb5ac' was completed in 0,60 seconds with the score of 934,49 (20 unrouted), using 17386,30 CPU seconds and 182076 MB memory.
2026-08-13 16:34:14.298 INFO   [B1F8ED\011EDF] Auto-router pass #311 on board '2f62153447b22da526a463320c3eb5ac' was completed in 0,59 seconds with the score of 934,49 (20 unrouted), using 17572,42 CPU seconds and 183028 MB memory.
2026-08-13 16:34:14.892 INFO   [B1F8ED\011EDF] Auto-router pass #312 on board '2f62153447b22da526a463320c3eb5ac' was completed in 0,59 seconds with the score of 934,49 (20 unrouted), using 17572,42 CPU seconds and 183028 MB memory.
2026-08-13 16:34:15.496 INFO   [B1F8ED\011EDF] Auto-router pass #313 on board '2f62153447b22da526a463320c3eb5ac' was completed in 0,60 seconds with the score of 934,49 (20 unrouted), using 17759,53 CPU seconds and 184000 MB memory.
2026-08-13 16:34:16.075 INFO   [B1F8ED\011EDF] Auto-router pass #314 on board '2f62153447b22da526a463320c3eb5ac' was completed in 0,57 seconds with the score of 934,49 (20 unrouted), using 17947,64 CPU seconds and 184984 MB memory.
2026-08-13 16:34:16.660 INFO   [B1F8ED\011EDF] Auto-router pass #315 on board '2f62153447b22da526a463320c3eb5ac' was completed in 0,58 seconds with the score of 934,49 (20 unrouted), using 17947,64 CPU seconds and 184984 MB memory.
2026-08-13 16:34:17.273 INFO   [B1F8ED\011EDF] Auto-router pass #316 on board '2f62153447b22da526a463320c3eb5ac' was completed in 0,61 seconds with the score of 934,49 (20 unrouted), using 18136,73 CPU seconds and 185963 MB memory.
2026-08-13 16:34:17.865 INFO   [B1F8ED\011EDF] Auto-router pass #317 on board '2f62153447b22da526a463320c3eb5ac' was completed in 0,59 seconds with the score of 934,49 (20 unrouted), using 18136,73 CPU seconds and 185963 MB memory.
2026-08-13 16:34:18.480 INFO   [B1F8ED\011EDF] Auto-router pass #318 on board '2f62153447b22da526a463320c3eb5ac' was completed in 0,61 seconds with the score of 934,49 (20 unrouted), using 18326,81 CPU seconds and 186923 MB memory.
2026-08-13 16:34:19.074 INFO   [B1F8ED\011EDF] Auto-router pass #319 on board '2f62153447b22da526a463320c3eb5ac' was completed in 0,59 seconds with the score of 934,49 (20 unrouted), using 18517,88 CPU seconds and 187884 MB memory.
2026-08-13 16:34:19.674 INFO   [B1F8ED\011EDF] Auto-router pass #320 on board '2f62153447b22da526a463320c3eb5ac' was completed in 0,59 seconds with the score of 934,49 (20 unrouted), using 18517,88 CPU seconds and 187884 MB memory.
2026-08-13 16:34:20.265 INFO   [B1F8ED\011EDF] Auto-router pass #321 on board '2f62153447b22da526a463320c3eb5ac' was completed in 0,58 seconds with the score of 934,49 (20 unrouted), using 18709,94 CPU seconds and 188860 MB memory.
2026-08-13 16:34:20.860 INFO   [B1F8ED\011EDF] Auto-router pass #322 on board '2f62153447b22da526a463320c3eb5ac' was completed in 0,59 seconds with the score of 934,49 (20 unrouted), using 18709,94 CPU seconds and 188860 MB memory.
2026-08-13 16:34:21.469 INFO   [B1F8ED\011EDF] Auto-router pass #323 on board '2f62153447b22da526a463320c3eb5ac' was completed in 0,60 seconds with the score of 934,49 (20 unrouted), using 18903,00 CPU seconds and 189836 MB memory.
2026-08-13 16:34:22.093 INFO   [B1F8ED\011EDF] Auto-router pass #324 on board '2f62153447b22da526a463320c3eb5ac' was completed in 0,62 seconds with the score of 934,49 (20 unrouted), using 19097,04 CPU seconds and 190771 MB memory.
2026-08-13 16:34:22.708 INFO   [B1F8ED\011EDF] Auto-router pass #325 on board '2f62153447b22da526a463320c3eb5ac' was completed in 0,61 seconds with the score of 934,49 (20 unrouted), using 19097,04 CPU seconds and 190771 MB memory.
2026-08-13 16:34:23.309 INFO   [B1F8ED\011EDF] Auto-router pass #326 on board '2f62153447b22da526a463320c3eb5ac' was completed in 0,59 seconds with the score of 934,49 (20 unrouted), using 19292,07 CPU seconds and 191717 MB memory.
2026-08-13 16:34:23.899 INFO   [B1F8ED\011EDF] Auto-router pass #327 on board '2f62153447b22da526a463320c3eb5ac' was completed in 0,58 seconds with the score of 934,49 (20 unrouted), using 19292,07 CPU seconds and 191717 MB memory.
2026-08-13 16:34:24.499 INFO   [B1F8ED\011EDF] Auto-router pass #328 on board '2f62153447b22da526a463320c3eb5ac' was completed in 0,59 seconds with the score of 934,49 (20 unrouted), using 19488,10 CPU seconds and 192694 MB memory.
2026-08-13 16:34:25.091 INFO   [B1F8ED\011EDF] Auto-router pass #329 on board '2f62153447b22da526a463320c3eb5ac' was completed in 0,59 seconds with the score of 934,49 (20 unrouted), using 19685,11 CPU seconds and 193673 MB memory.
2026-08-13 16:34:25.662 INFO   [B1F8ED\011EDF] Auto-router pass #330 on board '2f62153447b22da526a463320c3eb5ac' was completed in 0,56 seconds with the score of 934,49 (20 unrouted), using 19685,11 CPU seconds and 193673 MB memory.
2026-08-13 16:34:26.243 INFO   [B1F8ED\011EDF] Auto-router pass #331 on board '2f62153447b22da526a463320c3eb5ac' was completed in 0,57 seconds with the score of 934,49 (20 unrouted), using 19883,12 CPU seconds and 194672 MB memory.
2026-08-13 16:34:26.837 INFO   [B1F8ED\011EDF] Auto-router pass #332 on board '2f62153447b22da526a463320c3eb5ac' was completed in 0,59 seconds with the score of 934,49 (20 unrouted), using 19883,12 CPU seconds and 194672 MB memory.
2026-08-13 16:34:27.437 INFO   [B1F8ED\011EDF] Auto-router pass #333 on board '2f62153447b22da526a463320c3eb5ac' was completed in 0,59 seconds with the score of 934,49 (20 unrouted), using 20082,11 CPU seconds and 195656 MB memory.
2026-08-13 16:34:28.031 INFO   [B1F8ED\011EDF] Auto-router pass #334 on board '2f62153447b22da526a463320c3eb5ac' was completed in 0,59 seconds with the score of 934,49 (20 unrouted), using 20082,11 CPU seconds and 195656 MB memory.
2026-08-13 16:34:28.622 INFO   [B1F8ED\011EDF] Auto-router pass #335 on board '2f62153447b22da526a463320c3eb5ac' was completed in 0,58 seconds with the score of 934,49 (20 unrouted), using 20282,10 CPU seconds and 196625 MB memory.
2026-08-13 16:34:29.223 INFO   [B1F8ED\011EDF] Auto-router pass #336 on board '2f62153447b22da526a463320c3eb5ac' was completed in 0,59 seconds with the score of 934,49 (20 unrouted), using 20483,08 CPU seconds and 197603 MB memory.
2026-08-13 16:34:29.817 INFO   [B1F8ED\011EDF] Auto-router pass #337 on board '2f62153447b22da526a463320c3eb5ac' was completed in 0,59 seconds with the score of 934,49 (20 unrouted), using 20483,08 CPU seconds and 197603 MB memory.
2026-08-13 16:34:30.408 INFO   [B1F8ED\011EDF] Auto-router pass #338 on board '2f62153447b22da526a463320c3eb5ac' was completed in 0,58 seconds with the score of 934,49 (20 unrouted), using 20685,06 CPU seconds and 198574 MB memory.
2026-08-13 16:34:30.989 INFO   [B1F8ED\011EDF] Auto-router pass #339 on board '2f62153447b22da526a463320c3eb5ac' was completed in 0,57 seconds with the score of 934,49 (20 unrouted), using 20685,06 CPU seconds and 198574 MB memory.
2026-08-13 16:34:31.583 INFO   [B1F8ED\011EDF] Auto-router pass #340 on board '2f62153447b22da526a463320c3eb5ac' was completed in 0,59 seconds with the score of 934,49 (20 unrouted), using 20888,02 CPU seconds and 199567 MB memory.
2026-08-13 16:34:32.224 INFO   [B1F8ED\011EDF] Auto-router pass #341 on board '2f62153447b22da526a463320c3eb5ac' was completed in 0,64 seconds with the score of 934,49 (20 unrouted), using 21091,98 CPU seconds and 200520 MB memory.
2026-08-13 16:34:32.848 INFO   [B1F8ED\011EDF] Auto-router pass #342 on board '2f62153447b22da526a463320c3eb5ac' was completed in 0,62 seconds with the score of 934,49 (20 unrouted), using 21091,98 CPU seconds and 200520 MB memory.
2026-08-13 16:34:33.430 INFO   [B1F8ED\011EDF] Auto-router pass #343 on board '2f62153447b22da526a463320c3eb5ac' was completed in 0,58 seconds with the score of 934,49 (20 unrouted), using 21296,92 CPU seconds and 201445 MB memory.
2026-08-13 16:34:34.001 INFO   [B1F8ED\011EDF] Auto-router pass #344 on board '2f62153447b22da526a463320c3eb5ac' was completed in 0,56 seconds with the score of 934,49 (20 unrouted), using 21296,92 CPU seconds and 201445 MB memory.
2026-08-13 16:34:34.599 INFO   [B1F8ED\011EDF] Auto-router pass #345 on board '2f62153447b22da526a463320c3eb5ac' was completed in 0,59 seconds with the score of 934,49 (20 unrouted), using 21502,86 CPU seconds and 202455 MB memory.
2026-08-13 16:34:35.181 INFO   [B1F8ED\011EDF] Auto-router pass #346 on board '2f62153447b22da526a463320c3eb5ac' was completed in 0,58 seconds with the score of 934,49 (20 unrouted), using 21709,79 CPU seconds and 203436 MB memory.
2026-08-13 16:34:35.727 INFO   [B1F8ED\011EDF] Auto-router pass #347 on board '2f62153447b22da526a463320c3eb5ac' was completed in 0,54 seconds with the score of 934,49 (20 unrouted), using 21709,79 CPU seconds and 203436 MB memory.
2026-08-13 16:34:36.323 INFO   [B1F8ED\011EDF] Auto-router pass #348 on board '2f62153447b22da526a463320c3eb5ac' was completed in 0,59 seconds with the score of 934,49 (20 unrouted), using 21917,70 CPU seconds and 204471 MB memory.
2026-08-13 16:34:36.869 INFO   [B1F8ED\011EDF] Auto-router pass #349 on board '2f62153447b22da526a463320c3eb5ac' was completed in 0,54 seconds with the score of 934,49 (20 unrouted), using 21917,70 CPU seconds and 204471 MB memory.
2026-08-13 16:34:37.435 INFO   [B1F8ED\011EDF] Auto-router pass #350 on board '2f62153447b22da526a463320c3eb5ac' was completed in 0,56 seconds with the score of 934,49 (20 unrouted), using 22126,60 CPU seconds and 205504 MB memory.
2026-08-13 16:34:38.022 INFO   [B1F8ED\011EDF] Auto-router pass #351 on board '2f62153447b22da526a463320c3eb5ac' was completed in 0,58 seconds with the score of 934,49 (20 unrouted), using 22126,60 CPU seconds and 205504 MB memory.
2026-08-13 16:34:38.620 INFO   [B1F8ED\011EDF] Auto-router pass #352 on board '2f62153447b22da526a463320c3eb5ac' was completed in 0,59 seconds with the score of 934,49 (20 unrouted), using 22336,49 CPU seconds and 206494 MB memory.
2026-08-13 16:34:39.226 INFO   [B1F8ED\011EDF] Auto-router pass #353 on board '2f62153447b22da526a463320c3eb5ac' was completed in 0,60 seconds with the score of 934,49 (20 unrouted), using 22547,37 CPU seconds and 207458 MB memory.
2026-08-13 16:34:39.845 INFO   [B1F8ED\011EDF] Auto-router pass #354 on board '2f62153447b22da526a463320c3eb5ac' was completed in 0,61 seconds with the score of 934,49 (20 unrouted), using 22547,37 CPU seconds and 207458 MB memory.
2026-08-13 16:34:40.438 INFO   [B1F8ED\011EDF] Auto-router pass #355 on board '2f62153447b22da526a463320c3eb5ac' was completed in 0,59 seconds with the score of 934,49 (20 unrouted), using 22759,25 CPU seconds and 208406 MB memory.
2026-08-13 16:34:41.044 INFO   [B1F8ED\011EDF] Auto-router pass #356 on board '2f62153447b22da526a463320c3eb5ac' was completed in 0,60 seconds with the score of 934,49 (20 unrouted), using 22759,25 CPU seconds and 208406 MB memory.
2026-08-13 16:34:41.653 INFO   [B1F8ED\011EDF] Auto-router pass #357 on board '2f62153447b22da526a463320c3eb5ac' was completed in 0,60 seconds with the score of 934,49 (20 unrouted), using 22972,11 CPU seconds and 209373 MB memory.
2026-08-13 16:34:42.238 INFO   [B1F8ED\011EDF] Auto-router pass #358 on board '2f62153447b22da526a463320c3eb5ac' was completed in 0,58 seconds with the score of 934,49 (20 unrouted), using 23185,97 CPU seconds and 210329 MB memory.
2026-08-13 16:34:42.797 INFO   [B1F8ED\011EDF] Auto-router pass #359 on board '2f62153447b22da526a463320c3eb5ac' was completed in 0,55 seconds with the score of 934,49 (20 unrouted), using 23185,97 CPU seconds and 210329 MB memory.
2026-08-13 16:34:43.463 INFO   [B1F8ED\011EDF] Auto-router pass #360 on board '2f62153447b22da526a463320c3eb5ac' was completed in 0,66 seconds with the score of 934,49 (20 unrouted), using 23400,82 CPU seconds and 211334 MB memory.
2026-08-13 16:34:44.084 INFO   [B1F8ED\011EDF] Auto-router pass #361 on board '2f62153447b22da526a463320c3eb5ac' was completed in 0,61 seconds with the score of 934,49 (20 unrouted), using 23616,66 CPU seconds and 212240 MB memory.
2026-08-13 16:34:44.703 INFO   [B1F8ED\011EDF] Auto-router pass #362 on board '2f62153447b22da526a463320c3eb5ac' was completed in 0,61 seconds with the score of 934,49 (20 unrouted), using 23616,66 CPU seconds and 212240 MB memory.
2026-08-13 16:34:45.281 INFO   [B1F8ED\011EDF] Auto-router pass #363 on board '2f62153447b22da526a463320c3eb5ac' was completed in 0,57 seconds with the score of 934,49 (20 unrouted), using 23833,50 CPU seconds and 213196 MB memory.
2026-08-13 16:34:45.866 INFO   [B1F8ED\011EDF] Auto-router pass #364 on board '2f62153447b22da526a463320c3eb5ac' was completed in 0,58 seconds with the score of 934,49 (20 unrouted), using 23833,50 CPU seconds and 213196 MB memory.
2026-08-13 16:34:46.445 INFO   [B1F8ED\011EDF] Auto-router pass #365 on board '2f62153447b22da526a463320c3eb5ac' was completed in 0,57 seconds with the score of 934,49 (20 unrouted), using 24051,32 CPU seconds and 214193 MB memory.
2026-08-13 16:34:47.024 INFO   [B1F8ED\011EDF] Auto-router pass #366 on board '2f62153447b22da526a463320c3eb5ac' was completed in 0,57 seconds with the score of 934,49 (20 unrouted), using 24051,32 CPU seconds and 214193 MB memory.
2026-08-13 16:34:47.604 INFO   [B1F8ED\011EDF] Auto-router pass #367 on board '2f62153447b22da526a463320c3eb5ac' was completed in 0,57 seconds with the score of 934,49 (20 unrouted), using 24270,14 CPU seconds and 215194 MB memory.
2026-08-13 16:34:48.193 INFO   [B1F8ED\011EDF] Auto-router pass #368 on board '2f62153447b22da526a463320c3eb5ac' was completed in 0,58 seconds with the score of 934,49 (20 unrouted), using 24489,94 CPU seconds and 216192 MB memory.
2026-08-13 16:34:48.774 INFO   [B1F8ED\011EDF] Auto-router pass #369 on board '2f62153447b22da526a463320c3eb5ac' was completed in 0,57 seconds with the score of 934,49 (20 unrouted), using 24489,94 CPU seconds and 216192 MB memory.
2026-08-13 16:34:49.363 INFO   [B1F8ED\011EDF] Auto-router pass #370 on board '2f62153447b22da526a463320c3eb5ac' was completed in 0,58 seconds with the score of 934,49 (20 unrouted), using 24710,74 CPU seconds and 217185 MB memory.
2026-08-13 16:34:49.915 INFO   [B1F8ED\011EDF] Auto-router pass #371 on board '2f62153447b22da526a463320c3eb5ac' was completed in 0,55 seconds with the score of 934,49 (20 unrouted), using 24710,74 CPU seconds and 217185 MB memory.
2026-08-13 16:34:50.501 INFO   [B1F8ED\011EDF] Auto-router pass #372 on board '2f62153447b22da526a463320c3eb5ac' was completed in 0,58 seconds with the score of 934,49 (20 unrouted), using 24932,53 CPU seconds and 218206 MB memory.
2026-08-13 16:34:51.116 INFO   [B1F8ED\011EDF] Auto-router pass #373 on board '2f62153447b22da526a463320c3eb5ac' was completed in 0,61 seconds with the score of 934,49 (20 unrouted), using 25155,31 CPU seconds and 219166 MB memory.
2026-08-13 16:34:51.697 INFO   [B1F8ED\011EDF] Auto-router pass #374 on board '2f62153447b22da526a463320c3eb5ac' was completed in 0,57 seconds with the score of 934,49 (20 unrouted), using 25155,31 CPU seconds and 219166 MB memory.
2026-08-13 16:34:52.297 INFO   [B1F8ED\011EDF] Auto-router pass #375 on board '2f62153447b22da526a463320c3eb5ac' was completed in 0,59 seconds with the score of 934,49 (20 unrouted), using 25379,08 CPU seconds and 220147 MB memory.
2026-08-13 16:34:52.896 INFO   [B1F8ED\011EDF] Auto-router pass #376 on board '2f62153447b22da526a463320c3eb5ac' was completed in 0,59 seconds with the score of 934,49 (20 unrouted), using 25379,08 CPU seconds and 220147 MB memory.
2026-08-13 16:34:53.487 INFO   [B1F8ED\011EDF] Auto-router pass #377 on board '2f62153447b22da526a463320c3eb5ac' was completed in 0,58 seconds with the score of 934,49 (20 unrouted), using 25603,83 CPU seconds and 221121 MB memory.
2026-08-13 16:34:54.077 INFO   [B1F8ED\011EDF] Auto-router pass #378 on board '2f62153447b22da526a463320c3eb5ac' was completed in 0,58 seconds with the score of 934,49 (20 unrouted), using 25829,59 CPU seconds and 222103 MB memory.
2026-08-13 16:34:54.668 INFO   [B1F8ED\011EDF] Auto-router pass #379 on board '2f62153447b22da526a463320c3eb5ac' was completed in 0,58 seconds with the score of 934,49 (20 unrouted), using 25829,59 CPU seconds and 222103 MB memory.
2026-08-13 16:34:55.264 INFO   [B1F8ED\011EDF] Auto-router pass #380 on board '2f62153447b22da526a463320c3eb5ac' was completed in 0,59 seconds with the score of 934,49 (20 unrouted), using 26056,33 CPU seconds and 223082 MB memory.
2026-08-13 16:34:55.813 INFO   [B1F8ED\011EDF] Auto-router pass #381 on board '2f62153447b22da526a463320c3eb5ac' was completed in 0,54 seconds with the score of 934,49 (20 unrouted), using 26056,33 CPU seconds and 223082 MB memory.
2026-08-13 16:34:56.356 INFO   [B1F8ED\011EDF] Auto-router pass #382 on board '2f62153447b22da526a463320c3eb5ac' was completed in 0,54 seconds with the score of 934,49 (20 unrouted), using 26284,06 CPU seconds and 224120 MB memory.
2026-08-13 16:34:56.959 INFO   [B1F8ED\011EDF] Auto-router pass #383 on board '2f62153447b22da526a463320c3eb5ac' was completed in 0,59 seconds with the score of 934,49 (20 unrouted), using 26284,06 CPU seconds and 224120 MB memory.
2026-08-13 16:34:57.554 INFO   [B1F8ED\011EDF] Auto-router pass #384 on board '2f62153447b22da526a463320c3eb5ac' was completed in 0,59 seconds with the score of 934,49 (20 unrouted), using 26512,79 CPU seconds and 225109 MB memory.
2026-08-13 16:34:58.120 INFO   [B1F8ED\011EDF] Auto-router pass #385 on board '2f62153447b22da526a463320c3eb5ac' was completed in 0,56 seconds with the score of 934,49 (20 unrouted), using 26742,50 CPU seconds and 226122 MB memory.
2026-08-13 16:34:58.680 INFO   [B1F8ED\011EDF] Auto-router pass #386 on board '2f62153447b22da526a463320c3eb5ac' was completed in 0,55 seconds with the score of 934,49 (20 unrouted), using 26742,50 CPU seconds and 226122 MB memory.
2026-08-13 16:34:59.233 INFO   [B1F8ED\011EDF] Auto-router pass #387 on board '2f62153447b22da526a463320c3eb5ac' was completed in 0,55 seconds with the score of 934,49 (20 unrouted), using 26973,21 CPU seconds and 227157 MB memory.
2026-08-13 16:34:59.807 INFO   [B1F8ED\011EDF] Auto-router pass #388 on board '2f62153447b22da526a463320c3eb5ac' was completed in 0,57 seconds with the score of 934,49 (20 unrouted), using 26973,21 CPU seconds and 227157 MB memory.
2026-08-13 16:35:00.389 INFO   [B1F8ED\011EDF] Auto-router pass #389 on board '2f62153447b22da526a463320c3eb5ac' was completed in 0,58 seconds with the score of 934,49 (20 unrouted), using 27204,90 CPU seconds and 228175 MB memory.
2026-08-13 16:35:00.971 INFO   [B1F8ED\011EDF] Auto-router pass #390 on board '2f62153447b22da526a463320c3eb5ac' was completed in 0,58 seconds with the score of 934,49 (20 unrouted), using 27204,90 CPU seconds and 228175 MB memory.
2026-08-13 16:35:01.567 INFO   [B1F8ED\011EDF] Auto-router pass #391 on board '2f62153447b22da526a463320c3eb5ac' was completed in 0,59 seconds with the score of 934,49 (20 unrouted), using 27437,59 CPU seconds and 229157 MB memory.
2026-08-13 16:35:02.162 INFO   [B1F8ED\011EDF] Auto-router pass #392 on board '2f62153447b22da526a463320c3eb5ac' was completed in 0,59 seconds with the score of 934,49 (20 unrouted), using 27671,27 CPU seconds and 230142 MB memory.
2026-08-13 16:35:02.744 INFO   [B1F8ED\011EDF] Auto-router pass #393 on board '2f62153447b22da526a463320c3eb5ac' was completed in 0,58 seconds with the score of 934,49 (20 unrouted), using 27671,27 CPU seconds and 230142 MB memory.
2026-08-13 16:35:03.323 INFO   [B1F8ED\011EDF] Auto-router pass #394 on board '2f62153447b22da526a463320c3eb5ac' was completed in 0,57 seconds with the score of 934,49 (20 unrouted), using 27905,93 CPU seconds and 231138 MB memory.
2026-08-13 16:35:03.892 INFO   [B1F8ED\011EDF] Auto-router pass #395 on board '2f62153447b22da526a463320c3eb5ac' was completed in 0,56 seconds with the score of 934,49 (20 unrouted), using 27905,93 CPU seconds and 231138 MB memory.
2026-08-13 16:35:04.476 INFO   [B1F8ED\011EDF] Auto-router pass #396 on board '2f62153447b22da526a463320c3eb5ac' was completed in 0,58 seconds with the score of 934,49 (20 unrouted), using 28141,57 CPU seconds and 232146 MB memory.
2026-08-13 16:35:05.041 INFO   [B1F8ED\011EDF] Auto-router pass #397 on board '2f62153447b22da526a463320c3eb5ac' was completed in 0,56 seconds with the score of 934,49 (20 unrouted), using 28141,57 CPU seconds and 232146 MB memory.
2026-08-13 16:35:05.608 INFO   [B1F8ED\011EDF] Auto-router pass #398 on board '2f62153447b22da526a463320c3eb5ac' was completed in 0,56 seconds with the score of 934,49 (20 unrouted), using 28378,21 CPU seconds and 233158 MB memory.
2026-08-13 16:35:06.151 INFO   [B1F8ED\011EDF] Auto-router pass #399 on board '2f62153447b22da526a463320c3eb5ac' was completed in 0,54 seconds with the score of 934,49 (20 unrouted), using 28615,84 CPU seconds and 234202 MB memory.
2026-08-13 16:35:06.727 INFO   [B1F8ED\011EDF] Auto-router pass #400 on board '2f62153447b22da526a463320c3eb5ac' was completed in 0,57 seconds with the score of 934,49 (20 unrouted), using 28615,84 CPU seconds and 234202 MB memory.
2026-08-13 16:35:07.319 INFO   [B1F8ED\011EDF] Auto-router pass #401 on board '2f62153447b22da526a463320c3eb5ac' was completed in 0,59 seconds with the score of 934,49 (20 unrouted), using 28854,46 CPU seconds and 235188 MB memory.
2026-08-13 16:35:07.883 INFO   [B1F8ED\011EDF] Auto-router pass #402 on board '2f62153447b22da526a463320c3eb5ac' was completed in 0,56 seconds with the score of 934,49 (20 unrouted), using 28854,46 CPU seconds and 235188 MB memory.
2026-08-13 16:35:08.474 INFO   [B1F8ED\011EDF] Auto-router pass #403 on board '2f62153447b22da526a463320c3eb5ac' was completed in 0,58 seconds with the score of 934,49 (20 unrouted), using 29094,07 CPU seconds and 236225 MB memory.
2026-08-13 16:35:09.072 INFO   [B1F8ED\011EDF] Auto-router pass #404 on board '2f62153447b22da526a463320c3eb5ac' was completed in 0,59 seconds with the score of 934,49 (20 unrouted), using 29334,66 CPU seconds and 237194 MB memory.
2026-08-13 16:35:09.696 INFO   [B1F8ED\011EDF] Auto-router pass #405 on board '2f62153447b22da526a463320c3eb5ac' was completed in 0,62 seconds with the score of 934,49 (20 unrouted), using 29334,66 CPU seconds and 237194 MB memory.
2026-08-13 16:35:10.321 INFO   [B1F8ED\011EDF] Auto-router pass #406 on board '2f62153447b22da526a463320c3eb5ac' was completed in 0,62 seconds with the score of 934,49 (20 unrouted), using 29576,24 CPU seconds and 238140 MB memory.
2026-08-13 16:35:10.923 INFO   [B1F8ED\011EDF] Auto-router pass #407 on board '2f62153447b22da526a463320c3eb5ac' was completed in 0,60 seconds with the score of 934,49 (20 unrouted), using 29576,24 CPU seconds and 238140 MB memory.
2026-08-13 16:35:11.547 INFO   [B1F8ED\011EDF] Auto-router pass #408 on board '2f62153447b22da526a463320c3eb5ac' was completed in 0,62 seconds with the score of 934,49 (20 unrouted), using 29818,82 CPU seconds and 239052 MB memory.
2026-08-13 16:35:12.105 INFO   [B1F8ED\011EDF] Auto-router pass #409 on board '2f62153447b22da526a463320c3eb5ac' was completed in 0,55 seconds with the score of 934,49 (20 unrouted), using 30062,38 CPU seconds and 240055 MB memory.
2026-08-13 16:35:12.660 INFO   [B1F8ED\011EDF] Auto-router pass #410 on board '2f62153447b22da526a463320c3eb5ac' was completed in 0,55 seconds with the score of 934,49 (20 unrouted), using 30062,38 CPU seconds and 240055 MB memory.
2026-08-13 16:35:13.242 INFO   [B1F8ED\011EDF] Auto-router pass #411 on board '2f62153447b22da526a463320c3eb5ac' was completed in 0,58 seconds with the score of 934,49 (20 unrouted), using 30306,94 CPU seconds and 241077 MB memory.
2026-08-13 16:35:13.841 INFO   [B1F8ED\011EDF] Auto-router pass #412 on board '2f62153447b22da526a463320c3eb5ac' was completed in 0,59 seconds with the score of 934,49 (20 unrouted), using 30306,94 CPU seconds and 241077 MB memory.
2026-08-13 16:35:14.463 INFO   [B1F8ED\011EDF] Auto-router pass #413 on board '2f62153447b22da526a463320c3eb5ac' was completed in 0,61 seconds with the score of 934,49 (20 unrouted), using 30552,48 CPU seconds and 242027 MB memory.
2026-08-13 16:35:15.071 INFO   [B1F8ED\011EDF] Auto-router pass #414 on board '2f62153447b22da526a463320c3eb5ac' was completed in 0,60 seconds with the score of 934,49 (20 unrouted), using 30799,02 CPU seconds and 242990 MB memory.
2026-08-13 16:35:15.679 INFO   [B1F8ED\011EDF] Auto-router pass #415 on board '2f62153447b22da526a463320c3eb5ac' was completed in 0,60 seconds with the score of 934,49 (20 unrouted), using 30799,02 CPU seconds and 242990 MB memory.
2026-08-13 16:35:16.286 INFO   [B1F8ED\011EDF] Auto-router pass #416 on board '2f62153447b22da526a463320c3eb5ac' was completed in 0,60 seconds with the score of 934,49 (20 unrouted), using 31046,54 CPU seconds and 243940 MB memory.
2026-08-13 16:35:16.871 INFO   [B1F8ED\011EDF] Auto-router pass #417 on board '2f62153447b22da526a463320c3eb5ac' was completed in 0,58 seconds with the score of 934,49 (20 unrouted), using 31046,54 CPU seconds and 243940 MB memory.
2026-08-13 16:35:17.442 INFO   [B1F8ED\011EDF] Auto-router pass #418 on board '2f62153447b22da526a463320c3eb5ac' was completed in 0,56 seconds with the score of 934,49 (20 unrouted), using 31295,05 CPU seconds and 244941 MB memory.
2026-08-13 16:35:18.051 INFO   [B1F8ED\011EDF] Auto-router pass #419 on board '2f62153447b22da526a463320c3eb5ac' was completed in 0,60 seconds with the score of 934,49 (20 unrouted), using 31295,05 CPU seconds and 244941 MB memory.
2026-08-13 16:35:18.601 INFO   [B1F8ED\011EDF] Auto-router pass #420 on board '2f62153447b22da526a463320c3eb5ac' was completed in 0,54 seconds with the score of 934,49 (20 unrouted), using 31544,55 CPU seconds and 245909 MB memory.
2026-08-13 16:35:19.144 INFO   [B1F8ED\011EDF] Auto-router pass #421 on board '2f62153447b22da526a463320c3eb5ac' was completed in 0,54 seconds with the score of 934,49 (20 unrouted), using 31795,04 CPU seconds and 246972 MB memory.
2026-08-13 16:35:19.686 INFO   [B1F8ED\011EDF] Auto-router pass #422 on board '2f62153447b22da526a463320c3eb5ac' was completed in 0,54 seconds with the score of 934,49 (20 unrouted), using 31795,04 CPU seconds and 246972 MB memory.
2026-08-13 16:35:20.227 INFO   [B1F8ED\011EDF] Auto-router pass #423 on board '2f62153447b22da526a463320c3eb5ac' was completed in 0,54 seconds with the score of 934,49 (20 unrouted), using 32046,52 CPU seconds and 248041 MB memory.
2026-08-13 16:35:20.777 INFO   [B1F8ED\011EDF] Auto-router pass #424 on board '2f62153447b22da526a463320c3eb5ac' was completed in 0,54 seconds with the score of 934,49 (20 unrouted), using 32046,52 CPU seconds and 248041 MB memory.
2026-08-13 16:35:21.331 INFO   [B1F8ED\011EDF] Auto-router pass #425 on board '2f62153447b22da526a463320c3eb5ac' was completed in 0,55 seconds with the score of 934,49 (20 unrouted), using 32298,99 CPU seconds and 249105 MB memory.
2026-08-13 16:35:21.917 INFO   [B1F8ED\011EDF] Auto-router pass #426 on board '2f62153447b22da526a463320c3eb5ac' was completed in 0,58 seconds with the score of 934,49 (20 unrouted), using 32298,99 CPU seconds and 249105 MB memory.
2026-08-13 16:35:22.526 INFO   [B1F8ED\011EDF] Auto-router pass #427 on board '2f62153447b22da526a463320c3eb5ac' was completed in 0,60 seconds with the score of 934,49 (20 unrouted), using 32552,46 CPU seconds and 250099 MB memory.
2026-08-13 16:35:23.152 INFO   [B1F8ED\011EDF] Auto-router pass #428 on board '2f62153447b22da526a463320c3eb5ac' was completed in 0,62 seconds with the score of 934,49 (20 unrouted), using 32806,91 CPU seconds and 251031 MB memory.
2026-08-13 16:35:23.740 INFO   [B1F8ED\011EDF] Auto-router pass #429 on board '2f62153447b22da526a463320c3eb5ac' was completed in 0,58 seconds with the score of 934,49 (20 unrouted), using 32806,91 CPU seconds and 251031 MB memory.
2026-08-13 16:35:24.326 INFO   [B1F8ED\011EDF] Auto-router pass #430 on board '2f62153447b22da526a463320c3eb5ac' was completed in 0,58 seconds with the score of 934,49 (20 unrouted), using 33062,36 CPU seconds and 252017 MB memory.
2026-08-13 16:35:24.913 INFO   [B1F8ED\011EDF] Auto-router pass #431 on board '2f62153447b22da526a463320c3eb5ac' was completed in 0,58 seconds with the score of 934,49 (20 unrouted), using 33062,36 CPU seconds and 252017 MB memory.
2026-08-13 16:35:25.507 INFO   [B1F8ED\011EDF] Auto-router pass #432 on board '2f62153447b22da526a463320c3eb5ac' was completed in 0,59 seconds with the score of 934,49 (20 unrouted), using 33318,80 CPU seconds and 253001 MB memory.
2026-08-13 16:35:26.064 INFO   [B1F8ED\011EDF] Auto-router pass #433 on board '2f62153447b22da526a463320c3eb5ac' was completed in 0,55 seconds with the score of 934,49 (20 unrouted), using 33318,80 CPU seconds and 253001 MB memory.
2026-08-13 16:35:26.606 INFO   [B1F8ED\011EDF] Auto-router pass #434 on board '2f62153447b22da526a463320c3eb5ac' was completed in 0,54 seconds with the score of 934,49 (20 unrouted), using 33576,23 CPU seconds and 254016 MB memory.
2026-08-13 16:35:27.221 INFO   [B1F8ED\011EDF] Auto-router pass #435 on board '2f62153447b22da526a463320c3eb5ac' was completed in 0,61 seconds with the score of 934,49 (20 unrouted), using 33834,66 CPU seconds and 255031 MB memory.
2026-08-13 16:35:27.820 INFO   [B1F8ED\011EDF] Auto-router pass #436 on board '2f62153447b22da526a463320c3eb5ac' was completed in 0,59 seconds with the score of 934,49 (20 unrouted), using 33834,66 CPU seconds and 255031 MB memory.
2026-08-13 16:35:28.394 INFO   [B1F8ED\011EDF] Auto-router pass #437 on board '2f62153447b22da526a463320c3eb5ac' was completed in 0,57 seconds with the score of 934,49 (20 unrouted), using 34094,08 CPU seconds and 256021 MB memory.
2026-08-13 16:35:28.965 INFO   [B1F8ED\011EDF] Auto-router pass #438 on board '2f62153447b22da526a463320c3eb5ac' was completed in 0,56 seconds with the score of 934,49 (20 unrouted), using 34094,08 CPU seconds and 256021 MB memory.
2026-08-13 16:35:29.520 INFO   [B1F8ED\011EDF] Auto-router pass #439 on board '2f62153447b22da526a463320c3eb5ac' was completed in 0,55 seconds with the score of 934,49 (20 unrouted), using 34354,49 CPU seconds and 257015 MB memory.
2026-08-13 16:35:30.085 INFO   [B1F8ED\011EDF] Auto-router pass #440 on board '2f62153447b22da526a463320c3eb5ac' was completed in 0,56 seconds with the score of 934,49 (20 unrouted), using 34615,89 CPU seconds and 258058 MB memory.
2026-08-13 16:35:30.638 INFO   [B1F8ED\011EDF] Auto-router pass #441 on board '2f62153447b22da526a463320c3eb5ac' was completed in 0,55 seconds with the score of 934,49 (20 unrouted), using 34615,89 CPU seconds and 258058 MB memory.
2026-08-13 16:35:31.195 INFO   [B1F8ED\011EDF] Auto-router pass #442 on board '2f62153447b22da526a463320c3eb5ac' was completed in 0,55 seconds with the score of 934,49 (20 unrouted), using 34878,29 CPU seconds and 259100 MB memory.
2026-08-13 16:35:31.750 INFO   [B1F8ED\011EDF] Auto-router pass #443 on board '2f62153447b22da526a463320c3eb5ac' was completed in 0,55 seconds with the score of 934,49 (20 unrouted), using 34878,29 CPU seconds and 259100 MB memory.
2026-08-13 16:35:32.347 INFO   [B1F8ED\011EDF] Auto-router pass #444 on board '2f62153447b22da526a463320c3eb5ac' was completed in 0,59 seconds with the score of 934,49 (20 unrouted), using 35141,67 CPU seconds and 260139 MB memory.
2026-08-13 16:35:32.934 INFO   [B1F8ED\011EDF] Auto-router pass #445 on board '2f62153447b22da526a463320c3eb5ac' was completed in 0,58 seconds with the score of 934,49 (20 unrouted), using 35141,67 CPU seconds and 260139 MB memory.
2026-08-13 16:35:33.590 INFO   [B1F8ED\011EDF] Auto-router pass #446 on board '2f62153447b22da526a463320c3eb5ac' was completed in 0,65 seconds with the score of 934,49 (20 unrouted), using 35406,05 CPU seconds and 261103 MB memory.
2026-08-13 16:35:34.167 INFO   [B1F8ED\011EDF] Auto-router pass #447 on board '2f62153447b22da526a463320c3eb5ac' was completed in 0,57 seconds with the score of 934,49 (20 unrouted), using 35671,43 CPU seconds and 262027 MB memory.
2026-08-13 16:35:34.730 INFO   [B1F8ED\011EDF] Auto-router pass #448 on board '2f62153447b22da526a463320c3eb5ac' was completed in 0,56 seconds with the score of 934,49 (20 unrouted), using 35671,43 CPU seconds and 262027 MB memory.
2026-08-13 16:35:35.288 INFO   [B1F8ED\011EDF] Auto-router pass #449 on board '2f62153447b22da526a463320c3eb5ac' was completed in 0,55 seconds with the score of 934,49 (20 unrouted), using 35937,79 CPU seconds and 263069 MB memory.
2026-08-13 16:35:35.865 INFO   [B1F8ED\011EDF] Auto-router pass #450 on board '2f62153447b22da526a463320c3eb5ac' was completed in 0,57 seconds with the score of 934,49 (20 unrouted), using 35937,79 CPU seconds and 263069 MB memory.
2026-08-13 16:35:36.446 INFO   [B1F8ED\011EDF] Auto-router pass #451 on board '2f62153447b22da526a463320c3eb5ac' was completed in 0,57 seconds with the score of 934,49 (20 unrouted), using 36205,15 CPU seconds and 264072 MB memory.
2026-08-13 16:35:37.033 INFO   [B1F8ED\011EDF] Auto-router pass #452 on board '2f62153447b22da526a463320c3eb5ac' was completed in 0,58 seconds with the score of 934,49 (20 unrouted), using 36205,15 CPU seconds and 264072 MB memory.
2026-08-13 16:35:37.608 INFO   [B1F8ED\011EDF] Auto-router pass #453 on board '2f62153447b22da526a463320c3eb5ac' was completed in 0,57 seconds with the score of 934,49 (20 unrouted), using 36473,49 CPU seconds and 265064 MB memory.
2026-08-13 16:35:38.189 INFO   [B1F8ED\011EDF] Auto-router pass #454 on board '2f62153447b22da526a463320c3eb5ac' was completed in 0,57 seconds with the score of 934,49 (20 unrouted), using 36742,82 CPU seconds and 266082 MB memory.
2026-08-13 16:35:38.775 INFO   [B1F8ED\011EDF] Auto-router pass #455 on board '2f62153447b22da526a463320c3eb5ac' was completed in 0,58 seconds with the score of 934,49 (20 unrouted), using 36742,82 CPU seconds and 266082 MB memory.
2026-08-13 16:35:39.401 INFO   [B1F8ED\011EDF] Auto-router pass #456 on board '2f62153447b22da526a463320c3eb5ac' was completed in 0,62 seconds with the score of 934,49 (20 unrouted), using 37013,14 CPU seconds and 267053 MB memory.
2026-08-13 16:35:40.033 INFO   [B1F8ED\011EDF] Auto-router pass #457 on board '2f62153447b22da526a463320c3eb5ac' was completed in 0,62 seconds with the score of 934,49 (20 unrouted), using 37013,14 CPU seconds and 267053 MB memory.
2026-08-13 16:35:40.630 INFO   [B1F8ED\011EDF] Auto-router pass #458 on board '2f62153447b22da526a463320c3eb5ac' was completed in 0,59 seconds with the score of 934,49 (20 unrouted), using 37284,46 CPU seconds and 267964 MB memory.
2026-08-13 16:35:41.260 INFO   [B1F8ED\011EDF] Auto-router pass #459 on board '2f62153447b22da526a463320c3eb5ac' was completed in 0,62 seconds with the score of 934,49 (20 unrouted), using 37556,76 CPU seconds and 268904 MB memory.
2026-08-13 16:35:41.872 INFO   [B1F8ED\011EDF] Auto-router pass #460 on board '2f62153447b22da526a463320c3eb5ac' was completed in 0,61 seconds with the score of 934,49 (20 unrouted), using 37556,76 CPU seconds and 268904 MB memory.
2026-08-13 16:35:42.459 INFO   [B1F8ED\011EDF] Auto-router pass #461 on board '2f62153447b22da526a463320c3eb5ac' was completed in 0,58 seconds with the score of 934,49 (20 unrouted), using 37830,05 CPU seconds and 269862 MB memory.
2026-08-13 16:35:43.097 INFO   [B1F8ED\011EDF] Auto-router pass #462 on board '2f62153447b22da526a463320c3eb5ac' was completed in 0,63 seconds with the score of 934,49 (20 unrouted), using 38104,34 CPU seconds and 270808 MB memory.
2026-08-13 16:35:43.687 INFO   [B1F8ED\011EDF] Auto-router pass #463 on board '2f62153447b22da526a463320c3eb5ac' was completed in 0,58 seconds with the score of 934,49 (20 unrouted), using 38104,34 CPU seconds and 270808 MB memory.
2026-08-13 16:35:44.248 INFO   [B1F8ED\011EDF] Auto-router pass #464 on board '2f62153447b22da526a463320c3eb5ac' was completed in 0,56 seconds with the score of 934,49 (20 unrouted), using 38379,62 CPU seconds and 271803 MB memory.
2026-08-13 16:35:44.822 INFO   [B1F8ED\011EDF] Auto-router pass #465 on board '2f62153447b22da526a463320c3eb5ac' was completed in 0,57 seconds with the score of 934,49 (20 unrouted), using 38379,62 CPU seconds and 271803 MB memory.
2026-08-13 16:35:45.400 INFO   [B1F8ED\011EDF] Auto-router pass #466 on board '2f62153447b22da526a463320c3eb5ac' was completed in 0,57 seconds with the score of 934,49 (20 unrouted), using 38655,89 CPU seconds and 272823 MB memory.
2026-08-13 16:35:45.996 INFO   [B1F8ED\011EDF] Auto-router pass #467 on board '2f62153447b22da526a463320c3eb5ac' was completed in 0,59 seconds with the score of 934,49 (20 unrouted), using 38655,89 CPU seconds and 272823 MB memory.
2026-08-13 16:35:46.588 INFO   [B1F8ED\011EDF] Auto-router pass #468 on board '2f62153447b22da526a463320c3eb5ac' was completed in 0,59 seconds with the score of 934,49 (20 unrouted), using 38933,15 CPU seconds and 273800 MB memory.
2026-08-13 16:35:47.170 INFO   [B1F8ED\011EDF] Auto-router pass #469 on board '2f62153447b22da526a463320c3eb5ac' was completed in 0,58 seconds with the score of 934,49 (20 unrouted), using 39211,40 CPU seconds and 274790 MB memory.
2026-08-13 16:35:47.734 INFO   [B1F8ED\011EDF] Auto-router pass #470 on board '2f62153447b22da526a463320c3eb5ac' was completed in 0,56 seconds with the score of 934,49 (20 unrouted), using 39211,40 CPU seconds and 274790 MB memory.
2026-08-13 16:35:48.295 INFO   [B1F8ED\011EDF] Auto-router pass #471 on board '2f62153447b22da526a463320c3eb5ac' was completed in 0,56 seconds with the score of 934,49 (20 unrouted), using 39490,65 CPU seconds and 275819 MB memory.
2026-08-13 16:35:48.945 INFO   [B1F8ED\011EDF] Auto-router pass #472 on board '2f62153447b22da526a463320c3eb5ac' was completed in 0,65 seconds with the score of 934,49 (20 unrouted), using 39490,65 CPU seconds and 275819 MB memory.
2026-08-13 16:35:49.537 INFO   [B1F8ED\011EDF] Auto-router pass #473 on board '2f62153447b22da526a463320c3eb5ac' was completed in 0,59 seconds with the score of 934,49 (20 unrouted), using 39770,89 CPU seconds and 276743 MB memory.
2026-08-13 16:35:50.090 INFO   [B1F8ED\011EDF] Auto-router pass #474 on board '2f62153447b22da526a463320c3eb5ac' was completed in 0,55 seconds with the score of 934,49 (20 unrouted), using 40052,11 CPU seconds and 277769 MB memory.
2026-08-13 16:35:50.632 INFO   [B1F8ED\011EDF] Auto-router pass #475 on board '2f62153447b22da526a463320c3eb5ac' was completed in 0,54 seconds with the score of 934,49 (20 unrouted), using 40052,11 CPU seconds and 277769 MB memory.
2026-08-13 16:35:51.187 INFO   [B1F8ED\011EDF] Auto-router pass #476 on board '2f62153447b22da526a463320c3eb5ac' was completed in 0,55 seconds with the score of 934,49 (20 unrouted), using 40334,34 CPU seconds and 278835 MB memory.
2026-08-13 16:35:51.823 INFO   [B1F8ED\011EDF] Auto-router pass #477 on board '2f62153447b22da526a463320c3eb5ac' was completed in 0,63 seconds with the score of 934,49 (20 unrouted), using 40334,34 CPU seconds and 278835 MB memory.
2026-08-13 16:35:52.465 INFO   [B1F8ED\011EDF] Auto-router pass #478 on board '2f62153447b22da526a463320c3eb5ac' was completed in 0,64 seconds with the score of 934,49 (20 unrouted), using 40617,55 CPU seconds and 279753 MB memory.
2026-08-13 16:35:53.107 INFO   [B1F8ED\011EDF] Auto-router pass #479 on board '2f62153447b22da526a463320c3eb5ac' was completed in 0,64 seconds with the score of 934,49 (20 unrouted), using 40901,75 CPU seconds and 280655 MB memory.
2026-08-13 16:35:53.738 INFO   [B1F8ED\011EDF] Auto-router pass #480 on board '2f62153447b22da526a463320c3eb5ac' was completed in 0,62 seconds with the score of 934,49 (20 unrouted), using 40901,75 CPU seconds and 280655 MB memory.
2026-08-13 16:35:54.329 INFO   [B1F8ED\011EDF] Auto-router pass #481 on board '2f62153447b22da526a463320c3eb5ac' was completed in 0,58 seconds with the score of 934,49 (20 unrouted), using 41186,95 CPU seconds and 281596 MB memory.
2026-08-13 16:35:54.899 INFO   [B1F8ED\011EDF] Auto-router pass #482 on board '2f62153447b22da526a463320c3eb5ac' was completed in 0,56 seconds with the score of 934,49 (20 unrouted), using 41186,95 CPU seconds and 281596 MB memory.
2026-08-13 16:35:55.481 INFO   [B1F8ED\011EDF] Auto-router pass #483 on board '2f62153447b22da526a463320c3eb5ac' was completed in 0,58 seconds with the score of 934,49 (20 unrouted), using 41473,14 CPU seconds and 282597 MB memory.
2026-08-13 16:35:56.106 INFO   [B1F8ED\011EDF] Auto-router pass #484 on board '2f62153447b22da526a463320c3eb5ac' was completed in 0,62 seconds with the score of 934,49 (20 unrouted), using 41760,33 CPU seconds and 283558 MB memory.
2026-08-13 16:35:56.697 INFO   [B1F8ED\011EDF] Auto-router pass #485 on board '2f62153447b22da526a463320c3eb5ac' was completed in 0,58 seconds with the score of 934,49 (20 unrouted), using 41760,33 CPU seconds and 283558 MB memory.
2026-08-13 16:35:57.278 INFO   [B1F8ED\011EDF] Auto-router pass #486 on board '2f62153447b22da526a463320c3eb5ac' was completed in 0,57 seconds with the score of 934,49 (20 unrouted), using 42048,50 CPU seconds and 284544 MB memory.
2026-08-13 16:35:57.887 INFO   [B1F8ED\011EDF] Auto-router pass #487 on board '2f62153447b22da526a463320c3eb5ac' was completed in 0,60 seconds with the score of 934,49 (20 unrouted), using 42048,50 CPU seconds and 284544 MB memory.
2026-08-13 16:35:58.475 INFO   [B1F8ED\011EDF] Auto-router pass #488 on board '2f62153447b22da526a463320c3eb5ac' was completed in 0,58 seconds with the score of 934,49 (20 unrouted), using 42337,67 CPU seconds and 285508 MB memory.
2026-08-13 16:35:59.057 INFO   [B1F8ED\011EDF] Auto-router pass #489 on board '2f62153447b22da526a463320c3eb5ac' was completed in 0,58 seconds with the score of 934,49 (20 unrouted), using 42337,67 CPU seconds and 285508 MB memory.
2026-08-13 16:35:59.636 INFO   [B1F8ED\011EDF] Auto-router pass #490 on board '2f62153447b22da526a463320c3eb5ac' was completed in 0,57 seconds with the score of 934,49 (20 unrouted), using 42627,83 CPU seconds and 286501 MB memory.
2026-08-13 16:36:00.240 INFO   [B1F8ED\011EDF] Auto-router pass #491 on board '2f62153447b22da526a463320c3eb5ac' was completed in 0,60 seconds with the score of 934,49 (20 unrouted), using 42918,98 CPU seconds and 287500 MB memory.
2026-08-13 16:36:00.928 INFO   [B1F8ED\011EDF] Auto-router pass #492 on board '2f62153447b22da526a463320c3eb5ac' was completed in 0,68 seconds with the score of 934,49 (20 unrouted), using 42918,98 CPU seconds and 287500 MB memory.
2026-08-13 16:36:01.506 INFO   [B1F8ED\011EDF] Auto-router pass #493 on board '2f62153447b22da526a463320c3eb5ac' was completed in 0,57 seconds with the score of 934,49 (20 unrouted), using 43211,13 CPU seconds and 288367 MB memory.
2026-08-13 16:36:02.080 INFO   [B1F8ED\011EDF] Auto-router pass #494 on board '2f62153447b22da526a463320c3eb5ac' was completed in 0,57 seconds with the score of 934,49 (20 unrouted), using 43504,27 CPU seconds and 289380 MB memory.
2026-08-13 16:36:02.640 INFO   [B1F8ED\011EDF] Auto-router pass #495 on board '2f62153447b22da526a463320c3eb5ac' was completed in 0,55 seconds with the score of 934,49 (20 unrouted), using 43504,27 CPU seconds and 289380 MB memory.
2026-08-13 16:36:03.261 INFO   [B1F8ED\011EDF] Auto-router pass #496 on board '2f62153447b22da526a463320c3eb5ac' was completed in 0,62 seconds with the score of 934,49 (20 unrouted), using 43798,39 CPU seconds and 290375 MB memory.
2026-08-13 16:36:03.842 INFO   [B1F8ED\011EDF] Auto-router pass #497 on board '2f62153447b22da526a463320c3eb5ac' was completed in 0,57 seconds with the score of 934,49 (20 unrouted), using 43798,39 CPU seconds and 290375 MB memory.
2026-08-13 16:36:04.418 INFO   [B1F8ED\011EDF] Auto-router pass #498 on board '2f62153447b22da526a463320c3eb5ac' was completed in 0,57 seconds with the score of 934,49 (20 unrouted), using 44093,52 CPU seconds and 291362 MB memory.
2026-08-13 16:36:05.004 INFO   [B1F8ED\011EDF] Auto-router pass #499 on board '2f62153447b22da526a463320c3eb5ac' was completed in 0,58 seconds with the score of 934,49 (20 unrouted), using 44093,52 CPU seconds and 291362 MB memory.
2026-08-13 16:36:05.591 INFO   [B1F8ED\011EDF] Auto-router pass #500 on board '2f62153447b22da526a463320c3eb5ac' was completed in 0,58 seconds with the score of 934,49 (20 unrouted), using 44389,62 CPU seconds and 292352 MB memory.
2026-08-13 16:36:06.166 INFO   [B1F8ED\011EDF] Auto-router pass #501 on board '2f62153447b22da526a463320c3eb5ac' was completed in 0,57 seconds with the score of 934,49 (20 unrouted), using 44686,73 CPU seconds and 293354 MB memory.
2026-08-13 16:36:06.727 INFO   [B1F8ED\011EDF] Auto-router pass #502 on board '2f62153447b22da526a463320c3eb5ac' was completed in 0,56 seconds with the score of 934,49 (20 unrouted), using 44686,73 CPU seconds and 293354 MB memory.
2026-08-13 16:36:07.312 INFO   [B1F8ED\011EDF] Auto-router pass #503 on board '2f62153447b22da526a463320c3eb5ac' was completed in 0,58 seconds with the score of 934,49 (20 unrouted), using 44984,82 CPU seconds and 294373 MB memory.
2026-08-13 16:36:07.881 INFO   [B1F8ED\011EDF] Auto-router pass #504 on board '2f62153447b22da526a463320c3eb5ac' was completed in 0,56 seconds with the score of 934,49 (20 unrouted), using 44984,82 CPU seconds and 294373 MB memory.
2026-08-13 16:36:08.427 INFO   [B1F8ED\011EDF] Auto-router pass #505 on board '2f62153447b22da526a463320c3eb5ac' was completed in 0,54 seconds with the score of 934,49 (20 unrouted), using 45283,89 CPU seconds and 295395 MB memory.
2026-08-13 16:36:08.999 INFO   [B1F8ED\011EDF] Auto-router pass #506 on board '2f62153447b22da526a463320c3eb5ac' was completed in 0,57 seconds with the score of 934,49 (20 unrouted), using 45283,89 CPU seconds and 295395 MB memory.
2026-08-13 16:36:09.578 INFO   [B1F8ED\011EDF] Auto-router pass #507 on board '2f62153447b22da526a463320c3eb5ac' was completed in 0,57 seconds with the score of 934,49 (20 unrouted), using 45583,96 CPU seconds and 296417 MB memory.
2026-08-13 16:36:10.208 INFO   [B1F8ED\011EDF] Auto-router pass #508 on board '2f62153447b22da526a463320c3eb5ac' was completed in 0,62 seconds with the score of 934,49 (20 unrouted), using 45885,02 CPU seconds and 297401 MB memory.
2026-08-13 16:36:10.837 INFO   [B1F8ED\011EDF] Auto-router pass #509 on board '2f62153447b22da526a463320c3eb5ac' was completed in 0,62 seconds with the score of 934,49 (20 unrouted), using 45885,02 CPU seconds and 297401 MB memory.
2026-08-13 16:36:11.425 INFO   [B1F8ED\011EDF] Auto-router pass #510 on board '2f62153447b22da526a463320c3eb5ac' was completed in 0,58 seconds with the score of 934,49 (20 unrouted), using 46187,07 CPU seconds and 298321 MB memory.
2026-08-13 16:36:12.018 INFO   [B1F8ED\011EDF] Auto-router pass #511 on board '2f62153447b22da526a463320c3eb5ac' was completed in 0,59 seconds with the score of 934,49 (20 unrouted), using 46187,07 CPU seconds and 298321 MB memory.
2026-08-13 16:36:12.622 INFO   [B1F8ED\011EDF] Auto-router pass #512 on board '2f62153447b22da526a463320c3eb5ac' was completed in 0,60 seconds with the score of 934,49 (20 unrouted), using 46490,11 CPU seconds and 299297 MB memory.
2026-08-13 16:36:13.206 INFO   [B1F8ED\011EDF] Auto-router pass #513 on board '2f62153447b22da526a463320c3eb5ac' was completed in 0,58 seconds with the score of 934,49 (20 unrouted), using 46794,14 CPU seconds and 300279 MB memory.
2026-08-13 16:36:13.793 INFO   [B1F8ED\011EDF] Auto-router pass #514 on board '2f62153447b22da526a463320c3eb5ac' was completed in 0,58 seconds with the score of 934,49 (20 unrouted), using 46794,14 CPU seconds and 300279 MB memory.
2026-08-13 16:36:14.388 INFO   [B1F8ED\011EDF] Auto-router pass #515 on board '2f62153447b22da526a463320c3eb5ac' was completed in 0,59 seconds with the score of 934,49 (20 unrouted), using 47099,14 CPU seconds and 301260 MB memory.
2026-08-13 16:36:14.977 INFO   [B1F8ED\011EDF] Auto-router pass #516 on board '2f62153447b22da526a463320c3eb5ac' was completed in 0,58 seconds with the score of 934,49 (20 unrouted), using 47099,14 CPU seconds and 301260 MB memory.
2026-08-13 16:36:15.558 INFO   [B1F8ED\011EDF] Auto-router pass #517 on board '2f62153447b22da526a463320c3eb5ac' was completed in 0,57 seconds with the score of 934,49 (20 unrouted), using 47405,14 CPU seconds and 302245 MB memory.
2026-08-13 16:36:16.160 INFO   [B1F8ED\011EDF] Auto-router pass #518 on board '2f62153447b22da526a463320c3eb5ac' was completed in 0,59 seconds with the score of 934,49 (20 unrouted), using 47712,14 CPU seconds and 303224 MB memory.
2026-08-13 16:36:16.735 INFO   [B1F8ED\011EDF] Auto-router pass #519 on board '2f62153447b22da526a463320c3eb5ac' was completed in 0,57 seconds with the score of 934,49 (20 unrouted), using 47712,14 CPU seconds and 303224 MB memory.
2026-08-13 16:36:17.345 INFO   [B1F8ED\011EDF] Auto-router pass #520 on board '2f62153447b22da526a463320c3eb5ac' was completed in 0,60 seconds with the score of 934,49 (20 unrouted), using 48020,12 CPU seconds and 304204 MB memory.
2026-08-13 16:36:17.927 INFO   [B1F8ED\011EDF] Auto-router pass #521 on board '2f62153447b22da526a463320c3eb5ac' was completed in 0,58 seconds with the score of 934,49 (20 unrouted), using 48020,12 CPU seconds and 304204 MB memory.
2026-08-13 16:36:18.517 INFO   [B1F8ED\011EDF] Auto-router pass #522 on board '2f62153447b22da526a463320c3eb5ac' was completed in 0,58 seconds with the score of 934,49 (20 unrouted), using 48329,09 CPU seconds and 305195 MB memory.
2026-08-13 16:36:19.100 INFO   [B1F8ED\011EDF] Auto-router pass #523 on board '2f62153447b22da526a463320c3eb5ac' was completed in 0,58 seconds with the score of 934,49 (20 unrouted), using 48639,05 CPU seconds and 306180 MB memory.
2026-08-13 16:36:19.691 INFO   [B1F8ED\011EDF] Auto-router pass #524 on board '2f62153447b22da526a463320c3eb5ac' was completed in 0,58 seconds with the score of 934,49 (20 unrouted), using 48639,05 CPU seconds and 306180 MB memory.
2026-08-13 16:36:20.278 INFO   [B1F8ED\011EDF] Auto-router pass #525 on board '2f62153447b22da526a463320c3eb5ac' was completed in 0,58 seconds with the score of 934,49 (20 unrouted), using 48950,01 CPU seconds and 307166 MB memory.
2026-08-13 16:36:20.871 INFO   [B1F8ED\011EDF] Auto-router pass #526 on board '2f62153447b22da526a463320c3eb5ac' was completed in 0,59 seconds with the score of 934,49 (20 unrouted), using 48950,01 CPU seconds and 307166 MB memory.
2026-08-13 16:36:21.519 INFO   [B1F8ED\011EDF] Auto-router pass #527 on board '2f62153447b22da526a463320c3eb5ac' was completed in 0,64 seconds with the score of 934,49 (20 unrouted), using 49261,96 CPU seconds and 308126 MB memory.
2026-08-13 16:36:22.129 INFO   [B1F8ED\011EDF] Auto-router pass #528 on board '2f62153447b22da526a463320c3eb5ac' was completed in 0,60 seconds with the score of 934,49 (20 unrouted), using 49574,90 CPU seconds and 309056 MB memory.
2026-08-13 16:36:22.735 INFO   [B1F8ED\011EDF] Auto-router pass #529 on board '2f62153447b22da526a463320c3eb5ac' was completed in 0,60 seconds with the score of 934,49 (20 unrouted), using 49574,90 CPU seconds and 309056 MB memory.
2026-08-13 16:36:23.327 INFO   [B1F8ED\011EDF] Auto-router pass #530 on board '2f62153447b22da526a463320c3eb5ac' was completed in 0,59 seconds with the score of 934,49 (20 unrouted), using 49888,83 CPU seconds and 310018 MB memory.
2026-08-13 16:36:23.940 INFO   [B1F8ED\011EDF] Auto-router pass #531 on board '2f62153447b22da526a463320c3eb5ac' was completed in 0,61 seconds with the score of 934,49 (20 unrouted), using 49888,83 CPU seconds and 310018 MB memory.
2026-08-13 16:36:24.526 INFO   [B1F8ED\011EDF] Auto-router pass #532 on board '2f62153447b22da526a463320c3eb5ac' was completed in 0,58 seconds with the score of 934,49 (20 unrouted), using 50203,75 CPU seconds and 310968 MB memory.
2026-08-13 16:36:25.097 INFO   [B1F8ED\011EDF] Auto-router pass #533 on board '2f62153447b22da526a463320c3eb5ac' was completed in 0,56 seconds with the score of 934,49 (20 unrouted), using 50519,66 CPU seconds and 311984 MB memory.
2026-08-13 16:36:25.715 INFO   [B1F8ED\011EDF] Auto-router pass #534 on board '2f62153447b22da526a463320c3eb5ac' was completed in 0,61 seconds with the score of 934,49 (20 unrouted), using 50519,66 CPU seconds and 311984 MB memory.
2026-08-13 16:36:26.318 INFO   [B1F8ED\011EDF] Auto-router pass #535 on board '2f62153447b22da526a463320c3eb5ac' was completed in 0,60 seconds with the score of 934,49 (20 unrouted), using 50836,57 CPU seconds and 312927 MB memory.
2026-08-13 16:36:26.935 INFO   [B1F8ED\011EDF] Auto-router pass #536 on board '2f62153447b22da526a463320c3eb5ac' was completed in 0,61 seconds with the score of 934,49 (20 unrouted), using 50836,57 CPU seconds and 312927 MB memory.
2026-08-13 16:36:27.521 INFO   [B1F8ED\011EDF] Auto-router pass #537 on board '2f62153447b22da526a463320c3eb5ac' was completed in 0,58 seconds with the score of 934,49 (20 unrouted), using 51154,46 CPU seconds and 313884 MB memory.
2026-08-13 16:36:28.106 INFO   [B1F8ED\011EDF] Auto-router pass #538 on board '2f62153447b22da526a463320c3eb5ac' was completed in 0,58 seconds with the score of 934,49 (20 unrouted), using 51473,34 CPU seconds and 314876 MB memory.
2026-08-13 16:36:28.662 INFO   [B1F8ED\011EDF] Auto-router pass #539 on board '2f62153447b22da526a463320c3eb5ac' was completed in 0,55 seconds with the score of 934,49 (20 unrouted), using 51473,34 CPU seconds and 314876 MB memory.
2026-08-13 16:36:29.218 INFO   [B1F8ED\011EDF] Auto-router pass #540 on board '2f62153447b22da526a463320c3eb5ac' was completed in 0,55 seconds with the score of 934,49 (20 unrouted), using 51793,22 CPU seconds and 315917 MB memory.
2026-08-13 16:36:29.845 INFO   [B1F8ED\011EDF] Auto-router pass #541 on board '2f62153447b22da526a463320c3eb5ac' was completed in 0,62 seconds with the score of 934,49 (20 unrouted), using 51793,22 CPU seconds and 315917 MB memory.
2026-08-13 16:36:30.467 INFO   [B1F8ED\011EDF] Auto-router pass #542 on board '2f62153447b22da526a463320c3eb5ac' was completed in 0,62 seconds with the score of 934,49 (20 unrouted), using 52114,09 CPU seconds and 316840 MB memory.
2026-08-13 16:36:31.045 INFO   [B1F8ED\011EDF] Auto-router pass #543 on board '2f62153447b22da526a463320c3eb5ac' was completed in 0,57 seconds with the score of 934,49 (20 unrouted), using 52114,09 CPU seconds and 316840 MB memory.
2026-08-13 16:36:31.641 INFO   [B1F8ED\011EDF] Auto-router pass #544 on board '2f62153447b22da526a463320c3eb5ac' was completed in 0,59 seconds with the score of 934,49 (20 unrouted), using 52435,95 CPU seconds and 317829 MB memory.
2026-08-13 16:36:32.234 INFO   [B1F8ED\011EDF] Auto-router pass #545 on board '2f62153447b22da526a463320c3eb5ac' was completed in 0,59 seconds with the score of 934,49 (20 unrouted), using 52758,79 CPU seconds and 318811 MB memory.
2026-08-13 16:36:32.832 INFO   [B1F8ED\011EDF] Auto-router pass #546 on board '2f62153447b22da526a463320c3eb5ac' was completed in 0,59 seconds with the score of 934,49 (20 unrouted), using 52758,79 CPU seconds and 318811 MB memory.
2026-08-13 16:36:33.430 INFO   [B1F8ED\011EDF] Auto-router pass #547 on board '2f62153447b22da526a463320c3eb5ac' was completed in 0,59 seconds with the score of 934,49 (20 unrouted), using 53082,63 CPU seconds and 319777 MB memory.
2026-08-13 16:36:34.028 INFO   [B1F8ED\011EDF] Auto-router pass #548 on board '2f62153447b22da526a463320c3eb5ac' was completed in 0,59 seconds with the score of 934,49 (20 unrouted), using 53082,63 CPU seconds and 319777 MB memory.
2026-08-13 16:36:34.624 INFO   [B1F8ED\011EDF] Auto-router pass #549 on board '2f62153447b22da526a463320c3eb5ac' was completed in 0,59 seconds with the score of 934,49 (20 unrouted), using 53407,46 CPU seconds and 320751 MB memory.
2026-08-13 16:36:35.209 INFO   [B1F8ED\011EDF] Auto-router pass #550 on board '2f62153447b22da526a463320c3eb5ac' was completed in 0,58 seconds with the score of 934,49 (20 unrouted), using 53733,29 CPU seconds and 321731 MB memory.
2026-08-13 16:36:35.804 INFO   [B1F8ED\011EDF] Auto-router pass #551 on board '2f62153447b22da526a463320c3eb5ac' was completed in 0,59 seconds with the score of 934,49 (20 unrouted), using 53733,29 CPU seconds and 321731 MB memory.
2026-08-13 16:36:36.384 INFO   [B1F8ED\011EDF] Auto-router pass #552 on board '2f62153447b22da526a463320c3eb5ac' was completed in 0,57 seconds with the score of 934,49 (20 unrouted), using 54060,11 CPU seconds and 322716 MB memory.
2026-08-13 16:36:36.957 INFO   [B1F8ED\011EDF] Auto-router pass #553 on board '2f62153447b22da526a463320c3eb5ac' was completed in 0,57 seconds with the score of 934,49 (20 unrouted), using 54060,11 CPU seconds and 322716 MB memory.
2026-08-13 16:36:37.538 INFO   [B1F8ED\011EDF] Auto-router pass #554 on board '2f62153447b22da526a463320c3eb5ac' was completed in 0,57 seconds with the score of 934,49 (20 unrouted), using 54387,91 CPU seconds and 323724 MB memory.
2026-08-13 16:36:38.112 INFO   [B1F8ED\011EDF] Auto-router pass #555 on board '2f62153447b22da526a463320c3eb5ac' was completed in 0,57 seconds with the score of 934,49 (20 unrouted), using 54716,71 CPU seconds and 324725 MB memory.
2026-08-13 16:36:38.694 INFO   [B1F8ED\011EDF] Auto-router pass #556 on board '2f62153447b22da526a463320c3eb5ac' was completed in 0,57 seconds with the score of 934,49 (20 unrouted), using 54716,71 CPU seconds and 324725 MB memory.
2026-08-13 16:36:39.273 INFO   [B1F8ED\011EDF] Auto-router pass #557 on board '2f62153447b22da526a463320c3eb5ac' was completed in 0,57 seconds with the score of 934,49 (20 unrouted), using 55046,51 CPU seconds and 325729 MB memory.
2026-08-13 16:36:39.856 INFO   [B1F8ED\011EDF] Auto-router pass #558 on board '2f62153447b22da526a463320c3eb5ac' was completed in 0,58 seconds with the score of 934,49 (20 unrouted), using 55046,51 CPU seconds and 325729 MB memory.
2026-08-13 16:36:40.456 INFO   [B1F8ED\011EDF] Auto-router pass #559 on board '2f62153447b22da526a463320c3eb5ac' was completed in 0,59 seconds with the score of 934,49 (20 unrouted), using 55377,29 CPU seconds and 326708 MB memory.
2026-08-13 16:36:41.057 INFO   [B1F8ED\011EDF] Auto-router pass #560 on board '2f62153447b22da526a463320c3eb5ac' was completed in 0,59 seconds with the score of 934,49 (20 unrouted), using 55377,29 CPU seconds and 326708 MB memory.
2026-08-13 16:36:41.673 INFO   [B1F8ED\011EDF] Auto-router pass #561 on board '2f62153447b22da526a463320c3eb5ac' was completed in 0,61 seconds with the score of 934,49 (20 unrouted), using 55709,07 CPU seconds and 327684 MB memory.
2026-08-13 16:36:42.316 INFO   [B1F8ED\011EDF] Auto-router pass #562 on board '2f62153447b22da526a463320c3eb5ac' was completed in 0,64 seconds with the score of 934,49 (20 unrouted), using 56041,84 CPU seconds and 328625 MB memory.
2026-08-13 16:36:42.961 INFO   [B1F8ED\011EDF] Auto-router pass #563 on board '2f62153447b22da526a463320c3eb5ac' was completed in 0,64 seconds with the score of 934,49 (20 unrouted), using 56041,84 CPU seconds and 328625 MB memory.
2026-08-13 16:36:43.556 INFO   [B1F8ED\011EDF] Auto-router pass #564 on board '2f62153447b22da526a463320c3eb5ac' was completed in 0,59 seconds with the score of 934,49 (20 unrouted), using 56375,60 CPU seconds and 329512 MB memory.
2026-08-13 16:36:44.159 INFO   [B1F8ED\011EDF] Auto-router pass #565 on board '2f62153447b22da526a463320c3eb5ac' was completed in 0,60 seconds with the score of 934,49 (20 unrouted), using 56710,36 CPU seconds and 330483 MB memory.
2026-08-13 16:36:44.774 INFO   [B1F8ED\011EDF] Auto-router pass #566 on board '2f62153447b22da526a463320c3eb5ac' was completed in 0,61 seconds with the score of 934,49 (20 unrouted), using 56710,36 CPU seconds and 330483 MB memory.
2026-08-13 16:36:45.361 INFO   [B1F8ED\011EDF] Auto-router pass #567 on board '2f62153447b22da526a463320c3eb5ac' was completed in 0,58 seconds with the score of 934,49 (20 unrouted), using 57046,10 CPU seconds and 331440 MB memory.
2026-08-13 16:36:45.952 INFO   [B1F8ED\011EDF] Auto-router pass #568 on board '2f62153447b22da526a463320c3eb5ac' was completed in 0,58 seconds with the score of 934,49 (20 unrouted), using 57046,10 CPU seconds and 331440 MB memory.
2026-08-13 16:36:46.523 INFO   [B1F8ED\011EDF] Auto-router pass #569 on board '2f62153447b22da526a463320c3eb5ac' was completed in 0,56 seconds with the score of 934,49 (20 unrouted), using 57382,84 CPU seconds and 332426 MB memory.
2026-08-13 16:36:47.134 INFO   [B1F8ED\011EDF] Auto-router pass #570 on board '2f62153447b22da526a463320c3eb5ac' was completed in 0,60 seconds with the score of 934,49 (20 unrouted), using 57720,57 CPU seconds and 333415 MB memory.
2026-08-13 16:36:47.745 INFO   [B1F8ED\011EDF] Auto-router pass #571 on board '2f62153447b22da526a463320c3eb5ac' was completed in 0,60 seconds with the score of 934,49 (20 unrouted), using 57720,57 CPU seconds and 333415 MB memory.
2026-08-13 16:36:48.359 INFO   [B1F8ED\011EDF] Auto-router pass #572 on board '2f62153447b22da526a463320c3eb5ac' was completed in 0,61 seconds with the score of 934,49 (20 unrouted), using 58059,29 CPU seconds and 334344 MB memory.
2026-08-13 16:36:48.927 INFO   [B1F8ED\011EDF] Auto-router pass #573 on board '2f62153447b22da526a463320c3eb5ac' was completed in 0,56 seconds with the score of 934,49 (20 unrouted), using 58059,29 CPU seconds and 334344 MB memory.
2026-08-13 16:36:49.512 INFO   [B1F8ED\011EDF] Auto-router pass #574 on board '2f62153447b22da526a463320c3eb5ac' was completed in 0,58 seconds with the score of 934,49 (20 unrouted), using 58399,01 CPU seconds and 335349 MB memory.
2026-08-13 16:36:50.107 INFO   [B1F8ED\011EDF] Auto-router pass #575 on board '2f62153447b22da526a463320c3eb5ac' was completed in 0,59 seconds with the score of 934,49 (20 unrouted), using 58739,71 CPU seconds and 336332 MB memory.
2026-08-13 16:36:50.707 INFO   [B1F8ED\011EDF] Auto-router pass #576 on board '2f62153447b22da526a463320c3eb5ac' was completed in 0,59 seconds with the score of 934,49 (20 unrouted), using 58739,71 CPU seconds and 336332 MB memory.
2026-08-13 16:36:51.275 INFO   [B1F8ED\011EDF] Auto-router pass #577 on board '2f62153447b22da526a463320c3eb5ac' was completed in 0,56 seconds with the score of 934,49 (20 unrouted), using 59081,41 CPU seconds and 337324 MB memory.
2026-08-13 16:36:51.833 INFO   [B1F8ED\011EDF] Auto-router pass #578 on board '2f62153447b22da526a463320c3eb5ac' was completed in 0,55 seconds with the score of 934,49 (20 unrouted), using 59081,41 CPU seconds and 337324 MB memory.
2026-08-13 16:36:52.420 INFO   [B1F8ED\011EDF] Auto-router pass #579 on board '2f62153447b22da526a463320c3eb5ac' was completed in 0,58 seconds with the score of 934,49 (20 unrouted), using 59424,10 CPU seconds and 338342 MB memory.
2026-08-13 16:36:53.019 INFO   [B1F8ED\011EDF] Auto-router pass #580 on board '2f62153447b22da526a463320c3eb5ac' was completed in 0,59 seconds with the score of 934,49 (20 unrouted), using 59424,10 CPU seconds and 338342 MB memory.
2026-08-13 16:36:53.643 INFO   [B1F8ED\011EDF] Auto-router pass #581 on board '2f62153447b22da526a463320c3eb5ac' was completed in 0,62 seconds with the score of 934,49 (20 unrouted), using 59767,77 CPU seconds and 339323 MB memory.
2026-08-13 16:36:54.233 INFO   [B1F8ED\011EDF] Auto-router pass #582 on board '2f62153447b22da526a463320c3eb5ac' was completed in 0,58 seconds with the score of 934,49 (20 unrouted), using 60112,43 CPU seconds and 340269 MB memory.
2026-08-13 16:36:54.807 INFO   [B1F8ED\011EDF] Auto-router pass #583 on board '2f62153447b22da526a463320c3eb5ac' was completed in 0,57 seconds with the score of 934,49 (20 unrouted), using 60112,43 CPU seconds and 340269 MB memory.
2026-08-13 16:36:55.380 INFO   [B1F8ED\011EDF] Auto-router pass #584 on board '2f62153447b22da526a463320c3eb5ac' was completed in 0,57 seconds with the score of 934,49 (20 unrouted), using 60458,07 CPU seconds and 341272 MB memory.
2026-08-13 16:36:55.981 INFO   [B1F8ED\011EDF] Auto-router pass #585 on board '2f62153447b22da526a463320c3eb5ac' was completed in 0,59 seconds with the score of 934,49 (20 unrouted), using 60458,07 CPU seconds and 341272 MB memory.
2026-08-13 16:36:56.568 INFO   [B1F8ED\011EDF] Auto-router pass #586 on board '2f62153447b22da526a463320c3eb5ac' was completed in 0,58 seconds with the score of 934,49 (20 unrouted), using 60804,71 CPU seconds and 342254 MB memory.
2026-08-13 16:36:57.137 INFO   [B1F8ED\011EDF] Auto-router pass #587 on board '2f62153447b22da526a463320c3eb5ac' was completed in 0,56 seconds with the score of 934,49 (20 unrouted), using 61152,34 CPU seconds and 343260 MB memory.
2026-08-13 16:36:57.698 INFO   [B1F8ED\011EDF] Auto-router pass #588 on board '2f62153447b22da526a463320c3eb5ac' was completed in 0,56 seconds with the score of 934,49 (20 unrouted), using 61152,34 CPU seconds and 343260 MB memory.
2026-08-13 16:36:58.246 INFO   [B1F8ED\011EDF] Auto-router pass #589 on board '2f62153447b22da526a463320c3eb5ac' was completed in 0,54 seconds with the score of 934,49 (20 unrouted), using 61500,96 CPU seconds and 344310 MB memory.
2026-08-13 16:36:58.793 INFO   [B1F8ED\011EDF] Auto-router pass #590 on board '2f62153447b22da526a463320c3eb5ac' was completed in 0,54 seconds with the score of 934,49 (20 unrouted), using 61500,96 CPU seconds and 344310 MB memory.
2026-08-13 16:36:59.345 INFO   [B1F8ED\011EDF] Auto-router pass #591 on board '2f62153447b22da526a463320c3eb5ac' was completed in 0,55 seconds with the score of 934,49 (20 unrouted), using 61850,57 CPU seconds and 345361 MB memory.
2026-08-13 16:36:59.904 INFO   [B1F8ED\011EDF] Auto-router pass #592 on board '2f62153447b22da526a463320c3eb5ac' was completed in 0,55 seconds with the score of 934,49 (20 unrouted), using 61850,57 CPU seconds and 345361 MB memory.
2026-08-13 16:37:00.472 INFO   [B1F8ED\011EDF] Auto-router pass #593 on board '2f62153447b22da526a463320c3eb5ac' was completed in 0,56 seconds with the score of 934,49 (20 unrouted), using 62201,18 CPU seconds and 346402 MB memory.
2026-08-13 16:37:01.062 INFO   [B1F8ED\011EDF] Auto-router pass #594 on board '2f62153447b22da526a463320c3eb5ac' was completed in 0,58 seconds with the score of 934,49 (20 unrouted), using 62201,18 CPU seconds and 346402 MB memory.
2026-08-13 16:37:01.652 INFO   [B1F8ED\011EDF] Auto-router pass #595 on board '2f62153447b22da526a463320c3eb5ac' was completed in 0,58 seconds with the score of 934,49 (20 unrouted), using 62552,77 CPU seconds and 347397 MB memory.
2026-08-13 16:37:02.254 INFO   [B1F8ED\011EDF] Auto-router pass #596 on board '2f62153447b22da526a463320c3eb5ac' was completed in 0,60 seconds with the score of 934,49 (20 unrouted), using 62905,35 CPU seconds and 348369 MB memory.
2026-08-13 16:37:02.805 INFO   [B1F8ED\011EDF] Auto-router pass #597 on board '2f62153447b22da526a463320c3eb5ac' was completed in 0,55 seconds with the score of 934,49 (20 unrouted), using 62905,35 CPU seconds and 348369 MB memory.
2026-08-13 16:37:03.365 INFO   [B1F8ED\011EDF] Auto-router pass #598 on board '2f62153447b22da526a463320c3eb5ac' was completed in 0,55 seconds with the score of 934,49 (20 unrouted), using 63258,92 CPU seconds and 349410 MB memory.
2026-08-13 16:37:03.939 INFO   [B1F8ED\011EDF] Auto-router pass #599 on board '2f62153447b22da526a463320c3eb5ac' was completed in 0,57 seconds with the score of 934,49 (20 unrouted), using 63258,92 CPU seconds and 349410 MB memory.
2026-08-13 16:37:04.520 INFO   [B1F8ED\011EDF] Auto-router pass #600 on board '2f62153447b22da526a463320c3eb5ac' was completed in 0,57 seconds with the score of 934,49 (20 unrouted), using 63613,48 CPU seconds and 350421 MB memory.
2026-08-13 16:37:05.099 INFO   [B1F8ED\011EDF] Auto-router pass #601 on board '2f62153447b22da526a463320c3eb5ac' was completed in 0,57 seconds with the score of 934,49 (20 unrouted), using 63969,04 CPU seconds and 351423 MB memory.
2026-08-13 16:37:05.671 INFO   [B1F8ED\011EDF] Auto-router pass #602 on board '2f62153447b22da526a463320c3eb5ac' was completed in 0,56 seconds with the score of 934,49 (20 unrouted), using 63969,04 CPU seconds and 351423 MB memory.
2026-08-13 16:37:06.258 INFO   [B1F8ED\011EDF] Auto-router pass #603 on board '2f62153447b22da526a463320c3eb5ac' was completed in 0,58 seconds with the score of 934,49 (20 unrouted), using 64325,58 CPU seconds and 352425 MB memory.
2026-08-13 16:37:06.878 INFO   [B1F8ED\011EDF] Auto-router pass #604 on board '2f62153447b22da526a463320c3eb5ac' was completed in 0,61 seconds with the score of 934,49 (20 unrouted), using 64325,58 CPU seconds and 352425 MB memory.
2026-08-13 16:37:07.521 INFO   [B1F8ED\011EDF] Auto-router pass #605 on board '2f62153447b22da526a463320c3eb5ac' was completed in 0,64 seconds with the score of 934,49 (20 unrouted), using 64683,12 CPU seconds and 353362 MB memory.
2026-08-13 16:37:08.176 INFO   [B1F8ED\011EDF] Auto-router pass #606 on board '2f62153447b22da526a463320c3eb5ac' was completed in 0,65 seconds with the score of 934,49 (20 unrouted), using 65041,66 CPU seconds and 354253 MB memory.
2026-08-13 16:37:08.786 INFO   [B1F8ED\011EDF] Auto-router pass #607 on board '2f62153447b22da526a463320c3eb5ac' was completed in 0,60 seconds with the score of 934,49 (20 unrouted), using 65041,66 CPU seconds and 354253 MB memory.
2026-08-13 16:37:09.352 INFO   [B1F8ED\011EDF] Auto-router pass #608 on board '2f62153447b22da526a463320c3eb5ac' was completed in 0,56 seconds with the score of 934,49 (20 unrouted), using 65401,18 CPU seconds and 355215 MB memory.
2026-08-13 16:37:09.902 INFO   [B1F8ED\011EDF] Auto-router pass #609 on board '2f62153447b22da526a463320c3eb5ac' was completed in 0,54 seconds with the score of 934,49 (20 unrouted), using 65401,18 CPU seconds and 355215 MB memory.
2026-08-13 16:37:10.476 INFO   [B1F8ED\011EDF] Auto-router pass #610 on board '2f62153447b22da526a463320c3eb5ac' was completed in 0,57 seconds with the score of 934,49 (20 unrouted), using 65761,70 CPU seconds and 356265 MB memory.
2026-08-13 16:37:11.056 INFO   [B1F8ED\011EDF] Auto-router pass #611 on board '2f62153447b22da526a463320c3eb5ac' was completed in 0,57 seconds with the score of 934,49 (20 unrouted), using 65761,70 CPU seconds and 356265 MB memory.
2026-08-13 16:37:11.652 INFO   [B1F8ED\011EDF] Auto-router pass #612 on board '2f62153447b22da526a463320c3eb5ac' was completed in 0,59 seconds with the score of 934,49 (20 unrouted), using 66123,20 CPU seconds and 357257 MB memory.
2026-08-13 16:37:12.257 INFO   [B1F8ED\011EDF] Auto-router pass #613 on board '2f62153447b22da526a463320c3eb5ac' was completed in 0,60 seconds with the score of 934,49 (20 unrouted), using 66485,70 CPU seconds and 358226 MB memory.
2026-08-13 16:37:12.845 INFO   [B1F8ED\011EDF] Auto-router pass #614 on board '2f62153447b22da526a463320c3eb5ac' was completed in 0,58 seconds with the score of 934,49 (20 unrouted), using 66485,70 CPU seconds and 358226 MB memory.
2026-08-13 16:37:13.448 INFO   [B1F8ED\011EDF] Auto-router pass #615 on board '2f62153447b22da526a463320c3eb5ac' was completed in 0,60 seconds with the score of 934,49 (20 unrouted), using 66849,20 CPU seconds and 359208 MB memory.
2026-08-13 16:37:14.093 INFO   [B1F8ED\011EDF] Auto-router pass #616 on board '2f62153447b22da526a463320c3eb5ac' was completed in 0,64 seconds with the score of 934,49 (20 unrouted), using 66849,20 CPU seconds and 359208 MB memory.
2026-08-13 16:37:14.702 INFO   [B1F8ED\011EDF] Auto-router pass #617 on board '2f62153447b22da526a463320c3eb5ac' was completed in 0,60 seconds with the score of 934,49 (20 unrouted), using 67213,68 CPU seconds and 360128 MB memory.
2026-08-13 16:37:15.267 INFO   [B1F8ED\011EDF] Auto-router pass #618 on board '2f62153447b22da526a463320c3eb5ac' was completed in 0,56 seconds with the score of 934,49 (20 unrouted), using 67579,16 CPU seconds and 361117 MB memory.
2026-08-13 16:37:15.857 INFO   [B1F8ED\011EDF] Auto-router pass #619 on board '2f62153447b22da526a463320c3eb5ac' was completed in 0,58 seconds with the score of 934,49 (20 unrouted), using 67579,16 CPU seconds and 361117 MB memory.
2026-08-13 16:37:16.489 INFO   [B1F8ED\011EDF] Auto-router pass #620 on board '2f62153447b22da526a463320c3eb5ac' was completed in 0,63 seconds with the score of 934,49 (20 unrouted), using 67945,62 CPU seconds and 362091 MB memory.
2026-08-13 16:37:17.078 INFO   [B1F8ED\011EDF] Auto-router pass #621 on board '2f62153447b22da526a463320c3eb5ac' was completed in 0,58 seconds with the score of 934,49 (20 unrouted), using 67945,62 CPU seconds and 362091 MB memory.
2026-08-13 16:37:17.671 INFO   [B1F8ED\011EDF] Auto-router pass #622 on board '2f62153447b22da526a463320c3eb5ac' was completed in 0,59 seconds with the score of 934,49 (20 unrouted), using 68313,09 CPU seconds and 363039 MB memory.
2026-08-13 16:37:18.264 INFO   [B1F8ED\011EDF] Auto-router pass #623 on board '2f62153447b22da526a463320c3eb5ac' was completed in 0,59 seconds with the score of 934,49 (20 unrouted), using 68681,53 CPU seconds and 364022 MB memory.
2026-08-13 16:37:18.865 INFO   [B1F8ED\011EDF] Auto-router pass #624 on board '2f62153447b22da526a463320c3eb5ac' was completed in 0,59 seconds with the score of 934,49 (20 unrouted), using 68681,53 CPU seconds and 364022 MB memory.
2026-08-13 16:37:19.455 INFO   [B1F8ED\011EDF] Auto-router pass #625 on board '2f62153447b22da526a463320c3eb5ac' was completed in 0,58 seconds with the score of 934,49 (20 unrouted), using 69050,97 CPU seconds and 364990 MB memory.
2026-08-13 16:37:20.041 INFO   [B1F8ED\011EDF] Auto-router pass #626 on board '2f62153447b22da526a463320c3eb5ac' was completed in 0,58 seconds with the score of 934,49 (20 unrouted), using 69050,97 CPU seconds and 364990 MB memory.
2026-08-13 16:37:20.628 INFO   [B1F8ED\011EDF] Auto-router pass #627 on board '2f62153447b22da526a463320c3eb5ac' was completed in 0,58 seconds with the score of 934,49 (20 unrouted), using 69421,41 CPU seconds and 365977 MB memory.
2026-08-13 16:37:21.225 INFO   [B1F8ED\011EDF] Auto-router pass #628 on board '2f62153447b22da526a463320c3eb5ac' was completed in 0,59 seconds with the score of 934,49 (20 unrouted), using 69792,84 CPU seconds and 366958 MB memory.
2026-08-13 16:37:21.818 INFO   [B1F8ED\011EDF] Auto-router pass #629 on board '2f62153447b22da526a463320c3eb5ac' was completed in 0,59 seconds with the score of 934,49 (20 unrouted), using 69792,84 CPU seconds and 366958 MB memory.
2026-08-13 16:37:22.411 INFO   [B1F8ED\011EDF] Auto-router pass #630 on board '2f62153447b22da526a463320c3eb5ac' was completed in 0,59 seconds with the score of 934,49 (20 unrouted), using 70165,25 CPU seconds and 367931 MB memory.
2026-08-13 16:37:22.999 INFO   [B1F8ED\011EDF] Auto-router pass #631 on board '2f62153447b22da526a463320c3eb5ac' was completed in 0,58 seconds with the score of 934,49 (20 unrouted), using 70165,25 CPU seconds and 367931 MB memory.
2026-08-13 16:37:23.601 INFO   [B1F8ED\011EDF] Auto-router pass #632 on board '2f62153447b22da526a463320c3eb5ac' was completed in 0,59 seconds with the score of 934,49 (20 unrouted), using 70538,65 CPU seconds and 368907 MB memory.
2026-08-13 16:37:24.179 INFO   [B1F8ED\011EDF] Auto-router pass #633 on board '2f62153447b22da526a463320c3eb5ac' was completed in 0,57 seconds with the score of 934,49 (20 unrouted), using 70913,04 CPU seconds and 369900 MB memory.
2026-08-13 16:37:24.747 INFO   [B1F8ED\011EDF] Auto-router pass #634 on board '2f62153447b22da526a463320c3eb5ac' was completed in 0,56 seconds with the score of 934,49 (20 unrouted), using 70913,04 CPU seconds and 369900 MB memory.
2026-08-13 16:37:25.308 INFO   [B1F8ED\011EDF] Auto-router pass #635 on board '2f62153447b22da526a463320c3eb5ac' was completed in 0,56 seconds with the score of 934,49 (20 unrouted), using 71288,42 CPU seconds and 370924 MB memory.
2026-08-13 16:37:25.900 INFO   [B1F8ED\011EDF] Auto-router pass #636 on board '2f62153447b22da526a463320c3eb5ac' was completed in 0,59 seconds with the score of 934,49 (20 unrouted), using 71288,42 CPU seconds and 370924 MB memory.
2026-08-13 16:37:26.502 INFO   [B1F8ED\011EDF] Auto-router pass #637 on board '2f62153447b22da526a463320c3eb5ac' was completed in 0,60 seconds with the score of 934,49 (20 unrouted), using 71664,80 CPU seconds and 371920 MB memory.
2026-08-13 16:37:27.132 INFO   [B1F8ED\011EDF] Auto-router pass #638 on board '2f62153447b22da526a463320c3eb5ac' was completed in 0,62 seconds with the score of 934,49 (20 unrouted), using 72042,16 CPU seconds and 372852 MB memory.
2026-08-13 16:37:27.731 INFO   [B1F8ED\011EDF] Auto-router pass #639 on board '2f62153447b22da526a463320c3eb5ac' was completed in 0,59 seconds with the score of 934,49 (20 unrouted), using 72042,16 CPU seconds and 372852 MB memory.
2026-08-13 16:37:28.321 INFO   [B1F8ED\011EDF] Auto-router pass #640 on board '2f62153447b22da526a463320c3eb5ac' was completed in 0,58 seconds with the score of 934,49 (20 unrouted), using 72420,52 CPU seconds and 373814 MB memory.
2026-08-13 16:37:28.901 INFO   [B1F8ED\011EDF] Auto-router pass #641 on board '2f62153447b22da526a463320c3eb5ac' was completed in 0,57 seconds with the score of 934,49 (20 unrouted), using 72420,52 CPU seconds and 373814 MB memory.
2026-08-13 16:37:29.493 INFO   [B1F8ED\011EDF] Auto-router pass #642 on board '2f62153447b22da526a463320c3eb5ac' was completed in 0,58 seconds with the score of 934,49 (20 unrouted), using 72799,87 CPU seconds and 374818 MB memory.
2026-08-13 16:37:30.094 INFO   [B1F8ED\011EDF] Auto-router pass #643 on board '2f62153447b22da526a463320c3eb5ac' was completed in 0,60 seconds with the score of 934,49 (20 unrouted), using 72799,87 CPU seconds and 374818 MB memory.
2026-08-13 16:37:30.692 INFO   [B1F8ED\011EDF] Auto-router pass #644 on board '2f62153447b22da526a463320c3eb5ac' was completed in 0,59 seconds with the score of 934,49 (20 unrouted), using 73180,20 CPU seconds and 375781 MB memory.
2026-08-13 16:37:31.261 INFO   [B1F8ED\011EDF] Auto-router pass #645 on board '2f62153447b22da526a463320c3eb5ac' was completed in 0,56 seconds with the score of 934,49 (20 unrouted), using 73561,51 CPU seconds and 376769 MB memory.
2026-08-13 16:37:31.805 INFO   [B1F8ED\011EDF] Auto-router pass #646 on board '2f62153447b22da526a463320c3eb5ac' was completed in 0,54 seconds with the score of 934,49 (20 unrouted), using 73561,51 CPU seconds and 376769 MB memory.
2026-08-13 16:37:32.396 INFO   [B1F8ED\011EDF] Auto-router pass #647 on board '2f62153447b22da526a463320c3eb5ac' was completed in 0,59 seconds with the score of 934,49 (20 unrouted), using 73943,81 CPU seconds and 377820 MB memory.
2026-08-13 16:37:33.026 INFO   [B1F8ED\011EDF] Auto-router pass #648 on board '2f62153447b22da526a463320c3eb5ac' was completed in 0,62 seconds with the score of 934,49 (20 unrouted), using 73943,81 CPU seconds and 377820 MB memory.
2026-08-13 16:37:33.675 INFO   [B1F8ED\011EDF] Auto-router pass #649 on board '2f62153447b22da526a463320c3eb5ac' was completed in 0,64 seconds with the score of 934,49 (20 unrouted), using 74327,11 CPU seconds and 378743 MB memory.
2026-08-13 16:37:34.324 INFO   [B1F8ED\011EDF] Auto-router pass #650 on board '2f62153447b22da526a463320c3eb5ac' was completed in 0,64 seconds with the score of 934,49 (20 unrouted), using 74711,40 CPU seconds and 379637 MB memory.
2026-08-13 16:37:34.907 INFO   [B1F8ED\011EDF] Auto-router pass #651 on board '2f62153447b22da526a463320c3eb5ac' was completed in 0,58 seconds with the score of 934,49 (20 unrouted), using 74711,40 CPU seconds and 379637 MB memory.
2026-08-13 16:37:35.499 INFO   [B1F8ED\011EDF] Auto-router pass #652 on board '2f62153447b22da526a463320c3eb5ac' was completed in 0,58 seconds with the score of 934,49 (20 unrouted), using 75096,68 CPU seconds and 380606 MB memory.
2026-08-13 16:37:36.093 INFO   [B1F8ED\011EDF] Auto-router pass #653 on board '2f62153447b22da526a463320c3eb5ac' was completed in 0,59 seconds with the score of 934,49 (20 unrouted), using 75096,68 CPU seconds and 380606 MB memory.
2026-08-13 16:37:36.694 INFO   [B1F8ED\011EDF] Auto-router pass #654 on board '2f62153447b22da526a463320c3eb5ac' was completed in 0,59 seconds with the score of 934,49 (20 unrouted), using 75482,95 CPU seconds and 381584 MB memory.
2026-08-13 16:37:37.288 INFO   [B1F8ED\011EDF] Auto-router pass #655 on board '2f62153447b22da526a463320c3eb5ac' was completed in 0,59 seconds with the score of 934,49 (20 unrouted), using 75870,22 CPU seconds and 382554 MB memory.
2026-08-13 16:37:37.875 INFO   [B1F8ED\011EDF] Auto-router pass #656 on board '2f62153447b22da526a463320c3eb5ac' was completed in 0,58 seconds with the score of 934,49 (20 unrouted), using 75870,22 CPU seconds and 382554 MB memory.
2026-08-13 16:37:38.460 INFO   [B1F8ED\011EDF] Auto-router pass #657 on board '2f62153447b22da526a463320c3eb5ac' was completed in 0,58 seconds with the score of 934,49 (20 unrouted), using 76258,48 CPU seconds and 383552 MB memory.
2026-08-13 16:37:39.050 INFO   [B1F8ED\011EDF] Auto-router pass #658 on board '2f62153447b22da526a463320c3eb5ac' was completed in 0,58 seconds with the score of 934,49 (20 unrouted), using 76258,48 CPU seconds and 383552 MB memory.
2026-08-13 16:37:39.635 INFO   [B1F8ED\011EDF] Auto-router pass #659 on board '2f62153447b22da526a463320c3eb5ac' was completed in 0,58 seconds with the score of 934,49 (20 unrouted), using 76647,72 CPU seconds and 384522 MB memory.
2026-08-13 16:37:40.239 INFO   [B1F8ED\011EDF] Auto-router pass #660 on board '2f62153447b22da526a463320c3eb5ac' was completed in 0,60 seconds with the score of 934,49 (20 unrouted), using 77037,95 CPU seconds and 385507 MB memory.
2026-08-13 16:37:40.865 INFO   [B1F8ED\011EDF] Auto-router pass #661 on board '2f62153447b22da526a463320c3eb5ac' was completed in 0,62 seconds with the score of 934,49 (20 unrouted), using 77037,95 CPU seconds and 385507 MB memory.
2026-08-13 16:37:41.467 INFO   [B1F8ED\011EDF] Auto-router pass #662 on board '2f62153447b22da526a463320c3eb5ac' was completed in 0,60 seconds with the score of 934,49 (20 unrouted), using 77429,16 CPU seconds and 386459 MB memory.
2026-08-13 16:37:42.089 INFO   [B1F8ED\011EDF] Auto-router pass #663 on board '2f62153447b22da526a463320c3eb5ac' was completed in 0,62 seconds with the score of 934,49 (20 unrouted), using 77429,16 CPU seconds and 386459 MB memory.
2026-08-13 16:37:42.715 INFO   [B1F8ED\011EDF] Auto-router pass #664 on board '2f62153447b22da526a463320c3eb5ac' was completed in 0,62 seconds with the score of 934,49 (20 unrouted), using 77821,36 CPU seconds and 387386 MB memory.
2026-08-13 16:37:43.275 INFO   [B1F8ED\011EDF] Auto-router pass #665 on board '2f62153447b22da526a463320c3eb5ac' was completed in 0,56 seconds with the score of 934,49 (20 unrouted), using 78214,55 CPU seconds and 388358 MB memory.
2026-08-13 16:37:43.837 INFO   [B1F8ED\011EDF] Auto-router pass #666 on board '2f62153447b22da526a463320c3eb5ac' was completed in 0,56 seconds with the score of 934,49 (20 unrouted), using 78214,55 CPU seconds and 388358 MB memory.
2026-08-13 16:37:44.408 INFO   [B1F8ED\011EDF] Auto-router pass #667 on board '2f62153447b22da526a463320c3eb5ac' was completed in 0,56 seconds with the score of 934,49 (20 unrouted), using 78608,73 CPU seconds and 389385 MB memory.
2026-08-13 16:37:44.977 INFO   [B1F8ED\011EDF] Auto-router pass #668 on board '2f62153447b22da526a463320c3eb5ac' was completed in 0,56 seconds with the score of 934,49 (20 unrouted), using 78608,73 CPU seconds and 389385 MB memory.
2026-08-13 16:37:45.575 INFO   [B1F8ED\011EDF] Auto-router pass #669 on board '2f62153447b22da526a463320c3eb5ac' was completed in 0,59 seconds with the score of 934,49 (20 unrouted), using 79003,91 CPU seconds and 390406 MB memory.
2026-08-13 16:37:46.167 INFO   [B1F8ED\011EDF] Auto-router pass #670 on board '2f62153447b22da526a463320c3eb5ac' was completed in 0,59 seconds with the score of 934,49 (20 unrouted), using 79400,07 CPU seconds and 391374 MB memory.
2026-08-13 16:37:46.748 INFO   [B1F8ED\011EDF] Auto-router pass #671 on board '2f62153447b22da526a463320c3eb5ac' was completed in 0,57 seconds with the score of 934,49 (20 unrouted), using 79400,07 CPU seconds and 391374 MB memory.
2026-08-13 16:37:47.327 INFO   [B1F8ED\011EDF] Auto-router pass #672 on board '2f62153447b22da526a463320c3eb5ac' was completed in 0,57 seconds with the score of 934,49 (20 unrouted), using 79797,23 CPU seconds and 392386 MB memory.
2026-08-13 16:37:47.979 INFO   [B1F8ED\011EDF] Auto-router pass #673 on board '2f62153447b22da526a463320c3eb5ac' was completed in 0,64 seconds with the score of 934,49 (20 unrouted), using 79797,23 CPU seconds and 392386 MB memory.
2026-08-13 16:37:48.631 INFO   [B1F8ED\011EDF] Auto-router pass #674 on board '2f62153447b22da526a463320c3eb5ac' was completed in 0,65 seconds with the score of 934,49 (20 unrouted), using 80195,38 CPU seconds and 393289 MB memory.
2026-08-13 16:37:49.200 INFO   [B1F8ED\011EDF] Auto-router pass #675 on board '2f62153447b22da526a463320c3eb5ac' was completed in 0,56 seconds with the score of 934,49 (20 unrouted), using 80594,52 CPU seconds and 394235 MB memory.
2026-08-13 16:37:49.800 INFO   [B1F8ED\011EDF] Auto-router pass #676 on board '2f62153447b22da526a463320c3eb5ac' was completed in 0,59 seconds with the score of 934,49 (20 unrouted), using 80594,52 CPU seconds and 394235 MB memory.
2026-08-13 16:37:50.442 INFO   [B1F8ED\011EDF] Auto-router pass #677 on board '2f62153447b22da526a463320c3eb5ac' was completed in 0,63 seconds with the score of 934,49 (20 unrouted), using 80994,64 CPU seconds and 395211 MB memory.
2026-08-13 16:37:51.061 INFO   [B1F8ED\011EDF] Auto-router pass #678 on board '2f62153447b22da526a463320c3eb5ac' was completed in 0,61 seconds with the score of 934,49 (20 unrouted), using 80994,64 CPU seconds and 395211 MB memory.
2026-08-13 16:37:51.645 INFO   [B1F8ED\011EDF] Auto-router pass #679 on board '2f62153447b22da526a463320c3eb5ac' was completed in 0,58 seconds with the score of 934,49 (20 unrouted), using 81395,76 CPU seconds and 396118 MB memory.
2026-08-13 16:37:52.248 INFO   [B1F8ED\011EDF] Auto-router pass #680 on board '2f62153447b22da526a463320c3eb5ac' was completed in 0,60 seconds with the score of 934,49 (20 unrouted), using 81797,87 CPU seconds and 397101 MB memory.
2026-08-13 16:37:52.859 INFO   [B1F8ED\011EDF] Auto-router pass #681 on board '2f62153447b22da526a463320c3eb5ac' was completed in 0,60 seconds with the score of 934,49 (20 unrouted), using 81797,87 CPU seconds and 397101 MB memory.
2026-08-13 16:37:53.457 INFO   [B1F8ED\011EDF] Auto-router pass #682 on board '2f62153447b22da526a463320c3eb5ac' was completed in 0,59 seconds with the score of 934,49 (20 unrouted), using 82200,97 CPU seconds and 398053 MB memory.
2026-08-13 16:37:54.046 INFO   [B1F8ED\011EDF] Auto-router pass #683 on board '2f62153447b22da526a463320c3eb5ac' was completed in 0,58 seconds with the score of 934,49 (20 unrouted), using 82200,97 CPU seconds and 398053 MB memory.
2026-08-13 16:37:54.669 INFO   [B1F8ED\011EDF] Auto-router pass #684 on board '2f62153447b22da526a463320c3eb5ac' was completed in 0,62 seconds with the score of 934,49 (20 unrouted), using 82605,06 CPU seconds and 399029 MB memory.
2026-08-13 16:37:55.265 INFO   [B1F8ED\011EDF] Auto-router pass #685 on board '2f62153447b22da526a463320c3eb5ac' was completed in 0,59 seconds with the score of 934,49 (20 unrouted), using 83010,15 CPU seconds and 399980 MB memory.
2026-08-13 16:37:55.835 INFO   [B1F8ED\011EDF] Auto-router pass #686 on board '2f62153447b22da526a463320c3eb5ac' was completed in 0,56 seconds with the score of 934,49 (20 unrouted), using 83010,15 CPU seconds and 399980 MB memory.
2026-08-13 16:37:56.395 INFO   [B1F8ED\011EDF] Auto-router pass #687 on board '2f62153447b22da526a463320c3eb5ac' was completed in 0,55 seconds with the score of 934,49 (20 unrouted), using 83416,23 CPU seconds and 400992 MB memory.
2026-08-13 16:37:56.963 INFO   [B1F8ED\011EDF] Auto-router pass #688 on board '2f62153447b22da526a463320c3eb5ac' was completed in 0,56 seconds with the score of 934,49 (20 unrouted), using 83416,23 CPU seconds and 400992 MB memory.
2026-08-13 16:37:57.538 INFO   [B1F8ED\011EDF] Auto-router pass #689 on board '2f62153447b22da526a463320c3eb5ac' was completed in 0,57 seconds with the score of 934,49 (20 unrouted), using 83823,30 CPU seconds and 402020 MB memory.
2026-08-13 16:37:58.192 INFO   [B1F8ED\011EDF] Auto-router pass #690 on board '2f62153447b22da526a463320c3eb5ac' was completed in 0,65 seconds with the score of 934,49 (20 unrouted), using 84231,36 CPU seconds and 402970 MB memory.
2026-08-13 16:37:58.874 INFO   [B1F8ED\011EDF] Auto-router pass #691 on board '2f62153447b22da526a463320c3eb5ac' was completed in 0,68 seconds with the score of 934,49 (20 unrouted), using 84231,36 CPU seconds and 402970 MB memory.
2026-08-13 16:37:59.478 INFO   [B1F8ED\011EDF] Auto-router pass #692 on board '2f62153447b22da526a463320c3eb5ac' was completed in 0,60 seconds with the score of 934,49 (20 unrouted), using 84640,41 CPU seconds and 403841 MB memory.
2026-08-13 16:38:00.079 INFO   [B1F8ED\011EDF] Auto-router pass #693 on board '2f62153447b22da526a463320c3eb5ac' was completed in 0,59 seconds with the score of 934,49 (20 unrouted), using 84640,41 CPU seconds and 403841 MB memory.
2026-08-13 16:38:00.670 INFO   [B1F8ED\011EDF] Auto-router pass #694 on board '2f62153447b22da526a463320c3eb5ac' was completed in 0,58 seconds with the score of 934,49 (20 unrouted), using 85050,46 CPU seconds and 404802 MB memory.
2026-08-13 16:38:01.269 INFO   [B1F8ED\011EDF] Auto-router pass #695 on board '2f62153447b22da526a463320c3eb5ac' was completed in 0,59 seconds with the score of 934,49 (20 unrouted), using 85461,49 CPU seconds and 405775 MB memory.
2026-08-13 16:38:01.890 INFO   [B1F8ED\011EDF] Auto-router pass #696 on board '2f62153447b22da526a463320c3eb5ac' was completed in 0,62 seconds with the score of 934,49 (20 unrouted), using 85461,49 CPU seconds and 405775 MB memory.
2026-08-13 16:38:02.507 INFO   [B1F8ED\011EDF] Auto-router pass #697 on board '2f62153447b22da526a463320c3eb5ac' was completed in 0,61 seconds with the score of 934,49 (20 unrouted), using 85873,52 CPU seconds and 406724 MB memory.
2026-08-13 16:38:03.142 INFO   [B1F8ED\011EDF] Auto-router pass #698 on board '2f62153447b22da526a463320c3eb5ac' was completed in 0,63 seconds with the score of 934,49 (20 unrouted), using 86286,53 CPU seconds and 407641 MB memory.
2026-08-13 16:38:03.771 INFO   [B1F8ED\011EDF] Auto-router pass #699 on board '2f62153447b22da526a463320c3eb5ac' was completed in 0,62 seconds with the score of 934,49 (20 unrouted), using 86286,53 CPU seconds and 407641 MB memory.
2026-08-13 16:38:04.403 INFO   [B1F8ED\011EDF] Auto-router pass #700 on board '2f62153447b22da526a463320c3eb5ac' was completed in 0,63 seconds with the score of 934,49 (20 unrouted), using 86700,54 CPU seconds and 408558 MB memory.
2026-08-13 16:38:05.007 INFO   [B1F8ED\011EDF] Auto-router pass #701 on board '2f62153447b22da526a463320c3eb5ac' was completed in 0,60 seconds with the score of 934,49 (20 unrouted), using 86700,54 CPU seconds and 408558 MB memory.
2026-08-13 16:38:05.597 INFO   [B1F8ED\011EDF] Auto-router pass #702 on board '2f62153447b22da526a463320c3eb5ac' was completed in 0,58 seconds with the score of 934,49 (20 unrouted), using 87115,54 CPU seconds and 409510 MB memory.
2026-08-13 16:38:06.183 INFO   [B1F8ED\011EDF] Auto-router pass #703 on board '2f62153447b22da526a463320c3eb5ac' was completed in 0,58 seconds with the score of 934,49 (20 unrouted), using 87531,53 CPU seconds and 410497 MB memory.
2026-08-13 16:38:06.772 INFO   [B1F8ED\011EDF] Auto-router pass #704 on board '2f62153447b22da526a463320c3eb5ac' was completed in 0,58 seconds with the score of 934,49 (20 unrouted), using 87531,53 CPU seconds and 410497 MB memory.
2026-08-13 16:38:07.358 INFO   [B1F8ED\011EDF] Auto-router pass #705 on board '2f62153447b22da526a463320c3eb5ac' was completed in 0,58 seconds with the score of 934,49 (20 unrouted), using 87948,51 CPU seconds and 411492 MB memory.
2026-08-13 16:38:07.961 INFO   [B1F8ED\011EDF] Auto-router pass #706 on board '2f62153447b22da526a463320c3eb5ac' was completed in 0,60 seconds with the score of 934,49 (20 unrouted), using 87948,51 CPU seconds and 411492 MB memory.
2026-08-13 16:38:08.568 INFO   [B1F8ED\011EDF] Auto-router pass #707 on board '2f62153447b22da526a463320c3eb5ac' was completed in 0,60 seconds with the score of 934,49 (20 unrouted), using 88366,48 CPU seconds and 412448 MB memory.
2026-08-13 16:38:09.177 INFO   [B1F8ED\011EDF] Auto-router pass #708 on board '2f62153447b22da526a463320c3eb5ac' was completed in 0,60 seconds with the score of 934,49 (20 unrouted), using 88785,44 CPU seconds and 413409 MB memory.
2026-08-13 16:38:09.774 INFO   [B1F8ED\011EDF] Auto-router pass #709 on board '2f62153447b22da526a463320c3eb5ac' was completed in 0,59 seconds with the score of 934,49 (20 unrouted), using 88785,44 CPU seconds and 413409 MB memory.
2026-08-13 16:38:10.371 INFO   [B1F8ED\011EDF] Auto-router pass #710 on board '2f62153447b22da526a463320c3eb5ac' was completed in 0,59 seconds with the score of 934,49 (20 unrouted), using 89205,39 CPU seconds and 414376 MB memory.
2026-08-13 16:38:10.972 INFO   [B1F8ED\011EDF] Auto-router pass #711 on board '2f62153447b22da526a463320c3eb5ac' was completed in 0,59 seconds with the score of 934,49 (20 unrouted), using 89205,39 CPU seconds and 414376 MB memory.
2026-08-13 16:38:11.634 INFO   [B1F8ED\011EDF] Auto-router pass #712 on board '2f62153447b22da526a463320c3eb5ac' was completed in 0,66 seconds with the score of 934,49 (20 unrouted), using 89626,34 CPU seconds and 415338 MB memory.
2026-08-13 16:38:12.218 INFO   [B1F8ED\011EDF] Auto-router pass #713 on board '2f62153447b22da526a463320c3eb5ac' was completed in 0,58 seconds with the score of 934,49 (20 unrouted), using 90048,27 CPU seconds and 416266 MB memory.
2026-08-13 16:38:12.806 INFO   [B1F8ED\011EDF] Auto-router pass #714 on board '2f62153447b22da526a463320c3eb5ac' was completed in 0,58 seconds with the score of 934,49 (20 unrouted), using 90048,27 CPU seconds and 416266 MB memory.
2026-08-13 16:38:13.379 INFO   [B1F8ED\011EDF] Auto-router pass #715 on board '2f62153447b22da526a463320c3eb5ac' was completed in 0,57 seconds with the score of 934,49 (20 unrouted), using 90471,19 CPU seconds and 417261 MB memory.
2026-08-13 16:38:14.033 INFO   [B1F8ED\011EDF] Auto-router pass #716 on board '2f62153447b22da526a463320c3eb5ac' was completed in 0,65 seconds with the score of 934,49 (20 unrouted), using 90471,19 CPU seconds and 417261 MB memory.
2026-08-13 16:38:14.694 INFO   [B1F8ED\011EDF] Auto-router pass #717 on board '2f62153447b22da526a463320c3eb5ac' was completed in 0,65 seconds with the score of 934,49 (20 unrouted), using 90895,10 CPU seconds and 418169 MB memory.
2026-08-13 16:38:15.265 INFO   [B1F8ED\011EDF] Auto-router pass #718 on board '2f62153447b22da526a463320c3eb5ac' was completed in 0,56 seconds with the score of 934,49 (20 unrouted), using 91320,01 CPU seconds and 419111 MB memory.
2026-08-13 16:38:15.859 INFO   [B1F8ED\011EDF] Auto-router pass #719 on board '2f62153447b22da526a463320c3eb5ac' was completed in 0,59 seconds with the score of 934,49 (20 unrouted), using 91320,01 CPU seconds and 419111 MB memory.
2026-08-13 16:38:16.454 INFO   [B1F8ED\011EDF] Auto-router pass #720 on board '2f62153447b22da526a463320c3eb5ac' was completed in 0,59 seconds with the score of 934,49 (20 unrouted), using 91745,91 CPU seconds and 420092 MB memory.
2026-08-13 16:38:17.029 INFO   [B1F8ED\011EDF] Auto-router pass #721 on board '2f62153447b22da526a463320c3eb5ac' was completed in 0,57 seconds with the score of 934,49 (20 unrouted), using 91745,91 CPU seconds and 420092 MB memory.
2026-08-13 16:38:17.594 INFO   [B1F8ED\011EDF] Auto-router pass #722 on board '2f62153447b22da526a463320c3eb5ac' was completed in 0,56 seconds with the score of 934,49 (20 unrouted), using 92172,80 CPU seconds and 421093 MB memory.
2026-08-13 16:38:18.158 INFO   [B1F8ED\011EDF] Auto-router pass #723 on board '2f62153447b22da526a463320c3eb5ac' was completed in 0,56 seconds with the score of 934,49 (20 unrouted), using 92600,68 CPU seconds and 422119 MB memory.
2026-08-13 16:38:18.718 INFO   [B1F8ED\011EDF] Auto-router pass #724 on board '2f62153447b22da526a463320c3eb5ac' was completed in 0,55 seconds with the score of 934,49 (20 unrouted), using 92600,68 CPU seconds and 422119 MB memory.
2026-08-13 16:38:19.273 INFO   [B1F8ED\011EDF] Auto-router pass #725 on board '2f62153447b22da526a463320c3eb5ac' was completed in 0,55 seconds with the score of 934,49 (20 unrouted), using 93029,55 CPU seconds and 423159 MB memory.
2026-08-13 16:38:19.825 INFO   [B1F8ED\011EDF] Auto-router pass #726 on board '2f62153447b22da526a463320c3eb5ac' was completed in 0,55 seconds with the score of 934,49 (20 unrouted), using 93029,55 CPU seconds and 423159 MB memory.
2026-08-13 16:38:20.418 INFO   [B1F8ED\011EDF] Auto-router pass #727 on board '2f62153447b22da526a463320c3eb5ac' was completed in 0,59 seconds with the score of 934,49 (20 unrouted), using 93459,42 CPU seconds and 424188 MB memory.
2026-08-13 16:38:21.030 INFO   [B1F8ED\011EDF] Auto-router pass #728 on board '2f62153447b22da526a463320c3eb5ac' was completed in 0,61 seconds with the score of 934,49 (20 unrouted), using 93459,42 CPU seconds and 424188 MB memory.
2026-08-13 16:38:21.642 INFO   [B1F8ED\011EDF] Auto-router pass #729 on board '2f62153447b22da526a463320c3eb5ac' was completed in 0,61 seconds with the score of 934,49 (20 unrouted), using 93890,28 CPU seconds and 425144 MB memory.
2026-08-13 16:38:22.258 INFO   [B1F8ED\011EDF] Auto-router pass #730 on board '2f62153447b22da526a463320c3eb5ac' was completed in 0,61 seconds with the score of 934,49 (20 unrouted), using 94322,13 CPU seconds and 426083 MB memory.
2026-08-13 16:38:22.857 INFO   [B1F8ED\011EDF] Auto-router pass #731 on board '2f62153447b22da526a463320c3eb5ac' was completed in 0,59 seconds with the score of 934,49 (20 unrouted), using 94322,13 CPU seconds and 426083 MB memory.
2026-08-13 16:38:23.482 INFO   [B1F8ED\011EDF] Auto-router pass #732 on board '2f62153447b22da526a463320c3eb5ac' was completed in 0,62 seconds with the score of 934,49 (20 unrouted), using 94754,97 CPU seconds and 427048 MB memory.
2026-08-13 16:38:24.168 INFO   [B1F8ED\011EDF] Auto-router pass #733 on board '2f62153447b22da526a463320c3eb5ac' was completed in 0,68 seconds with the score of 934,49 (20 unrouted), using 95188,80 CPU seconds and 427916 MB memory.
2026-08-13 16:38:24.765 INFO   [B1F8ED\011EDF] Auto-router pass #734 on board '2f62153447b22da526a463320c3eb5ac' was completed in 0,59 seconds with the score of 934,49 (20 unrouted), using 95188,80 CPU seconds and 427916 MB memory.
2026-08-13 16:38:25.359 INFO   [B1F8ED\011EDF] Auto-router pass #735 on board '2f62153447b22da526a463320c3eb5ac' was completed in 0,59 seconds with the score of 934,49 (20 unrouted), using 95623,62 CPU seconds and 428885 MB memory.
2026-08-13 16:38:25.943 INFO   [B1F8ED\011EDF] Auto-router pass #736 on board '2f62153447b22da526a463320c3eb5ac' was completed in 0,58 seconds with the score of 934,49 (20 unrouted), using 95623,62 CPU seconds and 428885 MB memory.
2026-08-13 16:38:26.538 INFO   [B1F8ED\011EDF] Auto-router pass #737 on board '2f62153447b22da526a463320c3eb5ac' was completed in 0,59 seconds with the score of 934,49 (20 unrouted), using 96059,43 CPU seconds and 429872 MB memory.
2026-08-13 16:38:27.139 INFO   [B1F8ED\011EDF] Auto-router pass #738 on board '2f62153447b22da526a463320c3eb5ac' was completed in 0,60 seconds with the score of 934,49 (20 unrouted), using 96496,24 CPU seconds and 430844 MB memory.
2026-08-13 16:38:27.725 INFO   [B1F8ED\011EDF] Auto-router pass #739 on board '2f62153447b22da526a463320c3eb5ac' was completed in 0,58 seconds with the score of 934,49 (20 unrouted), using 96496,24 CPU seconds and 430844 MB memory.
2026-08-13 16:38:28.322 INFO   [B1F8ED\011EDF] Auto-router pass #740 on board '2f62153447b22da526a463320c3eb5ac' was completed in 0,59 seconds with the score of 934,49 (20 unrouted), using 96934,04 CPU seconds and 431824 MB memory.
2026-08-13 16:38:28.903 INFO   [B1F8ED\011EDF] Auto-router pass #741 on board '2f62153447b22da526a463320c3eb5ac' was completed in 0,57 seconds with the score of 934,49 (20 unrouted), using 96934,04 CPU seconds and 431824 MB memory.
2026-08-13 16:38:29.493 INFO   [B1F8ED\011EDF] Auto-router pass #742 on board '2f62153447b22da526a463320c3eb5ac' was completed in 0,58 seconds with the score of 934,49 (20 unrouted), using 97372,83 CPU seconds and 432816 MB memory.
2026-08-13 16:38:30.091 INFO   [B1F8ED\011EDF] Auto-router pass #743 on board '2f62153447b22da526a463320c3eb5ac' was completed in 0,59 seconds with the score of 934,49 (20 unrouted), using 97372,83 CPU seconds and 432816 MB memory.
2026-08-13 16:38:30.692 INFO   [B1F8ED\011EDF] Auto-router pass #744 on board '2f62153447b22da526a463320c3eb5ac' was completed in 0,59 seconds with the score of 934,49 (20 unrouted), using 97812,60 CPU seconds and 433781 MB memory.
2026-08-13 16:38:31.248 INFO   [B1F8ED\011EDF] Auto-router pass #745 on board '2f62153447b22da526a463320c3eb5ac' was completed in 0,55 seconds with the score of 934,49 (20 unrouted), using 98253,37 CPU seconds and 434784 MB memory.
2026-08-13 16:38:31.800 INFO   [B1F8ED\011EDF] Auto-router pass #746 on board '2f62153447b22da526a463320c3eb5ac' was completed in 0,55 seconds with the score of 934,49 (20 unrouted), using 98253,37 CPU seconds and 434784 MB memory.
2026-08-13 16:38:32.350 INFO   [B1F8ED\011EDF] Auto-router pass #747 on board '2f62153447b22da526a463320c3eb5ac' was completed in 0,55 seconds with the score of 934,49 (20 unrouted), using 98695,12 CPU seconds and 435838 MB memory.
2026-08-13 16:38:32.947 INFO   [B1F8ED\011EDF] Auto-router pass #748 on board '2f62153447b22da526a463320c3eb5ac' was completed in 0,59 seconds with the score of 934,49 (20 unrouted), using 98695,12 CPU seconds and 435838 MB memory.
2026-08-13 16:38:33.534 INFO   [B1F8ED\011EDF] Auto-router pass #749 on board '2f62153447b22da526a463320c3eb5ac' was completed in 0,58 seconds with the score of 934,49 (20 unrouted), using 99137,88 CPU seconds and 436819 MB memory.
2026-08-13 16:38:34.161 INFO   [B1F8ED\011EDF] Auto-router pass #750 on board '2f62153447b22da526a463320c3eb5ac' was completed in 0,62 seconds with the score of 934,49 (20 unrouted), using 99581,61 CPU seconds and 437788 MB memory.
2026-08-13 16:38:34.801 INFO   [B1F8ED\011EDF] Auto-router pass #751 on board '2f62153447b22da526a463320c3eb5ac' was completed in 0,63 seconds with the score of 934,49 (20 unrouted), using 99581,61 CPU seconds and 437788 MB memory.
2026-08-13 16:38:35.392 INFO   [B1F8ED\011EDF] Auto-router pass #752 on board '2f62153447b22da526a463320c3eb5ac' was completed in 0,59 seconds with the score of 934,49 (20 unrouted), using 100026,34 CPU seconds and 438713 MB memory.
2026-08-13 16:38:35.990 INFO   [B1F8ED\011EDF] Auto-router pass #753 on board '2f62153447b22da526a463320c3eb5ac' was completed in 0,59 seconds with the score of 934,49 (20 unrouted), using 100026,34 CPU seconds and 438713 MB memory.
2026-08-13 16:38:36.565 INFO   [B1F8ED\011EDF] Auto-router pass #754 on board '2f62153447b22da526a463320c3eb5ac' was completed in 0,57 seconds with the score of 934,49 (20 unrouted), using 100472,05 CPU seconds and 439690 MB memory.
2026-08-13 16:38:37.127 INFO   [B1F8ED\011EDF] Auto-router pass #755 on board '2f62153447b22da526a463320c3eb5ac' was completed in 0,56 seconds with the score of 934,49 (20 unrouted), using 100918,75 CPU seconds and 440714 MB memory.
2026-08-13 16:38:37.732 INFO   [B1F8ED\011EDF] Auto-router pass #756 on board '2f62153447b22da526a463320c3eb5ac' was completed in 0,60 seconds with the score of 934,49 (20 unrouted), using 100918,75 CPU seconds and 440714 MB memory.
2026-08-13 16:38:38.376 INFO   [B1F8ED\011EDF] Auto-router pass #757 on board '2f62153447b22da526a463320c3eb5ac' was completed in 0,64 seconds with the score of 934,49 (20 unrouted), using 101366,45 CPU seconds and 441652 MB memory.
2026-08-13 16:38:39.001 INFO   [B1F8ED\011EDF] Auto-router pass #758 on board '2f62153447b22da526a463320c3eb5ac' was completed in 0,62 seconds with the score of 934,49 (20 unrouted), using 101366,45 CPU seconds and 441652 MB memory.
2026-08-13 16:38:39.606 INFO   [B1F8ED\011EDF] Auto-router pass #759 on board '2f62153447b22da526a463320c3eb5ac' was completed in 0,60 seconds with the score of 934,49 (20 unrouted), using 101815,13 CPU seconds and 442574 MB memory.
2026-08-13 16:38:40.261 INFO   [B1F8ED\011EDF] Auto-router pass #760 on board '2f62153447b22da526a463320c3eb5ac' was completed in 0,65 seconds with the score of 934,49 (20 unrouted), using 102264,81 CPU seconds and 443491 MB memory.
2026-08-13 16:38:40.841 INFO   [B1F8ED\011EDF] Auto-router pass #761 on board '2f62153447b22da526a463320c3eb5ac' was completed in 0,57 seconds with the score of 934,49 (20 unrouted), using 102264,81 CPU seconds and 443491 MB memory.
2026-08-13 16:38:41.435 INFO   [B1F8ED\011EDF] Auto-router pass #762 on board '2f62153447b22da526a463320c3eb5ac' was completed in 0,59 seconds with the score of 934,49 (20 unrouted), using 102715,48 CPU seconds and 444469 MB memory.
2026-08-13 16:38:42.069 INFO   [B1F8ED\011EDF] Auto-router pass #763 on board '2f62153447b22da526a463320c3eb5ac' was completed in 0,63 seconds with the score of 934,49 (20 unrouted), using 102715,48 CPU seconds and 444469 MB memory.
2026-08-13 16:38:42.666 INFO   [B1F8ED\011EDF] Auto-router pass #764 on board '2f62153447b22da526a463320c3eb5ac' was completed in 0,59 seconds with the score of 934,49 (20 unrouted), using 103167,13 CPU seconds and 445407 MB memory.
2026-08-13 16:38:43.242 INFO   [B1F8ED\011EDF] Auto-router pass #765 on board '2f62153447b22da526a463320c3eb5ac' was completed in 0,57 seconds with the score of 934,49 (20 unrouted), using 103619,78 CPU seconds and 446391 MB memory.
2026-08-13 16:38:43.812 INFO   [B1F8ED\011EDF] Auto-router pass #766 on board '2f62153447b22da526a463320c3eb5ac' was completed in 0,56 seconds with the score of 934,49 (20 unrouted), using 103619,78 CPU seconds and 446391 MB memory.
2026-08-13 16:38:44.405 INFO   [B1F8ED\011EDF] Auto-router pass #767 on board '2f62153447b22da526a463320c3eb5ac' was completed in 0,59 seconds with the score of 934,49 (20 unrouted), using 104073,42 CPU seconds and 447400 MB memory.
2026-08-13 16:38:45.004 INFO   [B1F8ED\011EDF] Auto-router pass #768 on board '2f62153447b22da526a463320c3eb5ac' was completed in 0,59 seconds with the score of 934,49 (20 unrouted), using 104073,42 CPU seconds and 447400 MB memory.
2026-08-13 16:38:45.602 INFO   [B1F8ED\011EDF] Auto-router pass #769 on board '2f62153447b22da526a463320c3eb5ac' was completed in 0,59 seconds with the score of 934,49 (20 unrouted), using 104528,05 CPU seconds and 448374 MB memory.
2026-08-13 16:38:46.190 INFO   [B1F8ED\011EDF] Auto-router pass #770 on board '2f62153447b22da526a463320c3eb5ac' was completed in 0,58 seconds with the score of 934,49 (20 unrouted), using 104983,68 CPU seconds and 449348 MB memory.
2026-08-13 16:38:46.761 INFO   [B1F8ED\011EDF] Auto-router pass #771 on board '2f62153447b22da526a463320c3eb5ac' was completed in 0,56 seconds with the score of 934,49 (20 unrouted), using 104983,68 CPU seconds and 449348 MB memory.
2026-08-13 16:38:47.396 INFO   [B1F8ED\011EDF] Auto-router pass #772 on board '2f62153447b22da526a463320c3eb5ac' was completed in 0,63 seconds with the score of 934,49 (20 unrouted), using 105440,30 CPU seconds and 450349 MB memory.
2026-08-13 16:38:47.972 INFO   [B1F8ED\011EDF] Auto-router pass #773 on board '2f62153447b22da526a463320c3eb5ac' was completed in 0,57 seconds with the score of 934,49 (20 unrouted), using 105440,30 CPU seconds and 450349 MB memory.
2026-08-13 16:38:48.545 INFO   [B1F8ED\011EDF] Auto-router pass #774 on board '2f62153447b22da526a463320c3eb5ac' was completed in 0,57 seconds with the score of 934,49 (20 unrouted), using 105897,91 CPU seconds and 451307 MB memory.
2026-08-13 16:38:49.111 INFO   [B1F8ED\011EDF] Auto-router pass #775 on board '2f62153447b22da526a463320c3eb5ac' was completed in 0,56 seconds with the score of 934,49 (20 unrouted), using 105897,91 CPU seconds and 451307 MB memory.
2026-08-13 16:38:49.674 INFO   [B1F8ED\011EDF] Auto-router pass #776 on board '2f62153447b22da526a463320c3eb5ac' was completed in 0,56 seconds with the score of 934,49 (20 unrouted), using 106356,51 CPU seconds and 452323 MB memory.
2026-08-13 16:38:50.293 INFO   [B1F8ED\011EDF] Auto-router pass #777 on board '2f62153447b22da526a463320c3eb5ac' was completed in 0,61 seconds with the score of 934,49 (20 unrouted), using 106816,10 CPU seconds and 453321 MB memory.
2026-08-13 16:38:50.899 INFO   [B1F8ED\011EDF] Auto-router pass #778 on board '2f62153447b22da526a463320c3eb5ac' was completed in 0,60 seconds with the score of 934,49 (20 unrouted), using 106816,10 CPU seconds and 453321 MB memory.
2026-08-13 16:38:51.493 INFO   [B1F8ED\011EDF] Auto-router pass #779 on board '2f62153447b22da526a463320c3eb5ac' was completed in 0,59 seconds with the score of 934,49 (20 unrouted), using 107276,69 CPU seconds and 454272 MB memory.
2026-08-13 16:38:52.139 INFO   [B1F8ED\011EDF] Auto-router pass #780 on board '2f62153447b22da526a463320c3eb5ac' was completed in 0,64 seconds with the score of 934,49 (20 unrouted), using 107738,27 CPU seconds and 455203 MB memory.
2026-08-13 16:38:52.740 INFO   [B1F8ED\011EDF] Auto-router pass #781 on board '2f62153447b22da526a463320c3eb5ac' was completed in 0,59 seconds with the score of 934,49 (20 unrouted), using 107738,27 CPU seconds and 455203 MB memory.
2026-08-13 16:38:53.325 INFO   [B1F8ED\011EDF] Auto-router pass #782 on board '2f62153447b22da526a463320c3eb5ac' was completed in 0,58 seconds with the score of 934,49 (20 unrouted), using 108200,84 CPU seconds and 456176 MB memory.
2026-08-13 16:38:53.914 INFO   [B1F8ED\011EDF] Auto-router pass #783 on board '2f62153447b22da526a463320c3eb5ac' was completed in 0,58 seconds with the score of 934,49 (20 unrouted), using 108200,84 CPU seconds and 456176 MB memory.
2026-08-13 16:38:54.517 INFO   [B1F8ED\011EDF] Auto-router pass #784 on board '2f62153447b22da526a463320c3eb5ac' was completed in 0,60 seconds with the score of 934,49 (20 unrouted), using 108664,40 CPU seconds and 457161 MB memory.
2026-08-13 16:38:55.125 INFO   [B1F8ED\011EDF] Auto-router pass #785 on board '2f62153447b22da526a463320c3eb5ac' was completed in 0,60 seconds with the score of 934,49 (20 unrouted), using 109128,95 CPU seconds and 458115 MB memory.
2026-08-13 16:38:55.753 INFO   [B1F8ED\011EDF] Auto-router pass #786 on board '2f62153447b22da526a463320c3eb5ac' was completed in 0,62 seconds with the score of 934,49 (20 unrouted), using 109128,95 CPU seconds and 458115 MB memory.
2026-08-13 16:38:56.339 INFO   [B1F8ED\011EDF] Auto-router pass #787 on board '2f62153447b22da526a463320c3eb5ac' was completed in 0,58 seconds with the score of 934,49 (20 unrouted), using 109594,49 CPU seconds and 459063 MB memory.
2026-08-13 16:38:56.927 INFO   [B1F8ED\011EDF] Auto-router pass #788 on board '2f62153447b22da526a463320c3eb5ac' was completed in 0,58 seconds with the score of 934,49 (20 unrouted), using 109594,49 CPU seconds and 459063 MB memory.
2026-08-13 16:38:57.509 INFO   [B1F8ED\011EDF] Auto-router pass #789 on board '2f62153447b22da526a463320c3eb5ac' was completed in 0,58 seconds with the score of 934,49 (20 unrouted), using 110061,03 CPU seconds and 460052 MB memory.
2026-08-13 16:38:58.092 INFO   [B1F8ED\011EDF] Auto-router pass #790 on board '2f62153447b22da526a463320c3eb5ac' was completed in 0,58 seconds with the score of 934,49 (20 unrouted), using 110061,03 CPU seconds and 460052 MB memory.
2026-08-13 16:38:58.648 INFO   [B1F8ED\011EDF] Auto-router pass #791 on board '2f62153447b22da526a463320c3eb5ac' was completed in 0,55 seconds with the score of 934,49 (20 unrouted), using 110528,55 CPU seconds and 461045 MB memory.
2026-08-13 16:38:59.236 INFO   [B1F8ED\011EDF] Auto-router pass #792 on board '2f62153447b22da526a463320c3eb5ac' was completed in 0,58 seconds with the score of 934,49 (20 unrouted), using 110997,07 CPU seconds and 462073 MB memory.
2026-08-13 16:38:59.825 INFO   [B1F8ED\011EDF] Auto-router pass #793 on board '2f62153447b22da526a463320c3eb5ac' was completed in 0,58 seconds with the score of 934,49 (20 unrouted), using 110997,07 CPU seconds and 462073 MB memory.
2026-08-13 16:39:00.416 INFO   [B1F8ED\011EDF] Auto-router pass #794 on board '2f62153447b22da526a463320c3eb5ac' was completed in 0,58 seconds with the score of 934,49 (20 unrouted), using 111466,58 CPU seconds and 463049 MB memory.
2026-08-13 16:39:00.996 INFO   [B1F8ED\011EDF] Auto-router pass #795 on board '2f62153447b22da526a463320c3eb5ac' was completed in 0,57 seconds with the score of 934,49 (20 unrouted), using 111466,58 CPU seconds and 463049 MB memory.
2026-08-13 16:39:01.583 INFO   [B1F8ED\011EDF] Auto-router pass #796 on board '2f62153447b22da526a463320c3eb5ac' was completed in 0,58 seconds with the score of 934,49 (20 unrouted), using 111937,08 CPU seconds and 464041 MB memory.
2026-08-13 16:39:02.135 INFO   [B1F8ED\011EDF] Auto-router pass #797 on board '2f62153447b22da526a463320c3eb5ac' was completed in 0,55 seconds with the score of 934,49 (20 unrouted), using 112408,57 CPU seconds and 465065 MB memory.
2026-08-13 16:39:02.698 INFO   [B1F8ED\011EDF] Auto-router pass #798 on board '2f62153447b22da526a463320c3eb5ac' was completed in 0,56 seconds with the score of 934,49 (20 unrouted), using 112408,57 CPU seconds and 465065 MB memory.
2026-08-13 16:39:03.290 INFO   [B1F8ED\011EDF] Auto-router pass #799 on board '2f62153447b22da526a463320c3eb5ac' was completed in 0,59 seconds with the score of 934,49 (20 unrouted), using 112881,05 CPU seconds and 466068 MB memory.
2026-08-13 16:39:03.891 INFO   [B1F8ED\011EDF] Auto-router pass #800 on board '2f62153447b22da526a463320c3eb5ac' was completed in 0,59 seconds with the score of 934,49 (20 unrouted), using 112881,05 CPU seconds and 466068 MB memory.
2026-08-13 16:39:04.454 INFO   [B1F8ED\011EDF] Auto-router pass #801 on board '2f62153447b22da526a463320c3eb5ac' was completed in 0,56 seconds with the score of 934,49 (20 unrouted), using 113354,52 CPU seconds and 467046 MB memory.
2026-08-13 16:39:05.075 INFO   [B1F8ED\011EDF] Auto-router pass #802 on board '2f62153447b22da526a463320c3eb5ac' was completed in 0,61 seconds with the score of 934,49 (20 unrouted), using 113354,52 CPU seconds and 467046 MB memory.
2026-08-13 16:39:05.660 INFO   [B1F8ED\011EDF] Auto-router pass #803 on board '2f62153447b22da526a463320c3eb5ac' was completed in 0,58 seconds with the score of 934,49 (20 unrouted), using 113828,98 CPU seconds and 468020 MB memory.
2026-08-13 16:39:06.253 INFO   [B1F8ED\011EDF] Auto-router pass #804 on board '2f62153447b22da526a463320c3eb5ac' was completed in 0,59 seconds with the score of 934,49 (20 unrouted), using 114304,42 CPU seconds and 469008 MB memory.
2026-08-13 16:39:06.844 INFO   [B1F8ED\011EDF] Auto-router pass #805 on board '2f62153447b22da526a463320c3eb5ac' was completed in 0,58 seconds with the score of 934,49 (20 unrouted), using 114304,42 CPU seconds and 469008 MB memory.
2026-08-13 16:39:07.426 INFO   [B1F8ED\011EDF] Auto-router pass #806 on board '2f62153447b22da526a463320c3eb5ac' was completed in 0,57 seconds with the score of 934,49 (20 unrouted), using 114780,86 CPU seconds and 469994 MB memory.
2026-08-13 16:39:08.027 INFO   [B1F8ED\011EDF] Auto-router pass #807 on board '2f62153447b22da526a463320c3eb5ac' was completed in 0,59 seconds with the score of 934,49 (20 unrouted), using 114780,86 CPU seconds and 469994 MB memory.
2026-08-13 16:39:08.649 INFO   [B1F8ED\011EDF] Auto-router pass #808 on board '2f62153447b22da526a463320c3eb5ac' was completed in 0,62 seconds with the score of 934,49 (20 unrouted), using 115258,29 CPU seconds and 470962 MB memory.
2026-08-13 16:39:09.241 INFO   [B1F8ED\011EDF] Auto-router pass #809 on board '2f62153447b22da526a463320c3eb5ac' was completed in 0,59 seconds with the score of 934,49 (20 unrouted), using 115736,71 CPU seconds and 471920 MB memory.
2026-08-13 16:39:09.832 INFO   [B1F8ED\011EDF] Auto-router pass #810 on board '2f62153447b22da526a463320c3eb5ac' was completed in 0,58 seconds with the score of 934,49 (20 unrouted), using 115736,71 CPU seconds and 471920 MB memory.
2026-08-13 16:39:10.415 INFO   [B1F8ED\011EDF] Auto-router pass #811 on board '2f62153447b22da526a463320c3eb5ac' was completed in 0,58 seconds with the score of 934,49 (20 unrouted), using 116216,12 CPU seconds and 472898 MB memory.
2026-08-13 16:39:10.990 INFO   [B1F8ED\011EDF] Auto-router pass #812 on board '2f62153447b22da526a463320c3eb5ac' was completed in 0,57 seconds with the score of 934,49 (20 unrouted), using 116216,12 CPU seconds and 472898 MB memory.
2026-08-13 16:39:11.543 INFO   [B1F8ED\011EDF] Auto-router pass #813 on board '2f62153447b22da526a463320c3eb5ac' was completed in 0,55 seconds with the score of 934,49 (20 unrouted), using 116696,53 CPU seconds and 473915 MB memory.
2026-08-13 16:39:12.100 INFO   [B1F8ED\011EDF] Auto-router pass #814 on board '2f62153447b22da526a463320c3eb5ac' was completed in 0,55 seconds with the score of 934,49 (20 unrouted), using 116696,53 CPU seconds and 473915 MB memory.
2026-08-13 16:39:12.670 INFO   [B1F8ED\011EDF] Auto-router pass #815 on board '2f62153447b22da526a463320c3eb5ac' was completed in 0,56 seconds with the score of 934,49 (20 unrouted), using 117177,93 CPU seconds and 474958 MB memory.
2026-08-13 16:39:13.258 INFO   [B1F8ED\011EDF] Auto-router pass #816 on board '2f62153447b22da526a463320c3eb5ac' was completed in 0,58 seconds with the score of 934,49 (20 unrouted), using 117660,32 CPU seconds and 475953 MB memory.
2026-08-13 16:39:13.845 INFO   [B1F8ED\011EDF] Auto-router pass #817 on board '2f62153447b22da526a463320c3eb5ac' was completed in 0,58 seconds with the score of 934,49 (20 unrouted), using 117660,32 CPU seconds and 475953 MB memory.
2026-08-13 16:39:14.436 INFO   [B1F8ED\011EDF] Auto-router pass #818 on board '2f62153447b22da526a463320c3eb5ac' was completed in 0,58 seconds with the score of 934,49 (20 unrouted), using 118143,70 CPU seconds and 476946 MB memory.
2026-08-13 16:39:15.009 INFO   [B1F8ED\011EDF] Auto-router pass #819 on board '2f62153447b22da526a463320c3eb5ac' was completed in 0,57 seconds with the score of 934,49 (20 unrouted), using 118143,70 CPU seconds and 476946 MB memory.
2026-08-13 16:39:15.583 INFO   [B1F8ED\011EDF] Auto-router pass #820 on board '2f62153447b22da526a463320c3eb5ac' was completed in 0,57 seconds with the score of 934,49 (20 unrouted), using 118628,08 CPU seconds and 477944 MB memory.
2026-08-13 16:39:16.135 INFO   [B1F8ED\011EDF] Auto-router pass #821 on board '2f62153447b22da526a463320c3eb5ac' was completed in 0,55 seconds with the score of 934,49 (20 unrouted), using 119113,45 CPU seconds and 478986 MB memory.
2026-08-13 16:39:16.685 INFO   [B1F8ED\011EDF] Auto-router pass #822 on board '2f62153447b22da526a463320c3eb5ac' was completed in 0,55 seconds with the score of 934,49 (20 unrouted), using 119113,45 CPU seconds and 478986 MB memory.
2026-08-13 16:39:17.237 INFO   [B1F8ED\011EDF] Auto-router pass #823 on board '2f62153447b22da526a463320c3eb5ac' was completed in 0,55 seconds with the score of 934,49 (20 unrouted), using 119599,80 CPU seconds and 480034 MB memory.
2026-08-13 16:39:17.796 INFO   [B1F8ED\011EDF] Auto-router pass #824 on board '2f62153447b22da526a463320c3eb5ac' was completed in 0,55 seconds with the score of 934,49 (20 unrouted), using 119599,80 CPU seconds and 480034 MB memory.
2026-08-13 16:39:18.363 INFO   [B1F8ED\011EDF] Auto-router pass #825 on board '2f62153447b22da526a463320c3eb5ac' was completed in 0,56 seconds with the score of 934,49 (20 unrouted), using 120087,16 CPU seconds and 481077 MB memory.
2026-08-13 16:39:18.967 INFO   [B1F8ED\011EDF] Auto-router pass #826 on board '2f62153447b22da526a463320c3eb5ac' was completed in 0,60 seconds with the score of 934,49 (20 unrouted), using 120087,16 CPU seconds and 481077 MB memory.
2026-08-13 16:39:19.551 INFO   [B1F8ED\011EDF] Auto-router pass #827 on board '2f62153447b22da526a463320c3eb5ac' was completed in 0,58 seconds with the score of 934,49 (20 unrouted), using 120575,50 CPU seconds and 482047 MB memory.
2026-08-13 16:39:20.144 INFO   [B1F8ED\011EDF] Auto-router pass #828 on board '2f62153447b22da526a463320c3eb5ac' was completed in 0,59 seconds with the score of 934,49 (20 unrouted), using 121064,84 CPU seconds and 483037 MB memory.
2026-08-13 16:39:20.753 INFO   [B1F8ED\011EDF] Auto-router pass #829 on board '2f62153447b22da526a463320c3eb5ac' was completed in 0,60 seconds with the score of 934,49 (20 unrouted), using 121064,84 CPU seconds and 483037 MB memory.
2026-08-13 16:39:21.346 INFO   [B1F8ED\011EDF] Auto-router pass #830 on board '2f62153447b22da526a463320c3eb5ac' was completed in 0,59 seconds with the score of 934,49 (20 unrouted), using 121555,16 CPU seconds and 483994 MB memory.
2026-08-13 16:39:21.964 INFO   [B1F8ED\011EDF] Auto-router pass #831 on board '2f62153447b22da526a463320c3eb5ac' was completed in 0,61 seconds with the score of 934,49 (20 unrouted), using 121555,16 CPU seconds and 483994 MB memory.
2026-08-13 16:39:22.570 INFO   [B1F8ED\011EDF] Auto-router pass #832 on board '2f62153447b22da526a463320c3eb5ac' was completed in 0,60 seconds with the score of 934,49 (20 unrouted), using 122046,48 CPU seconds and 484952 MB memory.
2026-08-13 16:39:23.158 INFO   [B1F8ED\011EDF] Auto-router pass #833 on board '2f62153447b22da526a463320c3eb5ac' was completed in 0,58 seconds with the score of 934,49 (20 unrouted), using 122538,78 CPU seconds and 485920 MB memory.
2026-08-13 16:39:23.744 INFO   [B1F8ED\011EDF] Auto-router pass #834 on board '2f62153447b22da526a463320c3eb5ac' was completed in 0,58 seconds with the score of 934,49 (20 unrouted), using 122538,78 CPU seconds and 485920 MB memory.
2026-08-13 16:39:24.307 INFO   [B1F8ED\011EDF] Auto-router pass #835 on board '2f62153447b22da526a463320c3eb5ac' was completed in 0,56 seconds with the score of 934,49 (20 unrouted), using 123032,08 CPU seconds and 486920 MB memory.
2026-08-13 16:39:24.900 INFO   [B1F8ED\011EDF] Auto-router pass #836 on board '2f62153447b22da526a463320c3eb5ac' was completed in 0,59 seconds with the score of 934,49 (20 unrouted), using 123032,08 CPU seconds and 486920 MB memory.
2026-08-13 16:39:25.487 INFO   [B1F8ED\011EDF] Auto-router pass #837 on board '2f62153447b22da526a463320c3eb5ac' was completed in 0,58 seconds with the score of 934,49 (20 unrouted), using 123526,37 CPU seconds and 487915 MB memory.
2026-08-13 16:39:26.075 INFO   [B1F8ED\011EDF] Auto-router pass #838 on board '2f62153447b22da526a463320c3eb5ac' was completed in 0,58 seconds with the score of 934,49 (20 unrouted), using 123526,37 CPU seconds and 487915 MB memory.
2026-08-13 16:39:26.665 INFO   [B1F8ED\011EDF] Auto-router pass #839 on board '2f62153447b22da526a463320c3eb5ac' was completed in 0,58 seconds with the score of 934,49 (20 unrouted), using 124021,65 CPU seconds and 488897 MB memory.
2026-08-13 16:39:27.262 INFO   [B1F8ED\011EDF] Auto-router pass #840 on board '2f62153447b22da526a463320c3eb5ac' was completed in 0,59 seconds with the score of 934,49 (20 unrouted), using 124517,92 CPU seconds and 489879 MB memory.
2026-08-13 16:39:27.846 INFO   [B1F8ED\011EDF] Auto-router pass #841 on board '2f62153447b22da526a463320c3eb5ac' was completed in 0,58 seconds with the score of 934,49 (20 unrouted), using 124517,92 CPU seconds and 489879 MB memory.
2026-08-13 16:39:28.424 INFO   [B1F8ED\011EDF] Auto-router pass #842 on board '2f62153447b22da526a463320c3eb5ac' was completed in 0,57 seconds with the score of 934,49 (20 unrouted), using 125015,18 CPU seconds and 490872 MB memory.
2026-08-13 16:39:29.004 INFO   [B1F8ED\011EDF] Auto-router pass #843 on board '2f62153447b22da526a463320c3eb5ac' was completed in 0,57 seconds with the score of 934,49 (20 unrouted), using 125015,18 CPU seconds and 490872 MB memory.
2026-08-13 16:39:29.579 INFO   [B1F8ED\011EDF] Auto-router pass #844 on board '2f62153447b22da526a463320c3eb5ac' was completed in 0,57 seconds with the score of 934,49 (20 unrouted), using 125513,44 CPU seconds and 491868 MB memory.
2026-08-13 16:39:30.143 INFO   [B1F8ED\011EDF] Auto-router pass #845 on board '2f62153447b22da526a463320c3eb5ac' was completed in 0,56 seconds with the score of 934,49 (20 unrouted), using 126012,69 CPU seconds and 492895 MB memory.
2026-08-13 16:39:30.700 INFO   [B1F8ED\011EDF] Auto-router pass #846 on board '2f62153447b22da526a463320c3eb5ac' was completed in 0,55 seconds with the score of 934,49 (20 unrouted), using 126012,69 CPU seconds and 492895 MB memory.
2026-08-13 16:39:31.249 INFO   [B1F8ED\011EDF] Auto-router pass #847 on board '2f62153447b22da526a463320c3eb5ac' was completed in 0,54 seconds with the score of 934,49 (20 unrouted), using 126512,93 CPU seconds and 493939 MB memory.
2026-08-13 16:39:31.807 INFO   [B1F8ED\011EDF] Auto-router pass #848 on board '2f62153447b22da526a463320c3eb5ac' was completed in 0,55 seconds with the score of 934,49 (20 unrouted), using 126512,93 CPU seconds and 493939 MB memory.
2026-08-13 16:39:32.392 INFO   [B1F8ED\011EDF] Auto-router pass #849 on board '2f62153447b22da526a463320c3eb5ac' was completed in 0,58 seconds with the score of 934,49 (20 unrouted), using 127014,16 CPU seconds and 494970 MB memory.
2026-08-13 16:39:32.966 INFO   [B1F8ED\011EDF] Auto-router pass #850 on board '2f62153447b22da526a463320c3eb5ac' was completed in 0,57 seconds with the score of 934,49 (20 unrouted), using 127014,16 CPU seconds and 494970 MB memory.
2026-08-13 16:39:33.540 INFO   [B1F8ED\011EDF] Auto-router pass #851 on board '2f62153447b22da526a463320c3eb5ac' was completed in 0,57 seconds with the score of 934,49 (20 unrouted), using 127516,39 CPU seconds and 495976 MB memory.
2026-08-13 16:39:34.134 INFO   [B1F8ED\011EDF] Auto-router pass #852 on board '2f62153447b22da526a463320c3eb5ac' was completed in 0,59 seconds with the score of 934,49 (20 unrouted), using 128019,61 CPU seconds and 496965 MB memory.
2026-08-13 16:39:34.733 INFO   [B1F8ED\011EDF] Auto-router pass #853 on board '2f62153447b22da526a463320c3eb5ac' was completed in 0,59 seconds with the score of 934,49 (20 unrouted), using 128019,61 CPU seconds and 496965 MB memory.
2026-08-13 16:39:35.356 INFO   [B1F8ED\011EDF] Auto-router pass #854 on board '2f62153447b22da526a463320c3eb5ac' was completed in 0,62 seconds with the score of 934,49 (20 unrouted), using 128523,81 CPU seconds and 497924 MB memory.
2026-08-13 16:39:35.975 INFO   [B1F8ED\011EDF] Auto-router pass #855 on board '2f62153447b22da526a463320c3eb5ac' was completed in 0,61 seconds with the score of 934,49 (20 unrouted), using 128523,81 CPU seconds and 497924 MB memory.
2026-08-13 16:39:36.625 INFO   [B1F8ED\011EDF] Auto-router pass #856 on board '2f62153447b22da526a463320c3eb5ac' was completed in 0,64 seconds with the score of 934,49 (20 unrouted), using 129029,00 CPU seconds and 498843 MB memory.
2026-08-13 16:39:37.254 INFO   [B1F8ED\011EDF] Auto-router pass #857 on board '2f62153447b22da526a463320c3eb5ac' was completed in 0,62 seconds with the score of 934,49 (20 unrouted), using 129535,18 CPU seconds and 499754 MB memory.
2026-08-13 16:39:37.931 INFO   [B1F8ED\011EDF] Auto-router pass #858 on board '2f62153447b22da526a463320c3eb5ac' was completed in 0,67 seconds with the score of 934,49 (20 unrouted), using 129535,18 CPU seconds and 499754 MB memory.
2026-08-13 16:39:38.554 INFO   [B1F8ED\011EDF] Auto-router pass #859 on board '2f62153447b22da526a463320c3eb5ac' was completed in 0,62 seconds with the score of 934,49 (20 unrouted), using 130042,34 CPU seconds and 500617 MB memory.
2026-08-13 16:39:39.191 INFO   [B1F8ED\011EDF] Auto-router pass #860 on board '2f62153447b22da526a463320c3eb5ac' was completed in 0,63 seconds with the score of 934,49 (20 unrouted), using 130550,48 CPU seconds and 501558 MB memory.
2026-08-13 16:39:39.851 INFO   [B1F8ED\011EDF] Auto-router pass #861 on board '2f62153447b22da526a463320c3eb5ac' was completed in 0,65 seconds with the score of 934,49 (20 unrouted), using 130550,48 CPU seconds and 501558 MB memory.
2026-08-13 16:39:40.474 INFO   [B1F8ED\011EDF] Auto-router pass #862 on board '2f62153447b22da526a463320c3eb5ac' was completed in 0,62 seconds with the score of 934,49 (20 unrouted), using 131059,62 CPU seconds and 502449 MB memory.
2026-08-13 16:39:41.092 INFO   [B1F8ED\011EDF] Auto-router pass #863 on board '2f62153447b22da526a463320c3eb5ac' was completed in 0,61 seconds with the score of 934,49 (20 unrouted), using 131059,62 CPU seconds and 502449 MB memory.
2026-08-13 16:39:41.692 INFO   [B1F8ED\011EDF] Auto-router pass #864 on board '2f62153447b22da526a463320c3eb5ac' was completed in 0,59 seconds with the score of 934,49 (20 unrouted), using 131569,75 CPU seconds and 503378 MB memory.
2026-08-13 16:39:42.320 INFO   [B1F8ED\011EDF] Auto-router pass #865 on board '2f62153447b22da526a463320c3eb5ac' was completed in 0,62 seconds with the score of 934,49 (20 unrouted), using 132080,86 CPU seconds and 504331 MB memory.
2026-08-13 16:39:42.988 INFO   [B1F8ED\011EDF] Auto-router pass #866 on board '2f62153447b22da526a463320c3eb5ac' was completed in 0,66 seconds with the score of 934,49 (20 unrouted), using 132080,86 CPU seconds and 504331 MB memory.
2026-08-13 16:39:43.618 INFO   [B1F8ED\011EDF] Auto-router pass #867 on board '2f62153447b22da526a463320c3eb5ac' was completed in 0,62 seconds with the score of 934,49 (20 unrouted), using 132592,97 CPU seconds and 505215 MB memory.
2026-08-13 16:39:44.213 INFO   [B1F8ED\011EDF] Auto-router pass #868 on board '2f62153447b22da526a463320c3eb5ac' was completed in 0,59 seconds with the score of 934,49 (20 unrouted), using 133106,06 CPU seconds and 506167 MB memory.
2026-08-13 16:39:44.854 INFO   [B1F8ED\011EDF] Auto-router pass #869 on board '2f62153447b22da526a463320c3eb5ac' was completed in 0,64 seconds with the score of 934,49 (20 unrouted), using 133106,06 CPU seconds and 506167 MB memory.
2026-08-13 16:39:45.461 INFO   [B1F8ED\011EDF] Auto-router pass #870 on board '2f62153447b22da526a463320c3eb5ac' was completed in 0,60 seconds with the score of 934,49 (20 unrouted), using 133620,16 CPU seconds and 507090 MB memory.
2026-08-13 16:39:46.060 INFO   [B1F8ED\011EDF] Auto-router pass #871 on board '2f62153447b22da526a463320c3eb5ac' was completed in 0,59 seconds with the score of 934,49 (20 unrouted), using 133620,16 CPU seconds and 507090 MB memory.
2026-08-13 16:39:46.677 INFO   [B1F8ED\011EDF] Auto-router pass #872 on board '2f62153447b22da526a463320c3eb5ac' was completed in 0,61 seconds with the score of 934,49 (20 unrouted), using 134135,23 CPU seconds and 508047 MB memory.
2026-08-13 16:39:47.266 INFO   [B1F8ED\011EDF] Auto-router pass #873 on board '2f62153447b22da526a463320c3eb5ac' was completed in 0,58 seconds with the score of 934,49 (20 unrouted), using 134651,31 CPU seconds and 509003 MB memory.
2026-08-13 16:39:47.857 INFO   [B1F8ED\011EDF] Auto-router pass #874 on board '2f62153447b22da526a463320c3eb5ac' was completed in 0,58 seconds with the score of 934,49 (20 unrouted), using 134651,31 CPU seconds and 509003 MB memory.
2026-08-13 16:39:48.492 INFO   [B1F8ED\011EDF] Auto-router pass #875 on board '2f62153447b22da526a463320c3eb5ac' was completed in 0,63 seconds with the score of 934,49 (20 unrouted), using 135168,38 CPU seconds and 509992 MB memory.
2026-08-13 16:39:49.103 INFO   [B1F8ED\011EDF] Auto-router pass #876 on board '2f62153447b22da526a463320c3eb5ac' was completed in 0,61 seconds with the score of 934,49 (20 unrouted), using 135168,38 CPU seconds and 509992 MB memory.
2026-08-13 16:39:49.708 INFO   [B1F8ED\011EDF] Auto-router pass #877 on board '2f62153447b22da526a463320c3eb5ac' was completed in 0,60 seconds with the score of 934,49 (20 unrouted), using 135686,42 CPU seconds and 510913 MB memory.
2026-08-13 16:39:50.356 INFO   [B1F8ED\011EDF] Auto-router pass #878 on board '2f62153447b22da526a463320c3eb5ac' was completed in 0,64 seconds with the score of 934,49 (20 unrouted), using 136205,45 CPU seconds and 511857 MB memory.
2026-08-13 16:39:51.005 INFO   [B1F8ED\011EDF] Auto-router pass #879 on board '2f62153447b22da526a463320c3eb5ac' was completed in 0,64 seconds with the score of 934,49 (20 unrouted), using 136205,45 CPU seconds and 511857 MB memory.
2026-08-13 16:39:51.691 INFO   [B1F8ED\011EDF] Auto-router pass #880 on board '2f62153447b22da526a463320c3eb5ac' was completed in 0,68 seconds with the score of 934,49 (20 unrouted), using 136725,47 CPU seconds and 512735 MB memory.
2026-08-13 16:39:52.436 INFO   [B1F8ED\011EDF] Auto-router pass #881 on board '2f62153447b22da526a463320c3eb5ac' was completed in 0,74 seconds with the score of 934,49 (20 unrouted), using 137246,48 CPU seconds and 513557 MB memory.
2026-08-13 16:39:53.176 INFO   [B1F8ED\011EDF] Auto-router pass #882 on board '2f62153447b22da526a463320c3eb5ac' was completed in 0,73 seconds with the score of 934,49 (20 unrouted), using 137768,48 CPU seconds and 514327 MB memory.
2026-08-13 16:39:53.839 INFO   [B1F8ED\011EDF] Auto-router pass #883 on board '2f62153447b22da526a463320c3eb5ac' was completed in 0,66 seconds with the score of 934,49 (20 unrouted), using 137768,48 CPU seconds and 514327 MB memory.
2026-08-13 16:39:54.509 INFO   [B1F8ED\011EDF] Auto-router pass #884 on board '2f62153447b22da526a463320c3eb5ac' was completed in 0,66 seconds with the score of 934,49 (20 unrouted), using 138291,47 CPU seconds and 515193 MB memory.
2026-08-13 16:39:55.147 INFO   [B1F8ED\011EDF] Auto-router pass #885 on board '2f62153447b22da526a463320c3eb5ac' was completed in 0,63 seconds with the score of 934,49 (20 unrouted), using 138815,45 CPU seconds and 516093 MB memory.
2026-08-13 16:39:55.785 INFO   [B1F8ED\011EDF] Auto-router pass #886 on board '2f62153447b22da526a463320c3eb5ac' was completed in 0,63 seconds with the score of 934,49 (20 unrouted), using 138815,45 CPU seconds and 516093 MB memory.
2026-08-13 16:39:56.448 INFO   [B1F8ED\011EDF] Auto-router pass #887 on board '2f62153447b22da526a463320c3eb5ac' was completed in 0,66 seconds with the score of 934,49 (20 unrouted), using 139340,42 CPU seconds and 516971 MB memory.
2026-08-13 16:39:57.087 INFO   [B1F8ED\011EDF] Auto-router pass #888 on board '2f62153447b22da526a463320c3eb5ac' was completed in 0,63 seconds with the score of 934,49 (20 unrouted), using 139340,42 CPU seconds and 516971 MB memory.
2026-08-13 16:39:57.726 INFO   [B1F8ED\011EDF] Auto-router pass #889 on board '2f62153447b22da526a463320c3eb5ac' was completed in 0,63 seconds with the score of 934,49 (20 unrouted), using 139866,39 CPU seconds and 517887 MB memory.
2026-08-13 16:39:58.326 INFO   [B1F8ED\011EDF] Auto-router pass #890 on board '2f62153447b22da526a463320c3eb5ac' was completed in 0,59 seconds with the score of 934,49 (20 unrouted), using 140393,34 CPU seconds and 518812 MB memory.
2026-08-13 16:39:58.935 INFO   [B1F8ED\011EDF] Auto-router pass #891 on board '2f62153447b22da526a463320c3eb5ac' was completed in 0,60 seconds with the score of 934,49 (20 unrouted), using 140393,34 CPU seconds and 518812 MB memory.
2026-08-13 16:39:59.617 INFO   [B1F8ED\011EDF] Auto-router pass #892 on board '2f62153447b22da526a463320c3eb5ac' was completed in 0,68 seconds with the score of 934,49 (20 unrouted), using 140921,28 CPU seconds and 519760 MB memory.
2026-08-13 16:40:00.341 INFO   [B1F8ED\011EDF] Auto-router pass #893 on board '2f62153447b22da526a463320c3eb5ac' was completed in 0,72 seconds with the score of 934,49 (20 unrouted), using 141450,22 CPU seconds and 520567 MB memory.
2026-08-13 16:40:00.969 INFO   [B1F8ED\011EDF] Auto-router pass #894 on board '2f62153447b22da526a463320c3eb5ac' was completed in 0,62 seconds with the score of 934,49 (20 unrouted), using 141450,22 CPU seconds and 520567 MB memory.
2026-08-13 16:40:01.575 INFO   [B1F8ED\011EDF] Auto-router pass #895 on board '2f62153447b22da526a463320c3eb5ac' was completed in 0,60 seconds with the score of 934,49 (20 unrouted), using 141980,14 CPU seconds and 521475 MB memory.
2026-08-13 16:40:02.229 INFO   [B1F8ED\011EDF] Auto-router pass #896 on board '2f62153447b22da526a463320c3eb5ac' was completed in 0,65 seconds with the score of 934,49 (20 unrouted), using 142511,05 CPU seconds and 522401 MB memory.
2026-08-13 16:40:02.841 INFO   [B1F8ED\011EDF] Auto-router pass #897 on board '2f62153447b22da526a463320c3eb5ac' was completed in 0,61 seconds with the score of 934,49 (20 unrouted), using 142511,05 CPU seconds and 522401 MB memory.
2026-08-13 16:40:03.466 INFO   [B1F8ED\011EDF] Auto-router pass #898 on board '2f62153447b22da526a463320c3eb5ac' was completed in 0,62 seconds with the score of 934,49 (20 unrouted), using 143042,95 CPU seconds and 523339 MB memory.
2026-08-13 16:40:04.147 INFO   [B1F8ED\011EDF] Auto-router pass #899 on board '2f62153447b22da526a463320c3eb5ac' was completed in 0,68 seconds with the score of 934,49 (20 unrouted), using 143575,84 CPU seconds and 524210 MB memory.
2026-08-13 16:40:04.747 INFO   [B1F8ED\011EDF] Auto-router pass #900 on board '2f62153447b22da526a463320c3eb5ac' was completed in 0,59 seconds with the score of 934,49 (20 unrouted), using 143575,84 CPU seconds and 524210 MB memory.
2026-08-13 16:40:05.326 INFO   [B1F8ED\011EDF] Auto-router pass #901 on board '2f62153447b22da526a463320c3eb5ac' was completed in 0,57 seconds with the score of 934,49 (20 unrouted), using 144109,72 CPU seconds and 525192 MB memory.
2026-08-13 16:40:05.956 INFO   [B1F8ED\011EDF] Auto-router pass #902 on board '2f62153447b22da526a463320c3eb5ac' was completed in 0,62 seconds with the score of 934,49 (20 unrouted), using 144109,72 CPU seconds and 525192 MB memory.
2026-08-13 16:40:06.559 INFO   [B1F8ED\011EDF] Auto-router pass #903 on board '2f62153447b22da526a463320c3eb5ac' was completed in 0,60 seconds with the score of 934,49 (20 unrouted), using 144644,59 CPU seconds and 526123 MB memory.
2026-08-13 16:40:07.140 INFO   [B1F8ED\011EDF] Auto-router pass #904 on board '2f62153447b22da526a463320c3eb5ac' was completed in 0,58 seconds with the score of 934,49 (20 unrouted), using 144644,59 CPU seconds and 526123 MB memory.
2026-08-13 16:40:07.729 INFO   [B1F8ED\011EDF] Auto-router pass #905 on board '2f62153447b22da526a463320c3eb5ac' was completed in 0,58 seconds with the score of 934,49 (20 unrouted), using 145180,45 CPU seconds and 527118 MB memory.
2026-08-13 16:40:08.308 INFO   [B1F8ED\011EDF] Auto-router pass #906 on board '2f62153447b22da526a463320c3eb5ac' was completed in 0,57 seconds with the score of 934,49 (20 unrouted), using 145717,31 CPU seconds and 528107 MB memory.
2026-08-13 16:40:08.909 INFO   [B1F8ED\011EDF] Auto-router pass #907 on board '2f62153447b22da526a463320c3eb5ac' was completed in 0,59 seconds with the score of 934,49 (20 unrouted), using 145717,31 CPU seconds and 528107 MB memory.
2026-08-13 16:40:09.513 INFO   [B1F8ED\011EDF] Auto-router pass #908 on board '2f62153447b22da526a463320c3eb5ac' was completed in 0,60 seconds with the score of 934,49 (20 unrouted), using 146255,16 CPU seconds and 529076 MB memory.
2026-08-13 16:40:10.091 INFO   [B1F8ED\011EDF] Auto-router pass #909 on board '2f62153447b22da526a463320c3eb5ac' was completed in 0,57 seconds with the score of 934,49 (20 unrouted), using 146255,16 CPU seconds and 529076 MB memory.
2026-08-13 16:40:10.692 INFO   [B1F8ED\011EDF] Auto-router pass #910 on board '2f62153447b22da526a463320c3eb5ac' was completed in 0,59 seconds with the score of 934,49 (20 unrouted), using 146794,00 CPU seconds and 530062 MB memory.
2026-08-13 16:40:11.308 INFO   [B1F8ED\011EDF] Auto-router pass #911 on board '2f62153447b22da526a463320c3eb5ac' was completed in 0,61 seconds with the score of 934,49 (20 unrouted), using 147333,83 CPU seconds and 531015 MB memory.
2026-08-13 16:40:11.916 INFO   [B1F8ED\011EDF] Auto-router pass #912 on board '2f62153447b22da526a463320c3eb5ac' was completed in 0,60 seconds with the score of 934,49 (20 unrouted), using 147333,83 CPU seconds and 531015 MB memory.
2026-08-13 16:40:12.494 INFO   [B1F8ED\011EDF] Auto-router pass #913 on board '2f62153447b22da526a463320c3eb5ac' was completed in 0,57 seconds with the score of 934,49 (20 unrouted), using 147874,66 CPU seconds and 531973 MB memory.
2026-08-13 16:40:13.067 INFO   [B1F8ED\011EDF] Auto-router pass #914 on board '2f62153447b22da526a463320c3eb5ac' was completed in 0,57 seconds with the score of 934,49 (20 unrouted), using 147874,66 CPU seconds and 531973 MB memory.
2026-08-13 16:40:13.662 INFO   [B1F8ED\011EDF] Auto-router pass #915 on board '2f62153447b22da526a463320c3eb5ac' was completed in 0,59 seconds with the score of 934,49 (20 unrouted), using 148416,47 CPU seconds and 532978 MB memory.
2026-08-13 16:40:14.255 INFO   [B1F8ED\011EDF] Auto-router pass #916 on board '2f62153447b22da526a463320c3eb5ac' was completed in 0,59 seconds with the score of 934,49 (20 unrouted), using 148959,27 CPU seconds and 533963 MB memory.
2026-08-13 16:40:14.841 INFO   [B1F8ED\011EDF] Auto-router pass #917 on board '2f62153447b22da526a463320c3eb5ac' was completed in 0,58 seconds with the score of 934,49 (20 unrouted), using 148959,27 CPU seconds and 533963 MB memory.
2026-08-13 16:40:15.432 INFO   [B1F8ED\011EDF] Auto-router pass #918 on board '2f62153447b22da526a463320c3eb5ac' was completed in 0,58 seconds with the score of 934,49 (20 unrouted), using 149503,06 CPU seconds and 534950 MB memory.
2026-08-13 16:40:16.027 INFO   [B1F8ED\011EDF] Auto-router pass #919 on board '2f62153447b22da526a463320c3eb5ac' was completed in 0,59 seconds with the score of 934,49 (20 unrouted), using 149503,06 CPU seconds and 534950 MB memory.
2026-08-13 16:40:16.631 INFO   [B1F8ED\011EDF] Auto-router pass #920 on board '2f62153447b22da526a463320c3eb5ac' was completed in 0,60 seconds with the score of 934,49 (20 unrouted), using 150047,86 CPU seconds and 535918 MB memory.
2026-08-13 16:40:17.207 INFO   [B1F8ED\011EDF] Auto-router pass #921 on board '2f62153447b22da526a463320c3eb5ac' was completed in 0,57 seconds with the score of 934,49 (20 unrouted), using 150593,64 CPU seconds and 536908 MB memory.
2026-08-13 16:40:17.803 INFO   [B1F8ED\011EDF] Auto-router pass #922 on board '2f62153447b22da526a463320c3eb5ac' was completed in 0,59 seconds with the score of 934,49 (20 unrouted), using 150593,64 CPU seconds and 536908 MB memory.
2026-08-13 16:40:18.422 INFO   [B1F8ED\011EDF] Auto-router pass #923 on board '2f62153447b22da526a463320c3eb5ac' was completed in 0,61 seconds with the score of 934,49 (20 unrouted), using 151140,42 CPU seconds and 537880 MB memory.
2026-08-13 16:40:19.072 INFO   [B1F8ED\011EDF] Auto-router pass #924 on board '2f62153447b22da526a463320c3eb5ac' was completed in 0,64 seconds with the score of 934,49 (20 unrouted), using 151140,42 CPU seconds and 537880 MB memory.
2026-08-13 16:40:19.668 INFO   [B1F8ED\011EDF] Auto-router pass #925 on board '2f62153447b22da526a463320c3eb5ac' was completed in 0,59 seconds with the score of 934,49 (20 unrouted), using 151688,19 CPU seconds and 538779 MB memory.
2026-08-13 16:40:20.263 INFO   [B1F8ED\011EDF] Auto-router pass #926 on board '2f62153447b22da526a463320c3eb5ac' was completed in 0,59 seconds with the score of 934,49 (20 unrouted), using 152236,95 CPU seconds and 539754 MB memory.
2026-08-13 16:40:20.843 INFO   [B1F8ED\011EDF] Auto-router pass #927 on board '2f62153447b22da526a463320c3eb5ac' was completed in 0,57 seconds with the score of 934,49 (20 unrouted), using 152236,95 CPU seconds and 539754 MB memory.
2026-08-13 16:40:21.444 INFO   [B1F8ED\011EDF] Auto-router pass #928 on board '2f62153447b22da526a463320c3eb5ac' was completed in 0,59 seconds with the score of 934,49 (20 unrouted), using 152786,70 CPU seconds and 540736 MB memory.
2026-08-13 16:40:22.032 INFO   [B1F8ED\011EDF] Auto-router pass #929 on board '2f62153447b22da526a463320c3eb5ac' was completed in 0,58 seconds with the score of 934,49 (20 unrouted), using 152786,70 CPU seconds and 540736 MB memory.
2026-08-13 16:40:22.624 INFO   [B1F8ED\011EDF] Auto-router pass #930 on board '2f62153447b22da526a463320c3eb5ac' was completed in 0,59 seconds with the score of 934,49 (20 unrouted), using 153337,45 CPU seconds and 541720 MB memory.
2026-08-13 16:40:23.215 INFO   [B1F8ED\011EDF] Auto-router pass #931 on board '2f62153447b22da526a463320c3eb5ac' was completed in 0,58 seconds with the score of 934,49 (20 unrouted), using 153889,19 CPU seconds and 542699 MB memory.
2026-08-13 16:40:23.803 INFO   [B1F8ED\011EDF] Auto-router pass #932 on board '2f62153447b22da526a463320c3eb5ac' was completed in 0,58 seconds with the score of 934,49 (20 unrouted), using 153889,19 CPU seconds and 542699 MB memory.
2026-08-13 16:40:24.360 INFO   [B1F8ED\011EDF] Auto-router pass #933 on board '2f62153447b22da526a463320c3eb5ac' was completed in 0,55 seconds with the score of 934,49 (20 unrouted), using 154441,91 CPU seconds and 543705 MB memory.
2026-08-13 16:40:24.925 INFO   [B1F8ED\011EDF] Auto-router pass #934 on board '2f62153447b22da526a463320c3eb5ac' was completed in 0,56 seconds with the score of 934,49 (20 unrouted), using 154441,91 CPU seconds and 543705 MB memory.
2026-08-13 16:40:25.539 INFO   [B1F8ED\011EDF] Auto-router pass #935 on board '2f62153447b22da526a463320c3eb5ac' was completed in 0,61 seconds with the score of 934,49 (20 unrouted), using 154995,62 CPU seconds and 544706 MB memory.
2026-08-13 16:40:26.136 INFO   [B1F8ED\011EDF] Auto-router pass #936 on board '2f62153447b22da526a463320c3eb5ac' was completed in 0,59 seconds with the score of 934,49 (20 unrouted), using 154995,62 CPU seconds and 544706 MB memory.
2026-08-13 16:40:26.722 INFO   [B1F8ED\011EDF] Auto-router pass #937 on board '2f62153447b22da526a463320c3eb5ac' was completed in 0,58 seconds with the score of 934,49 (20 unrouted), using 155550,33 CPU seconds and 545678 MB memory.
2026-08-13 16:40:27.285 INFO   [B1F8ED\011EDF] Auto-router pass #938 on board '2f62153447b22da526a463320c3eb5ac' was completed in 0,56 seconds with the score of 934,49 (20 unrouted), using 156106,03 CPU seconds and 546686 MB memory.
2026-08-13 16:40:27.892 INFO   [B1F8ED\011EDF] Auto-router pass #939 on board '2f62153447b22da526a463320c3eb5ac' was completed in 0,60 seconds with the score of 934,49 (20 unrouted), using 156106,03 CPU seconds and 546686 MB memory.
2026-08-13 16:40:28.497 INFO   [B1F8ED\011EDF] Auto-router pass #940 on board '2f62153447b22da526a463320c3eb5ac' was completed in 0,60 seconds with the score of 934,49 (20 unrouted), using 156662,72 CPU seconds and 547652 MB memory.
2026-08-13 16:40:29.078 INFO   [B1F8ED\011EDF] Auto-router pass #941 on board '2f62153447b22da526a463320c3eb5ac' was completed in 0,58 seconds with the score of 934,49 (20 unrouted), using 156662,72 CPU seconds and 547652 MB memory.
2026-08-13 16:40:29.668 INFO   [B1F8ED\011EDF] Auto-router pass #942 on board '2f62153447b22da526a463320c3eb5ac' was completed in 0,58 seconds with the score of 934,49 (20 unrouted), using 157220,39 CPU seconds and 548636 MB memory.
2026-08-13 16:40:30.256 INFO   [B1F8ED\011EDF] Auto-router pass #943 on board '2f62153447b22da526a463320c3eb5ac' was completed in 0,58 seconds with the score of 934,49 (20 unrouted), using 157779,06 CPU seconds and 549620 MB memory.
2026-08-13 16:40:30.864 INFO   [B1F8ED\011EDF] Auto-router pass #944 on board '2f62153447b22da526a463320c3eb5ac' was completed in 0,60 seconds with the score of 934,49 (20 unrouted), using 157779,06 CPU seconds and 549620 MB memory.
2026-08-13 16:40:31.471 INFO   [B1F8ED\011EDF] Auto-router pass #945 on board '2f62153447b22da526a463320c3eb5ac' was completed in 0,60 seconds with the score of 934,49 (20 unrouted), using 158338,72 CPU seconds and 550572 MB memory.
2026-08-13 16:40:32.083 INFO   [B1F8ED\011EDF] Auto-router pass #946 on board '2f62153447b22da526a463320c3eb5ac' was completed in 0,61 seconds with the score of 934,49 (20 unrouted), using 158338,72 CPU seconds and 550572 MB memory.
2026-08-13 16:40:32.666 INFO   [B1F8ED\011EDF] Auto-router pass #947 on board '2f62153447b22da526a463320c3eb5ac' was completed in 0,58 seconds with the score of 934,49 (20 unrouted), using 158899,36 CPU seconds and 551528 MB memory.
2026-08-13 16:40:33.235 INFO   [B1F8ED\011EDF] Auto-router pass #948 on board '2f62153447b22da526a463320c3eb5ac' was completed in 0,56 seconds with the score of 934,49 (20 unrouted), using 159460,98 CPU seconds and 552538 MB memory.
2026-08-13 16:40:33.820 INFO   [B1F8ED\011EDF] Auto-router pass #949 on board '2f62153447b22da526a463320c3eb5ac' was completed in 0,58 seconds with the score of 934,49 (20 unrouted), using 159460,98 CPU seconds and 552538 MB memory.
2026-08-13 16:40:34.432 INFO   [B1F8ED\011EDF] Auto-router pass #950 on board '2f62153447b22da526a463320c3eb5ac' was completed in 0,61 seconds with the score of 934,49 (20 unrouted), using 160023,59 CPU seconds and 553520 MB memory.
2026-08-13 16:40:35.039 INFO   [B1F8ED\011EDF] Auto-router pass #951 on board '2f62153447b22da526a463320c3eb5ac' was completed in 0,60 seconds with the score of 934,49 (20 unrouted), using 160023,59 CPU seconds and 553520 MB memory.
2026-08-13 16:40:35.637 INFO   [B1F8ED\011EDF] Auto-router pass #952 on board '2f62153447b22da526a463320c3eb5ac' was completed in 0,59 seconds with the score of 934,49 (20 unrouted), using 160587,20 CPU seconds and 554469 MB memory.
2026-08-13 16:40:36.197 INFO   [B1F8ED\011EDF] Auto-router pass #953 on board '2f62153447b22da526a463320c3eb5ac' was completed in 0,55 seconds with the score of 934,49 (20 unrouted), using 161151,80 CPU seconds and 555477 MB memory.
2026-08-13 16:40:36.798 INFO   [B1F8ED\011EDF] Auto-router pass #954 on board '2f62153447b22da526a463320c3eb5ac' was completed in 0,60 seconds with the score of 934,49 (20 unrouted), using 161151,80 CPU seconds and 555477 MB memory.
2026-08-13 16:40:37.399 INFO   [B1F8ED\011EDF] Auto-router pass #955 on board '2f62153447b22da526a463320c3eb5ac' was completed in 0,59 seconds with the score of 934,49 (20 unrouted), using 161717,38 CPU seconds and 556444 MB memory.
2026-08-13 16:40:38.003 INFO   [B1F8ED\011EDF] Auto-router pass #956 on board '2f62153447b22da526a463320c3eb5ac' was completed in 0,60 seconds with the score of 934,49 (20 unrouted), using 161717,38 CPU seconds and 556444 MB memory.
2026-08-13 16:40:38.591 INFO   [B1F8ED\011EDF] Auto-router pass #957 on board '2f62153447b22da526a463320c3eb5ac' was completed in 0,58 seconds with the score of 934,49 (20 unrouted), using 162283,95 CPU seconds and 557415 MB memory.
2026-08-13 16:40:39.207 INFO   [B1F8ED\011EDF] Auto-router pass #958 on board '2f62153447b22da526a463320c3eb5ac' was completed in 0,61 seconds with the score of 934,49 (20 unrouted), using 162851,52 CPU seconds and 558366 MB memory.
2026-08-13 16:40:39.786 INFO   [B1F8ED\011EDF] Auto-router pass #959 on board '2f62153447b22da526a463320c3eb5ac' was completed in 0,57 seconds with the score of 934,49 (20 unrouted), using 162851,52 CPU seconds and 558366 MB memory.
2026-08-13 16:40:40.385 INFO   [B1F8ED\011EDF] Auto-router pass #960 on board '2f62153447b22da526a463320c3eb5ac' was completed in 0,59 seconds with the score of 934,49 (20 unrouted), using 163420,06 CPU seconds and 559347 MB memory.
2026-08-13 16:40:40.952 INFO   [B1F8ED\011EDF] Auto-router pass #961 on board '2f62153447b22da526a463320c3eb5ac' was completed in 0,56 seconds with the score of 934,49 (20 unrouted), using 163420,06 CPU seconds and 559347 MB memory.
2026-08-13 16:40:41.605 INFO   [B1F8ED\011EDF] Auto-router pass #962 on board '2f62153447b22da526a463320c3eb5ac' was completed in 0,65 seconds with the score of 934,49 (20 unrouted), using 163989,59 CPU seconds and 560357 MB memory.
2026-08-13 16:40:42.251 INFO   [B1F8ED\011EDF] Auto-router pass #963 on board '2f62153447b22da526a463320c3eb5ac' was completed in 0,64 seconds with the score of 934,49 (20 unrouted), using 164560,12 CPU seconds and 561226 MB memory.
2026-08-13 16:40:42.941 INFO   [B1F8ED\011EDF] Auto-router pass #964 on board '2f62153447b22da526a463320c3eb5ac' was completed in 0,68 seconds with the score of 934,49 (20 unrouted), using 164560,12 CPU seconds and 561226 MB memory.
2026-08-13 16:40:43.637 INFO   [B1F8ED\011EDF] Auto-router pass #965 on board '2f62153447b22da526a463320c3eb5ac' was completed in 0,69 seconds with the score of 934,49 (20 unrouted), using 165131,64 CPU seconds and 562076 MB memory.
2026-08-13 16:40:44.239 INFO   [B1F8ED\011EDF] Auto-router pass #966 on board '2f62153447b22da526a463320c3eb5ac' was completed in 0,59 seconds with the score of 934,49 (20 unrouted), using 165704,16 CPU seconds and 562980 MB memory.
2026-08-13 16:40:44.846 INFO   [B1F8ED\011EDF] Auto-router pass #967 on board '2f62153447b22da526a463320c3eb5ac' was completed in 0,60 seconds with the score of 934,49 (20 unrouted), using 165704,16 CPU seconds and 562980 MB memory.
2026-08-13 16:40:45.454 INFO   [B1F8ED\011EDF] Auto-router pass #968 on board '2f62153447b22da526a463320c3eb5ac' was completed in 0,60 seconds with the score of 934,49 (20 unrouted), using 166277,66 CPU seconds and 563934 MB memory.
2026-08-13 16:40:46.052 INFO   [B1F8ED\011EDF] Auto-router pass #969 on board '2f62153447b22da526a463320c3eb5ac' was completed in 0,59 seconds with the score of 934,49 (20 unrouted), using 166277,66 CPU seconds and 563934 MB memory.
2026-08-13 16:40:46.648 INFO   [B1F8ED\011EDF] Auto-router pass #970 on board '2f62153447b22da526a463320c3eb5ac' was completed in 0,59 seconds with the score of 934,49 (20 unrouted), using 166852,14 CPU seconds and 564897 MB memory.
2026-08-13 16:40:47.241 INFO   [B1F8ED\011EDF] Auto-router pass #971 on board '2f62153447b22da526a463320c3eb5ac' was completed in 0,59 seconds with the score of 934,49 (20 unrouted), using 167427,62 CPU seconds and 565877 MB memory.
2026-08-13 16:40:47.851 INFO   [B1F8ED\011EDF] Auto-router pass #972 on board '2f62153447b22da526a463320c3eb5ac' was completed in 0,60 seconds with the score of 934,49 (20 unrouted), using 167427,62 CPU seconds and 565877 MB memory.
2026-08-13 16:40:48.452 INFO   [B1F8ED\011EDF] Auto-router pass #973 on board '2f62153447b22da526a463320c3eb5ac' was completed in 0,59 seconds with the score of 934,49 (20 unrouted), using 168004,09 CPU seconds and 566836 MB memory.
2026-08-13 16:40:49.042 INFO   [B1F8ED\011EDF] Auto-router pass #974 on board '2f62153447b22da526a463320c3eb5ac' was completed in 0,58 seconds with the score of 934,49 (20 unrouted), using 168004,09 CPU seconds and 566836 MB memory.
2026-08-13 16:40:49.620 INFO   [B1F8ED\011EDF] Auto-router pass #975 on board '2f62153447b22da526a463320c3eb5ac' was completed in 0,57 seconds with the score of 934,49 (20 unrouted), using 168581,56 CPU seconds and 567818 MB memory.
2026-08-13 16:40:50.219 INFO   [B1F8ED\011EDF] Auto-router pass #976 on board '2f62153447b22da526a463320c3eb5ac' was completed in 0,59 seconds with the score of 934,49 (20 unrouted), using 169160,02 CPU seconds and 568799 MB memory.
2026-08-13 16:40:50.813 INFO   [B1F8ED\011EDF] Auto-router pass #977 on board '2f62153447b22da526a463320c3eb5ac' was completed in 0,59 seconds with the score of 934,49 (20 unrouted), using 169160,02 CPU seconds and 568799 MB memory.
2026-08-13 16:40:51.410 INFO   [B1F8ED\011EDF] Auto-router pass #978 on board '2f62153447b22da526a463320c3eb5ac' was completed in 0,59 seconds with the score of 934,49 (20 unrouted), using 169739,47 CPU seconds and 569772 MB memory.
2026-08-13 16:40:52.000 INFO   [B1F8ED\011EDF] Auto-router pass #979 on board '2f62153447b22da526a463320c3eb5ac' was completed in 0,58 seconds with the score of 934,49 (20 unrouted), using 169739,47 CPU seconds and 569772 MB memory.
2026-08-13 16:40:52.604 INFO   [B1F8ED\011EDF] Auto-router pass #980 on board '2f62153447b22da526a463320c3eb5ac' was completed in 0,60 seconds with the score of 934,49 (20 unrouted), using 170319,91 CPU seconds and 570747 MB memory.
2026-08-13 16:40:53.254 INFO   [B1F8ED\011EDF] Auto-router pass #981 on board '2f62153447b22da526a463320c3eb5ac' was completed in 0,65 seconds with the score of 934,49 (20 unrouted), using 170901,34 CPU seconds and 571664 MB memory.
2026-08-13 16:40:53.847 INFO   [B1F8ED\011EDF] Auto-router pass #982 on board '2f62153447b22da526a463320c3eb5ac' was completed in 0,59 seconds with the score of 934,49 (20 unrouted), using 170901,34 CPU seconds and 571664 MB memory.
2026-08-13 16:40:54.446 INFO   [B1F8ED\011EDF] Auto-router pass #983 on board '2f62153447b22da526a463320c3eb5ac' was completed in 0,59 seconds with the score of 934,49 (20 unrouted), using 171483,77 CPU seconds and 572639 MB memory.
2026-08-13 16:40:55.111 INFO   [B1F8ED\011EDF] Auto-router pass #984 on board '2f62153447b22da526a463320c3eb5ac' was completed in 0,66 seconds with the score of 934,49 (20 unrouted), using 171483,77 CPU seconds and 572639 MB memory.
2026-08-13 16:40:55.718 INFO   [B1F8ED\011EDF] Auto-router pass #985 on board '2f62153447b22da526a463320c3eb5ac' was completed in 0,60 seconds with the score of 934,49 (20 unrouted), using 172067,19 CPU seconds and 573540 MB memory.
2026-08-13 16:40:56.325 INFO   [B1F8ED\011EDF] Auto-router pass #986 on board '2f62153447b22da526a463320c3eb5ac' was completed in 0,60 seconds with the score of 934,49 (20 unrouted), using 172651,59 CPU seconds and 574496 MB memory.
2026-08-13 16:40:56.931 INFO   [B1F8ED\011EDF] Auto-router pass #987 on board '2f62153447b22da526a463320c3eb5ac' was completed in 0,60 seconds with the score of 934,49 (20 unrouted), using 172651,59 CPU seconds and 574496 MB memory.
2026-08-13 16:40:57.522 INFO   [B1F8ED\011EDF] Auto-router pass #988 on board '2f62153447b22da526a463320c3eb5ac' was completed in 0,58 seconds with the score of 934,49 (20 unrouted), using 173236,98 CPU seconds and 575455 MB memory.
2026-08-13 16:40:58.096 INFO   [B1F8ED\011EDF] Auto-router pass #989 on board '2f62153447b22da526a463320c3eb5ac' was completed in 0,57 seconds with the score of 934,49 (20 unrouted), using 173236,98 CPU seconds and 575455 MB memory.
2026-08-13 16:40:58.680 INFO   [B1F8ED\011EDF] Auto-router pass #990 on board '2f62153447b22da526a463320c3eb5ac' was completed in 0,58 seconds with the score of 934,49 (20 unrouted), using 173823,38 CPU seconds and 576458 MB memory.
2026-08-13 16:40:59.284 INFO   [B1F8ED\011EDF] Auto-router pass #991 on board '2f62153447b22da526a463320c3eb5ac' was completed in 0,60 seconds with the score of 934,49 (20 unrouted), using 174410,75 CPU seconds and 577435 MB memory.
2026-08-13 16:40:59.910 INFO   [B1F8ED\011EDF] Auto-router pass #992 on board '2f62153447b22da526a463320c3eb5ac' was completed in 0,62 seconds with the score of 934,49 (20 unrouted), using 174410,75 CPU seconds and 577435 MB memory.
2026-08-13 16:41:00.529 INFO   [B1F8ED\011EDF] Auto-router pass #993 on board '2f62153447b22da526a463320c3eb5ac' was completed in 0,61 seconds with the score of 934,49 (20 unrouted), using 174999,12 CPU seconds and 578357 MB memory.
2026-08-13 16:41:01.105 INFO   [B1F8ED\011EDF] Auto-router pass #994 on board '2f62153447b22da526a463320c3eb5ac' was completed in 0,57 seconds with the score of 934,49 (20 unrouted), using 174999,12 CPU seconds and 578357 MB memory.
2026-08-13 16:41:01.677 INFO   [B1F8ED\011EDF] Auto-router pass #995 on board '2f62153447b22da526a463320c3eb5ac' was completed in 0,57 seconds with the score of 934,49 (20 unrouted), using 175588,48 CPU seconds and 579347 MB memory.
2026-08-13 16:41:02.270 INFO   [B1F8ED\011EDF] Auto-router pass #996 on board '2f62153447b22da526a463320c3eb5ac' was completed in 0,59 seconds with the score of 934,49 (20 unrouted), using 176178,84 CPU seconds and 580347 MB memory.
2026-08-13 16:41:02.877 INFO   [B1F8ED\011EDF] Auto-router pass #997 on board '2f62153447b22da526a463320c3eb5ac' was completed in 0,60 seconds with the score of 934,49 (20 unrouted), using 176178,84 CPU seconds and 580347 MB memory.
2026-08-13 16:41:03.555 INFO   [B1F8ED\011EDF] Auto-router pass #998 on board '2f62153447b22da526a463320c3eb5ac' was completed in 0,67 seconds with the score of 934,49 (20 unrouted), using 176770,19 CPU seconds and 581283 MB memory.
2026-08-13 16:41:04.208 INFO   [B1F8ED\011EDF] Auto-router pass #999 on board '2f62153447b22da526a463320c3eb5ac' was completed in 0,65 seconds with the score of 934,49 (20 unrouted), using 177362,53 CPU seconds and 582144 MB memory.
{
  "host": "KiCad's Pcbnew,9.0.3+dfsg-1",
  "unit": "mm",
  "board": {
    "bounding_box": {
      "x": 1064.0,
      "y": 1.0,
      "width": -1.0,
      "height": -501.0
    },
    "size": {
      "x": 0.0,
      "y": 0.0,
      "width": 1065.0,
      "height": 502.0
    }
  },
  "layers": {
    "total_count": 2,
    "signal_count": 2
  },
  "items": {
    "total_count": 869,
    "trace_count": 204,
    "via_count": 100,
    "conduction_area_count": 2,
    "drill_item_count": 232,
    "pin_count": 0,
    "component_count": 330,
    "other_count": 1
  },
  "components": {
    "total_count": 25
  },
  "pads": {
    "total_count": 232
  },
  "nets": {
    "total_count": 69,
    "class_count": 3
  },
  "connections": {
    "maximum_count": 454,
    "incomplete_count": 20
  },
  "traces": {
    "total_count": 204,
    "total_segment_count": 756,
    "total_length": 28447.217,
    "total_weighted_length": 4007544.0,
    "average_length": 139.44714,
    "total_vertical_length": 5631.071,
    "total_horizontal_length": 12027.23,
    "total_angled_length": 11122.706
  },
  "bends": {
    "total_count": 552,
    "90_degree_count": 20,
    "45_degree_count": 532,
    "other_angle_count": 0
  },
  "vias": {
    "total_count": 100,
    "through_hole_count": 100,
    "blind_count": 0,
    "buried_count": 0
  },
  "clearance_violations": {
    "total_count": 0
  }
}
16:41:05: Debug: Adding duplicate image handler for 'PNG file'
16:41:05: Debug: Adding duplicate image handler for 'JPEG file'
16:41:05: Debug: Adding duplicate image handler for 'TIFF file'
16:41:05: Debug: Adding duplicate image handler for 'GIF file'
16:41:05: Debug: Adding duplicate image handler for 'PNM file'
16:41:05: Debug: Adding duplicate image handler for 'PCX file'
16:41:05: Debug: Adding duplicate image handler for 'IFF file'
16:41:05: Debug: Adding duplicate image handler for 'Windows icon file'
16:41:05: Debug: Adding duplicate image handler for 'Windows cursor file'
16:41:05: Debug: Adding duplicate image handler for 'Windows animated cursor file'
16:41:05: Debug: Adding duplicate image handler for 'TGA file'
16:41:05: Debug: Adding duplicate image handler for 'XPM file'
16:41:05: Debug: Adding duplicate image handler for 'PNG file'
16:41:05: Debug: Adding duplicate image handler for 'JPEG file'
16:41:05: Debug: Adding duplicate image handler for 'TIFF file'
16:41:05: Debug: Adding duplicate image handler for 'GIF file'
16:41:05: Debug: Adding duplicate image handler for 'PNM file'
16:41:05: Debug: Adding duplicate image handler for 'PCX file'
16:41:05: Debug: Adding duplicate image handler for 'IFF file'
16:41:05: Debug: Adding duplicate image handler for 'Windows icon file'
16:41:05: Debug: Adding duplicate image handler for 'Windows cursor file'
16:41:05: Debug: Adding duplicate image handler for 'Windows animated cursor file'
16:41:05: Debug: Adding duplicate image handler for 'TGA file'
16:41:05: Debug: Adding duplicate image handler for 'XPM file'
freerouting : java -Djava.awt.headless=true -jar ../phaseA/freerouting.jar -de loci_lvc_fr.dsn -do loci_lvc.ses -mp 5
liaisons non routées restantes : 42
