2026-08-14 15:22:56.657 INFO   Freerouting v2.1.0 (build-date: 2025-04-12)
2026-08-14 15:22:56.771 WARN   No default constructor found for field: currentLocale
2026-08-14 15:22:56.773 INFO   Settings were loaded from freerouting.json
2026-08-14 15:22:56.780 WARN   Couldn't get screen resolution. If you are running in a headless environment, disable the GUI by setting gui.enabled to false.
2026-08-14 15:22:59.246 INFO   [975942\332DD4] Job '975942\332DD4' started at 2026-08-14T13:22:59.246537552Z
2026-08-14 15:23:06.698 INFO   [975942\332DD4] Auto-router pass #1 on board '6d9bfc8200b068157f3061d79e89921b' was completed in 7,33 seconds with the score of 821,45 (47 unrouted), using 25,72 CPU seconds and 4357 MB memory.
2026-08-14 15:23:12.054 INFO   New version available: v2.3.0
2026-08-14 15:23:14.898 INFO   [975942\332DD4] Auto-router pass #2 on board '414ad846d8443abe7f31477a0e38938e' was completed in 8,17 seconds with the score of 900,81 (31 unrouted), using 113,03 CPU seconds and 10041 MB memory.
2026-08-14 15:23:22.129 INFO   [975942\332DD4] Auto-router pass #3 on board 'affea7c3d4e5fe5f34c6cf3f5ecb82e0' was completed in 7,21 seconds with the score of 918,43 (25 unrouted), using 240,48 CPU seconds and 15124 MB memory.
2026-08-14 15:23:38.375 INFO   [975942\332DD4] Auto-router pass #4 on board '7c1940fd33ed8c8d897ba2b5a60b6194' was completed in 16,22 seconds with the score of 934,19 (19 unrouted), using 748,33 CPU seconds and 28075 MB memory.
2026-08-14 15:23:44.746 INFO   [975942\332DD4] Auto-router pass #5 on board 'd8468f6a7d678db9af4d182f893d6f36' was completed in 6,35 seconds with the score of 945,97 (15 unrouted), using 994,68 CPU seconds and 32548 MB memory.
2026-08-14 15:23:48.136 INFO   [975942\332DD4] Auto-router pass #6 on board '02f09b5c24ab0f025e88208569b35622' was completed in 3,37 seconds with the score of 951,92 (12 unrouted), using 1131,03 CPU seconds and 34777 MB memory.
2026-08-14 15:23:48.756 INFO   [975942\332DD4] Auto-router pass #7 on board '5323d2ec15e2a41b5cb8138920732e70' was completed in 0,60 seconds with the score of 951,92 (12 unrouted), using 1178,43 CPU seconds and 35458 MB memory.
2026-08-14 15:23:48.846 WARN   ItemAutorouteInfo.get_expansion_room: p_index out of range
2026-08-14 15:23:48.869 WARN   ItemAutorouteInfo.get_expansion_room: p_index out of range
2026-08-14 15:23:48.938 WARN   ItemAutorouteInfo.get_expansion_room: p_index out of range
2026-08-14 15:23:48.938 WARN   ItemAutorouteInfo.get_expansion_room: p_index out of range
2026-08-14 15:23:48.939 WARN   ItemAutorouteInfo.get_expansion_room: p_index out of range
2026-08-14 15:23:48.982 WARN   ItemAutorouteInfo.get_expansion_room: p_index out of range
2026-08-14 15:23:48.982 WARN   ItemAutorouteInfo.get_expansion_room: p_index out of range
2026-08-14 15:23:49.031 WARN   ItemAutorouteInfo.get_expansion_room: p_index out of range
2026-08-14 15:23:49.032 WARN   ItemAutorouteInfo.get_expansion_room: p_index out of range
2026-08-14 15:23:49.049 WARN   ItemAutorouteInfo.get_expansion_room: p_index out of range
2026-08-14 15:23:49.527 WARN   ItemAutorouteInfo.get_expansion_room: p_index out of range
2026-08-14 15:23:49.604 WARN   ItemAutorouteInfo.get_expansion_room: p_index out of range
2026-08-14 15:23:51.219 INFO   [975942\332DD4] Auto-router pass #8 on board '5323d2ec15e2a41b5cb8138920732e70' was completed in 2,45 seconds with the score of 951,92 (12 unrouted), using 1276,13 CPU seconds and 36962 MB memory.
2026-08-14 15:23:51.805 INFO   [975942\332DD4] Auto-router pass #9 on board '5323d2ec15e2a41b5cb8138920732e70' was completed in 0,58 seconds with the score of 951,92 (12 unrouted), using 1326,43 CPU seconds and 37666 MB memory.
2026-08-14 15:23:52.390 INFO   [975942\332DD4] Auto-router pass #10 on board '5323d2ec15e2a41b5cb8138920732e70' was completed in 0,58 seconds with the score of 951,92 (12 unrouted), using 1377,71 CPU seconds and 38295 MB memory.
2026-08-14 15:23:52.975 INFO   [975942\332DD4] Auto-router pass #11 on board '5323d2ec15e2a41b5cb8138920732e70' was completed in 0,58 seconds with the score of 951,92 (12 unrouted), using 1377,71 CPU seconds and 38295 MB memory.
2026-08-14 15:23:53.565 INFO   [975942\332DD4] Auto-router pass #12 on board '5323d2ec15e2a41b5cb8138920732e70' was completed in 0,58 seconds with the score of 951,92 (12 unrouted), using 1429,99 CPU seconds and 38921 MB memory.
2026-08-14 15:23:54.145 INFO   [975942\332DD4] Auto-router pass #13 on board '5323d2ec15e2a41b5cb8138920732e70' was completed in 0,57 seconds with the score of 951,92 (12 unrouted), using 1429,99 CPU seconds and 38921 MB memory.
2026-08-14 15:23:54.744 INFO   [975942\332DD4] Auto-router pass #14 on board '5323d2ec15e2a41b5cb8138920732e70' was completed in 0,59 seconds with the score of 951,92 (12 unrouted), using 1483,25 CPU seconds and 39544 MB memory.
2026-08-14 15:23:55.322 INFO   [975942\332DD4] Auto-router pass #15 on board '5323d2ec15e2a41b5cb8138920732e70' was completed in 0,57 seconds with the score of 951,92 (12 unrouted), using 1537,50 CPU seconds and 40171 MB memory.
2026-08-14 15:23:55.904 INFO   [975942\332DD4] Auto-router pass #16 on board '5323d2ec15e2a41b5cb8138920732e70' was completed in 0,57 seconds with the score of 951,92 (12 unrouted), using 1537,50 CPU seconds and 40171 MB memory.
2026-08-14 15:23:56.501 INFO   [975942\332DD4] Auto-router pass #17 on board '5323d2ec15e2a41b5cb8138920732e70' was completed in 0,59 seconds with the score of 951,92 (12 unrouted), using 1592,74 CPU seconds and 40802 MB memory.
2026-08-14 15:23:57.081 INFO   [975942\332DD4] Auto-router pass #18 on board '5323d2ec15e2a41b5cb8138920732e70' was completed in 0,57 seconds with the score of 951,92 (12 unrouted), using 1592,74 CPU seconds and 40802 MB memory.
2026-08-14 15:23:57.662 INFO   [975942\332DD4] Auto-router pass #19 on board '5323d2ec15e2a41b5cb8138920732e70' was completed in 0,57 seconds with the score of 951,92 (12 unrouted), using 1648,97 CPU seconds and 41422 MB memory.
2026-08-14 15:23:58.244 INFO   [975942\332DD4] Auto-router pass #20 on board '5323d2ec15e2a41b5cb8138920732e70' was completed in 0,57 seconds with the score of 951,92 (12 unrouted), using 1648,97 CPU seconds and 41422 MB memory.
2026-08-14 15:23:58.847 INFO   [975942\332DD4] Auto-router pass #21 on board '5323d2ec15e2a41b5cb8138920732e70' was completed in 0,59 seconds with the score of 951,92 (12 unrouted), using 1706,19 CPU seconds and 42055 MB memory.
2026-08-14 15:23:59.427 INFO   [975942\332DD4] Auto-router pass #22 on board '5323d2ec15e2a41b5cb8138920732e70' was completed in 0,57 seconds with the score of 951,92 (12 unrouted), using 1764,40 CPU seconds and 42675 MB memory.
2026-08-14 15:24:00.004 INFO   [975942\332DD4] Auto-router pass #23 on board '5323d2ec15e2a41b5cb8138920732e70' was completed in 0,57 seconds with the score of 951,92 (12 unrouted), using 1764,40 CPU seconds and 42675 MB memory.
2026-08-14 15:24:00.585 INFO   [975942\332DD4] Auto-router pass #24 on board '5323d2ec15e2a41b5cb8138920732e70' was completed in 0,57 seconds with the score of 951,92 (12 unrouted), using 1823,60 CPU seconds and 43309 MB memory.
2026-08-14 15:24:01.161 INFO   [975942\332DD4] Auto-router pass #25 on board '5323d2ec15e2a41b5cb8138920732e70' was completed in 0,57 seconds with the score of 951,92 (12 unrouted), using 1823,60 CPU seconds and 43309 MB memory.
2026-08-14 15:24:01.738 INFO   [975942\332DD4] Auto-router pass #26 on board '5323d2ec15e2a41b5cb8138920732e70' was completed in 0,57 seconds with the score of 951,92 (12 unrouted), using 1883,78 CPU seconds and 43943 MB memory.
2026-08-14 15:24:02.335 INFO   [975942\332DD4] Auto-router pass #27 on board '5323d2ec15e2a41b5cb8138920732e70' was completed in 0,59 seconds with the score of 951,92 (12 unrouted), using 1944,96 CPU seconds and 44569 MB memory.
2026-08-14 15:24:02.916 INFO   [975942\332DD4] Auto-router pass #28 on board '5323d2ec15e2a41b5cb8138920732e70' was completed in 0,57 seconds with the score of 951,92 (12 unrouted), using 1944,96 CPU seconds and 44569 MB memory.
2026-08-14 15:24:03.506 INFO   [975942\332DD4] Auto-router pass #29 on board '5323d2ec15e2a41b5cb8138920732e70' was completed in 0,58 seconds with the score of 951,92 (12 unrouted), using 2007,13 CPU seconds and 45203 MB memory.
2026-08-14 15:24:04.079 INFO   [975942\332DD4] Auto-router pass #30 on board '5323d2ec15e2a41b5cb8138920732e70' was completed in 0,56 seconds with the score of 951,92 (12 unrouted), using 2007,13 CPU seconds and 45203 MB memory.
2026-08-14 15:24:04.656 INFO   [975942\332DD4] Auto-router pass #31 on board '5323d2ec15e2a41b5cb8138920732e70' was completed in 0,57 seconds with the score of 951,92 (12 unrouted), using 2070,28 CPU seconds and 45834 MB memory.
2026-08-14 15:24:05.241 INFO   [975942\332DD4] Auto-router pass #32 on board '5323d2ec15e2a41b5cb8138920732e70' was completed in 0,58 seconds with the score of 951,92 (12 unrouted), using 2070,28 CPU seconds and 45834 MB memory.
2026-08-14 15:24:05.817 INFO   [975942\332DD4] Auto-router pass #33 on board '5323d2ec15e2a41b5cb8138920732e70' was completed in 0,57 seconds with the score of 951,92 (12 unrouted), using 2134,43 CPU seconds and 46463 MB memory.
2026-08-14 15:24:06.393 INFO   [975942\332DD4] Auto-router pass #34 on board '5323d2ec15e2a41b5cb8138920732e70' was completed in 0,57 seconds with the score of 951,92 (12 unrouted), using 2199,57 CPU seconds and 47105 MB memory.
2026-08-14 15:24:06.968 INFO   [975942\332DD4] Auto-router pass #35 on board '5323d2ec15e2a41b5cb8138920732e70' was completed in 0,56 seconds with the score of 951,92 (12 unrouted), using 2199,57 CPU seconds and 47105 MB memory.
2026-08-14 15:24:07.550 INFO   [975942\332DD4] Auto-router pass #36 on board '5323d2ec15e2a41b5cb8138920732e70' was completed in 0,57 seconds with the score of 951,92 (12 unrouted), using 2265,70 CPU seconds and 47737 MB memory.
2026-08-14 15:24:08.128 INFO   [975942\332DD4] Auto-router pass #37 on board '5323d2ec15e2a41b5cb8138920732e70' was completed in 0,57 seconds with the score of 951,92 (12 unrouted), using 2265,70 CPU seconds and 47737 MB memory.
2026-08-14 15:24:08.706 INFO   [975942\332DD4] Auto-router pass #38 on board '5323d2ec15e2a41b5cb8138920732e70' was completed in 0,57 seconds with the score of 951,92 (12 unrouted), using 2332,82 CPU seconds and 48373 MB memory.
2026-08-14 15:24:09.284 INFO   [975942\332DD4] Auto-router pass #39 on board '5323d2ec15e2a41b5cb8138920732e70' was completed in 0,57 seconds with the score of 951,92 (12 unrouted), using 2332,82 CPU seconds and 48373 MB memory.
2026-08-14 15:24:09.867 INFO   [975942\332DD4] Auto-router pass #40 on board '5323d2ec15e2a41b5cb8138920732e70' was completed in 0,57 seconds with the score of 951,92 (12 unrouted), using 2400,92 CPU seconds and 49005 MB memory.
2026-08-14 15:24:10.446 INFO   [975942\332DD4] Auto-router pass #41 on board '5323d2ec15e2a41b5cb8138920732e70' was completed in 0,57 seconds with the score of 951,92 (12 unrouted), using 2470,01 CPU seconds and 49639 MB memory.
2026-08-14 15:24:11.024 INFO   [975942\332DD4] Auto-router pass #42 on board '5323d2ec15e2a41b5cb8138920732e70' was completed in 0,57 seconds with the score of 951,92 (12 unrouted), using 2470,01 CPU seconds and 49639 MB memory.
2026-08-14 15:24:11.603 INFO   [975942\332DD4] Auto-router pass #43 on board '5323d2ec15e2a41b5cb8138920732e70' was completed in 0,57 seconds with the score of 951,92 (12 unrouted), using 2540,09 CPU seconds and 50271 MB memory.
2026-08-14 15:24:12.182 INFO   [975942\332DD4] Auto-router pass #44 on board '5323d2ec15e2a41b5cb8138920732e70' was completed in 0,57 seconds with the score of 951,92 (12 unrouted), using 2540,09 CPU seconds and 50271 MB memory.
2026-08-14 15:24:12.761 INFO   [975942\332DD4] Auto-router pass #45 on board '5323d2ec15e2a41b5cb8138920732e70' was completed in 0,57 seconds with the score of 951,92 (12 unrouted), using 2611,16 CPU seconds and 50905 MB memory.
2026-08-14 15:24:13.339 INFO   [975942\332DD4] Auto-router pass #46 on board '5323d2ec15e2a41b5cb8138920732e70' was completed in 0,57 seconds with the score of 951,92 (12 unrouted), using 2683,22 CPU seconds and 51542 MB memory.
2026-08-14 15:24:13.919 INFO   [975942\332DD4] Auto-router pass #47 on board '5323d2ec15e2a41b5cb8138920732e70' was completed in 0,57 seconds with the score of 951,92 (12 unrouted), using 2683,22 CPU seconds and 51542 MB memory.
2026-08-14 15:24:14.503 INFO   [975942\332DD4] Auto-router pass #48 on board '5323d2ec15e2a41b5cb8138920732e70' was completed in 0,57 seconds with the score of 951,92 (12 unrouted), using 2756,27 CPU seconds and 52174 MB memory.
2026-08-14 15:24:15.079 INFO   [975942\332DD4] Auto-router pass #49 on board '5323d2ec15e2a41b5cb8138920732e70' was completed in 0,57 seconds with the score of 951,92 (12 unrouted), using 2756,27 CPU seconds and 52174 MB memory.
2026-08-14 15:24:15.664 INFO   [975942\332DD4] Auto-router pass #50 on board '5323d2ec15e2a41b5cb8138920732e70' was completed in 0,57 seconds with the score of 951,92 (12 unrouted), using 2830,30 CPU seconds and 52806 MB memory.
2026-08-14 15:24:16.261 INFO   [975942\332DD4] Auto-router pass #51 on board '5323d2ec15e2a41b5cb8138920732e70' was completed in 0,59 seconds with the score of 951,92 (12 unrouted), using 2830,30 CPU seconds and 52806 MB memory.
2026-08-14 15:24:16.849 INFO   [975942\332DD4] Auto-router pass #52 on board '5323d2ec15e2a41b5cb8138920732e70' was completed in 0,58 seconds with the score of 951,92 (12 unrouted), using 2905,32 CPU seconds and 53424 MB memory.
2026-08-14 15:24:17.425 INFO   [975942\332DD4] Auto-router pass #53 on board '5323d2ec15e2a41b5cb8138920732e70' was completed in 0,57 seconds with the score of 951,92 (12 unrouted), using 2981,33 CPU seconds and 54056 MB memory.
2026-08-14 15:24:18.002 INFO   [975942\332DD4] Auto-router pass #54 on board '5323d2ec15e2a41b5cb8138920732e70' was completed in 0,57 seconds with the score of 951,92 (12 unrouted), using 2981,33 CPU seconds and 54056 MB memory.
2026-08-14 15:24:18.580 INFO   [975942\332DD4] Auto-router pass #55 on board '5323d2ec15e2a41b5cb8138920732e70' was completed in 0,57 seconds with the score of 951,92 (12 unrouted), using 3058,32 CPU seconds and 54688 MB memory.
2026-08-14 15:24:19.163 INFO   [975942\332DD4] Auto-router pass #56 on board '5323d2ec15e2a41b5cb8138920732e70' was completed in 0,57 seconds with the score of 951,92 (12 unrouted), using 3058,32 CPU seconds and 54688 MB memory.
2026-08-14 15:24:19.747 INFO   [975942\332DD4] Auto-router pass #57 on board '5323d2ec15e2a41b5cb8138920732e70' was completed in 0,57 seconds with the score of 951,92 (12 unrouted), using 3136,31 CPU seconds and 55323 MB memory.
2026-08-14 15:24:20.321 INFO   [975942\332DD4] Auto-router pass #58 on board '5323d2ec15e2a41b5cb8138920732e70' was completed in 0,57 seconds with the score of 951,92 (12 unrouted), using 3215,27 CPU seconds and 55959 MB memory.
2026-08-14 15:24:20.900 INFO   [975942\332DD4] Auto-router pass #59 on board '5323d2ec15e2a41b5cb8138920732e70' was completed in 0,57 seconds with the score of 951,92 (12 unrouted), using 3215,27 CPU seconds and 55959 MB memory.
2026-08-14 15:24:21.483 INFO   [975942\332DD4] Auto-router pass #60 on board '5323d2ec15e2a41b5cb8138920732e70' was completed in 0,57 seconds with the score of 951,92 (12 unrouted), using 3295,22 CPU seconds and 56590 MB memory.
2026-08-14 15:24:22.059 INFO   [975942\332DD4] Auto-router pass #61 on board '5323d2ec15e2a41b5cb8138920732e70' was completed in 0,57 seconds with the score of 951,92 (12 unrouted), using 3295,22 CPU seconds and 56590 MB memory.
2026-08-14 15:24:22.640 INFO   [975942\332DD4] Auto-router pass #62 on board '5323d2ec15e2a41b5cb8138920732e70' was completed in 0,57 seconds with the score of 951,92 (12 unrouted), using 3376,17 CPU seconds and 57224 MB memory.
2026-08-14 15:24:23.216 INFO   [975942\332DD4] Auto-router pass #63 on board '5323d2ec15e2a41b5cb8138920732e70' was completed in 0,57 seconds with the score of 951,92 (12 unrouted), using 3376,17 CPU seconds and 57224 MB memory.
2026-08-14 15:24:23.800 INFO   [975942\332DD4] Auto-router pass #64 on board '5323d2ec15e2a41b5cb8138920732e70' was completed in 0,57 seconds with the score of 951,92 (12 unrouted), using 3458,10 CPU seconds and 57857 MB memory.
2026-08-14 15:24:24.374 INFO   [975942\332DD4] Auto-router pass #65 on board '5323d2ec15e2a41b5cb8138920732e70' was completed in 0,56 seconds with the score of 951,92 (12 unrouted), using 3541,01 CPU seconds and 58497 MB memory.
2026-08-14 15:24:24.951 INFO   [975942\332DD4] Auto-router pass #66 on board '5323d2ec15e2a41b5cb8138920732e70' was completed in 0,57 seconds with the score of 951,92 (12 unrouted), using 3541,01 CPU seconds and 58497 MB memory.
2026-08-14 15:24:25.525 INFO   [975942\332DD4] Auto-router pass #67 on board '5323d2ec15e2a41b5cb8138920732e70' was completed in 0,56 seconds with the score of 951,92 (12 unrouted), using 3624,92 CPU seconds and 59130 MB memory.
2026-08-14 15:24:26.106 INFO   [975942\332DD4] Auto-router pass #68 on board '5323d2ec15e2a41b5cb8138920732e70' was completed in 0,57 seconds with the score of 951,92 (12 unrouted), using 3624,92 CPU seconds and 59130 MB memory.
2026-08-14 15:24:26.680 INFO   [975942\332DD4] Auto-router pass #69 on board '5323d2ec15e2a41b5cb8138920732e70' was completed in 0,56 seconds with the score of 951,92 (12 unrouted), using 3709,81 CPU seconds and 59766 MB memory.
2026-08-14 15:24:27.256 INFO   [975942\332DD4] Auto-router pass #70 on board '5323d2ec15e2a41b5cb8138920732e70' was completed in 0,57 seconds with the score of 951,92 (12 unrouted), using 3709,81 CPU seconds and 59766 MB memory.
2026-08-14 15:24:27.831 INFO   [975942\332DD4] Auto-router pass #71 on board '5323d2ec15e2a41b5cb8138920732e70' was completed in 0,57 seconds with the score of 951,92 (12 unrouted), using 3795,70 CPU seconds and 60401 MB memory.
2026-08-14 15:24:28.410 INFO   [975942\332DD4] Auto-router pass #72 on board '5323d2ec15e2a41b5cb8138920732e70' was completed in 0,57 seconds with the score of 951,92 (12 unrouted), using 3882,57 CPU seconds and 61041 MB memory.
2026-08-14 15:24:28.986 INFO   [975942\332DD4] Auto-router pass #73 on board '5323d2ec15e2a41b5cb8138920732e70' was completed in 0,56 seconds with the score of 951,92 (12 unrouted), using 3882,57 CPU seconds and 61041 MB memory.
2026-08-14 15:24:29.561 INFO   [975942\332DD4] Auto-router pass #74 on board '5323d2ec15e2a41b5cb8138920732e70' was completed in 0,57 seconds with the score of 951,92 (12 unrouted), using 3970,43 CPU seconds and 61677 MB memory.
2026-08-14 15:24:30.137 INFO   [975942\332DD4] Auto-router pass #75 on board '5323d2ec15e2a41b5cb8138920732e70' was completed in 0,57 seconds with the score of 951,92 (12 unrouted), using 3970,43 CPU seconds and 61677 MB memory.
2026-08-14 15:24:30.735 INFO   [975942\332DD4] Auto-router pass #76 on board '5323d2ec15e2a41b5cb8138920732e70' was completed in 0,59 seconds with the score of 951,92 (12 unrouted), using 4059,28 CPU seconds and 62316 MB memory.
2026-08-14 15:24:31.308 INFO   [975942\332DD4] Auto-router pass #77 on board '5323d2ec15e2a41b5cb8138920732e70' was completed in 0,56 seconds with the score of 951,92 (12 unrouted), using 4149,12 CPU seconds and 62943 MB memory.
2026-08-14 15:24:31.886 INFO   [975942\332DD4] Auto-router pass #78 on board '5323d2ec15e2a41b5cb8138920732e70' was completed in 0,57 seconds with the score of 951,92 (12 unrouted), using 4149,12 CPU seconds and 62943 MB memory.
2026-08-14 15:24:32.461 INFO   [975942\332DD4] Auto-router pass #79 on board '5323d2ec15e2a41b5cb8138920732e70' was completed in 0,57 seconds with the score of 951,92 (12 unrouted), using 4239,95 CPU seconds and 63577 MB memory.
2026-08-14 15:24:33.057 INFO   [975942\332DD4] Auto-router pass #80 on board '5323d2ec15e2a41b5cb8138920732e70' was completed in 0,59 seconds with the score of 951,92 (12 unrouted), using 4239,95 CPU seconds and 63577 MB memory.
2026-08-14 15:24:33.636 INFO   [975942\332DD4] Auto-router pass #81 on board '5323d2ec15e2a41b5cb8138920732e70' was completed in 0,57 seconds with the score of 951,92 (12 unrouted), using 4331,77 CPU seconds and 64200 MB memory.
2026-08-14 15:24:34.210 INFO   [975942\332DD4] Auto-router pass #82 on board '5323d2ec15e2a41b5cb8138920732e70' was completed in 0,56 seconds with the score of 951,92 (12 unrouted), using 4331,77 CPU seconds and 64200 MB memory.
2026-08-14 15:24:34.790 INFO   [975942\332DD4] Auto-router pass #83 on board '5323d2ec15e2a41b5cb8138920732e70' was completed in 0,57 seconds with the score of 951,92 (12 unrouted), using 4424,58 CPU seconds and 64835 MB memory.
2026-08-14 15:24:35.373 INFO   [975942\332DD4] Auto-router pass #84 on board '5323d2ec15e2a41b5cb8138920732e70' was completed in 0,57 seconds with the score of 951,92 (12 unrouted), using 4518,37 CPU seconds and 65472 MB memory.
2026-08-14 15:24:35.949 INFO   [975942\332DD4] Auto-router pass #85 on board '5323d2ec15e2a41b5cb8138920732e70' was completed in 0,57 seconds with the score of 951,92 (12 unrouted), using 4518,37 CPU seconds and 65472 MB memory.
2026-08-14 15:24:36.546 INFO   [975942\332DD4] Auto-router pass #86 on board '5323d2ec15e2a41b5cb8138920732e70' was completed in 0,59 seconds with the score of 951,92 (12 unrouted), using 4613,15 CPU seconds and 66105 MB memory.
2026-08-14 15:24:37.122 INFO   [975942\332DD4] Auto-router pass #87 on board '5323d2ec15e2a41b5cb8138920732e70' was completed in 0,57 seconds with the score of 951,92 (12 unrouted), using 4613,15 CPU seconds and 66105 MB memory.
2026-08-14 15:24:37.704 INFO   [975942\332DD4] Auto-router pass #88 on board '5323d2ec15e2a41b5cb8138920732e70' was completed in 0,57 seconds with the score of 951,92 (12 unrouted), using 4708,93 CPU seconds and 66725 MB memory.
2026-08-14 15:24:38.279 INFO   [975942\332DD4] Auto-router pass #89 on board '5323d2ec15e2a41b5cb8138920732e70' was completed in 0,57 seconds with the score of 951,92 (12 unrouted), using 4708,93 CPU seconds and 66725 MB memory.
2026-08-14 15:24:38.857 INFO   [975942\332DD4] Auto-router pass #90 on board '5323d2ec15e2a41b5cb8138920732e70' was completed in 0,57 seconds with the score of 951,92 (12 unrouted), using 4805,69 CPU seconds and 67361 MB memory.
2026-08-14 15:24:39.432 INFO   [975942\332DD4] Auto-router pass #91 on board '5323d2ec15e2a41b5cb8138920732e70' was completed in 0,57 seconds with the score of 951,92 (12 unrouted), using 4903,44 CPU seconds and 68000 MB memory.
2026-08-14 15:24:40.012 INFO   [975942\332DD4] Auto-router pass #92 on board '5323d2ec15e2a41b5cb8138920732e70' was completed in 0,57 seconds with the score of 951,92 (12 unrouted), using 4903,44 CPU seconds and 68000 MB memory.
2026-08-14 15:24:40.593 INFO   [975942\332DD4] Auto-router pass #93 on board '5323d2ec15e2a41b5cb8138920732e70' was completed in 0,57 seconds with the score of 951,92 (12 unrouted), using 5002,18 CPU seconds and 68633 MB memory.
2026-08-14 15:24:41.170 INFO   [975942\332DD4] Auto-router pass #94 on board '5323d2ec15e2a41b5cb8138920732e70' was completed in 0,57 seconds with the score of 951,92 (12 unrouted), using 5002,18 CPU seconds and 68633 MB memory.
2026-08-14 15:24:41.743 INFO   [975942\332DD4] Auto-router pass #95 on board '5323d2ec15e2a41b5cb8138920732e70' was completed in 0,56 seconds with the score of 951,92 (12 unrouted), using 5101,90 CPU seconds and 69266 MB memory.
2026-08-14 15:24:42.339 INFO   [975942\332DD4] Auto-router pass #96 on board '5323d2ec15e2a41b5cb8138920732e70' was completed in 0,59 seconds with the score of 951,92 (12 unrouted), using 5202,62 CPU seconds and 69901 MB memory.
2026-08-14 15:24:42.920 INFO   [975942\332DD4] Auto-router pass #97 on board '5323d2ec15e2a41b5cb8138920732e70' was completed in 0,57 seconds with the score of 951,92 (12 unrouted), using 5202,62 CPU seconds and 69901 MB memory.
2026-08-14 15:24:43.500 INFO   [975942\332DD4] Auto-router pass #98 on board '5323d2ec15e2a41b5cb8138920732e70' was completed in 0,57 seconds with the score of 951,92 (12 unrouted), using 5304,33 CPU seconds and 70529 MB memory.
2026-08-14 15:24:44.076 INFO   [975942\332DD4] Auto-router pass #99 on board '5323d2ec15e2a41b5cb8138920732e70' was completed in 0,57 seconds with the score of 951,92 (12 unrouted), using 5304,33 CPU seconds and 70529 MB memory.
2026-08-14 15:24:44.658 INFO   [975942\332DD4] Auto-router pass #100 on board '5323d2ec15e2a41b5cb8138920732e70' was completed in 0,57 seconds with the score of 951,92 (12 unrouted), using 5407,03 CPU seconds and 71162 MB memory.
2026-08-14 15:24:45.234 INFO   [975942\332DD4] Auto-router pass #101 on board '5323d2ec15e2a41b5cb8138920732e70' was completed in 0,57 seconds with the score of 951,92 (12 unrouted), using 5407,03 CPU seconds and 71162 MB memory.
2026-08-14 15:24:45.811 INFO   [975942\332DD4] Auto-router pass #102 on board '5323d2ec15e2a41b5cb8138920732e70' was completed in 0,57 seconds with the score of 951,92 (12 unrouted), using 5510,71 CPU seconds and 71795 MB memory.
2026-08-14 15:24:46.385 INFO   [975942\332DD4] Auto-router pass #103 on board '5323d2ec15e2a41b5cb8138920732e70' was completed in 0,56 seconds with the score of 951,92 (12 unrouted), using 5615,39 CPU seconds and 72438 MB memory.
2026-08-14 15:24:46.967 INFO   [975942\332DD4] Auto-router pass #104 on board '5323d2ec15e2a41b5cb8138920732e70' was completed in 0,57 seconds with the score of 951,92 (12 unrouted), using 5615,39 CPU seconds and 72438 MB memory.
2026-08-14 15:24:47.558 INFO   [975942\332DD4] Auto-router pass #105 on board '5323d2ec15e2a41b5cb8138920732e70' was completed in 0,58 seconds with the score of 951,92 (12 unrouted), using 5721,06 CPU seconds and 73059 MB memory.
2026-08-14 15:24:48.131 INFO   [975942\332DD4] Auto-router pass #106 on board '5323d2ec15e2a41b5cb8138920732e70' was completed in 0,56 seconds with the score of 951,92 (12 unrouted), using 5721,06 CPU seconds and 73059 MB memory.
2026-08-14 15:24:48.705 INFO   [975942\332DD4] Auto-router pass #107 on board '5323d2ec15e2a41b5cb8138920732e70' was completed in 0,56 seconds with the score of 951,92 (12 unrouted), using 5827,71 CPU seconds and 73697 MB memory.
2026-08-14 15:24:49.287 INFO   [975942\332DD4] Auto-router pass #108 on board '5323d2ec15e2a41b5cb8138920732e70' was completed in 0,57 seconds with the score of 951,92 (12 unrouted), using 5827,71 CPU seconds and 73697 MB memory.
2026-08-14 15:24:49.870 INFO   [975942\332DD4] Auto-router pass #109 on board '5323d2ec15e2a41b5cb8138920732e70' was completed in 0,57 seconds with the score of 951,92 (12 unrouted), using 5935,35 CPU seconds and 74330 MB memory.
2026-08-14 15:24:50.443 INFO   [975942\332DD4] Auto-router pass #110 on board '5323d2ec15e2a41b5cb8138920732e70' was completed in 0,56 seconds with the score of 951,92 (12 unrouted), using 6043,99 CPU seconds and 74968 MB memory.
2026-08-14 15:24:51.019 INFO   [975942\332DD4] Auto-router pass #111 on board '5323d2ec15e2a41b5cb8138920732e70' was completed in 0,57 seconds with the score of 951,92 (12 unrouted), using 6043,99 CPU seconds and 74968 MB memory.
2026-08-14 15:24:51.600 INFO   [975942\332DD4] Auto-router pass #112 on board '5323d2ec15e2a41b5cb8138920732e70' was completed in 0,57 seconds with the score of 951,92 (12 unrouted), using 6153,61 CPU seconds and 75603 MB memory.
2026-08-14 15:24:52.173 INFO   [975942\332DD4] Auto-router pass #113 on board '5323d2ec15e2a41b5cb8138920732e70' was completed in 0,56 seconds with the score of 951,92 (12 unrouted), using 6153,61 CPU seconds and 75603 MB memory.
2026-08-14 15:24:52.746 INFO   [975942\332DD4] Auto-router pass #114 on board '5323d2ec15e2a41b5cb8138920732e70' was completed in 0,56 seconds with the score of 951,92 (12 unrouted), using 6264,22 CPU seconds and 76241 MB memory.
2026-08-14 15:24:53.324 INFO   [975942\332DD4] Auto-router pass #115 on board '5323d2ec15e2a41b5cb8138920732e70' was completed in 0,57 seconds with the score of 951,92 (12 unrouted), using 6375,81 CPU seconds and 76881 MB memory.
2026-08-14 15:24:53.904 INFO   [975942\332DD4] Auto-router pass #116 on board '5323d2ec15e2a41b5cb8138920732e70' was completed in 0,57 seconds with the score of 951,92 (12 unrouted), using 6375,81 CPU seconds and 76881 MB memory.
2026-08-14 15:24:54.481 INFO   [975942\332DD4] Auto-router pass #117 on board '5323d2ec15e2a41b5cb8138920732e70' was completed in 0,57 seconds with the score of 951,92 (12 unrouted), using 6488,40 CPU seconds and 77517 MB memory.
2026-08-14 15:24:55.059 INFO   [975942\332DD4] Auto-router pass #118 on board '5323d2ec15e2a41b5cb8138920732e70' was completed in 0,57 seconds with the score of 951,92 (12 unrouted), using 6488,40 CPU seconds and 77517 MB memory.
2026-08-14 15:24:55.634 INFO   [975942\332DD4] Auto-router pass #119 on board '5323d2ec15e2a41b5cb8138920732e70' was completed in 0,57 seconds with the score of 951,92 (12 unrouted), using 6601,98 CPU seconds and 78150 MB memory.
2026-08-14 15:24:56.217 INFO   [975942\332DD4] Auto-router pass #120 on board '5323d2ec15e2a41b5cb8138920732e70' was completed in 0,57 seconds with the score of 951,92 (12 unrouted), using 6601,98 CPU seconds and 78150 MB memory.
2026-08-14 15:24:56.794 INFO   [975942\332DD4] Auto-router pass #121 on board '5323d2ec15e2a41b5cb8138920732e70' was completed in 0,57 seconds with the score of 951,92 (12 unrouted), using 6716,54 CPU seconds and 78784 MB memory.
2026-08-14 15:24:57.372 INFO   [975942\332DD4] Auto-router pass #122 on board '5323d2ec15e2a41b5cb8138920732e70' was completed in 0,57 seconds with the score of 951,92 (12 unrouted), using 6832,10 CPU seconds and 79418 MB memory.
2026-08-14 15:24:57.962 INFO   [975942\332DD4] Auto-router pass #123 on board '5323d2ec15e2a41b5cb8138920732e70' was completed in 0,58 seconds with the score of 951,92 (12 unrouted), using 6832,10 CPU seconds and 79418 MB memory.
2026-08-14 15:24:58.540 INFO   [975942\332DD4] Auto-router pass #124 on board '5323d2ec15e2a41b5cb8138920732e70' was completed in 0,57 seconds with the score of 951,92 (12 unrouted), using 6948,64 CPU seconds and 80045 MB memory.
2026-08-14 15:24:59.115 INFO   [975942\332DD4] Auto-router pass #125 on board '5323d2ec15e2a41b5cb8138920732e70' was completed in 0,56 seconds with the score of 951,92 (12 unrouted), using 6948,64 CPU seconds and 80045 MB memory.
2026-08-14 15:24:59.689 INFO   [975942\332DD4] Auto-router pass #126 on board '5323d2ec15e2a41b5cb8138920732e70' was completed in 0,57 seconds with the score of 951,92 (12 unrouted), using 7066,17 CPU seconds and 80682 MB memory.
2026-08-14 15:25:00.264 INFO   [975942\332DD4] Auto-router pass #127 on board '5323d2ec15e2a41b5cb8138920732e70' was completed in 0,57 seconds with the score of 951,92 (12 unrouted), using 7066,17 CPU seconds and 80682 MB memory.
2026-08-14 15:25:00.844 INFO   [975942\332DD4] Auto-router pass #128 on board '5323d2ec15e2a41b5cb8138920732e70' was completed in 0,57 seconds with the score of 951,92 (12 unrouted), using 7184,70 CPU seconds and 81319 MB memory.
2026-08-14 15:25:01.419 INFO   [975942\332DD4] Auto-router pass #129 on board '5323d2ec15e2a41b5cb8138920732e70' was completed in 0,57 seconds with the score of 951,92 (12 unrouted), using 7304,21 CPU seconds and 81957 MB memory.
2026-08-14 15:25:01.993 INFO   [975942\332DD4] Auto-router pass #130 on board '5323d2ec15e2a41b5cb8138920732e70' was completed in 0,56 seconds with the score of 951,92 (12 unrouted), using 7304,21 CPU seconds and 81957 MB memory.
2026-08-14 15:25:02.572 INFO   [975942\332DD4] Auto-router pass #131 on board '5323d2ec15e2a41b5cb8138920732e70' was completed in 0,57 seconds with the score of 951,92 (12 unrouted), using 7424,70 CPU seconds and 82592 MB memory.
2026-08-14 15:25:03.150 INFO   [975942\332DD4] Auto-router pass #132 on board '5323d2ec15e2a41b5cb8138920732e70' was completed in 0,57 seconds with the score of 951,92 (12 unrouted), using 7424,70 CPU seconds and 82592 MB memory.
2026-08-14 15:25:03.722 INFO   [975942\332DD4] Auto-router pass #133 on board '5323d2ec15e2a41b5cb8138920732e70' was completed in 0,56 seconds with the score of 951,92 (12 unrouted), using 7546,19 CPU seconds and 83233 MB memory.
2026-08-14 15:25:04.297 INFO   [975942\332DD4] Auto-router pass #134 on board '5323d2ec15e2a41b5cb8138920732e70' was completed in 0,57 seconds with the score of 951,92 (12 unrouted), using 7546,19 CPU seconds and 83233 MB memory.
2026-08-14 15:25:04.870 INFO   [975942\332DD4] Auto-router pass #135 on board '5323d2ec15e2a41b5cb8138920732e70' was completed in 0,56 seconds with the score of 951,92 (12 unrouted), using 7668,66 CPU seconds and 83867 MB memory.
2026-08-14 15:25:05.457 INFO   [975942\332DD4] Auto-router pass #136 on board '5323d2ec15e2a41b5cb8138920732e70' was completed in 0,58 seconds with the score of 951,92 (12 unrouted), using 7792,12 CPU seconds and 84507 MB memory.
2026-08-14 15:25:06.036 INFO   [975942\332DD4] Auto-router pass #137 on board '5323d2ec15e2a41b5cb8138920732e70' was completed in 0,57 seconds with the score of 951,92 (12 unrouted), using 7792,12 CPU seconds and 84507 MB memory.
2026-08-14 15:25:06.610 INFO   [975942\332DD4] Auto-router pass #138 on board '5323d2ec15e2a41b5cb8138920732e70' was completed in 0,56 seconds with the score of 951,92 (12 unrouted), using 7916,57 CPU seconds and 85138 MB memory.
2026-08-14 15:25:07.183 INFO   [975942\332DD4] Auto-router pass #139 on board '5323d2ec15e2a41b5cb8138920732e70' was completed in 0,56 seconds with the score of 951,92 (12 unrouted), using 7916,57 CPU seconds and 85138 MB memory.
2026-08-14 15:25:07.763 INFO   [975942\332DD4] Auto-router pass #140 on board '5323d2ec15e2a41b5cb8138920732e70' was completed in 0,57 seconds with the score of 951,92 (12 unrouted), using 8042,01 CPU seconds and 85775 MB memory.
2026-08-14 15:25:08.336 INFO   [975942\332DD4] Auto-router pass #141 on board '5323d2ec15e2a41b5cb8138920732e70' was completed in 0,56 seconds with the score of 951,92 (12 unrouted), using 8168,43 CPU seconds and 86416 MB memory.
2026-08-14 15:25:08.918 INFO   [975942\332DD4] Auto-router pass #142 on board '5323d2ec15e2a41b5cb8138920732e70' was completed in 0,57 seconds with the score of 951,92 (12 unrouted), using 8168,43 CPU seconds and 86416 MB memory.
2026-08-14 15:25:09.500 INFO   [975942\332DD4] Auto-router pass #143 on board '5323d2ec15e2a41b5cb8138920732e70' was completed in 0,57 seconds with the score of 951,92 (12 unrouted), using 8295,84 CPU seconds and 87047 MB memory.
2026-08-14 15:25:10.081 INFO   [975942\332DD4] Auto-router pass #144 on board '5323d2ec15e2a41b5cb8138920732e70' was completed in 0,57 seconds with the score of 951,92 (12 unrouted), using 8295,84 CPU seconds and 87047 MB memory.
2026-08-14 15:25:10.656 INFO   [975942\332DD4] Auto-router pass #145 on board '5323d2ec15e2a41b5cb8138920732e70' was completed in 0,57 seconds with the score of 951,92 (12 unrouted), using 8424,24 CPU seconds and 87679 MB memory.
2026-08-14 15:25:11.230 INFO   [975942\332DD4] Auto-router pass #146 on board '5323d2ec15e2a41b5cb8138920732e70' was completed in 0,56 seconds with the score of 951,92 (12 unrouted), using 8424,24 CPU seconds and 87679 MB memory.
2026-08-14 15:25:11.810 INFO   [975942\332DD4] Auto-router pass #147 on board '5323d2ec15e2a41b5cb8138920732e70' was completed in 0,57 seconds with the score of 951,92 (12 unrouted), using 8553,63 CPU seconds and 88314 MB memory.
2026-08-14 15:25:12.393 INFO   [975942\332DD4] Auto-router pass #148 on board '5323d2ec15e2a41b5cb8138920732e70' was completed in 0,57 seconds with the score of 951,92 (12 unrouted), using 8684,00 CPU seconds and 88952 MB memory.
2026-08-14 15:25:12.969 INFO   [975942\332DD4] Auto-router pass #149 on board '5323d2ec15e2a41b5cb8138920732e70' was completed in 0,57 seconds with the score of 951,92 (12 unrouted), using 8684,00 CPU seconds and 88952 MB memory.
2026-08-14 15:25:13.547 INFO   [975942\332DD4] Auto-router pass #150 on board '5323d2ec15e2a41b5cb8138920732e70' was completed in 0,57 seconds with the score of 951,92 (12 unrouted), using 8815,36 CPU seconds and 89584 MB memory.
2026-08-14 15:25:14.121 INFO   [975942\332DD4] Auto-router pass #151 on board '5323d2ec15e2a41b5cb8138920732e70' was completed in 0,57 seconds with the score of 951,92 (12 unrouted), using 8815,36 CPU seconds and 89584 MB memory.
2026-08-14 15:25:14.702 INFO   [975942\332DD4] Auto-router pass #152 on board '5323d2ec15e2a41b5cb8138920732e70' was completed in 0,57 seconds with the score of 951,92 (12 unrouted), using 8947,71 CPU seconds and 90219 MB memory.
2026-08-14 15:25:15.276 INFO   [975942\332DD4] Auto-router pass #153 on board '5323d2ec15e2a41b5cb8138920732e70' was completed in 0,56 seconds with the score of 951,92 (12 unrouted), using 8947,71 CPU seconds and 90219 MB memory.
2026-08-14 15:25:15.849 INFO   [975942\332DD4] Auto-router pass #154 on board '5323d2ec15e2a41b5cb8138920732e70' was completed in 0,56 seconds with the score of 951,92 (12 unrouted), using 9081,05 CPU seconds and 90855 MB memory.
2026-08-14 15:25:16.423 INFO   [975942\332DD4] Auto-router pass #155 on board '5323d2ec15e2a41b5cb8138920732e70' was completed in 0,57 seconds with the score of 951,92 (12 unrouted), using 9215,38 CPU seconds and 91497 MB memory.
2026-08-14 15:25:17.005 INFO   [975942\332DD4] Auto-router pass #156 on board '5323d2ec15e2a41b5cb8138920732e70' was completed in 0,57 seconds with the score of 951,92 (12 unrouted), using 9215,38 CPU seconds and 91497 MB memory.
2026-08-14 15:25:17.582 INFO   [975942\332DD4] Auto-router pass #157 on board '5323d2ec15e2a41b5cb8138920732e70' was completed in 0,57 seconds with the score of 951,92 (12 unrouted), using 9350,70 CPU seconds and 92130 MB memory.
2026-08-14 15:25:18.160 INFO   [975942\332DD4] Auto-router pass #158 on board '5323d2ec15e2a41b5cb8138920732e70' was completed in 0,57 seconds with the score of 951,92 (12 unrouted), using 9350,70 CPU seconds and 92130 MB memory.
2026-08-14 15:25:18.730 INFO   [975942\332DD4] Auto-router pass #159 on board '5323d2ec15e2a41b5cb8138920732e70' was completed in 0,56 seconds with the score of 951,92 (12 unrouted), using 9487,01 CPU seconds and 92765 MB memory.
2026-08-14 15:25:19.308 INFO   [975942\332DD4] Auto-router pass #160 on board '5323d2ec15e2a41b5cb8138920732e70' was completed in 0,57 seconds with the score of 951,92 (12 unrouted), using 9487,01 CPU seconds and 92765 MB memory.
2026-08-14 15:25:19.880 INFO   [975942\332DD4] Auto-router pass #161 on board '5323d2ec15e2a41b5cb8138920732e70' was completed in 0,56 seconds with the score of 951,92 (12 unrouted), using 9624,30 CPU seconds and 93406 MB memory.
2026-08-14 15:25:20.452 INFO   [975942\332DD4] Auto-router pass #162 on board '5323d2ec15e2a41b5cb8138920732e70' was completed in 0,56 seconds with the score of 951,92 (12 unrouted), using 9762,59 CPU seconds and 94048 MB memory.
2026-08-14 15:25:21.028 INFO   [975942\332DD4] Auto-router pass #163 on board '5323d2ec15e2a41b5cb8138920732e70' was completed in 0,57 seconds with the score of 951,92 (12 unrouted), using 9762,59 CPU seconds and 94048 MB memory.
2026-08-14 15:25:21.606 INFO   [975942\332DD4] Auto-router pass #164 on board '5323d2ec15e2a41b5cb8138920732e70' was completed in 0,57 seconds with the score of 951,92 (12 unrouted), using 9901,87 CPU seconds and 94684 MB memory.
2026-08-14 15:25:22.179 INFO   [975942\332DD4] Auto-router pass #165 on board '5323d2ec15e2a41b5cb8138920732e70' was completed in 0,56 seconds with the score of 951,92 (12 unrouted), using 9901,87 CPU seconds and 94684 MB memory.
2026-08-14 15:25:22.752 INFO   [975942\332DD4] Auto-router pass #166 on board '5323d2ec15e2a41b5cb8138920732e70' was completed in 0,56 seconds with the score of 951,92 (12 unrouted), using 10042,13 CPU seconds and 95325 MB memory.
2026-08-14 15:25:23.325 INFO   [975942\332DD4] Auto-router pass #167 on board '5323d2ec15e2a41b5cb8138920732e70' was completed in 0,56 seconds with the score of 951,92 (12 unrouted), using 10183,39 CPU seconds and 95965 MB memory.
2026-08-14 15:25:23.903 INFO   [975942\332DD4] Auto-router pass #168 on board '5323d2ec15e2a41b5cb8138920732e70' was completed in 0,57 seconds with the score of 951,92 (12 unrouted), using 10183,39 CPU seconds and 95965 MB memory.
2026-08-14 15:25:24.476 INFO   [975942\332DD4] Auto-router pass #169 on board '5323d2ec15e2a41b5cb8138920732e70' was completed in 0,56 seconds with the score of 951,92 (12 unrouted), using 10325,63 CPU seconds and 96603 MB memory.
2026-08-14 15:25:25.054 INFO   [975942\332DD4] Auto-router pass #170 on board '5323d2ec15e2a41b5cb8138920732e70' was completed in 0,57 seconds with the score of 951,92 (12 unrouted), using 10325,63 CPU seconds and 96603 MB memory.
2026-08-14 15:25:25.630 INFO   [975942\332DD4] Auto-router pass #171 on board '5323d2ec15e2a41b5cb8138920732e70' was completed in 0,57 seconds with the score of 951,92 (12 unrouted), using 10468,87 CPU seconds and 97237 MB memory.
2026-08-14 15:25:26.214 INFO   [975942\332DD4] Auto-router pass #172 on board '5323d2ec15e2a41b5cb8138920732e70' was completed in 0,57 seconds with the score of 951,92 (12 unrouted), using 10468,87 CPU seconds and 97237 MB memory.
2026-08-14 15:25:26.795 INFO   [975942\332DD4] Auto-router pass #173 on board '5323d2ec15e2a41b5cb8138920732e70' was completed in 0,57 seconds with the score of 951,92 (12 unrouted), using 10613,09 CPU seconds and 97869 MB memory.
2026-08-14 15:25:27.369 INFO   [975942\332DD4] Auto-router pass #174 on board '5323d2ec15e2a41b5cb8138920732e70' was completed in 0,56 seconds with the score of 951,92 (12 unrouted), using 10758,30 CPU seconds and 98507 MB memory.
2026-08-14 15:25:27.943 INFO   [975942\332DD4] Auto-router pass #175 on board '5323d2ec15e2a41b5cb8138920732e70' was completed in 0,56 seconds with the score of 951,92 (12 unrouted), using 10758,30 CPU seconds and 98507 MB memory.
2026-08-14 15:25:28.525 INFO   [975942\332DD4] Auto-router pass #176 on board '5323d2ec15e2a41b5cb8138920732e70' was completed in 0,57 seconds with the score of 951,92 (12 unrouted), using 10904,50 CPU seconds and 99142 MB memory.
2026-08-14 15:25:29.101 INFO   [975942\332DD4] Auto-router pass #177 on board '5323d2ec15e2a41b5cb8138920732e70' was completed in 0,57 seconds with the score of 951,92 (12 unrouted), using 10904,50 CPU seconds and 99142 MB memory.
2026-08-14 15:25:29.675 INFO   [975942\332DD4] Auto-router pass #178 on board '5323d2ec15e2a41b5cb8138920732e70' was completed in 0,56 seconds with the score of 951,92 (12 unrouted), using 11051,69 CPU seconds and 99776 MB memory.
2026-08-14 15:25:30.248 INFO   [975942\332DD4] Auto-router pass #179 on board '5323d2ec15e2a41b5cb8138920732e70' was completed in 0,56 seconds with the score of 951,92 (12 unrouted), using 11051,69 CPU seconds and 99776 MB memory.
2026-08-14 15:25:30.827 INFO   [975942\332DD4] Auto-router pass #180 on board '5323d2ec15e2a41b5cb8138920732e70' was completed in 0,57 seconds with the score of 951,92 (12 unrouted), using 11199,87 CPU seconds and 100418 MB memory.
2026-08-14 15:25:31.401 INFO   [975942\332DD4] Auto-router pass #181 on board '5323d2ec15e2a41b5cb8138920732e70' was completed in 0,56 seconds with the score of 951,92 (12 unrouted), using 11349,03 CPU seconds and 101060 MB memory.
2026-08-14 15:25:31.976 INFO   [975942\332DD4] Auto-router pass #182 on board '5323d2ec15e2a41b5cb8138920732e70' was completed in 0,57 seconds with the score of 951,92 (12 unrouted), using 11349,03 CPU seconds and 101060 MB memory.
2026-08-14 15:25:32.552 INFO   [975942\332DD4] Auto-router pass #183 on board '5323d2ec15e2a41b5cb8138920732e70' was completed in 0,57 seconds with the score of 951,92 (12 unrouted), using 11499,19 CPU seconds and 101692 MB memory.
2026-08-14 15:25:33.130 INFO   [975942\332DD4] Auto-router pass #184 on board '5323d2ec15e2a41b5cb8138920732e70' was completed in 0,57 seconds with the score of 951,92 (12 unrouted), using 11499,19 CPU seconds and 101692 MB memory.
2026-08-14 15:25:33.702 INFO   [975942\332DD4] Auto-router pass #185 on board '5323d2ec15e2a41b5cb8138920732e70' was completed in 0,56 seconds with the score of 951,92 (12 unrouted), using 11650,34 CPU seconds and 102330 MB memory.
2026-08-14 15:25:34.275 INFO   [975942\332DD4] Auto-router pass #186 on board '5323d2ec15e2a41b5cb8138920732e70' was completed in 0,56 seconds with the score of 951,92 (12 unrouted), using 11650,34 CPU seconds and 102330 MB memory.
2026-08-14 15:25:34.847 INFO   [975942\332DD4] Auto-router pass #187 on board '5323d2ec15e2a41b5cb8138920732e70' was completed in 0,56 seconds with the score of 951,92 (12 unrouted), using 11802,47 CPU seconds and 102969 MB memory.
2026-08-14 15:25:35.425 INFO   [975942\332DD4] Auto-router pass #188 on board '5323d2ec15e2a41b5cb8138920732e70' was completed in 0,57 seconds with the score of 951,92 (12 unrouted), using 11955,60 CPU seconds and 103614 MB memory.
2026-08-14 15:25:35.999 INFO   [975942\332DD4] Auto-router pass #189 on board '5323d2ec15e2a41b5cb8138920732e70' was completed in 0,57 seconds with the score of 951,92 (12 unrouted), using 11955,60 CPU seconds and 103614 MB memory.
2026-08-14 15:25:36.576 INFO   [975942\332DD4] Auto-router pass #190 on board '5323d2ec15e2a41b5cb8138920732e70' was completed in 0,57 seconds with the score of 951,92 (12 unrouted), using 12109,71 CPU seconds and 104247 MB memory.
2026-08-14 15:25:37.153 INFO   [975942\332DD4] Auto-router pass #191 on board '5323d2ec15e2a41b5cb8138920732e70' was completed in 0,57 seconds with the score of 951,92 (12 unrouted), using 12109,71 CPU seconds and 104247 MB memory.
2026-08-14 15:25:37.732 INFO   [975942\332DD4] Auto-router pass #192 on board '5323d2ec15e2a41b5cb8138920732e70' was completed in 0,57 seconds with the score of 951,92 (12 unrouted), using 12264,82 CPU seconds and 104882 MB memory.
2026-08-14 15:25:38.308 INFO   [975942\332DD4] Auto-router pass #193 on board '5323d2ec15e2a41b5cb8138920732e70' was completed in 0,57 seconds with the score of 951,92 (12 unrouted), using 12264,82 CPU seconds and 104882 MB memory.
2026-08-14 15:25:38.883 INFO   [975942\332DD4] Auto-router pass #194 on board '5323d2ec15e2a41b5cb8138920732e70' was completed in 0,56 seconds with the score of 951,92 (12 unrouted), using 12420,91 CPU seconds and 105517 MB memory.
2026-08-14 15:25:39.455 INFO   [975942\332DD4] Auto-router pass #195 on board '5323d2ec15e2a41b5cb8138920732e70' was completed in 0,56 seconds with the score of 951,92 (12 unrouted), using 12577,99 CPU seconds and 106157 MB memory.
2026-08-14 15:25:40.032 INFO   [975942\332DD4] Auto-router pass #196 on board '5323d2ec15e2a41b5cb8138920732e70' was completed in 0,57 seconds with the score of 951,92 (12 unrouted), using 12577,99 CPU seconds and 106157 MB memory.
2026-08-14 15:25:40.603 INFO   [975942\332DD4] Auto-router pass #197 on board '5323d2ec15e2a41b5cb8138920732e70' was completed in 0,56 seconds with the score of 951,92 (12 unrouted), using 12736,06 CPU seconds and 106801 MB memory.
2026-08-14 15:25:41.180 INFO   [975942\332DD4] Auto-router pass #198 on board '5323d2ec15e2a41b5cb8138920732e70' was completed in 0,57 seconds with the score of 951,92 (12 unrouted), using 12736,06 CPU seconds and 106801 MB memory.
2026-08-14 15:25:41.751 INFO   [975942\332DD4] Auto-router pass #199 on board '5323d2ec15e2a41b5cb8138920732e70' was completed in 0,56 seconds with the score of 951,92 (12 unrouted), using 12895,12 CPU seconds and 107435 MB memory.
2026-08-14 15:25:42.328 INFO   [975942\332DD4] Auto-router pass #200 on board '5323d2ec15e2a41b5cb8138920732e70' was completed in 0,57 seconds with the score of 951,92 (12 unrouted), using 13055,18 CPU seconds and 108078 MB memory.
2026-08-14 15:25:42.898 INFO   [975942\332DD4] Auto-router pass #201 on board '5323d2ec15e2a41b5cb8138920732e70' was completed in 0,56 seconds with the score of 951,92 (12 unrouted), using 13055,18 CPU seconds and 108078 MB memory.
2026-08-14 15:25:43.472 INFO   [975942\332DD4] Auto-router pass #202 on board '5323d2ec15e2a41b5cb8138920732e70' was completed in 0,56 seconds with the score of 951,92 (12 unrouted), using 13216,22 CPU seconds and 108721 MB memory.
2026-08-14 15:25:44.042 INFO   [975942\332DD4] Auto-router pass #203 on board '5323d2ec15e2a41b5cb8138920732e70' was completed in 0,56 seconds with the score of 951,92 (12 unrouted), using 13216,22 CPU seconds and 108721 MB memory.
2026-08-14 15:25:44.595 INFO   [975942\332DD4] Auto-router pass #204 on board '5323d2ec15e2a41b5cb8138920732e70' was completed in 0,54 seconds with the score of 951,92 (12 unrouted), using 13378,25 CPU seconds and 109364 MB memory.
2026-08-14 15:25:45.135 INFO   [975942\332DD4] Auto-router pass #205 on board '5323d2ec15e2a41b5cb8138920732e70' was completed in 0,53 seconds with the score of 951,92 (12 unrouted), using 13378,25 CPU seconds and 109364 MB memory.
2026-08-14 15:25:45.674 INFO   [975942\332DD4] Auto-router pass #206 on board '5323d2ec15e2a41b5cb8138920732e70' was completed in 0,53 seconds with the score of 951,92 (12 unrouted), using 13541,27 CPU seconds and 110043 MB memory.
2026-08-14 15:25:46.215 INFO   [975942\332DD4] Auto-router pass #207 on board '5323d2ec15e2a41b5cb8138920732e70' was completed in 0,53 seconds with the score of 951,92 (12 unrouted), using 13541,27 CPU seconds and 110043 MB memory.
2026-08-14 15:25:46.761 INFO   [975942\332DD4] Auto-router pass #208 on board '5323d2ec15e2a41b5cb8138920732e70' was completed in 0,54 seconds with the score of 951,92 (12 unrouted), using 13705,28 CPU seconds and 110721 MB memory.
2026-08-14 15:25:47.308 INFO   [975942\332DD4] Auto-router pass #209 on board '5323d2ec15e2a41b5cb8138920732e70' was completed in 0,54 seconds with the score of 951,92 (12 unrouted), using 13705,28 CPU seconds and 110721 MB memory.
2026-08-14 15:25:47.861 INFO   [975942\332DD4] Auto-router pass #210 on board '5323d2ec15e2a41b5cb8138920732e70' was completed in 0,54 seconds with the score of 951,92 (12 unrouted), using 13870,28 CPU seconds and 111385 MB memory.
2026-08-14 15:25:48.401 INFO   [975942\332DD4] Auto-router pass #211 on board '5323d2ec15e2a41b5cb8138920732e70' was completed in 0,53 seconds with the score of 951,92 (12 unrouted), using 14036,26 CPU seconds and 112065 MB memory.
2026-08-14 15:25:48.946 INFO   [975942\332DD4] Auto-router pass #212 on board '5323d2ec15e2a41b5cb8138920732e70' was completed in 0,54 seconds with the score of 951,92 (12 unrouted), using 14036,26 CPU seconds and 112065 MB memory.
2026-08-14 15:25:49.486 INFO   [975942\332DD4] Auto-router pass #213 on board '5323d2ec15e2a41b5cb8138920732e70' was completed in 0,53 seconds with the score of 951,92 (12 unrouted), using 14203,24 CPU seconds and 112743 MB memory.
2026-08-14 15:25:50.026 INFO   [975942\332DD4] Auto-router pass #214 on board '5323d2ec15e2a41b5cb8138920732e70' was completed in 0,53 seconds with the score of 951,92 (12 unrouted), using 14203,24 CPU seconds and 112743 MB memory.
2026-08-14 15:25:50.567 INFO   [975942\332DD4] Auto-router pass #215 on board '5323d2ec15e2a41b5cb8138920732e70' was completed in 0,53 seconds with the score of 951,92 (12 unrouted), using 14371,21 CPU seconds and 113419 MB memory.
2026-08-14 15:25:51.113 INFO   [975942\332DD4] Auto-router pass #216 on board '5323d2ec15e2a41b5cb8138920732e70' was completed in 0,54 seconds with the score of 951,92 (12 unrouted), using 14371,21 CPU seconds and 113419 MB memory.
2026-08-14 15:25:51.653 INFO   [975942\332DD4] Auto-router pass #217 on board '5323d2ec15e2a41b5cb8138920732e70' was completed in 0,53 seconds with the score of 951,92 (12 unrouted), using 14540,16 CPU seconds and 114097 MB memory.
2026-08-14 15:25:52.192 INFO   [975942\332DD4] Auto-router pass #218 on board '5323d2ec15e2a41b5cb8138920732e70' was completed in 0,53 seconds with the score of 951,92 (12 unrouted), using 14540,16 CPU seconds and 114097 MB memory.
2026-08-14 15:25:52.733 INFO   [975942\332DD4] Auto-router pass #219 on board '5323d2ec15e2a41b5cb8138920732e70' was completed in 0,53 seconds with the score of 951,92 (12 unrouted), using 14710,11 CPU seconds and 114772 MB memory.
2026-08-14 15:25:53.278 INFO   [975942\332DD4] Auto-router pass #220 on board '5323d2ec15e2a41b5cb8138920732e70' was completed in 0,54 seconds with the score of 951,92 (12 unrouted), using 14710,11 CPU seconds and 114772 MB memory.
2026-08-14 15:25:53.817 INFO   [975942\332DD4] Auto-router pass #221 on board '5323d2ec15e2a41b5cb8138920732e70' was completed in 0,53 seconds with the score of 951,92 (12 unrouted), using 14881,04 CPU seconds and 115450 MB memory.
2026-08-14 15:25:54.356 INFO   [975942\332DD4] Auto-router pass #222 on board '5323d2ec15e2a41b5cb8138920732e70' was completed in 0,53 seconds with the score of 951,92 (12 unrouted), using 15052,96 CPU seconds and 116133 MB memory.
2026-08-14 15:25:54.895 INFO   [975942\332DD4] Auto-router pass #223 on board '5323d2ec15e2a41b5cb8138920732e70' was completed in 0,53 seconds with the score of 951,92 (12 unrouted), using 15052,96 CPU seconds and 116133 MB memory.
2026-08-14 15:25:55.439 INFO   [975942\332DD4] Auto-router pass #224 on board '5323d2ec15e2a41b5cb8138920732e70' was completed in 0,54 seconds with the score of 951,92 (12 unrouted), using 15225,87 CPU seconds and 116812 MB memory.
2026-08-14 15:25:55.979 INFO   [975942\332DD4] Auto-router pass #225 on board '5323d2ec15e2a41b5cb8138920732e70' was completed in 0,53 seconds with the score of 951,92 (12 unrouted), using 15225,87 CPU seconds and 116812 MB memory.
2026-08-14 15:25:56.521 INFO   [975942\332DD4] Auto-router pass #226 on board '5323d2ec15e2a41b5cb8138920732e70' was completed in 0,53 seconds with the score of 951,92 (12 unrouted), using 15399,77 CPU seconds and 117487 MB memory.
2026-08-14 15:25:57.064 INFO   [975942\332DD4] Auto-router pass #227 on board '5323d2ec15e2a41b5cb8138920732e70' was completed in 0,53 seconds with the score of 951,92 (12 unrouted), using 15399,77 CPU seconds and 117487 MB memory.
2026-08-14 15:25:57.612 INFO   [975942\332DD4] Auto-router pass #228 on board '5323d2ec15e2a41b5cb8138920732e70' was completed in 0,54 seconds with the score of 951,92 (12 unrouted), using 15574,65 CPU seconds and 118162 MB memory.
2026-08-14 15:25:58.170 INFO   [975942\332DD4] Auto-router pass #229 on board '5323d2ec15e2a41b5cb8138920732e70' was completed in 0,55 seconds with the score of 951,92 (12 unrouted), using 15574,65 CPU seconds and 118162 MB memory.
2026-08-14 15:25:58.710 INFO   [975942\332DD4] Auto-router pass #230 on board '5323d2ec15e2a41b5cb8138920732e70' was completed in 0,53 seconds with the score of 951,92 (12 unrouted), using 15750,53 CPU seconds and 118826 MB memory.
2026-08-14 15:25:59.252 INFO   [975942\332DD4] Auto-router pass #231 on board '5323d2ec15e2a41b5cb8138920732e70' was completed in 0,53 seconds with the score of 951,92 (12 unrouted), using 15750,53 CPU seconds and 118826 MB memory.
2026-08-14 15:25:59.796 INFO   [975942\332DD4] Auto-router pass #232 on board '5323d2ec15e2a41b5cb8138920732e70' was completed in 0,54 seconds with the score of 951,92 (12 unrouted), using 15927,39 CPU seconds and 119501 MB memory.
2026-08-14 15:26:00.338 INFO   [975942\332DD4] Auto-router pass #233 on board '5323d2ec15e2a41b5cb8138920732e70' was completed in 0,53 seconds with the score of 951,92 (12 unrouted), using 16105,24 CPU seconds and 120183 MB memory.
2026-08-14 15:26:00.876 INFO   [975942\332DD4] Auto-router pass #234 on board '5323d2ec15e2a41b5cb8138920732e70' was completed in 0,53 seconds with the score of 951,92 (12 unrouted), using 16105,24 CPU seconds and 120183 MB memory.
2026-08-14 15:26:01.415 INFO   [975942\332DD4] Auto-router pass #235 on board '5323d2ec15e2a41b5cb8138920732e70' was completed in 0,53 seconds with the score of 951,92 (12 unrouted), using 16284,08 CPU seconds and 120862 MB memory.
2026-08-14 15:26:01.960 INFO   [975942\332DD4] Auto-router pass #236 on board '5323d2ec15e2a41b5cb8138920732e70' was completed in 0,54 seconds with the score of 951,92 (12 unrouted), using 16284,08 CPU seconds and 120862 MB memory.
2026-08-14 15:26:02.504 INFO   [975942\332DD4] Auto-router pass #237 on board '5323d2ec15e2a41b5cb8138920732e70' was completed in 0,54 seconds with the score of 951,92 (12 unrouted), using 16463,90 CPU seconds and 121537 MB memory.
2026-08-14 15:26:03.047 INFO   [975942\332DD4] Auto-router pass #238 on board '5323d2ec15e2a41b5cb8138920732e70' was completed in 0,53 seconds with the score of 951,92 (12 unrouted), using 16463,90 CPU seconds and 121537 MB memory.
2026-08-14 15:26:03.591 INFO   [975942\332DD4] Auto-router pass #239 on board '5323d2ec15e2a41b5cb8138920732e70' was completed in 0,53 seconds with the score of 951,92 (12 unrouted), using 16644,72 CPU seconds and 122211 MB memory.
2026-08-14 15:26:04.135 INFO   [975942\332DD4] Auto-router pass #240 on board '5323d2ec15e2a41b5cb8138920732e70' was completed in 0,54 seconds with the score of 951,92 (12 unrouted), using 16644,72 CPU seconds and 122211 MB memory.
2026-08-14 15:26:04.675 INFO   [975942\332DD4] Auto-router pass #241 on board '5323d2ec15e2a41b5cb8138920732e70' was completed in 0,53 seconds with the score of 951,92 (12 unrouted), using 16826,53 CPU seconds and 122889 MB memory.
2026-08-14 15:26:05.215 INFO   [975942\332DD4] Auto-router pass #242 on board '5323d2ec15e2a41b5cb8138920732e70' was completed in 0,53 seconds with the score of 951,92 (12 unrouted), using 16826,53 CPU seconds and 122889 MB memory.
2026-08-14 15:26:05.754 INFO   [975942\332DD4] Auto-router pass #243 on board '5323d2ec15e2a41b5cb8138920732e70' was completed in 0,53 seconds with the score of 951,92 (12 unrouted), using 17009,33 CPU seconds and 123565 MB memory.
2026-08-14 15:26:06.298 INFO   [975942\332DD4] Auto-router pass #244 on board '5323d2ec15e2a41b5cb8138920732e70' was completed in 0,54 seconds with the score of 951,92 (12 unrouted), using 17009,33 CPU seconds and 123565 MB memory.
2026-08-14 15:26:06.837 INFO   [975942\332DD4] Auto-router pass #245 on board '5323d2ec15e2a41b5cb8138920732e70' was completed in 0,53 seconds with the score of 951,92 (12 unrouted), using 17193,12 CPU seconds and 124244 MB memory.
2026-08-14 15:26:07.375 INFO   [975942\332DD4] Auto-router pass #246 on board '5323d2ec15e2a41b5cb8138920732e70' was completed in 0,53 seconds with the score of 951,92 (12 unrouted), using 17377,90 CPU seconds and 124928 MB memory.
2026-08-14 15:26:07.912 INFO   [975942\332DD4] Auto-router pass #247 on board '5323d2ec15e2a41b5cb8138920732e70' was completed in 0,53 seconds with the score of 951,92 (12 unrouted), using 17377,90 CPU seconds and 124928 MB memory.
2026-08-14 15:26:08.459 INFO   [975942\332DD4] Auto-router pass #248 on board '5323d2ec15e2a41b5cb8138920732e70' was completed in 0,54 seconds with the score of 951,92 (12 unrouted), using 17563,67 CPU seconds and 125605 MB memory.
2026-08-14 15:26:08.998 INFO   [975942\332DD4] Auto-router pass #249 on board '5323d2ec15e2a41b5cb8138920732e70' was completed in 0,53 seconds with the score of 951,92 (12 unrouted), using 17563,67 CPU seconds and 125605 MB memory.
2026-08-14 15:26:09.542 INFO   [975942\332DD4] Auto-router pass #250 on board '5323d2ec15e2a41b5cb8138920732e70' was completed in 0,53 seconds with the score of 951,92 (12 unrouted), using 17750,43 CPU seconds and 126284 MB memory.
2026-08-14 15:26:10.082 INFO   [975942\332DD4] Auto-router pass #251 on board '5323d2ec15e2a41b5cb8138920732e70' was completed in 0,53 seconds with the score of 951,92 (12 unrouted), using 17750,43 CPU seconds and 126284 MB memory.
2026-08-14 15:26:10.627 INFO   [975942\332DD4] Auto-router pass #252 on board '5323d2ec15e2a41b5cb8138920732e70' was completed in 0,54 seconds with the score of 951,92 (12 unrouted), using 17938,18 CPU seconds and 126959 MB memory.
2026-08-14 15:26:11.165 INFO   [975942\332DD4] Auto-router pass #253 on board '5323d2ec15e2a41b5cb8138920732e70' was completed in 0,53 seconds with the score of 951,92 (12 unrouted), using 17938,18 CPU seconds and 126959 MB memory.
2026-08-14 15:26:11.716 INFO   [975942\332DD4] Auto-router pass #254 on board '5323d2ec15e2a41b5cb8138920732e70' was completed in 0,54 seconds with the score of 951,92 (12 unrouted), using 18126,91 CPU seconds and 127632 MB memory.
2026-08-14 15:26:12.253 INFO   [975942\332DD4] Auto-router pass #255 on board '5323d2ec15e2a41b5cb8138920732e70' was completed in 0,53 seconds with the score of 951,92 (12 unrouted), using 18126,91 CPU seconds and 127632 MB memory.
2026-08-14 15:26:12.803 INFO   [975942\332DD4] Auto-router pass #256 on board '5323d2ec15e2a41b5cb8138920732e70' was completed in 0,54 seconds with the score of 951,92 (12 unrouted), using 18316,63 CPU seconds and 128308 MB memory.
2026-08-14 15:26:13.349 INFO   [975942\332DD4] Auto-router pass #257 on board '5323d2ec15e2a41b5cb8138920732e70' was completed in 0,54 seconds with the score of 951,92 (12 unrouted), using 18507,35 CPU seconds and 128988 MB memory.
2026-08-14 15:26:13.889 INFO   [975942\332DD4] Auto-router pass #258 on board '5323d2ec15e2a41b5cb8138920732e70' was completed in 0,53 seconds with the score of 951,92 (12 unrouted), using 18507,35 CPU seconds and 128988 MB memory.
2026-08-14 15:26:14.428 INFO   [975942\332DD4] Auto-router pass #259 on board '5323d2ec15e2a41b5cb8138920732e70' was completed in 0,53 seconds with the score of 951,92 (12 unrouted), using 18699,05 CPU seconds and 129663 MB memory.
2026-08-14 15:26:14.972 INFO   [975942\332DD4] Auto-router pass #260 on board '5323d2ec15e2a41b5cb8138920732e70' was completed in 0,54 seconds with the score of 951,92 (12 unrouted), using 18699,05 CPU seconds and 129663 MB memory.
2026-08-14 15:26:15.510 INFO   [975942\332DD4] Auto-router pass #261 on board '5323d2ec15e2a41b5cb8138920732e70' was completed in 0,53 seconds with the score of 951,92 (12 unrouted), using 18891,74 CPU seconds and 130342 MB memory.
2026-08-14 15:26:16.052 INFO   [975942\332DD4] Auto-router pass #262 on board '5323d2ec15e2a41b5cb8138920732e70' was completed in 0,53 seconds with the score of 951,92 (12 unrouted), using 18891,74 CPU seconds and 130342 MB memory.
2026-08-14 15:26:16.592 INFO   [975942\332DD4] Auto-router pass #263 on board '5323d2ec15e2a41b5cb8138920732e70' was completed in 0,53 seconds with the score of 951,92 (12 unrouted), using 19085,42 CPU seconds and 131018 MB memory.
2026-08-14 15:26:17.135 INFO   [975942\332DD4] Auto-router pass #264 on board '5323d2ec15e2a41b5cb8138920732e70' was completed in 0,53 seconds with the score of 951,92 (12 unrouted), using 19085,42 CPU seconds and 131018 MB memory.
2026-08-14 15:26:17.675 INFO   [975942\332DD4] Auto-router pass #265 on board '5323d2ec15e2a41b5cb8138920732e70' was completed in 0,53 seconds with the score of 951,92 (12 unrouted), using 19280,09 CPU seconds and 131697 MB memory.
2026-08-14 15:26:18.215 INFO   [975942\332DD4] Auto-router pass #266 on board '5323d2ec15e2a41b5cb8138920732e70' was completed in 0,53 seconds with the score of 951,92 (12 unrouted), using 19280,09 CPU seconds and 131697 MB memory.
2026-08-14 15:26:18.757 INFO   [975942\332DD4] Auto-router pass #267 on board '5323d2ec15e2a41b5cb8138920732e70' was completed in 0,53 seconds with the score of 951,92 (12 unrouted), using 19475,75 CPU seconds and 132373 MB memory.
2026-08-14 15:26:19.302 INFO   [975942\332DD4] Auto-router pass #268 on board '5323d2ec15e2a41b5cb8138920732e70' was completed in 0,54 seconds with the score of 951,92 (12 unrouted), using 19475,75 CPU seconds and 132373 MB memory.
2026-08-14 15:26:19.841 INFO   [975942\332DD4] Auto-router pass #269 on board '5323d2ec15e2a41b5cb8138920732e70' was completed in 0,53 seconds with the score of 951,92 (12 unrouted), using 19672,40 CPU seconds and 133051 MB memory.
2026-08-14 15:26:20.398 INFO   [975942\332DD4] Auto-router pass #270 on board '5323d2ec15e2a41b5cb8138920732e70' was completed in 0,55 seconds with the score of 951,92 (12 unrouted), using 19870,04 CPU seconds and 133720 MB memory.
2026-08-14 15:26:20.941 INFO   [975942\332DD4] Auto-router pass #271 on board '5323d2ec15e2a41b5cb8138920732e70' was completed in 0,53 seconds with the score of 951,92 (12 unrouted), using 19870,04 CPU seconds and 133720 MB memory.
2026-08-14 15:26:21.488 INFO   [975942\332DD4] Auto-router pass #272 on board '5323d2ec15e2a41b5cb8138920732e70' was completed in 0,54 seconds with the score of 951,92 (12 unrouted), using 20068,67 CPU seconds and 134396 MB memory.
2026-08-14 15:26:22.030 INFO   [975942\332DD4] Auto-router pass #273 on board '5323d2ec15e2a41b5cb8138920732e70' was completed in 0,53 seconds with the score of 951,92 (12 unrouted), using 20068,67 CPU seconds and 134396 MB memory.
2026-08-14 15:26:22.572 INFO   [975942\332DD4] Auto-router pass #274 on board '5323d2ec15e2a41b5cb8138920732e70' was completed in 0,53 seconds with the score of 951,92 (12 unrouted), using 20268,29 CPU seconds and 135071 MB memory.
2026-08-14 15:26:23.128 INFO   [975942\332DD4] Auto-router pass #275 on board '5323d2ec15e2a41b5cb8138920732e70' was completed in 0,55 seconds with the score of 951,92 (12 unrouted), using 20268,29 CPU seconds and 135071 MB memory.
2026-08-14 15:26:23.674 INFO   [975942\332DD4] Auto-router pass #276 on board '5323d2ec15e2a41b5cb8138920732e70' was completed in 0,54 seconds with the score of 951,92 (12 unrouted), using 20468,89 CPU seconds and 135735 MB memory.
2026-08-14 15:26:24.213 INFO   [975942\332DD4] Auto-router pass #277 on board '5323d2ec15e2a41b5cb8138920732e70' was completed in 0,53 seconds with the score of 951,92 (12 unrouted), using 20468,89 CPU seconds and 135735 MB memory.
2026-08-14 15:26:24.752 INFO   [975942\332DD4] Auto-router pass #278 on board '5323d2ec15e2a41b5cb8138920732e70' was completed in 0,53 seconds with the score of 951,92 (12 unrouted), using 20670,49 CPU seconds and 136414 MB memory.
2026-08-14 15:26:25.291 INFO   [975942\332DD4] Auto-router pass #279 on board '5323d2ec15e2a41b5cb8138920732e70' was completed in 0,53 seconds with the score of 951,92 (12 unrouted), using 20670,49 CPU seconds and 136414 MB memory.
2026-08-14 15:26:25.835 INFO   [975942\332DD4] Auto-router pass #280 on board '5323d2ec15e2a41b5cb8138920732e70' was completed in 0,54 seconds with the score of 951,92 (12 unrouted), using 20873,07 CPU seconds and 137095 MB memory.
2026-08-14 15:26:26.373 INFO   [975942\332DD4] Auto-router pass #281 on board '5323d2ec15e2a41b5cb8138920732e70' was completed in 0,53 seconds with the score of 951,92 (12 unrouted), using 21076,65 CPU seconds and 137779 MB memory.
2026-08-14 15:26:26.912 INFO   [975942\332DD4] Auto-router pass #282 on board '5323d2ec15e2a41b5cb8138920732e70' was completed in 0,53 seconds with the score of 951,92 (12 unrouted), using 21076,65 CPU seconds and 137779 MB memory.
2026-08-14 15:26:27.451 INFO   [975942\332DD4] Auto-router pass #283 on board '5323d2ec15e2a41b5cb8138920732e70' was completed in 0,53 seconds with the score of 951,92 (12 unrouted), using 21281,22 CPU seconds and 138457 MB memory.
2026-08-14 15:26:27.999 INFO   [975942\332DD4] Auto-router pass #284 on board '5323d2ec15e2a41b5cb8138920732e70' was completed in 0,54 seconds with the score of 951,92 (12 unrouted), using 21281,22 CPU seconds and 138457 MB memory.
2026-08-14 15:26:28.542 INFO   [975942\332DD4] Auto-router pass #285 on board '5323d2ec15e2a41b5cb8138920732e70' was completed in 0,53 seconds with the score of 951,92 (12 unrouted), using 21486,77 CPU seconds and 139132 MB memory.
2026-08-14 15:26:29.081 INFO   [975942\332DD4] Auto-router pass #286 on board '5323d2ec15e2a41b5cb8138920732e70' was completed in 0,53 seconds with the score of 951,92 (12 unrouted), using 21486,77 CPU seconds and 139132 MB memory.
2026-08-14 15:26:29.626 INFO   [975942\332DD4] Auto-router pass #287 on board '5323d2ec15e2a41b5cb8138920732e70' was completed in 0,54 seconds with the score of 951,92 (12 unrouted), using 21693,32 CPU seconds and 139808 MB memory.
2026-08-14 15:26:30.171 INFO   [975942\332DD4] Auto-router pass #288 on board '5323d2ec15e2a41b5cb8138920732e70' was completed in 0,54 seconds with the score of 951,92 (12 unrouted), using 21693,32 CPU seconds and 139808 MB memory.
2026-08-14 15:26:30.708 INFO   [975942\332DD4] Auto-router pass #289 on board '5323d2ec15e2a41b5cb8138920732e70' was completed in 0,53 seconds with the score of 951,92 (12 unrouted), using 21900,85 CPU seconds and 140485 MB memory.
2026-08-14 15:26:31.247 INFO   [975942\332DD4] Auto-router pass #290 on board '5323d2ec15e2a41b5cb8138920732e70' was completed in 0,53 seconds with the score of 951,92 (12 unrouted), using 21900,85 CPU seconds and 140485 MB memory.
2026-08-14 15:26:31.790 INFO   [975942\332DD4] Auto-router pass #291 on board '5323d2ec15e2a41b5cb8138920732e70' was completed in 0,53 seconds with the score of 951,92 (12 unrouted), using 22109,38 CPU seconds and 141162 MB memory.
2026-08-14 15:26:32.338 INFO   [975942\332DD4] Auto-router pass #292 on board '5323d2ec15e2a41b5cb8138920732e70' was completed in 0,54 seconds with the score of 951,92 (12 unrouted), using 22109,38 CPU seconds and 141162 MB memory.
2026-08-14 15:26:32.879 INFO   [975942\332DD4] Auto-router pass #293 on board '5323d2ec15e2a41b5cb8138920732e70' was completed in 0,53 seconds with the score of 951,92 (12 unrouted), using 22318,89 CPU seconds and 141838 MB memory.
2026-08-14 15:26:33.421 INFO   [975942\332DD4] Auto-router pass #294 on board '5323d2ec15e2a41b5cb8138920732e70' was completed in 0,53 seconds with the score of 951,92 (12 unrouted), using 22529,40 CPU seconds and 142514 MB memory.
2026-08-14 15:26:33.962 INFO   [975942\332DD4] Auto-router pass #295 on board '5323d2ec15e2a41b5cb8138920732e70' was completed in 0,53 seconds with the score of 951,92 (12 unrouted), using 22529,40 CPU seconds and 142514 MB memory.
2026-08-14 15:26:34.507 INFO   [975942\332DD4] Auto-router pass #296 on board '5323d2ec15e2a41b5cb8138920732e70' was completed in 0,54 seconds with the score of 951,92 (12 unrouted), using 22740,89 CPU seconds and 143191 MB memory.
2026-08-14 15:26:35.046 INFO   [975942\332DD4] Auto-router pass #297 on board '5323d2ec15e2a41b5cb8138920732e70' was completed in 0,53 seconds with the score of 951,92 (12 unrouted), using 22740,89 CPU seconds and 143191 MB memory.
2026-08-14 15:26:35.586 INFO   [975942\332DD4] Auto-router pass #298 on board '5323d2ec15e2a41b5cb8138920732e70' was completed in 0,53 seconds with the score of 951,92 (12 unrouted), using 22953,37 CPU seconds and 143873 MB memory.
2026-08-14 15:26:36.127 INFO   [975942\332DD4] Auto-router pass #299 on board '5323d2ec15e2a41b5cb8138920732e70' was completed in 0,53 seconds with the score of 951,92 (12 unrouted), using 22953,37 CPU seconds and 143873 MB memory.
2026-08-14 15:26:36.671 INFO   [975942\332DD4] Auto-router pass #300 on board '5323d2ec15e2a41b5cb8138920732e70' was completed in 0,54 seconds with the score of 951,92 (12 unrouted), using 23166,84 CPU seconds and 144549 MB memory.
2026-08-14 15:26:37.212 INFO   [975942\332DD4] Auto-router pass #301 on board '5323d2ec15e2a41b5cb8138920732e70' was completed in 0,53 seconds with the score of 951,92 (12 unrouted), using 23166,84 CPU seconds and 144549 MB memory.
2026-08-14 15:26:37.751 INFO   [975942\332DD4] Auto-router pass #302 on board '5323d2ec15e2a41b5cb8138920732e70' was completed in 0,53 seconds with the score of 951,92 (12 unrouted), using 23381,30 CPU seconds and 145226 MB memory.
2026-08-14 15:26:38.291 INFO   [975942\332DD4] Auto-router pass #303 on board '5323d2ec15e2a41b5cb8138920732e70' was completed in 0,53 seconds with the score of 951,92 (12 unrouted), using 23381,30 CPU seconds and 145226 MB memory.
2026-08-14 15:26:38.836 INFO   [975942\332DD4] Auto-router pass #304 on board '5323d2ec15e2a41b5cb8138920732e70' was completed in 0,54 seconds with the score of 951,92 (12 unrouted), using 23596,75 CPU seconds and 145903 MB memory.
2026-08-14 15:26:39.375 INFO   [975942\332DD4] Auto-router pass #305 on board '5323d2ec15e2a41b5cb8138920732e70' was completed in 0,53 seconds with the score of 951,92 (12 unrouted), using 23813,19 CPU seconds and 146586 MB memory.
2026-08-14 15:26:39.913 INFO   [975942\332DD4] Auto-router pass #306 on board '5323d2ec15e2a41b5cb8138920732e70' was completed in 0,53 seconds with the score of 951,92 (12 unrouted), using 23813,19 CPU seconds and 146586 MB memory.
2026-08-14 15:26:40.453 INFO   [975942\332DD4] Auto-router pass #307 on board '5323d2ec15e2a41b5cb8138920732e70' was completed in 0,53 seconds with the score of 951,92 (12 unrouted), using 24030,62 CPU seconds and 147264 MB memory.
2026-08-14 15:26:40.999 INFO   [975942\332DD4] Auto-router pass #308 on board '5323d2ec15e2a41b5cb8138920732e70' was completed in 0,54 seconds with the score of 951,92 (12 unrouted), using 24030,62 CPU seconds and 147264 MB memory.
2026-08-14 15:26:41.537 INFO   [975942\332DD4] Auto-router pass #309 on board '5323d2ec15e2a41b5cb8138920732e70' was completed in 0,53 seconds with the score of 951,92 (12 unrouted), using 24249,04 CPU seconds and 147941 MB memory.
2026-08-14 15:26:42.076 INFO   [975942\332DD4] Auto-router pass #310 on board '5323d2ec15e2a41b5cb8138920732e70' was completed in 0,53 seconds with the score of 951,92 (12 unrouted), using 24249,04 CPU seconds and 147941 MB memory.
2026-08-14 15:26:42.617 INFO   [975942\332DD4] Auto-router pass #311 on board '5323d2ec15e2a41b5cb8138920732e70' was completed in 0,53 seconds with the score of 951,92 (12 unrouted), using 24468,45 CPU seconds and 148619 MB memory.
2026-08-14 15:26:43.162 INFO   [975942\332DD4] Auto-router pass #312 on board '5323d2ec15e2a41b5cb8138920732e70' was completed in 0,54 seconds with the score of 951,92 (12 unrouted), using 24468,45 CPU seconds and 148619 MB memory.
2026-08-14 15:26:43.704 INFO   [975942\332DD4] Auto-router pass #313 on board '5323d2ec15e2a41b5cb8138920732e70' was completed in 0,53 seconds with the score of 951,92 (12 unrouted), using 24688,84 CPU seconds and 149296 MB memory.
2026-08-14 15:26:44.248 INFO   [975942\332DD4] Auto-router pass #314 on board '5323d2ec15e2a41b5cb8138920732e70' was completed in 0,54 seconds with the score of 951,92 (12 unrouted), using 24688,84 CPU seconds and 149296 MB memory.
2026-08-14 15:26:44.800 INFO   [975942\332DD4] Auto-router pass #315 on board '5323d2ec15e2a41b5cb8138920732e70' was completed in 0,54 seconds with the score of 951,92 (12 unrouted), using 24910,23 CPU seconds and 149963 MB memory.
2026-08-14 15:26:45.343 INFO   [975942\332DD4] Auto-router pass #316 on board '5323d2ec15e2a41b5cb8138920732e70' was completed in 0,53 seconds with the score of 951,92 (12 unrouted), using 24910,23 CPU seconds and 149963 MB memory.
2026-08-14 15:26:45.907 INFO   [975942\332DD4] Auto-router pass #317 on board '5323d2ec15e2a41b5cb8138920732e70' was completed in 0,56 seconds with the score of 951,92 (12 unrouted), using 25132,61 CPU seconds and 150643 MB memory.
2026-08-14 15:26:46.446 INFO   [975942\332DD4] Auto-router pass #318 on board '5323d2ec15e2a41b5cb8138920732e70' was completed in 0,53 seconds with the score of 951,92 (12 unrouted), using 25355,97 CPU seconds and 151309 MB memory.
2026-08-14 15:26:46.985 INFO   [975942\332DD4] Auto-router pass #319 on board '5323d2ec15e2a41b5cb8138920732e70' was completed in 0,53 seconds with the score of 951,92 (12 unrouted), using 25355,97 CPU seconds and 151309 MB memory.
2026-08-14 15:26:47.530 INFO   [975942\332DD4] Auto-router pass #320 on board '5323d2ec15e2a41b5cb8138920732e70' was completed in 0,54 seconds with the score of 951,92 (12 unrouted), using 25580,33 CPU seconds and 151987 MB memory.
2026-08-14 15:26:48.068 INFO   [975942\332DD4] Auto-router pass #321 on board '5323d2ec15e2a41b5cb8138920732e70' was completed in 0,53 seconds with the score of 951,92 (12 unrouted), using 25580,33 CPU seconds and 151987 MB memory.
2026-08-14 15:26:48.610 INFO   [975942\332DD4] Auto-router pass #322 on board '5323d2ec15e2a41b5cb8138920732e70' was completed in 0,53 seconds with the score of 951,92 (12 unrouted), using 25805,67 CPU seconds and 152664 MB memory.
2026-08-14 15:26:49.150 INFO   [975942\332DD4] Auto-router pass #323 on board '5323d2ec15e2a41b5cb8138920732e70' was completed in 0,53 seconds with the score of 951,92 (12 unrouted), using 25805,67 CPU seconds and 152664 MB memory.
2026-08-14 15:26:49.694 INFO   [975942\332DD4] Auto-router pass #324 on board '5323d2ec15e2a41b5cb8138920732e70' was completed in 0,53 seconds with the score of 951,92 (12 unrouted), using 26032,00 CPU seconds and 153340 MB memory.
2026-08-14 15:26:50.235 INFO   [975942\332DD4] Auto-router pass #325 on board '5323d2ec15e2a41b5cb8138920732e70' was completed in 0,53 seconds with the score of 951,92 (12 unrouted), using 26032,00 CPU seconds and 153340 MB memory.
2026-08-14 15:26:50.775 INFO   [975942\332DD4] Auto-router pass #326 on board '5323d2ec15e2a41b5cb8138920732e70' was completed in 0,53 seconds with the score of 951,92 (12 unrouted), using 26259,32 CPU seconds and 154017 MB memory.
2026-08-14 15:26:51.313 INFO   [975942\332DD4] Auto-router pass #327 on board '5323d2ec15e2a41b5cb8138920732e70' was completed in 0,53 seconds with the score of 951,92 (12 unrouted), using 26259,32 CPU seconds and 154017 MB memory.
2026-08-14 15:26:51.860 INFO   [975942\332DD4] Auto-router pass #328 on board '5323d2ec15e2a41b5cb8138920732e70' was completed in 0,54 seconds with the score of 951,92 (12 unrouted), using 26487,63 CPU seconds and 154695 MB memory.
2026-08-14 15:26:52.403 INFO   [975942\332DD4] Auto-router pass #329 on board '5323d2ec15e2a41b5cb8138920732e70' was completed in 0,54 seconds with the score of 951,92 (12 unrouted), using 26716,93 CPU seconds and 155376 MB memory.
2026-08-14 15:26:52.947 INFO   [975942\332DD4] Auto-router pass #330 on board '5323d2ec15e2a41b5cb8138920732e70' was completed in 0,53 seconds with the score of 951,92 (12 unrouted), using 26716,93 CPU seconds and 155376 MB memory.
2026-08-14 15:26:53.489 INFO   [975942\332DD4] Auto-router pass #331 on board '5323d2ec15e2a41b5cb8138920732e70' was completed in 0,53 seconds with the score of 951,92 (12 unrouted), using 26947,22 CPU seconds and 156051 MB memory.
2026-08-14 15:26:54.050 INFO   [975942\332DD4] Auto-router pass #332 on board '5323d2ec15e2a41b5cb8138920732e70' was completed in 0,55 seconds with the score of 951,92 (12 unrouted), using 26947,22 CPU seconds and 156051 MB memory.
2026-08-14 15:26:54.590 INFO   [975942\332DD4] Auto-router pass #333 on board '5323d2ec15e2a41b5cb8138920732e70' was completed in 0,53 seconds with the score of 951,92 (12 unrouted), using 27178,50 CPU seconds and 156715 MB memory.
2026-08-14 15:26:55.131 INFO   [975942\332DD4] Auto-router pass #334 on board '5323d2ec15e2a41b5cb8138920732e70' was completed in 0,53 seconds with the score of 951,92 (12 unrouted), using 27178,50 CPU seconds and 156715 MB memory.
2026-08-14 15:26:55.670 INFO   [975942\332DD4] Auto-router pass #335 on board '5323d2ec15e2a41b5cb8138920732e70' was completed in 0,53 seconds with the score of 951,92 (12 unrouted), using 27410,77 CPU seconds and 157392 MB memory.
2026-08-14 15:26:56.219 INFO   [975942\332DD4] Auto-router pass #336 on board '5323d2ec15e2a41b5cb8138920732e70' was completed in 0,54 seconds with the score of 951,92 (12 unrouted), using 27410,77 CPU seconds and 157392 MB memory.
2026-08-14 15:26:56.758 INFO   [975942\332DD4] Auto-router pass #337 on board '5323d2ec15e2a41b5cb8138920732e70' was completed in 0,53 seconds with the score of 951,92 (12 unrouted), using 27644,03 CPU seconds and 158068 MB memory.
2026-08-14 15:26:57.300 INFO   [975942\332DD4] Auto-router pass #338 on board '5323d2ec15e2a41b5cb8138920732e70' was completed in 0,53 seconds with the score of 951,92 (12 unrouted), using 27644,03 CPU seconds and 158068 MB memory.
2026-08-14 15:26:57.839 INFO   [975942\332DD4] Auto-router pass #339 on board '5323d2ec15e2a41b5cb8138920732e70' was completed in 0,53 seconds with the score of 951,92 (12 unrouted), using 27878,27 CPU seconds and 158744 MB memory.
2026-08-14 15:26:58.382 INFO   [975942\332DD4] Auto-router pass #340 on board '5323d2ec15e2a41b5cb8138920732e70' was completed in 0,54 seconds with the score of 951,92 (12 unrouted), using 28113,51 CPU seconds and 159429 MB memory.
2026-08-14 15:26:58.927 INFO   [975942\332DD4] Auto-router pass #341 on board '5323d2ec15e2a41b5cb8138920732e70' was completed in 0,54 seconds with the score of 951,92 (12 unrouted), using 28113,51 CPU seconds and 159429 MB memory.
2026-08-14 15:26:59.489 INFO   [975942\332DD4] Auto-router pass #342 on board '5323d2ec15e2a41b5cb8138920732e70' was completed in 0,55 seconds with the score of 951,92 (12 unrouted), using 28349,73 CPU seconds and 160088 MB memory.
2026-08-14 15:27:00.032 INFO   [975942\332DD4] Auto-router pass #343 on board '5323d2ec15e2a41b5cb8138920732e70' was completed in 0,53 seconds with the score of 951,92 (12 unrouted), using 28349,73 CPU seconds and 160088 MB memory.
2026-08-14 15:27:00.577 INFO   [975942\332DD4] Auto-router pass #344 on board '5323d2ec15e2a41b5cb8138920732e70' was completed in 0,54 seconds with the score of 951,92 (12 unrouted), using 28586,95 CPU seconds and 160765 MB memory.
2026-08-14 15:27:01.132 INFO   [975942\332DD4] Auto-router pass #345 on board '5323d2ec15e2a41b5cb8138920732e70' was completed in 0,55 seconds with the score of 951,92 (12 unrouted), using 28586,95 CPU seconds and 160765 MB memory.
2026-08-14 15:27:01.681 INFO   [975942\332DD4] Auto-router pass #346 on board '5323d2ec15e2a41b5cb8138920732e70' was completed in 0,54 seconds with the score of 951,92 (12 unrouted), using 28825,15 CPU seconds and 161430 MB memory.
2026-08-14 15:27:02.231 INFO   [975942\332DD4] Auto-router pass #347 on board '5323d2ec15e2a41b5cb8138920732e70' was completed in 0,54 seconds with the score of 951,92 (12 unrouted), using 28825,15 CPU seconds and 161430 MB memory.
2026-08-14 15:27:02.775 INFO   [975942\332DD4] Auto-router pass #348 on board '5323d2ec15e2a41b5cb8138920732e70' was completed in 0,53 seconds with the score of 951,92 (12 unrouted), using 29064,35 CPU seconds and 162093 MB memory.
2026-08-14 15:27:03.319 INFO   [975942\332DD4] Auto-router pass #349 on board '5323d2ec15e2a41b5cb8138920732e70' was completed in 0,54 seconds with the score of 951,92 (12 unrouted), using 29064,35 CPU seconds and 162093 MB memory.
2026-08-14 15:27:03.860 INFO   [975942\332DD4] Auto-router pass #350 on board '5323d2ec15e2a41b5cb8138920732e70' was completed in 0,53 seconds with the score of 951,92 (12 unrouted), using 29304,53 CPU seconds and 162769 MB memory.
2026-08-14 15:27:04.399 INFO   [975942\332DD4] Auto-router pass #351 on board '5323d2ec15e2a41b5cb8138920732e70' was completed in 0,53 seconds with the score of 951,92 (12 unrouted), using 29545,69 CPU seconds and 163451 MB memory.
2026-08-14 15:27:04.963 INFO   [975942\332DD4] Auto-router pass #352 on board '5323d2ec15e2a41b5cb8138920732e70' was completed in 0,56 seconds with the score of 951,92 (12 unrouted), using 29545,69 CPU seconds and 163451 MB memory.
2026-08-14 15:27:05.504 INFO   [975942\332DD4] Auto-router pass #353 on board '5323d2ec15e2a41b5cb8138920732e70' was completed in 0,53 seconds with the score of 951,92 (12 unrouted), using 29787,85 CPU seconds and 164115 MB memory.
2026-08-14 15:27:06.042 INFO   [975942\332DD4] Auto-router pass #354 on board '5323d2ec15e2a41b5cb8138920732e70' was completed in 0,53 seconds with the score of 951,92 (12 unrouted), using 29787,85 CPU seconds and 164115 MB memory.
2026-08-14 15:27:06.581 INFO   [975942\332DD4] Auto-router pass #355 on board '5323d2ec15e2a41b5cb8138920732e70' was completed in 0,53 seconds with the score of 951,92 (12 unrouted), using 30031,00 CPU seconds and 164794 MB memory.
2026-08-14 15:27:07.126 INFO   [975942\332DD4] Auto-router pass #356 on board '5323d2ec15e2a41b5cb8138920732e70' was completed in 0,54 seconds with the score of 951,92 (12 unrouted), using 30031,00 CPU seconds and 164794 MB memory.
2026-08-14 15:27:07.663 INFO   [975942\332DD4] Auto-router pass #357 on board '5323d2ec15e2a41b5cb8138920732e70' was completed in 0,53 seconds with the score of 951,92 (12 unrouted), using 30275,13 CPU seconds and 165472 MB memory.
2026-08-14 15:27:08.217 INFO   [975942\332DD4] Auto-router pass #358 on board '5323d2ec15e2a41b5cb8138920732e70' was completed in 0,54 seconds with the score of 951,92 (12 unrouted), using 30275,13 CPU seconds and 165472 MB memory.
2026-08-14 15:27:08.757 INFO   [975942\332DD4] Auto-router pass #359 on board '5323d2ec15e2a41b5cb8138920732e70' was completed in 0,53 seconds with the score of 951,92 (12 unrouted), using 30520,26 CPU seconds and 166142 MB memory.
2026-08-14 15:27:09.302 INFO   [975942\332DD4] Auto-router pass #360 on board '5323d2ec15e2a41b5cb8138920732e70' was completed in 0,54 seconds with the score of 951,92 (12 unrouted), using 30520,26 CPU seconds and 166142 MB memory.
2026-08-14 15:27:09.841 INFO   [975942\332DD4] Auto-router pass #361 on board '5323d2ec15e2a41b5cb8138920732e70' was completed in 0,53 seconds with the score of 951,92 (12 unrouted), using 30766,38 CPU seconds and 166819 MB memory.
2026-08-14 15:27:10.381 INFO   [975942\332DD4] Auto-router pass #362 on board '5323d2ec15e2a41b5cb8138920732e70' was completed in 0,53 seconds with the score of 951,92 (12 unrouted), using 31013,48 CPU seconds and 167501 MB memory.
2026-08-14 15:27:10.920 INFO   [975942\332DD4] Auto-router pass #363 on board '5323d2ec15e2a41b5cb8138920732e70' was completed in 0,53 seconds with the score of 951,92 (12 unrouted), using 31013,48 CPU seconds and 167501 MB memory.
2026-08-14 15:27:11.465 INFO   [975942\332DD4] Auto-router pass #364 on board '5323d2ec15e2a41b5cb8138920732e70' was completed in 0,54 seconds with the score of 951,92 (12 unrouted), using 31261,57 CPU seconds and 168180 MB memory.
2026-08-14 15:27:12.005 INFO   [975942\332DD4] Auto-router pass #365 on board '5323d2ec15e2a41b5cb8138920732e70' was completed in 0,53 seconds with the score of 951,92 (12 unrouted), using 31261,57 CPU seconds and 168180 MB memory.
2026-08-14 15:27:12.546 INFO   [975942\332DD4] Auto-router pass #366 on board '5323d2ec15e2a41b5cb8138920732e70' was completed in 0,53 seconds with the score of 951,92 (12 unrouted), using 31510,65 CPU seconds and 168855 MB memory.
2026-08-14 15:27:13.085 INFO   [975942\332DD4] Auto-router pass #367 on board '5323d2ec15e2a41b5cb8138920732e70' was completed in 0,53 seconds with the score of 951,92 (12 unrouted), using 31510,65 CPU seconds and 168855 MB memory.
2026-08-14 15:27:13.628 INFO   [975942\332DD4] Auto-router pass #368 on board '5323d2ec15e2a41b5cb8138920732e70' was completed in 0,53 seconds with the score of 951,92 (12 unrouted), using 31760,72 CPU seconds and 169535 MB memory.
2026-08-14 15:27:14.186 INFO   [975942\332DD4] Auto-router pass #369 on board '5323d2ec15e2a41b5cb8138920732e70' was completed in 0,55 seconds with the score of 951,92 (12 unrouted), using 31760,72 CPU seconds and 169535 MB memory.
2026-08-14 15:27:14.724 INFO   [975942\332DD4] Auto-router pass #370 on board '5323d2ec15e2a41b5cb8138920732e70' was completed in 0,53 seconds with the score of 951,92 (12 unrouted), using 32011,79 CPU seconds and 170204 MB memory.
2026-08-14 15:27:15.264 INFO   [975942\332DD4] Auto-router pass #371 on board '5323d2ec15e2a41b5cb8138920732e70' was completed in 0,53 seconds with the score of 951,92 (12 unrouted), using 32011,79 CPU seconds and 170204 MB memory.
2026-08-14 15:27:15.815 INFO   [975942\332DD4] Auto-router pass #372 on board '5323d2ec15e2a41b5cb8138920732e70' was completed in 0,54 seconds with the score of 951,92 (12 unrouted), using 32263,84 CPU seconds and 170881 MB memory.
2026-08-14 15:27:16.353 INFO   [975942\332DD4] Auto-router pass #373 on board '5323d2ec15e2a41b5cb8138920732e70' was completed in 0,53 seconds with the score of 951,92 (12 unrouted), using 32263,84 CPU seconds and 170881 MB memory.
2026-08-14 15:27:16.891 INFO   [975942\332DD4] Auto-router pass #374 on board '5323d2ec15e2a41b5cb8138920732e70' was completed in 0,53 seconds with the score of 951,92 (12 unrouted), using 32516,88 CPU seconds and 171557 MB memory.
2026-08-14 15:27:17.433 INFO   [975942\332DD4] Auto-router pass #375 on board '5323d2ec15e2a41b5cb8138920732e70' was completed in 0,53 seconds with the score of 951,92 (12 unrouted), using 32770,91 CPU seconds and 172239 MB memory.
2026-08-14 15:27:17.980 INFO   [975942\332DD4] Auto-router pass #376 on board '5323d2ec15e2a41b5cb8138920732e70' was completed in 0,54 seconds with the score of 951,92 (12 unrouted), using 32770,91 CPU seconds and 172239 MB memory.
2026-08-14 15:27:18.520 INFO   [975942\332DD4] Auto-router pass #377 on board '5323d2ec15e2a41b5cb8138920732e70' was completed in 0,53 seconds with the score of 951,92 (12 unrouted), using 33025,93 CPU seconds and 172916 MB memory.
2026-08-14 15:27:19.061 INFO   [975942\332DD4] Auto-router pass #378 on board '5323d2ec15e2a41b5cb8138920732e70' was completed in 0,53 seconds with the score of 951,92 (12 unrouted), using 33025,93 CPU seconds and 172916 MB memory.
2026-08-14 15:27:19.599 INFO   [975942\332DD4] Auto-router pass #379 on board '5323d2ec15e2a41b5cb8138920732e70' was completed in 0,53 seconds with the score of 951,92 (12 unrouted), using 33281,93 CPU seconds and 173591 MB memory.
2026-08-14 15:27:20.142 INFO   [975942\332DD4] Auto-router pass #380 on board '5323d2ec15e2a41b5cb8138920732e70' was completed in 0,53 seconds with the score of 951,92 (12 unrouted), using 33281,93 CPU seconds and 173591 MB memory.
2026-08-14 15:27:20.679 INFO   [975942\332DD4] Auto-router pass #381 on board '5323d2ec15e2a41b5cb8138920732e70' was completed in 0,53 seconds with the score of 951,92 (12 unrouted), using 33538,93 CPU seconds and 174271 MB memory.
2026-08-14 15:27:21.218 INFO   [975942\332DD4] Auto-router pass #382 on board '5323d2ec15e2a41b5cb8138920732e70' was completed in 0,53 seconds with the score of 951,92 (12 unrouted), using 33538,93 CPU seconds and 174271 MB memory.
2026-08-14 15:27:21.757 INFO   [975942\332DD4] Auto-router pass #383 on board '5323d2ec15e2a41b5cb8138920732e70' was completed in 0,53 seconds with the score of 951,92 (12 unrouted), using 33796,91 CPU seconds and 174950 MB memory.
2026-08-14 15:27:22.301 INFO   [975942\332DD4] Auto-router pass #384 on board '5323d2ec15e2a41b5cb8138920732e70' was completed in 0,54 seconds with the score of 951,92 (12 unrouted), using 33796,91 CPU seconds and 174950 MB memory.
2026-08-14 15:27:22.840 INFO   [975942\332DD4] Auto-router pass #385 on board '5323d2ec15e2a41b5cb8138920732e70' was completed in 0,53 seconds with the score of 951,92 (12 unrouted), using 34055,89 CPU seconds and 175627 MB memory.
2026-08-14 15:27:23.379 INFO   [975942\332DD4] Auto-router pass #386 on board '5323d2ec15e2a41b5cb8138920732e70' was completed in 0,53 seconds with the score of 951,92 (12 unrouted), using 34315,85 CPU seconds and 176312 MB memory.
2026-08-14 15:27:23.918 INFO   [975942\332DD4] Auto-router pass #387 on board '5323d2ec15e2a41b5cb8138920732e70' was completed in 0,53 seconds with the score of 951,92 (12 unrouted), using 34315,85 CPU seconds and 176312 MB memory.
2026-08-14 15:27:24.481 INFO   [975942\332DD4] Auto-router pass #388 on board '5323d2ec15e2a41b5cb8138920732e70' was completed in 0,55 seconds with the score of 951,92 (12 unrouted), using 34576,80 CPU seconds and 176981 MB memory.
2026-08-14 15:27:25.023 INFO   [975942\332DD4] Auto-router pass #389 on board '5323d2ec15e2a41b5cb8138920732e70' was completed in 0,53 seconds with the score of 951,92 (12 unrouted), using 34576,80 CPU seconds and 176981 MB memory.
2026-08-14 15:27:25.562 INFO   [975942\332DD4] Auto-router pass #390 on board '5323d2ec15e2a41b5cb8138920732e70' was completed in 0,53 seconds with the score of 951,92 (12 unrouted), using 34838,75 CPU seconds and 177657 MB memory.
2026-08-14 15:27:26.104 INFO   [975942\332DD4] Auto-router pass #391 on board '5323d2ec15e2a41b5cb8138920732e70' was completed in 0,53 seconds with the score of 951,92 (12 unrouted), using 34838,75 CPU seconds and 177657 MB memory.
2026-08-14 15:27:26.651 INFO   [975942\332DD4] Auto-router pass #392 on board '5323d2ec15e2a41b5cb8138920732e70' was completed in 0,54 seconds with the score of 951,92 (12 unrouted), using 35101,68 CPU seconds and 178333 MB memory.
2026-08-14 15:27:27.194 INFO   [975942\332DD4] Auto-router pass #393 on board '5323d2ec15e2a41b5cb8138920732e70' was completed in 0,53 seconds with the score of 951,92 (12 unrouted), using 35101,68 CPU seconds and 178333 MB memory.
2026-08-14 15:27:27.736 INFO   [975942\332DD4] Auto-router pass #394 on board '5323d2ec15e2a41b5cb8138920732e70' was completed in 0,53 seconds with the score of 951,92 (12 unrouted), using 35365,60 CPU seconds and 179004 MB memory.
2026-08-14 15:27:28.276 INFO   [975942\332DD4] Auto-router pass #395 on board '5323d2ec15e2a41b5cb8138920732e70' was completed in 0,53 seconds with the score of 951,92 (12 unrouted), using 35365,60 CPU seconds and 179004 MB memory.
2026-08-14 15:27:28.821 INFO   [975942\332DD4] Auto-router pass #396 on board '5323d2ec15e2a41b5cb8138920732e70' was completed in 0,54 seconds with the score of 951,92 (12 unrouted), using 35630,51 CPU seconds and 179681 MB memory.
2026-08-14 15:27:29.361 INFO   [975942\332DD4] Auto-router pass #397 on board '5323d2ec15e2a41b5cb8138920732e70' was completed in 0,53 seconds with the score of 951,92 (12 unrouted), using 35630,51 CPU seconds and 179681 MB memory.
2026-08-14 15:27:29.900 INFO   [975942\332DD4] Auto-router pass #398 on board '5323d2ec15e2a41b5cb8138920732e70' was completed in 0,53 seconds with the score of 951,92 (12 unrouted), using 35896,41 CPU seconds and 180361 MB memory.
2026-08-14 15:27:30.442 INFO   [975942\332DD4] Auto-router pass #399 on board '5323d2ec15e2a41b5cb8138920732e70' was completed in 0,53 seconds with the score of 951,92 (12 unrouted), using 36163,30 CPU seconds and 181044 MB memory.
2026-08-14 15:27:30.987 INFO   [975942\332DD4] Auto-router pass #400 on board '5323d2ec15e2a41b5cb8138920732e70' was completed in 0,54 seconds with the score of 951,92 (12 unrouted), using 36163,30 CPU seconds and 181044 MB memory.
2026-08-14 15:27:31.526 INFO   [975942\332DD4] Auto-router pass #401 on board '5323d2ec15e2a41b5cb8138920732e70' was completed in 0,53 seconds with the score of 951,92 (12 unrouted), using 36431,18 CPU seconds and 181718 MB memory.
2026-08-14 15:27:32.067 INFO   [975942\332DD4] Auto-router pass #402 on board '5323d2ec15e2a41b5cb8138920732e70' was completed in 0,53 seconds with the score of 951,92 (12 unrouted), using 36431,18 CPU seconds and 181718 MB memory.
2026-08-14 15:27:32.606 INFO   [975942\332DD4] Auto-router pass #403 on board '5323d2ec15e2a41b5cb8138920732e70' was completed in 0,53 seconds with the score of 951,92 (12 unrouted), using 36700,05 CPU seconds and 182397 MB memory.
2026-08-14 15:27:33.167 INFO   [975942\332DD4] Auto-router pass #404 on board '5323d2ec15e2a41b5cb8138920732e70' was completed in 0,55 seconds with the score of 951,92 (12 unrouted), using 36700,05 CPU seconds and 182397 MB memory.
2026-08-14 15:27:33.707 INFO   [975942\332DD4] Auto-router pass #405 on board '5323d2ec15e2a41b5cb8138920732e70' was completed in 0,53 seconds with the score of 951,92 (12 unrouted), using 36969,91 CPU seconds and 183062 MB memory.
2026-08-14 15:27:34.246 INFO   [975942\332DD4] Auto-router pass #406 on board '5323d2ec15e2a41b5cb8138920732e70' was completed in 0,53 seconds with the score of 951,92 (12 unrouted), using 36969,91 CPU seconds and 183062 MB memory.
2026-08-14 15:27:34.790 INFO   [975942\332DD4] Auto-router pass #407 on board '5323d2ec15e2a41b5cb8138920732e70' was completed in 0,54 seconds with the score of 951,92 (12 unrouted), using 37240,75 CPU seconds and 183739 MB memory.
2026-08-14 15:27:35.335 INFO   [975942\332DD4] Auto-router pass #408 on board '5323d2ec15e2a41b5cb8138920732e70' was completed in 0,54 seconds with the score of 951,92 (12 unrouted), using 37240,75 CPU seconds and 183739 MB memory.
2026-08-14 15:27:35.874 INFO   [975942\332DD4] Auto-router pass #409 on board '5323d2ec15e2a41b5cb8138920732e70' was completed in 0,53 seconds with the score of 951,92 (12 unrouted), using 37512,59 CPU seconds and 184415 MB memory.
2026-08-14 15:27:36.413 INFO   [975942\332DD4] Auto-router pass #410 on board '5323d2ec15e2a41b5cb8138920732e70' was completed in 0,53 seconds with the score of 951,92 (12 unrouted), using 37785,41 CPU seconds and 185099 MB memory.
2026-08-14 15:27:36.950 INFO   [975942\332DD4] Auto-router pass #411 on board '5323d2ec15e2a41b5cb8138920732e70' was completed in 0,53 seconds with the score of 951,92 (12 unrouted), using 37785,41 CPU seconds and 185099 MB memory.
2026-08-14 15:27:37.497 INFO   [975942\332DD4] Auto-router pass #412 on board '5323d2ec15e2a41b5cb8138920732e70' was completed in 0,54 seconds with the score of 951,92 (12 unrouted), using 38059,23 CPU seconds and 185776 MB memory.
2026-08-14 15:27:38.038 INFO   [975942\332DD4] Auto-router pass #413 on board '5323d2ec15e2a41b5cb8138920732e70' was completed in 0,53 seconds with the score of 951,92 (12 unrouted), using 38059,23 CPU seconds and 185776 MB memory.
2026-08-14 15:27:38.578 INFO   [975942\332DD4] Auto-router pass #414 on board '5323d2ec15e2a41b5cb8138920732e70' was completed in 0,53 seconds with the score of 951,92 (12 unrouted), using 38334,03 CPU seconds and 186451 MB memory.
2026-08-14 15:27:39.118 INFO   [975942\332DD4] Auto-router pass #415 on board '5323d2ec15e2a41b5cb8138920732e70' was completed in 0,53 seconds with the score of 951,92 (12 unrouted), using 38334,03 CPU seconds and 186451 MB memory.
2026-08-14 15:27:39.662 INFO   [975942\332DD4] Auto-router pass #416 on board '5323d2ec15e2a41b5cb8138920732e70' was completed in 0,54 seconds with the score of 951,92 (12 unrouted), using 38609,82 CPU seconds and 187128 MB memory.
2026-08-14 15:27:40.202 INFO   [975942\332DD4] Auto-router pass #417 on board '5323d2ec15e2a41b5cb8138920732e70' was completed in 0,53 seconds with the score of 951,92 (12 unrouted), using 38609,82 CPU seconds and 187128 MB memory.
2026-08-14 15:27:40.743 INFO   [975942\332DD4] Auto-router pass #418 on board '5323d2ec15e2a41b5cb8138920732e70' was completed in 0,53 seconds with the score of 951,92 (12 unrouted), using 38886,60 CPU seconds and 187807 MB memory.
2026-08-14 15:27:41.284 INFO   [975942\332DD4] Auto-router pass #419 on board '5323d2ec15e2a41b5cb8138920732e70' was completed in 0,53 seconds with the score of 951,92 (12 unrouted), using 38886,60 CPU seconds and 187807 MB memory.
2026-08-14 15:27:41.832 INFO   [975942\332DD4] Auto-router pass #420 on board '5323d2ec15e2a41b5cb8138920732e70' was completed in 0,54 seconds with the score of 951,92 (12 unrouted), using 39164,36 CPU seconds and 188482 MB memory.
2026-08-14 15:27:42.376 INFO   [975942\332DD4] Auto-router pass #421 on board '5323d2ec15e2a41b5cb8138920732e70' was completed in 0,54 seconds with the score of 951,92 (12 unrouted), using 39443,12 CPU seconds and 189162 MB memory.
2026-08-14 15:27:42.921 INFO   [975942\332DD4] Auto-router pass #422 on board '5323d2ec15e2a41b5cb8138920732e70' was completed in 0,54 seconds with the score of 951,92 (12 unrouted), using 39443,12 CPU seconds and 189162 MB memory.
2026-08-14 15:27:43.462 INFO   [975942\332DD4] Auto-router pass #423 on board '5323d2ec15e2a41b5cb8138920732e70' was completed in 0,53 seconds with the score of 951,92 (12 unrouted), using 39722,86 CPU seconds and 189835 MB memory.
2026-08-14 15:27:44.016 INFO   [975942\332DD4] Auto-router pass #424 on board '5323d2ec15e2a41b5cb8138920732e70' was completed in 0,55 seconds with the score of 951,92 (12 unrouted), using 39722,86 CPU seconds and 189835 MB memory.
2026-08-14 15:27:44.565 INFO   [975942\332DD4] Auto-router pass #425 on board '5323d2ec15e2a41b5cb8138920732e70' was completed in 0,54 seconds with the score of 951,92 (12 unrouted), using 40003,59 CPU seconds and 190499 MB memory.
2026-08-14 15:27:45.122 INFO   [975942\332DD4] Auto-router pass #426 on board '5323d2ec15e2a41b5cb8138920732e70' was completed in 0,55 seconds with the score of 951,92 (12 unrouted), using 40003,59 CPU seconds and 190499 MB memory.
2026-08-14 15:27:45.664 INFO   [975942\332DD4] Auto-router pass #427 on board '5323d2ec15e2a41b5cb8138920732e70' was completed in 0,53 seconds with the score of 951,92 (12 unrouted), using 40285,31 CPU seconds and 191163 MB memory.
2026-08-14 15:27:46.209 INFO   [975942\332DD4] Auto-router pass #428 on board '5323d2ec15e2a41b5cb8138920732e70' was completed in 0,54 seconds with the score of 951,92 (12 unrouted), using 40285,31 CPU seconds and 191163 MB memory.
2026-08-14 15:27:46.747 INFO   [975942\332DD4] Auto-router pass #429 on board '5323d2ec15e2a41b5cb8138920732e70' was completed in 0,53 seconds with the score of 951,92 (12 unrouted), using 40568,02 CPU seconds and 191842 MB memory.
2026-08-14 15:27:47.286 INFO   [975942\332DD4] Auto-router pass #430 on board '5323d2ec15e2a41b5cb8138920732e70' was completed in 0,53 seconds with the score of 951,92 (12 unrouted), using 40568,02 CPU seconds and 191842 MB memory.
2026-08-14 15:27:47.832 INFO   [975942\332DD4] Auto-router pass #431 on board '5323d2ec15e2a41b5cb8138920732e70' was completed in 0,54 seconds with the score of 951,92 (12 unrouted), using 40851,73 CPU seconds and 192521 MB memory.
2026-08-14 15:27:48.404 INFO   [975942\332DD4] Auto-router pass #432 on board '5323d2ec15e2a41b5cb8138920732e70' was completed in 0,56 seconds with the score of 951,92 (12 unrouted), using 41136,42 CPU seconds and 193183 MB memory.
2026-08-14 15:27:48.958 INFO   [975942\332DD4] Auto-router pass #433 on board '5323d2ec15e2a41b5cb8138920732e70' was completed in 0,55 seconds with the score of 951,92 (12 unrouted), using 41136,42 CPU seconds and 193183 MB memory.
2026-08-14 15:27:49.522 INFO   [975942\332DD4] Auto-router pass #434 on board '5323d2ec15e2a41b5cb8138920732e70' was completed in 0,56 seconds with the score of 951,92 (12 unrouted), using 41422,10 CPU seconds and 193834 MB memory.
2026-08-14 15:27:50.061 INFO   [975942\332DD4] Auto-router pass #435 on board '5323d2ec15e2a41b5cb8138920732e70' was completed in 0,53 seconds with the score of 951,92 (12 unrouted), using 41422,10 CPU seconds and 193834 MB memory.
2026-08-14 15:27:50.604 INFO   [975942\332DD4] Auto-router pass #436 on board '5323d2ec15e2a41b5cb8138920732e70' was completed in 0,53 seconds with the score of 951,92 (12 unrouted), using 41708,77 CPU seconds and 194510 MB memory.
2026-08-14 15:27:51.141 INFO   [975942\332DD4] Auto-router pass #437 on board '5323d2ec15e2a41b5cb8138920732e70' was completed in 0,53 seconds with the score of 951,92 (12 unrouted), using 41708,77 CPU seconds and 194510 MB memory.
2026-08-14 15:27:51.679 INFO   [975942\332DD4] Auto-router pass #438 on board '5323d2ec15e2a41b5cb8138920732e70' was completed in 0,53 seconds with the score of 951,92 (12 unrouted), using 41996,43 CPU seconds and 195191 MB memory.
2026-08-14 15:27:52.218 INFO   [975942\332DD4] Auto-router pass #439 on board '5323d2ec15e2a41b5cb8138920732e70' was completed in 0,53 seconds with the score of 951,92 (12 unrouted), using 41996,43 CPU seconds and 195191 MB memory.
2026-08-14 15:27:52.768 INFO   [975942\332DD4] Auto-router pass #440 on board '5323d2ec15e2a41b5cb8138920732e70' was completed in 0,54 seconds with the score of 951,92 (12 unrouted), using 42285,08 CPU seconds and 195872 MB memory.
2026-08-14 15:27:53.327 INFO   [975942\332DD4] Auto-router pass #441 on board '5323d2ec15e2a41b5cb8138920732e70' was completed in 0,55 seconds with the score of 951,92 (12 unrouted), using 42285,08 CPU seconds and 195872 MB memory.
2026-08-14 15:27:53.866 INFO   [975942\332DD4] Auto-router pass #442 on board '5323d2ec15e2a41b5cb8138920732e70' was completed in 0,53 seconds with the score of 951,92 (12 unrouted), using 42574,72 CPU seconds and 196530 MB memory.
2026-08-14 15:27:54.426 INFO   [975942\332DD4] Auto-router pass #443 on board '5323d2ec15e2a41b5cb8138920732e70' was completed in 0,55 seconds with the score of 951,92 (12 unrouted), using 42865,35 CPU seconds and 197202 MB memory.
2026-08-14 15:27:54.995 INFO   [975942\332DD4] Auto-router pass #444 on board '5323d2ec15e2a41b5cb8138920732e70' was completed in 0,56 seconds with the score of 951,92 (12 unrouted), using 42865,35 CPU seconds and 197202 MB memory.
2026-08-14 15:27:55.577 INFO   [975942\332DD4] Auto-router pass #445 on board '5323d2ec15e2a41b5cb8138920732e70' was completed in 0,57 seconds with the score of 951,92 (12 unrouted), using 43156,97 CPU seconds and 197835 MB memory.
2026-08-14 15:27:56.121 INFO   [975942\332DD4] Auto-router pass #446 on board '5323d2ec15e2a41b5cb8138920732e70' was completed in 0,54 seconds with the score of 951,92 (12 unrouted), using 43156,97 CPU seconds and 197835 MB memory.
2026-08-14 15:27:56.687 INFO   [975942\332DD4] Auto-router pass #447 on board '5323d2ec15e2a41b5cb8138920732e70' was completed in 0,56 seconds with the score of 951,92 (12 unrouted), using 43449,58 CPU seconds and 198499 MB memory.
2026-08-14 15:27:57.245 INFO   [975942\332DD4] Auto-router pass #448 on board '5323d2ec15e2a41b5cb8138920732e70' was completed in 0,55 seconds with the score of 951,92 (12 unrouted), using 43449,58 CPU seconds and 198499 MB memory.
2026-08-14 15:27:57.808 INFO   [975942\332DD4] Auto-router pass #449 on board '5323d2ec15e2a41b5cb8138920732e70' was completed in 0,55 seconds with the score of 951,92 (12 unrouted), using 43743,18 CPU seconds and 199151 MB memory.
2026-08-14 15:27:58.345 INFO   [975942\332DD4] Auto-router pass #450 on board '5323d2ec15e2a41b5cb8138920732e70' was completed in 0,53 seconds with the score of 951,92 (12 unrouted), using 43743,18 CPU seconds and 199151 MB memory.
2026-08-14 15:27:58.891 INFO   [975942\332DD4] Auto-router pass #451 on board '5323d2ec15e2a41b5cb8138920732e70' was completed in 0,54 seconds with the score of 951,92 (12 unrouted), using 44037,77 CPU seconds and 199822 MB memory.
2026-08-14 15:27:59.464 INFO   [975942\332DD4] Auto-router pass #452 on board '5323d2ec15e2a41b5cb8138920732e70' was completed in 0,56 seconds with the score of 951,92 (12 unrouted), using 44333,35 CPU seconds and 200482 MB memory.
2026-08-14 15:28:00.017 INFO   [975942\332DD4] Auto-router pass #453 on board '5323d2ec15e2a41b5cb8138920732e70' was completed in 0,54 seconds with the score of 951,92 (12 unrouted), using 44333,35 CPU seconds and 200482 MB memory.
2026-08-14 15:28:00.579 INFO   [975942\332DD4] Auto-router pass #454 on board '5323d2ec15e2a41b5cb8138920732e70' was completed in 0,55 seconds with the score of 951,92 (12 unrouted), using 44629,92 CPU seconds and 201140 MB memory.
2026-08-14 15:28:01.117 INFO   [975942\332DD4] Auto-router pass #455 on board '5323d2ec15e2a41b5cb8138920732e70' was completed in 0,53 seconds with the score of 951,92 (12 unrouted), using 44629,92 CPU seconds and 201140 MB memory.
2026-08-14 15:28:01.674 INFO   [975942\332DD4] Auto-router pass #456 on board '5323d2ec15e2a41b5cb8138920732e70' was completed in 0,55 seconds with the score of 951,92 (12 unrouted), using 44927,48 CPU seconds and 201809 MB memory.
2026-08-14 15:28:02.213 INFO   [975942\332DD4] Auto-router pass #457 on board '5323d2ec15e2a41b5cb8138920732e70' was completed in 0,53 seconds with the score of 951,92 (12 unrouted), using 44927,48 CPU seconds and 201809 MB memory.
2026-08-14 15:28:02.753 INFO   [975942\332DD4] Auto-router pass #458 on board '5323d2ec15e2a41b5cb8138920732e70' was completed in 0,53 seconds with the score of 951,92 (12 unrouted), using 45226,02 CPU seconds and 202481 MB memory.
2026-08-14 15:28:03.313 INFO   [975942\332DD4] Auto-router pass #459 on board '5323d2ec15e2a41b5cb8138920732e70' was completed in 0,55 seconds with the score of 951,92 (12 unrouted), using 45226,02 CPU seconds and 202481 MB memory.
2026-08-14 15:28:03.864 INFO   [975942\332DD4] Auto-router pass #460 on board '5323d2ec15e2a41b5cb8138920732e70' was completed in 0,54 seconds with the score of 951,92 (12 unrouted), using 45525,56 CPU seconds and 203145 MB memory.
2026-08-14 15:28:04.431 INFO   [975942\332DD4] Auto-router pass #461 on board '5323d2ec15e2a41b5cb8138920732e70' was completed in 0,56 seconds with the score of 951,92 (12 unrouted), using 45826,09 CPU seconds and 203808 MB memory.
2026-08-14 15:28:04.997 INFO   [975942\332DD4] Auto-router pass #462 on board '5323d2ec15e2a41b5cb8138920732e70' was completed in 0,56 seconds with the score of 951,92 (12 unrouted), using 45826,09 CPU seconds and 203808 MB memory.
2026-08-14 15:28:05.564 INFO   [975942\332DD4] Auto-router pass #463 on board '5323d2ec15e2a41b5cb8138920732e70' was completed in 0,56 seconds with the score of 951,92 (12 unrouted), using 46127,60 CPU seconds and 204454 MB memory.
2026-08-14 15:28:06.134 INFO   [975942\332DD4] Auto-router pass #464 on board '5323d2ec15e2a41b5cb8138920732e70' was completed in 0,56 seconds with the score of 951,92 (12 unrouted), using 46127,60 CPU seconds and 204454 MB memory.
2026-08-14 15:28:06.676 INFO   [975942\332DD4] Auto-router pass #465 on board '5323d2ec15e2a41b5cb8138920732e70' was completed in 0,53 seconds with the score of 951,92 (12 unrouted), using 46430,11 CPU seconds and 205104 MB memory.
2026-08-14 15:28:07.215 INFO   [975942\332DD4] Auto-router pass #466 on board '5323d2ec15e2a41b5cb8138920732e70' was completed in 0,53 seconds with the score of 951,92 (12 unrouted), using 46430,11 CPU seconds and 205104 MB memory.
2026-08-14 15:28:07.772 INFO   [975942\332DD4] Auto-router pass #467 on board '5323d2ec15e2a41b5cb8138920732e70' was completed in 0,55 seconds with the score of 951,92 (12 unrouted), using 46733,60 CPU seconds and 205783 MB memory.
2026-08-14 15:28:08.339 INFO   [975942\332DD4] Auto-router pass #468 on board '5323d2ec15e2a41b5cb8138920732e70' was completed in 0,56 seconds with the score of 951,92 (12 unrouted), using 46733,60 CPU seconds and 205783 MB memory.
2026-08-14 15:28:08.881 INFO   [975942\332DD4] Auto-router pass #469 on board '5323d2ec15e2a41b5cb8138920732e70' was completed in 0,53 seconds with the score of 951,92 (12 unrouted), using 47038,09 CPU seconds and 206433 MB memory.
2026-08-14 15:28:09.433 INFO   [975942\332DD4] Auto-router pass #470 on board '5323d2ec15e2a41b5cb8138920732e70' was completed in 0,54 seconds with the score of 951,92 (12 unrouted), using 47343,56 CPU seconds and 207109 MB memory.
2026-08-14 15:28:09.976 INFO   [975942\332DD4] Auto-router pass #471 on board '5323d2ec15e2a41b5cb8138920732e70' was completed in 0,53 seconds with the score of 951,92 (12 unrouted), using 47343,56 CPU seconds and 207109 MB memory.
2026-08-14 15:28:10.520 INFO   [975942\332DD4] Auto-router pass #472 on board '5323d2ec15e2a41b5cb8138920732e70' was completed in 0,54 seconds with the score of 951,92 (12 unrouted), using 47650,02 CPU seconds and 207783 MB memory.
2026-08-14 15:28:11.059 INFO   [975942\332DD4] Auto-router pass #473 on board '5323d2ec15e2a41b5cb8138920732e70' was completed in 0,53 seconds with the score of 951,92 (12 unrouted), using 47650,02 CPU seconds and 207783 MB memory.
2026-08-14 15:28:11.615 INFO   [975942\332DD4] Auto-router pass #474 on board '5323d2ec15e2a41b5cb8138920732e70' was completed in 0,55 seconds with the score of 951,92 (12 unrouted), using 47957,47 CPU seconds and 208451 MB memory.
2026-08-14 15:28:12.153 INFO   [975942\332DD4] Auto-router pass #475 on board '5323d2ec15e2a41b5cb8138920732e70' was completed in 0,53 seconds with the score of 951,92 (12 unrouted), using 47957,47 CPU seconds and 208451 MB memory.
2026-08-14 15:28:12.700 INFO   [975942\332DD4] Auto-router pass #476 on board '5323d2ec15e2a41b5cb8138920732e70' was completed in 0,54 seconds with the score of 951,92 (12 unrouted), using 48265,92 CPU seconds and 209127 MB memory.
2026-08-14 15:28:13.236 INFO   [975942\332DD4] Auto-router pass #477 on board '5323d2ec15e2a41b5cb8138920732e70' was completed in 0,53 seconds with the score of 951,92 (12 unrouted), using 48265,92 CPU seconds and 209127 MB memory.
2026-08-14 15:28:13.794 INFO   [975942\332DD4] Auto-router pass #478 on board '5323d2ec15e2a41b5cb8138920732e70' was completed in 0,55 seconds with the score of 951,92 (12 unrouted), using 48575,35 CPU seconds and 209806 MB memory.
2026-08-14 15:28:14.363 INFO   [975942\332DD4] Auto-router pass #479 on board '5323d2ec15e2a41b5cb8138920732e70' was completed in 0,56 seconds with the score of 951,92 (12 unrouted), using 48575,35 CPU seconds and 209806 MB memory.
2026-08-14 15:28:14.912 INFO   [975942\332DD4] Auto-router pass #480 on board '5323d2ec15e2a41b5cb8138920732e70' was completed in 0,54 seconds with the score of 951,92 (12 unrouted), using 48885,77 CPU seconds and 210451 MB memory.
2026-08-14 15:28:15.459 INFO   [975942\332DD4] Auto-router pass #481 on board '5323d2ec15e2a41b5cb8138920732e70' was completed in 0,54 seconds with the score of 951,92 (12 unrouted), using 49197,18 CPU seconds and 211125 MB memory.
2026-08-14 15:28:16.020 INFO   [975942\332DD4] Auto-router pass #482 on board '5323d2ec15e2a41b5cb8138920732e70' was completed in 0,55 seconds with the score of 951,92 (12 unrouted), using 49197,18 CPU seconds and 211125 MB memory.
2026-08-14 15:28:16.578 INFO   [975942\332DD4] Auto-router pass #483 on board '5323d2ec15e2a41b5cb8138920732e70' was completed in 0,55 seconds with the score of 951,92 (12 unrouted), using 49509,59 CPU seconds and 211780 MB memory.
2026-08-14 15:28:17.120 INFO   [975942\332DD4] Auto-router pass #484 on board '5323d2ec15e2a41b5cb8138920732e70' was completed in 0,53 seconds with the score of 951,92 (12 unrouted), using 49509,59 CPU seconds and 211780 MB memory.
2026-08-14 15:28:17.658 INFO   [975942\332DD4] Auto-router pass #485 on board '5323d2ec15e2a41b5cb8138920732e70' was completed in 0,53 seconds with the score of 951,92 (12 unrouted), using 49822,98 CPU seconds and 212458 MB memory.
2026-08-14 15:28:18.197 INFO   [975942\332DD4] Auto-router pass #486 on board '5323d2ec15e2a41b5cb8138920732e70' was completed in 0,53 seconds with the score of 951,92 (12 unrouted), using 49822,98 CPU seconds and 212458 MB memory.
2026-08-14 15:28:18.761 INFO   [975942\332DD4] Auto-router pass #487 on board '5323d2ec15e2a41b5cb8138920732e70' was completed in 0,56 seconds with the score of 951,92 (12 unrouted), using 50137,36 CPU seconds and 213131 MB memory.
2026-08-14 15:28:19.320 INFO   [975942\332DD4] Auto-router pass #488 on board '5323d2ec15e2a41b5cb8138920732e70' was completed in 0,55 seconds with the score of 951,92 (12 unrouted), using 50137,36 CPU seconds and 213131 MB memory.
2026-08-14 15:28:19.858 INFO   [975942\332DD4] Auto-router pass #489 on board '5323d2ec15e2a41b5cb8138920732e70' was completed in 0,53 seconds with the score of 951,92 (12 unrouted), using 50452,73 CPU seconds and 213786 MB memory.
2026-08-14 15:28:20.395 INFO   [975942\332DD4] Auto-router pass #490 on board '5323d2ec15e2a41b5cb8138920732e70' was completed in 0,53 seconds with the score of 951,92 (12 unrouted), using 50769,10 CPU seconds and 214476 MB memory.
2026-08-14 15:28:20.934 INFO   [975942\332DD4] Auto-router pass #491 on board '5323d2ec15e2a41b5cb8138920732e70' was completed in 0,53 seconds with the score of 951,92 (12 unrouted), using 50769,10 CPU seconds and 214476 MB memory.
2026-08-14 15:28:21.490 INFO   [975942\332DD4] Auto-router pass #492 on board '5323d2ec15e2a41b5cb8138920732e70' was completed in 0,55 seconds with the score of 951,92 (12 unrouted), using 51086,45 CPU seconds and 215143 MB memory.
2026-08-14 15:28:22.043 INFO   [975942\332DD4] Auto-router pass #493 on board '5323d2ec15e2a41b5cb8138920732e70' was completed in 0,54 seconds with the score of 951,92 (12 unrouted), using 51086,45 CPU seconds and 215143 MB memory.
2026-08-14 15:28:22.582 INFO   [975942\332DD4] Auto-router pass #494 on board '5323d2ec15e2a41b5cb8138920732e70' was completed in 0,53 seconds with the score of 951,92 (12 unrouted), using 51404,80 CPU seconds and 215815 MB memory.
2026-08-14 15:28:23.126 INFO   [975942\332DD4] Auto-router pass #495 on board '5323d2ec15e2a41b5cb8138920732e70' was completed in 0,54 seconds with the score of 951,92 (12 unrouted), using 51404,80 CPU seconds and 215815 MB memory.
2026-08-14 15:28:23.697 INFO   [975942\332DD4] Auto-router pass #496 on board '5323d2ec15e2a41b5cb8138920732e70' was completed in 0,56 seconds with the score of 951,92 (12 unrouted), using 51724,13 CPU seconds and 216479 MB memory.
2026-08-14 15:28:24.252 INFO   [975942\332DD4] Auto-router pass #497 on board '5323d2ec15e2a41b5cb8138920732e70' was completed in 0,55 seconds with the score of 951,92 (12 unrouted), using 51724,13 CPU seconds and 216479 MB memory.
2026-08-14 15:28:24.790 INFO   [975942\332DD4] Auto-router pass #498 on board '5323d2ec15e2a41b5cb8138920732e70' was completed in 0,53 seconds with the score of 951,92 (12 unrouted), using 52044,45 CPU seconds and 217139 MB memory.
2026-08-14 15:28:25.330 INFO   [975942\332DD4] Auto-router pass #499 on board '5323d2ec15e2a41b5cb8138920732e70' was completed in 0,53 seconds with the score of 951,92 (12 unrouted), using 52044,45 CPU seconds and 217139 MB memory.
2026-08-14 15:28:25.874 INFO   [975942\332DD4] Auto-router pass #500 on board '5323d2ec15e2a41b5cb8138920732e70' was completed in 0,54 seconds with the score of 951,92 (12 unrouted), using 52365,77 CPU seconds and 217817 MB memory.
2026-08-14 15:28:26.412 INFO   [975942\332DD4] Auto-router pass #501 on board '5323d2ec15e2a41b5cb8138920732e70' was completed in 0,53 seconds with the score of 951,92 (12 unrouted), using 52688,07 CPU seconds and 218501 MB memory.
2026-08-14 15:28:26.948 INFO   [975942\332DD4] Auto-router pass #502 on board '5323d2ec15e2a41b5cb8138920732e70' was completed in 0,53 seconds with the score of 951,92 (12 unrouted), using 52688,07 CPU seconds and 218501 MB memory.
2026-08-14 15:28:27.509 INFO   [975942\332DD4] Auto-router pass #503 on board '5323d2ec15e2a41b5cb8138920732e70' was completed in 0,55 seconds with the score of 951,92 (12 unrouted), using 53011,36 CPU seconds and 219171 MB memory.
2026-08-14 15:28:28.078 INFO   [975942\332DD4] Auto-router pass #504 on board '5323d2ec15e2a41b5cb8138920732e70' was completed in 0,56 seconds with the score of 951,92 (12 unrouted), using 53011,36 CPU seconds and 219171 MB memory.
2026-08-14 15:28:28.615 INFO   [975942\332DD4] Auto-router pass #505 on board '5323d2ec15e2a41b5cb8138920732e70' was completed in 0,53 seconds with the score of 951,92 (12 unrouted), using 53335,64 CPU seconds and 219827 MB memory.
2026-08-14 15:28:29.160 INFO   [975942\332DD4] Auto-router pass #506 on board '5323d2ec15e2a41b5cb8138920732e70' was completed in 0,54 seconds with the score of 951,92 (12 unrouted), using 53335,64 CPU seconds and 219827 MB memory.
2026-08-14 15:28:29.711 INFO   [975942\332DD4] Auto-router pass #507 on board '5323d2ec15e2a41b5cb8138920732e70' was completed in 0,54 seconds with the score of 951,92 (12 unrouted), using 53660,92 CPU seconds and 220498 MB memory.
2026-08-14 15:28:30.254 INFO   [975942\332DD4] Auto-router pass #508 on board '5323d2ec15e2a41b5cb8138920732e70' was completed in 0,53 seconds with the score of 951,92 (12 unrouted), using 53660,92 CPU seconds and 220498 MB memory.
2026-08-14 15:28:30.793 INFO   [975942\332DD4] Auto-router pass #509 on board '5323d2ec15e2a41b5cb8138920732e70' was completed in 0,53 seconds with the score of 951,92 (12 unrouted), using 53987,18 CPU seconds and 221176 MB memory.
2026-08-14 15:28:31.364 INFO   [975942\332DD4] Auto-router pass #510 on board '5323d2ec15e2a41b5cb8138920732e70' was completed in 0,56 seconds with the score of 951,92 (12 unrouted), using 53987,18 CPU seconds and 221176 MB memory.
2026-08-14 15:28:31.931 INFO   [975942\332DD4] Auto-router pass #511 on board '5323d2ec15e2a41b5cb8138920732e70' was completed in 0,56 seconds with the score of 951,92 (12 unrouted), using 54314,43 CPU seconds and 221827 MB memory.
2026-08-14 15:28:32.473 INFO   [975942\332DD4] Auto-router pass #512 on board '5323d2ec15e2a41b5cb8138920732e70' was completed in 0,53 seconds with the score of 951,92 (12 unrouted), using 54642,68 CPU seconds and 222495 MB memory.
2026-08-14 15:28:33.012 INFO   [975942\332DD4] Auto-router pass #513 on board '5323d2ec15e2a41b5cb8138920732e70' was completed in 0,53 seconds with the score of 951,92 (12 unrouted), using 54642,68 CPU seconds and 222495 MB memory.
2026-08-14 15:28:33.566 INFO   [975942\332DD4] Auto-router pass #514 on board '5323d2ec15e2a41b5cb8138920732e70' was completed in 0,55 seconds with the score of 951,92 (12 unrouted), using 54971,91 CPU seconds and 223166 MB memory.
2026-08-14 15:28:34.109 INFO   [975942\332DD4] Auto-router pass #515 on board '5323d2ec15e2a41b5cb8138920732e70' was completed in 0,53 seconds with the score of 951,92 (12 unrouted), using 54971,91 CPU seconds and 223166 MB memory.
2026-08-14 15:28:34.665 INFO   [975942\332DD4] Auto-router pass #516 on board '5323d2ec15e2a41b5cb8138920732e70' was completed in 0,55 seconds with the score of 951,92 (12 unrouted), using 55302,13 CPU seconds and 223832 MB memory.
2026-08-14 15:28:35.204 INFO   [975942\332DD4] Auto-router pass #517 on board '5323d2ec15e2a41b5cb8138920732e70' was completed in 0,53 seconds with the score of 951,92 (12 unrouted), using 55302,13 CPU seconds and 223832 MB memory.
2026-08-14 15:28:35.743 INFO   [975942\332DD4] Auto-router pass #518 on board '5323d2ec15e2a41b5cb8138920732e70' was completed in 0,53 seconds with the score of 951,92 (12 unrouted), using 55633,35 CPU seconds and 224510 MB memory.
2026-08-14 15:28:36.281 INFO   [975942\332DD4] Auto-router pass #519 on board '5323d2ec15e2a41b5cb8138920732e70' was completed in 0,53 seconds with the score of 951,92 (12 unrouted), using 55633,35 CPU seconds and 224510 MB memory.
2026-08-14 15:28:36.825 INFO   [975942\332DD4] Auto-router pass #520 on board '5323d2ec15e2a41b5cb8138920732e70' was completed in 0,54 seconds with the score of 951,92 (12 unrouted), using 55965,55 CPU seconds and 225191 MB memory.
2026-08-14 15:28:37.361 INFO   [975942\332DD4] Auto-router pass #521 on board '5323d2ec15e2a41b5cb8138920732e70' was completed in 0,53 seconds with the score of 951,92 (12 unrouted), using 55965,55 CPU seconds and 225191 MB memory.
2026-08-14 15:28:37.900 INFO   [975942\332DD4] Auto-router pass #522 on board '5323d2ec15e2a41b5cb8138920732e70' was completed in 0,53 seconds with the score of 951,92 (12 unrouted), using 56298,75 CPU seconds and 225870 MB memory.
2026-08-14 15:28:38.440 INFO   [975942\332DD4] Auto-router pass #523 on board '5323d2ec15e2a41b5cb8138920732e70' was completed in 0,53 seconds with the score of 951,92 (12 unrouted), using 56632,93 CPU seconds and 226555 MB memory.
2026-08-14 15:28:38.986 INFO   [975942\332DD4] Auto-router pass #524 on board '5323d2ec15e2a41b5cb8138920732e70' was completed in 0,54 seconds with the score of 951,92 (12 unrouted), using 56632,93 CPU seconds and 226555 MB memory.
2026-08-14 15:28:39.529 INFO   [975942\332DD4] Auto-router pass #525 on board '5323d2ec15e2a41b5cb8138920732e70' was completed in 0,53 seconds with the score of 951,92 (12 unrouted), using 56968,10 CPU seconds and 227233 MB memory.
2026-08-14 15:28:40.095 INFO   [975942\332DD4] Auto-router pass #526 on board '5323d2ec15e2a41b5cb8138920732e70' was completed in 0,56 seconds with the score of 951,92 (12 unrouted), using 56968,10 CPU seconds and 227233 MB memory.
2026-08-14 15:28:40.642 INFO   [975942\332DD4] Auto-router pass #527 on board '5323d2ec15e2a41b5cb8138920732e70' was completed in 0,54 seconds with the score of 951,92 (12 unrouted), using 57304,27 CPU seconds and 227882 MB memory.
2026-08-14 15:28:41.186 INFO   [975942\332DD4] Auto-router pass #528 on board '5323d2ec15e2a41b5cb8138920732e70' was completed in 0,54 seconds with the score of 951,92 (12 unrouted), using 57304,27 CPU seconds and 227882 MB memory.
2026-08-14 15:28:41.726 INFO   [975942\332DD4] Auto-router pass #529 on board '5323d2ec15e2a41b5cb8138920732e70' was completed in 0,53 seconds with the score of 951,92 (12 unrouted), using 57641,42 CPU seconds and 228561 MB memory.
2026-08-14 15:28:42.264 INFO   [975942\332DD4] Auto-router pass #530 on board '5323d2ec15e2a41b5cb8138920732e70' was completed in 0,53 seconds with the score of 951,92 (12 unrouted), using 57641,42 CPU seconds and 228561 MB memory.
2026-08-14 15:28:42.802 INFO   [975942\332DD4] Auto-router pass #531 on board '5323d2ec15e2a41b5cb8138920732e70' was completed in 0,53 seconds with the score of 951,92 (12 unrouted), using 57979,56 CPU seconds and 229239 MB memory.
2026-08-14 15:28:43.343 INFO   [975942\332DD4] Auto-router pass #532 on board '5323d2ec15e2a41b5cb8138920732e70' was completed in 0,53 seconds with the score of 951,92 (12 unrouted), using 57979,56 CPU seconds and 229239 MB memory.
2026-08-14 15:28:43.884 INFO   [975942\332DD4] Auto-router pass #533 on board '5323d2ec15e2a41b5cb8138920732e70' was completed in 0,53 seconds with the score of 951,92 (12 unrouted), using 58318,69 CPU seconds and 229920 MB memory.
2026-08-14 15:28:44.427 INFO   [975942\332DD4] Auto-router pass #534 on board '5323d2ec15e2a41b5cb8138920732e70' was completed in 0,53 seconds with the score of 951,92 (12 unrouted), using 58658,81 CPU seconds and 230601 MB memory.
2026-08-14 15:28:44.992 INFO   [975942\332DD4] Auto-router pass #535 on board '5323d2ec15e2a41b5cb8138920732e70' was completed in 0,56 seconds with the score of 951,92 (12 unrouted), using 58658,81 CPU seconds and 230601 MB memory.
2026-08-14 15:28:45.544 INFO   [975942\332DD4] Auto-router pass #536 on board '5323d2ec15e2a41b5cb8138920732e70' was completed in 0,54 seconds with the score of 951,92 (12 unrouted), using 58999,93 CPU seconds and 231256 MB memory.
2026-08-14 15:28:46.081 INFO   [975942\332DD4] Auto-router pass #537 on board '5323d2ec15e2a41b5cb8138920732e70' was completed in 0,53 seconds with the score of 951,92 (12 unrouted), using 58999,93 CPU seconds and 231256 MB memory.
2026-08-14 15:28:46.647 INFO   [975942\332DD4] Auto-router pass #538 on board '5323d2ec15e2a41b5cb8138920732e70' was completed in 0,56 seconds with the score of 951,92 (12 unrouted), using 59342,03 CPU seconds and 231930 MB memory.
2026-08-14 15:28:47.189 INFO   [975942\332DD4] Auto-router pass #539 on board '5323d2ec15e2a41b5cb8138920732e70' was completed in 0,53 seconds with the score of 951,92 (12 unrouted), using 59342,03 CPU seconds and 231930 MB memory.
2026-08-14 15:28:47.750 INFO   [975942\332DD4] Auto-router pass #540 on board '5323d2ec15e2a41b5cb8138920732e70' was completed in 0,55 seconds with the score of 951,92 (12 unrouted), using 59685,12 CPU seconds and 232586 MB memory.
2026-08-14 15:28:48.289 INFO   [975942\332DD4] Auto-router pass #541 on board '5323d2ec15e2a41b5cb8138920732e70' was completed in 0,53 seconds with the score of 951,92 (12 unrouted), using 59685,12 CPU seconds and 232586 MB memory.
2026-08-14 15:28:48.853 INFO   [975942\332DD4] Auto-router pass #542 on board '5323d2ec15e2a41b5cb8138920732e70' was completed in 0,56 seconds with the score of 951,92 (12 unrouted), using 60029,21 CPU seconds and 233257 MB memory.
2026-08-14 15:28:49.421 INFO   [975942\332DD4] Auto-router pass #543 on board '5323d2ec15e2a41b5cb8138920732e70' was completed in 0,56 seconds with the score of 951,92 (12 unrouted), using 60374,28 CPU seconds and 233908 MB memory.
2026-08-14 15:28:49.966 INFO   [975942\332DD4] Auto-router pass #544 on board '5323d2ec15e2a41b5cb8138920732e70' was completed in 0,54 seconds with the score of 951,92 (12 unrouted), using 60374,28 CPU seconds and 233908 MB memory.
2026-08-14 15:28:50.506 INFO   [975942\332DD4] Auto-router pass #545 on board '5323d2ec15e2a41b5cb8138920732e70' was completed in 0,53 seconds with the score of 951,92 (12 unrouted), using 60720,34 CPU seconds and 234585 MB memory.
2026-08-14 15:28:51.044 INFO   [975942\332DD4] Auto-router pass #546 on board '5323d2ec15e2a41b5cb8138920732e70' was completed in 0,53 seconds with the score of 951,92 (12 unrouted), using 60720,34 CPU seconds and 234585 MB memory.
2026-08-14 15:28:51.582 INFO   [975942\332DD4] Auto-router pass #547 on board '5323d2ec15e2a41b5cb8138920732e70' was completed in 0,53 seconds with the score of 951,92 (12 unrouted), using 61067,39 CPU seconds and 235263 MB memory.
2026-08-14 15:28:52.132 INFO   [975942\332DD4] Auto-router pass #548 on board '5323d2ec15e2a41b5cb8138920732e70' was completed in 0,54 seconds with the score of 951,92 (12 unrouted), using 61067,39 CPU seconds and 235263 MB memory.
2026-08-14 15:28:52.673 INFO   [975942\332DD4] Auto-router pass #549 on board '5323d2ec15e2a41b5cb8138920732e70' was completed in 0,53 seconds with the score of 951,92 (12 unrouted), using 61415,43 CPU seconds and 235938 MB memory.
2026-08-14 15:28:53.212 INFO   [975942\332DD4] Auto-router pass #550 on board '5323d2ec15e2a41b5cb8138920732e70' was completed in 0,53 seconds with the score of 951,92 (12 unrouted), using 61415,43 CPU seconds and 235938 MB memory.
2026-08-14 15:28:53.750 INFO   [975942\332DD4] Auto-router pass #551 on board '5323d2ec15e2a41b5cb8138920732e70' was completed in 0,53 seconds with the score of 951,92 (12 unrouted), using 61764,46 CPU seconds and 236616 MB memory.
2026-08-14 15:28:54.293 INFO   [975942\332DD4] Auto-router pass #552 on board '5323d2ec15e2a41b5cb8138920732e70' was completed in 0,53 seconds with the score of 951,92 (12 unrouted), using 61764,46 CPU seconds and 236616 MB memory.
2026-08-14 15:28:54.853 INFO   [975942\332DD4] Auto-router pass #553 on board '5323d2ec15e2a41b5cb8138920732e70' was completed in 0,55 seconds with the score of 951,92 (12 unrouted), using 62114,48 CPU seconds and 237295 MB memory.
2026-08-14 15:28:55.417 INFO   [975942\332DD4] Auto-router pass #554 on board '5323d2ec15e2a41b5cb8138920732e70' was completed in 0,56 seconds with the score of 951,92 (12 unrouted), using 62465,49 CPU seconds and 237948 MB memory.
2026-08-14 15:28:55.963 INFO   [975942\332DD4] Auto-router pass #555 on board '5323d2ec15e2a41b5cb8138920732e70' was completed in 0,54 seconds with the score of 951,92 (12 unrouted), using 62465,49 CPU seconds and 237948 MB memory.
2026-08-14 15:28:56.512 INFO   [975942\332DD4] Auto-router pass #556 on board '5323d2ec15e2a41b5cb8138920732e70' was completed in 0,54 seconds with the score of 951,92 (12 unrouted), using 62817,49 CPU seconds and 238620 MB memory.
2026-08-14 15:28:57.081 INFO   [975942\332DD4] Auto-router pass #557 on board '5323d2ec15e2a41b5cb8138920732e70' was completed in 0,56 seconds with the score of 951,92 (12 unrouted), using 62817,49 CPU seconds and 238620 MB memory.
2026-08-14 15:28:57.632 INFO   [975942\332DD4] Auto-router pass #558 on board '5323d2ec15e2a41b5cb8138920732e70' was completed in 0,54 seconds with the score of 951,92 (12 unrouted), using 63170,48 CPU seconds and 239268 MB memory.
2026-08-14 15:28:58.170 INFO   [975942\332DD4] Auto-router pass #559 on board '5323d2ec15e2a41b5cb8138920732e70' was completed in 0,53 seconds with the score of 951,92 (12 unrouted), using 63170,48 CPU seconds and 239268 MB memory.
2026-08-14 15:28:58.715 INFO   [975942\332DD4] Auto-router pass #560 on board '5323d2ec15e2a41b5cb8138920732e70' was completed in 0,54 seconds with the score of 951,92 (12 unrouted), using 63524,46 CPU seconds and 239946 MB memory.
2026-08-14 15:28:59.253 INFO   [975942\332DD4] Auto-router pass #561 on board '5323d2ec15e2a41b5cb8138920732e70' was completed in 0,53 seconds with the score of 951,92 (12 unrouted), using 63524,46 CPU seconds and 239946 MB memory.
2026-08-14 15:28:59.792 INFO   [975942\332DD4] Auto-router pass #562 on board '5323d2ec15e2a41b5cb8138920732e70' was completed in 0,53 seconds with the score of 951,92 (12 unrouted), using 63879,43 CPU seconds and 240626 MB memory.
2026-08-14 15:29:00.330 INFO   [975942\332DD4] Auto-router pass #563 on board '5323d2ec15e2a41b5cb8138920732e70' was completed in 0,53 seconds with the score of 951,92 (12 unrouted), using 63879,43 CPU seconds and 240626 MB memory.
2026-08-14 15:29:00.873 INFO   [975942\332DD4] Auto-router pass #564 on board '5323d2ec15e2a41b5cb8138920732e70' was completed in 0,54 seconds with the score of 951,92 (12 unrouted), using 64235,39 CPU seconds and 241306 MB memory.
2026-08-14 15:29:01.419 INFO   [975942\332DD4] Auto-router pass #565 on board '5323d2ec15e2a41b5cb8138920732e70' was completed in 0,54 seconds with the score of 951,92 (12 unrouted), using 64592,34 CPU seconds and 241985 MB memory.
2026-08-14 15:29:01.956 INFO   [975942\332DD4] Auto-router pass #566 on board '5323d2ec15e2a41b5cb8138920732e70' was completed in 0,53 seconds with the score of 951,92 (12 unrouted), using 64592,34 CPU seconds and 241985 MB memory.
2026-08-14 15:29:02.494 INFO   [975942\332DD4] Auto-router pass #567 on board '5323d2ec15e2a41b5cb8138920732e70' was completed in 0,53 seconds with the score of 951,92 (12 unrouted), using 64950,27 CPU seconds and 242664 MB memory.
2026-08-14 15:29:03.079 INFO   [975942\332DD4] Auto-router pass #568 on board '5323d2ec15e2a41b5cb8138920732e70' was completed in 0,58 seconds with the score of 951,92 (12 unrouted), using 64950,27 CPU seconds and 242664 MB memory.
2026-08-14 15:29:03.644 INFO   [975942\332DD4] Auto-router pass #569 on board '5323d2ec15e2a41b5cb8138920732e70' was completed in 0,56 seconds with the score of 951,92 (12 unrouted), using 65309,20 CPU seconds and 243306 MB memory.
2026-08-14 15:29:04.206 INFO   [975942\332DD4] Auto-router pass #570 on board '5323d2ec15e2a41b5cb8138920732e70' was completed in 0,55 seconds with the score of 951,92 (12 unrouted), using 65309,20 CPU seconds and 243306 MB memory.
2026-08-14 15:29:04.743 INFO   [975942\332DD4] Auto-router pass #571 on board '5323d2ec15e2a41b5cb8138920732e70' was completed in 0,53 seconds with the score of 951,92 (12 unrouted), using 65669,12 CPU seconds and 243960 MB memory.
2026-08-14 15:29:05.287 INFO   [975942\332DD4] Auto-router pass #572 on board '5323d2ec15e2a41b5cb8138920732e70' was completed in 0,54 seconds with the score of 951,92 (12 unrouted), using 65669,12 CPU seconds and 243960 MB memory.
2026-08-14 15:29:05.826 INFO   [975942\332DD4] Auto-router pass #573 on board '5323d2ec15e2a41b5cb8138920732e70' was completed in 0,53 seconds with the score of 951,92 (12 unrouted), using 66030,02 CPU seconds and 244642 MB memory.
2026-08-14 15:29:06.377 INFO   [975942\332DD4] Auto-router pass #574 on board '5323d2ec15e2a41b5cb8138920732e70' was completed in 0,54 seconds with the score of 951,92 (12 unrouted), using 66030,02 CPU seconds and 244642 MB memory.
2026-08-14 15:29:06.916 INFO   [975942\332DD4] Auto-router pass #575 on board '5323d2ec15e2a41b5cb8138920732e70' was completed in 0,53 seconds with the score of 951,92 (12 unrouted), using 66391,92 CPU seconds and 245310 MB memory.
2026-08-14 15:29:07.459 INFO   [975942\332DD4] Auto-router pass #576 on board '5323d2ec15e2a41b5cb8138920732e70' was completed in 0,53 seconds with the score of 951,92 (12 unrouted), using 66754,80 CPU seconds and 245993 MB memory.
2026-08-14 15:29:08.012 INFO   [975942\332DD4] Auto-router pass #577 on board '5323d2ec15e2a41b5cb8138920732e70' was completed in 0,54 seconds with the score of 951,92 (12 unrouted), using 66754,80 CPU seconds and 245993 MB memory.
2026-08-14 15:29:08.551 INFO   [975942\332DD4] Auto-router pass #578 on board '5323d2ec15e2a41b5cb8138920732e70' was completed in 0,53 seconds with the score of 951,92 (12 unrouted), using 67118,68 CPU seconds and 246664 MB memory.
2026-08-14 15:29:09.089 INFO   [975942\332DD4] Auto-router pass #579 on board '5323d2ec15e2a41b5cb8138920732e70' was completed in 0,53 seconds with the score of 951,92 (12 unrouted), using 67118,68 CPU seconds and 246664 MB memory.
2026-08-14 15:29:09.634 INFO   [975942\332DD4] Auto-router pass #580 on board '5323d2ec15e2a41b5cb8138920732e70' was completed in 0,54 seconds with the score of 951,92 (12 unrouted), using 67483,55 CPU seconds and 247344 MB memory.
2026-08-14 15:29:10.175 INFO   [975942\332DD4] Auto-router pass #581 on board '5323d2ec15e2a41b5cb8138920732e70' was completed in 0,53 seconds with the score of 951,92 (12 unrouted), using 67483,55 CPU seconds and 247344 MB memory.
2026-08-14 15:29:10.712 INFO   [975942\332DD4] Auto-router pass #582 on board '5323d2ec15e2a41b5cb8138920732e70' was completed in 0,53 seconds with the score of 951,92 (12 unrouted), using 67849,40 CPU seconds and 248021 MB memory.
2026-08-14 15:29:11.252 INFO   [975942\332DD4] Auto-router pass #583 on board '5323d2ec15e2a41b5cb8138920732e70' was completed in 0,53 seconds with the score of 951,92 (12 unrouted), using 67849,40 CPU seconds and 248021 MB memory.
2026-08-14 15:29:11.797 INFO   [975942\332DD4] Auto-router pass #584 on board '5323d2ec15e2a41b5cb8138920732e70' was completed in 0,54 seconds with the score of 951,92 (12 unrouted), using 68216,24 CPU seconds and 248698 MB memory.
2026-08-14 15:29:12.360 INFO   [975942\332DD4] Auto-router pass #585 on board '5323d2ec15e2a41b5cb8138920732e70' was completed in 0,55 seconds with the score of 951,92 (12 unrouted), using 68216,24 CPU seconds and 248698 MB memory.
2026-08-14 15:29:12.913 INFO   [975942\332DD4] Auto-router pass #586 on board '5323d2ec15e2a41b5cb8138920732e70' was completed in 0,54 seconds with the score of 951,92 (12 unrouted), using 68584,07 CPU seconds and 249359 MB memory.
2026-08-14 15:29:13.476 INFO   [975942\332DD4] Auto-router pass #587 on board '5323d2ec15e2a41b5cb8138920732e70' was completed in 0,55 seconds with the score of 951,92 (12 unrouted), using 68952,89 CPU seconds and 250022 MB memory.
2026-08-14 15:29:14.044 INFO   [975942\332DD4] Auto-router pass #588 on board '5323d2ec15e2a41b5cb8138920732e70' was completed in 0,56 seconds with the score of 951,92 (12 unrouted), using 68952,89 CPU seconds and 250022 MB memory.
2026-08-14 15:29:14.582 INFO   [975942\332DD4] Auto-router pass #589 on board '5323d2ec15e2a41b5cb8138920732e70' was completed in 0,53 seconds with the score of 951,92 (12 unrouted), using 69322,70 CPU seconds and 250680 MB memory.
2026-08-14 15:29:15.126 INFO   [975942\332DD4] Auto-router pass #590 on board '5323d2ec15e2a41b5cb8138920732e70' was completed in 0,54 seconds with the score of 951,92 (12 unrouted), using 69322,70 CPU seconds and 250680 MB memory.
2026-08-14 15:29:15.666 INFO   [975942\332DD4] Auto-router pass #591 on board '5323d2ec15e2a41b5cb8138920732e70' was completed in 0,53 seconds with the score of 951,92 (12 unrouted), using 69693,50 CPU seconds and 251355 MB memory.
2026-08-14 15:29:16.220 INFO   [975942\332DD4] Auto-router pass #592 on board '5323d2ec15e2a41b5cb8138920732e70' was completed in 0,55 seconds with the score of 951,92 (12 unrouted), using 69693,50 CPU seconds and 251355 MB memory.
2026-08-14 15:29:16.760 INFO   [975942\332DD4] Auto-router pass #593 on board '5323d2ec15e2a41b5cb8138920732e70' was completed in 0,53 seconds with the score of 951,92 (12 unrouted), using 70065,29 CPU seconds and 252026 MB memory.
2026-08-14 15:29:17.300 INFO   [975942\332DD4] Auto-router pass #594 on board '5323d2ec15e2a41b5cb8138920732e70' was completed in 0,53 seconds with the score of 951,92 (12 unrouted), using 70065,29 CPU seconds and 252026 MB memory.
2026-08-14 15:29:17.838 INFO   [975942\332DD4] Auto-router pass #595 on board '5323d2ec15e2a41b5cb8138920732e70' was completed in 0,53 seconds with the score of 951,92 (12 unrouted), using 70438,07 CPU seconds and 252705 MB memory.
2026-08-14 15:29:18.406 INFO   [975942\332DD4] Auto-router pass #596 on board '5323d2ec15e2a41b5cb8138920732e70' was completed in 0,56 seconds with the score of 951,92 (12 unrouted), using 70811,84 CPU seconds and 253372 MB memory.
2026-08-14 15:29:18.943 INFO   [975942\332DD4] Auto-router pass #597 on board '5323d2ec15e2a41b5cb8138920732e70' was completed in 0,53 seconds with the score of 951,92 (12 unrouted), using 70811,84 CPU seconds and 253372 MB memory.
2026-08-14 15:29:19.494 INFO   [975942\332DD4] Auto-router pass #598 on board '5323d2ec15e2a41b5cb8138920732e70' was completed in 0,54 seconds with the score of 951,92 (12 unrouted), using 71186,59 CPU seconds and 254046 MB memory.
2026-08-14 15:29:20.042 INFO   [975942\332DD4] Auto-router pass #599 on board '5323d2ec15e2a41b5cb8138920732e70' was completed in 0,54 seconds with the score of 951,92 (12 unrouted), using 71186,59 CPU seconds and 254046 MB memory.
2026-08-14 15:29:20.585 INFO   [975942\332DD4] Auto-router pass #600 on board '5323d2ec15e2a41b5cb8138920732e70' was completed in 0,53 seconds with the score of 951,92 (12 unrouted), using 71562,34 CPU seconds and 254716 MB memory.
2026-08-14 15:29:21.136 INFO   [975942\332DD4] Auto-router pass #601 on board '5323d2ec15e2a41b5cb8138920732e70' was completed in 0,54 seconds with the score of 951,92 (12 unrouted), using 71562,34 CPU seconds and 254716 MB memory.
2026-08-14 15:29:21.702 INFO   [975942\332DD4] Auto-router pass #602 on board '5323d2ec15e2a41b5cb8138920732e70' was completed in 0,56 seconds with the score of 951,92 (12 unrouted), using 71939,07 CPU seconds and 255378 MB memory.
2026-08-14 15:29:22.253 INFO   [975942\332DD4] Auto-router pass #603 on board '5323d2ec15e2a41b5cb8138920732e70' was completed in 0,54 seconds with the score of 951,92 (12 unrouted), using 71939,07 CPU seconds and 255378 MB memory.
2026-08-14 15:29:22.797 INFO   [975942\332DD4] Auto-router pass #604 on board '5323d2ec15e2a41b5cb8138920732e70' was completed in 0,53 seconds with the score of 951,92 (12 unrouted), using 72316,80 CPU seconds and 256037 MB memory.
2026-08-14 15:29:23.336 INFO   [975942\332DD4] Auto-router pass #605 on board '5323d2ec15e2a41b5cb8138920732e70' was completed in 0,53 seconds with the score of 951,92 (12 unrouted), using 72316,80 CPU seconds and 256037 MB memory.
2026-08-14 15:29:23.875 INFO   [975942\332DD4] Auto-router pass #606 on board '5323d2ec15e2a41b5cb8138920732e70' was completed in 0,53 seconds with the score of 951,92 (12 unrouted), using 72695,51 CPU seconds and 256718 MB memory.
2026-08-14 15:29:24.423 INFO   [975942\332DD4] Auto-router pass #607 on board '5323d2ec15e2a41b5cb8138920732e70' was completed in 0,54 seconds with the score of 951,92 (12 unrouted), using 73075,21 CPU seconds and 257395 MB memory.
2026-08-14 15:29:24.985 INFO   [975942\332DD4] Auto-router pass #608 on board '5323d2ec15e2a41b5cb8138920732e70' was completed in 0,55 seconds with the score of 951,92 (12 unrouted), using 73075,21 CPU seconds and 257395 MB memory.
2026-08-14 15:29:25.524 INFO   [975942\332DD4] Auto-router pass #609 on board '5323d2ec15e2a41b5cb8138920732e70' was completed in 0,53 seconds with the score of 951,92 (12 unrouted), using 73455,91 CPU seconds and 258061 MB memory.
2026-08-14 15:29:26.066 INFO   [975942\332DD4] Auto-router pass #610 on board '5323d2ec15e2a41b5cb8138920732e70' was completed in 0,53 seconds with the score of 951,92 (12 unrouted), using 73455,91 CPU seconds and 258061 MB memory.
2026-08-14 15:29:26.607 INFO   [975942\332DD4] Auto-router pass #611 on board '5323d2ec15e2a41b5cb8138920732e70' was completed in 0,53 seconds with the score of 951,92 (12 unrouted), using 73837,59 CPU seconds and 258742 MB memory.
2026-08-14 15:29:27.171 INFO   [975942\332DD4] Auto-router pass #612 on board '5323d2ec15e2a41b5cb8138920732e70' was completed in 0,56 seconds with the score of 951,92 (12 unrouted), using 73837,59 CPU seconds and 258742 MB memory.
2026-08-14 15:29:27.716 INFO   [975942\332DD4] Auto-router pass #613 on board '5323d2ec15e2a41b5cb8138920732e70' was completed in 0,54 seconds with the score of 951,92 (12 unrouted), using 74220,26 CPU seconds and 259397 MB memory.
2026-08-14 15:29:28.252 INFO   [975942\332DD4] Auto-router pass #614 on board '5323d2ec15e2a41b5cb8138920732e70' was completed in 0,53 seconds with the score of 951,92 (12 unrouted), using 74220,26 CPU seconds and 259397 MB memory.
2026-08-14 15:29:28.791 INFO   [975942\332DD4] Auto-router pass #615 on board '5323d2ec15e2a41b5cb8138920732e70' was completed in 0,53 seconds with the score of 951,92 (12 unrouted), using 74603,92 CPU seconds and 260079 MB memory.
2026-08-14 15:29:29.343 INFO   [975942\332DD4] Auto-router pass #616 on board '5323d2ec15e2a41b5cb8138920732e70' was completed in 0,54 seconds with the score of 951,92 (12 unrouted), using 74603,92 CPU seconds and 260079 MB memory.
2026-08-14 15:29:29.885 INFO   [975942\332DD4] Auto-router pass #617 on board '5323d2ec15e2a41b5cb8138920732e70' was completed in 0,53 seconds with the score of 951,92 (12 unrouted), using 74988,57 CPU seconds and 260747 MB memory.
2026-08-14 15:29:30.429 INFO   [975942\332DD4] Auto-router pass #618 on board '5323d2ec15e2a41b5cb8138920732e70' was completed in 0,54 seconds with the score of 951,92 (12 unrouted), using 75374,21 CPU seconds and 261429 MB memory.
2026-08-14 15:29:30.994 INFO   [975942\332DD4] Auto-router pass #619 on board '5323d2ec15e2a41b5cb8138920732e70' was completed in 0,56 seconds with the score of 951,92 (12 unrouted), using 75374,21 CPU seconds and 261429 MB memory.
2026-08-14 15:29:31.551 INFO   [975942\332DD4] Auto-router pass #620 on board '5323d2ec15e2a41b5cb8138920732e70' was completed in 0,55 seconds with the score of 951,92 (12 unrouted), using 75760,84 CPU seconds and 262079 MB memory.
2026-08-14 15:29:32.088 INFO   [975942\332DD4] Auto-router pass #621 on board '5323d2ec15e2a41b5cb8138920732e70' was completed in 0,53 seconds with the score of 951,92 (12 unrouted), using 75760,84 CPU seconds and 262079 MB memory.
2026-08-14 15:29:32.627 INFO   [975942\332DD4] Auto-router pass #622 on board '5323d2ec15e2a41b5cb8138920732e70' was completed in 0,53 seconds with the score of 951,92 (12 unrouted), using 76148,47 CPU seconds and 262759 MB memory.
2026-08-14 15:29:33.164 INFO   [975942\332DD4] Auto-router pass #623 on board '5323d2ec15e2a41b5cb8138920732e70' was completed in 0,53 seconds with the score of 951,92 (12 unrouted), using 76148,47 CPU seconds and 262759 MB memory.
2026-08-14 15:29:33.708 INFO   [975942\332DD4] Auto-router pass #624 on board '5323d2ec15e2a41b5cb8138920732e70' was completed in 0,54 seconds with the score of 951,92 (12 unrouted), using 76537,08 CPU seconds and 263441 MB memory.
2026-08-14 15:29:34.245 INFO   [975942\332DD4] Auto-router pass #625 on board '5323d2ec15e2a41b5cb8138920732e70' was completed in 0,53 seconds with the score of 951,92 (12 unrouted), using 76537,08 CPU seconds and 263441 MB memory.
2026-08-14 15:29:34.782 INFO   [975942\332DD4] Auto-router pass #626 on board '5323d2ec15e2a41b5cb8138920732e70' was completed in 0,53 seconds with the score of 951,92 (12 unrouted), using 76926,68 CPU seconds and 264121 MB memory.
2026-08-14 15:29:35.344 INFO   [975942\332DD4] Auto-router pass #627 on board '5323d2ec15e2a41b5cb8138920732e70' was completed in 0,55 seconds with the score of 951,92 (12 unrouted), using 76926,68 CPU seconds and 264121 MB memory.
2026-08-14 15:29:35.916 INFO   [975942\332DD4] Auto-router pass #628 on board '5323d2ec15e2a41b5cb8138920732e70' was completed in 0,56 seconds with the score of 951,92 (12 unrouted), using 77317,27 CPU seconds and 264783 MB memory.
2026-08-14 15:29:36.471 INFO   [975942\332DD4] Auto-router pass #629 on board '5323d2ec15e2a41b5cb8138920732e70' was completed in 0,55 seconds with the score of 951,92 (12 unrouted), using 77708,86 CPU seconds and 265437 MB memory.
2026-08-14 15:29:37.009 INFO   [975942\332DD4] Auto-router pass #630 on board '5323d2ec15e2a41b5cb8138920732e70' was completed in 0,53 seconds with the score of 951,92 (12 unrouted), using 77708,86 CPU seconds and 265437 MB memory.
2026-08-14 15:29:37.566 INFO   [975942\332DD4] Auto-router pass #631 on board '5323d2ec15e2a41b5cb8138920732e70' was completed in 0,55 seconds with the score of 951,92 (12 unrouted), using 78101,42 CPU seconds and 266110 MB memory.
2026-08-14 15:29:38.114 INFO   [975942\332DD4] Auto-router pass #632 on board '5323d2ec15e2a41b5cb8138920732e70' was completed in 0,54 seconds with the score of 951,92 (12 unrouted), using 78101,42 CPU seconds and 266110 MB memory.
2026-08-14 15:29:38.654 INFO   [975942\332DD4] Auto-router pass #633 on board '5323d2ec15e2a41b5cb8138920732e70' was completed in 0,53 seconds with the score of 951,92 (12 unrouted), using 78494,98 CPU seconds and 266781 MB memory.
2026-08-14 15:29:39.192 INFO   [975942\332DD4] Auto-router pass #634 on board '5323d2ec15e2a41b5cb8138920732e70' was completed in 0,53 seconds with the score of 951,92 (12 unrouted), using 78494,98 CPU seconds and 266781 MB memory.
2026-08-14 15:29:39.729 INFO   [975942\332DD4] Auto-router pass #635 on board '5323d2ec15e2a41b5cb8138920732e70' was completed in 0,53 seconds with the score of 951,92 (12 unrouted), using 78889,52 CPU seconds and 267462 MB memory.
2026-08-14 15:29:40.273 INFO   [975942\332DD4] Auto-router pass #636 on board '5323d2ec15e2a41b5cb8138920732e70' was completed in 0,54 seconds with the score of 951,92 (12 unrouted), using 78889,52 CPU seconds and 267462 MB memory.
2026-08-14 15:29:40.812 INFO   [975942\332DD4] Auto-router pass #637 on board '5323d2ec15e2a41b5cb8138920732e70' was completed in 0,53 seconds with the score of 951,92 (12 unrouted), using 79285,06 CPU seconds and 268140 MB memory.
2026-08-14 15:29:41.349 INFO   [975942\332DD4] Auto-router pass #638 on board '5323d2ec15e2a41b5cb8138920732e70' was completed in 0,53 seconds with the score of 951,92 (12 unrouted), using 79285,06 CPU seconds and 268140 MB memory.
2026-08-14 15:29:41.892 INFO   [975942\332DD4] Auto-router pass #639 on board '5323d2ec15e2a41b5cb8138920732e70' was completed in 0,53 seconds with the score of 951,92 (12 unrouted), using 79681,59 CPU seconds and 268818 MB memory.
2026-08-14 15:29:42.437 INFO   [975942\332DD4] Auto-router pass #640 on board '5323d2ec15e2a41b5cb8138920732e70' was completed in 0,54 seconds with the score of 951,92 (12 unrouted), using 80079,11 CPU seconds and 269500 MB memory.
2026-08-14 15:29:42.988 INFO   [975942\332DD4] Auto-router pass #641 on board '5323d2ec15e2a41b5cb8138920732e70' was completed in 0,54 seconds with the score of 951,92 (12 unrouted), using 80079,11 CPU seconds and 269500 MB memory.
2026-08-14 15:29:43.529 INFO   [975942\332DD4] Auto-router pass #642 on board '5323d2ec15e2a41b5cb8138920732e70' was completed in 0,53 seconds with the score of 951,92 (12 unrouted), using 80477,62 CPU seconds and 270167 MB memory.
2026-08-14 15:29:44.068 INFO   [975942\332DD4] Auto-router pass #643 on board '5323d2ec15e2a41b5cb8138920732e70' was completed in 0,53 seconds with the score of 951,92 (12 unrouted), using 80477,62 CPU seconds and 270167 MB memory.
2026-08-14 15:29:44.612 INFO   [975942\332DD4] Auto-router pass #644 on board '5323d2ec15e2a41b5cb8138920732e70' was completed in 0,54 seconds with the score of 951,92 (12 unrouted), using 80877,12 CPU seconds and 270852 MB memory.
2026-08-14 15:29:45.149 INFO   [975942\332DD4] Auto-router pass #645 on board '5323d2ec15e2a41b5cb8138920732e70' was completed in 0,53 seconds with the score of 951,92 (12 unrouted), using 80877,12 CPU seconds and 270852 MB memory.
2026-08-14 15:29:45.720 INFO   [975942\332DD4] Auto-router pass #646 on board '5323d2ec15e2a41b5cb8138920732e70' was completed in 0,56 seconds with the score of 951,92 (12 unrouted), using 81277,61 CPU seconds and 271515 MB memory.
2026-08-14 15:29:46.272 INFO   [975942\332DD4] Auto-router pass #647 on board '5323d2ec15e2a41b5cb8138920732e70' was completed in 0,54 seconds with the score of 951,92 (12 unrouted), using 81277,61 CPU seconds and 271515 MB memory.
2026-08-14 15:29:46.846 INFO   [975942\332DD4] Auto-router pass #648 on board '5323d2ec15e2a41b5cb8138920732e70' was completed in 0,56 seconds with the score of 951,92 (12 unrouted), using 81679,09 CPU seconds and 272171 MB memory.
2026-08-14 15:29:47.399 INFO   [975942\332DD4] Auto-router pass #649 on board '5323d2ec15e2a41b5cb8138920732e70' was completed in 0,54 seconds with the score of 951,92 (12 unrouted), using 81679,09 CPU seconds and 272171 MB memory.
2026-08-14 15:29:47.945 INFO   [975942\332DD4] Auto-router pass #650 on board '5323d2ec15e2a41b5cb8138920732e70' was completed in 0,54 seconds with the score of 951,92 (12 unrouted), using 82081,55 CPU seconds and 272824 MB memory.
2026-08-14 15:29:48.482 INFO   [975942\332DD4] Auto-router pass #651 on board '5323d2ec15e2a41b5cb8138920732e70' was completed in 0,53 seconds with the score of 951,92 (12 unrouted), using 82485,02 CPU seconds and 273504 MB memory.
2026-08-14 15:29:49.025 INFO   [975942\332DD4] Auto-router pass #652 on board '5323d2ec15e2a41b5cb8138920732e70' was completed in 0,54 seconds with the score of 951,92 (12 unrouted), using 82485,02 CPU seconds and 273504 MB memory.
2026-08-14 15:29:49.563 INFO   [975942\332DD4] Auto-router pass #653 on board '5323d2ec15e2a41b5cb8138920732e70' was completed in 0,53 seconds with the score of 951,92 (12 unrouted), using 82889,47 CPU seconds and 274184 MB memory.
2026-08-14 15:29:50.101 INFO   [975942\332DD4] Auto-router pass #654 on board '5323d2ec15e2a41b5cb8138920732e70' was completed in 0,53 seconds with the score of 951,92 (12 unrouted), using 82889,47 CPU seconds and 274184 MB memory.
2026-08-14 15:29:50.639 INFO   [975942\332DD4] Auto-router pass #655 on board '5323d2ec15e2a41b5cb8138920732e70' was completed in 0,53 seconds with the score of 951,92 (12 unrouted), using 83294,91 CPU seconds and 274862 MB memory.
2026-08-14 15:29:51.184 INFO   [975942\332DD4] Auto-router pass #656 on board '5323d2ec15e2a41b5cb8138920732e70' was completed in 0,54 seconds with the score of 951,92 (12 unrouted), using 83294,91 CPU seconds and 274862 MB memory.
2026-08-14 15:29:51.738 INFO   [975942\332DD4] Auto-router pass #657 on board '5323d2ec15e2a41b5cb8138920732e70' was completed in 0,55 seconds with the score of 951,92 (12 unrouted), using 83701,34 CPU seconds and 275541 MB memory.
2026-08-14 15:29:52.305 INFO   [975942\332DD4] Auto-router pass #658 on board '5323d2ec15e2a41b5cb8138920732e70' was completed in 0,56 seconds with the score of 951,92 (12 unrouted), using 83701,34 CPU seconds and 275541 MB memory.
2026-08-14 15:29:52.872 INFO   [975942\332DD4] Auto-router pass #659 on board '5323d2ec15e2a41b5cb8138920732e70' was completed in 0,56 seconds with the score of 951,92 (12 unrouted), using 84108,75 CPU seconds and 276186 MB memory.
2026-08-14 15:29:53.435 INFO   [975942\332DD4] Auto-router pass #660 on board '5323d2ec15e2a41b5cb8138920732e70' was completed in 0,55 seconds with the score of 951,92 (12 unrouted), using 84517,16 CPU seconds and 276841 MB memory.
2026-08-14 15:29:53.989 INFO   [975942\332DD4] Auto-router pass #661 on board '5323d2ec15e2a41b5cb8138920732e70' was completed in 0,55 seconds with the score of 951,92 (12 unrouted), using 84517,16 CPU seconds and 276841 MB memory.
2026-08-14 15:29:54.542 INFO   [975942\332DD4] Auto-router pass #662 on board '5323d2ec15e2a41b5cb8138920732e70' was completed in 0,55 seconds with the score of 951,92 (12 unrouted), using 84926,55 CPU seconds and 277503 MB memory.
2026-08-14 15:29:55.099 INFO   [975942\332DD4] Auto-router pass #663 on board '5323d2ec15e2a41b5cb8138920732e70' was completed in 0,55 seconds with the score of 951,92 (12 unrouted), using 84926,55 CPU seconds and 277503 MB memory.
2026-08-14 15:29:55.643 INFO   [975942\332DD4] Auto-router pass #664 on board '5323d2ec15e2a41b5cb8138920732e70' was completed in 0,54 seconds with the score of 951,92 (12 unrouted), using 85336,94 CPU seconds and 278166 MB memory.
2026-08-14 15:29:56.203 INFO   [975942\332DD4] Auto-router pass #665 on board '5323d2ec15e2a41b5cb8138920732e70' was completed in 0,55 seconds with the score of 951,92 (12 unrouted), using 85336,94 CPU seconds and 278166 MB memory.
2026-08-14 15:29:56.769 INFO   [975942\332DD4] Auto-router pass #666 on board '5323d2ec15e2a41b5cb8138920732e70' was completed in 0,56 seconds with the score of 951,92 (12 unrouted), using 85748,31 CPU seconds and 278824 MB memory.
2026-08-14 15:29:57.331 INFO   [975942\332DD4] Auto-router pass #667 on board '5323d2ec15e2a41b5cb8138920732e70' was completed in 0,55 seconds with the score of 951,92 (12 unrouted), using 85748,31 CPU seconds and 278824 MB memory.
2026-08-14 15:29:57.903 INFO   [975942\332DD4] Auto-router pass #668 on board '5323d2ec15e2a41b5cb8138920732e70' was completed in 0,56 seconds with the score of 951,92 (12 unrouted), using 86160,68 CPU seconds and 279473 MB memory.
2026-08-14 15:29:58.468 INFO   [975942\332DD4] Auto-router pass #669 on board '5323d2ec15e2a41b5cb8138920732e70' was completed in 0,56 seconds with the score of 951,92 (12 unrouted), using 86574,03 CPU seconds and 280125 MB memory.
2026-08-14 15:29:59.028 INFO   [975942\332DD4] Auto-router pass #670 on board '5323d2ec15e2a41b5cb8138920732e70' was completed in 0,55 seconds with the score of 951,92 (12 unrouted), using 86574,03 CPU seconds and 280125 MB memory.
2026-08-14 15:29:59.567 INFO   [975942\332DD4] Auto-router pass #671 on board '5323d2ec15e2a41b5cb8138920732e70' was completed in 0,53 seconds with the score of 951,92 (12 unrouted), using 86988,38 CPU seconds and 280786 MB memory.
2026-08-14 15:30:00.129 INFO   [975942\332DD4] Auto-router pass #672 on board '5323d2ec15e2a41b5cb8138920732e70' was completed in 0,55 seconds with the score of 951,92 (12 unrouted), using 86988,38 CPU seconds and 280786 MB memory.
2026-08-14 15:30:00.684 INFO   [975942\332DD4] Auto-router pass #673 on board '5323d2ec15e2a41b5cb8138920732e70' was completed in 0,55 seconds with the score of 951,92 (12 unrouted), using 87403,71 CPU seconds and 281450 MB memory.
2026-08-14 15:30:01.249 INFO   [975942\332DD4] Auto-router pass #674 on board '5323d2ec15e2a41b5cb8138920732e70' was completed in 0,56 seconds with the score of 951,92 (12 unrouted), using 87403,71 CPU seconds and 281450 MB memory.
2026-08-14 15:30:01.815 INFO   [975942\332DD4] Auto-router pass #675 on board '5323d2ec15e2a41b5cb8138920732e70' was completed in 0,56 seconds with the score of 951,92 (12 unrouted), using 87820,03 CPU seconds and 282095 MB memory.
2026-08-14 15:30:02.387 INFO   [975942\332DD4] Auto-router pass #676 on board '5323d2ec15e2a41b5cb8138920732e70' was completed in 0,56 seconds with the score of 951,92 (12 unrouted), using 87820,03 CPU seconds and 282095 MB memory.
2026-08-14 15:30:02.952 INFO   [975942\332DD4] Auto-router pass #677 on board '5323d2ec15e2a41b5cb8138920732e70' was completed in 0,56 seconds with the score of 951,92 (12 unrouted), using 88237,34 CPU seconds and 282744 MB memory.
2026-08-14 15:30:03.514 INFO   [975942\332DD4] Auto-router pass #678 on board '5323d2ec15e2a41b5cb8138920732e70' was completed in 0,55 seconds with the score of 951,92 (12 unrouted), using 88655,64 CPU seconds and 283396 MB memory.
2026-08-14 15:30:04.057 INFO   [975942\332DD4] Auto-router pass #679 on board '5323d2ec15e2a41b5cb8138920732e70' was completed in 0,53 seconds with the score of 951,92 (12 unrouted), using 88655,64 CPU seconds and 283396 MB memory.
2026-08-14 15:30:04.609 INFO   [975942\332DD4] Auto-router pass #680 on board '5323d2ec15e2a41b5cb8138920732e70' was completed in 0,54 seconds with the score of 951,92 (12 unrouted), using 89074,93 CPU seconds and 284068 MB memory.
2026-08-14 15:30:05.165 INFO   [975942\332DD4] Auto-router pass #681 on board '5323d2ec15e2a41b5cb8138920732e70' was completed in 0,54 seconds with the score of 951,92 (12 unrouted), using 89074,93 CPU seconds and 284068 MB memory.
2026-08-14 15:30:05.703 INFO   [975942\332DD4] Auto-router pass #682 on board '5323d2ec15e2a41b5cb8138920732e70' was completed in 0,53 seconds with the score of 951,92 (12 unrouted), using 89495,20 CPU seconds and 284728 MB memory.
2026-08-14 15:30:06.243 INFO   [975942\332DD4] Auto-router pass #683 on board '5323d2ec15e2a41b5cb8138920732e70' was completed in 0,53 seconds with the score of 951,92 (12 unrouted), using 89495,20 CPU seconds and 284728 MB memory.
2026-08-14 15:30:06.795 INFO   [975942\332DD4] Auto-router pass #684 on board '5323d2ec15e2a41b5cb8138920732e70' was completed in 0,54 seconds with the score of 951,92 (12 unrouted), using 89916,47 CPU seconds and 285408 MB memory.
2026-08-14 15:30:07.335 INFO   [975942\332DD4] Auto-router pass #685 on board '5323d2ec15e2a41b5cb8138920732e70' was completed in 0,53 seconds with the score of 951,92 (12 unrouted), using 89916,47 CPU seconds and 285408 MB memory.
2026-08-14 15:30:07.886 INFO   [975942\332DD4] Auto-router pass #686 on board '5323d2ec15e2a41b5cb8138920732e70' was completed in 0,54 seconds with the score of 951,92 (12 unrouted), using 90338,72 CPU seconds and 286078 MB memory.
2026-08-14 15:30:08.427 INFO   [975942\332DD4] Auto-router pass #687 on board '5323d2ec15e2a41b5cb8138920732e70' was completed in 0,53 seconds with the score of 951,92 (12 unrouted), using 90761,96 CPU seconds and 286756 MB memory.
2026-08-14 15:30:08.969 INFO   [975942\332DD4] Auto-router pass #688 on board '5323d2ec15e2a41b5cb8138920732e70' was completed in 0,53 seconds with the score of 951,92 (12 unrouted), using 90761,96 CPU seconds and 286756 MB memory.
2026-08-14 15:30:09.535 INFO   [975942\332DD4] Auto-router pass #689 on board '5323d2ec15e2a41b5cb8138920732e70' was completed in 0,56 seconds with the score of 951,92 (12 unrouted), using 91186,19 CPU seconds and 287420 MB memory.
2026-08-14 15:30:10.093 INFO   [975942\332DD4] Auto-router pass #690 on board '5323d2ec15e2a41b5cb8138920732e70' was completed in 0,55 seconds with the score of 951,92 (12 unrouted), using 91186,19 CPU seconds and 287420 MB memory.
2026-08-14 15:30:10.632 INFO   [975942\332DD4] Auto-router pass #691 on board '5323d2ec15e2a41b5cb8138920732e70' was completed in 0,53 seconds with the score of 951,92 (12 unrouted), using 91611,41 CPU seconds and 288080 MB memory.
2026-08-14 15:30:11.187 INFO   [975942\332DD4] Auto-router pass #692 on board '5323d2ec15e2a41b5cb8138920732e70' was completed in 0,55 seconds with the score of 951,92 (12 unrouted), using 91611,41 CPU seconds and 288080 MB memory.
2026-08-14 15:30:11.735 INFO   [975942\332DD4] Auto-router pass #693 on board '5323d2ec15e2a41b5cb8138920732e70' was completed in 0,54 seconds with the score of 951,92 (12 unrouted), using 92037,62 CPU seconds and 288746 MB memory.
2026-08-14 15:30:12.282 INFO   [975942\332DD4] Auto-router pass #694 on board '5323d2ec15e2a41b5cb8138920732e70' was completed in 0,54 seconds with the score of 951,92 (12 unrouted), using 92037,62 CPU seconds and 288746 MB memory.
2026-08-14 15:30:12.822 INFO   [975942\332DD4] Auto-router pass #695 on board '5323d2ec15e2a41b5cb8138920732e70' was completed in 0,53 seconds with the score of 951,92 (12 unrouted), using 92464,81 CPU seconds and 289419 MB memory.
2026-08-14 15:30:13.367 INFO   [975942\332DD4] Auto-router pass #696 on board '5323d2ec15e2a41b5cb8138920732e70' was completed in 0,54 seconds with the score of 951,92 (12 unrouted), using 92464,81 CPU seconds and 289419 MB memory.
2026-08-14 15:30:13.907 INFO   [975942\332DD4] Auto-router pass #697 on board '5323d2ec15e2a41b5cb8138920732e70' was completed in 0,53 seconds with the score of 951,92 (12 unrouted), using 92892,99 CPU seconds and 290097 MB memory.
2026-08-14 15:30:14.447 INFO   [975942\332DD4] Auto-router pass #698 on board '5323d2ec15e2a41b5cb8138920732e70' was completed in 0,53 seconds with the score of 951,92 (12 unrouted), using 93322,16 CPU seconds and 290778 MB memory.
2026-08-14 15:30:14.986 INFO   [975942\332DD4] Auto-router pass #699 on board '5323d2ec15e2a41b5cb8138920732e70' was completed in 0,53 seconds with the score of 951,92 (12 unrouted), using 93322,16 CPU seconds and 290778 MB memory.
2026-08-14 15:30:15.546 INFO   [975942\332DD4] Auto-router pass #700 on board '5323d2ec15e2a41b5cb8138920732e70' was completed in 0,55 seconds with the score of 951,92 (12 unrouted), using 93752,33 CPU seconds and 291446 MB memory.
2026-08-14 15:30:16.085 INFO   [975942\332DD4] Auto-router pass #701 on board '5323d2ec15e2a41b5cb8138920732e70' was completed in 0,53 seconds with the score of 951,92 (12 unrouted), using 93752,33 CPU seconds and 291446 MB memory.
2026-08-14 15:30:16.625 INFO   [975942\332DD4] Auto-router pass #702 on board '5323d2ec15e2a41b5cb8138920732e70' was completed in 0,53 seconds with the score of 951,92 (12 unrouted), using 94183,48 CPU seconds and 292123 MB memory.
2026-08-14 15:30:17.165 INFO   [975942\332DD4] Auto-router pass #703 on board '5323d2ec15e2a41b5cb8138920732e70' was completed in 0,53 seconds with the score of 951,92 (12 unrouted), using 94183,48 CPU seconds and 292123 MB memory.
2026-08-14 15:30:17.712 INFO   [975942\332DD4] Auto-router pass #704 on board '5323d2ec15e2a41b5cb8138920732e70' was completed in 0,54 seconds with the score of 951,92 (12 unrouted), using 94615,62 CPU seconds and 292799 MB memory.
2026-08-14 15:30:18.254 INFO   [975942\332DD4] Auto-router pass #705 on board '5323d2ec15e2a41b5cb8138920732e70' was completed in 0,53 seconds with the score of 951,92 (12 unrouted), using 94615,62 CPU seconds and 292799 MB memory.
2026-08-14 15:30:18.795 INFO   [975942\332DD4] Auto-router pass #706 on board '5323d2ec15e2a41b5cb8138920732e70' was completed in 0,53 seconds with the score of 951,92 (12 unrouted), using 95048,74 CPU seconds and 293475 MB memory.
2026-08-14 15:30:19.337 INFO   [975942\332DD4] Auto-router pass #707 on board '5323d2ec15e2a41b5cb8138920732e70' was completed in 0,53 seconds with the score of 951,92 (12 unrouted), using 95048,74 CPU seconds and 293475 MB memory.
2026-08-14 15:30:19.883 INFO   [975942\332DD4] Auto-router pass #708 on board '5323d2ec15e2a41b5cb8138920732e70' was completed in 0,54 seconds with the score of 951,92 (12 unrouted), using 95482,86 CPU seconds and 294151 MB memory.
2026-08-14 15:30:20.421 INFO   [975942\332DD4] Auto-router pass #709 on board '5323d2ec15e2a41b5cb8138920732e70' was completed in 0,53 seconds with the score of 951,92 (12 unrouted), using 95917,96 CPU seconds and 294833 MB memory.
2026-08-14 15:30:20.958 INFO   [975942\332DD4] Auto-router pass #710 on board '5323d2ec15e2a41b5cb8138920732e70' was completed in 0,53 seconds with the score of 951,92 (12 unrouted), using 95917,96 CPU seconds and 294833 MB memory.
2026-08-14 15:30:21.496 INFO   [975942\332DD4] Auto-router pass #711 on board '5323d2ec15e2a41b5cb8138920732e70' was completed in 0,53 seconds with the score of 951,92 (12 unrouted), using 96354,05 CPU seconds and 295519 MB memory.
2026-08-14 15:30:22.039 INFO   [975942\332DD4] Auto-router pass #712 on board '5323d2ec15e2a41b5cb8138920732e70' was completed in 0,53 seconds with the score of 951,92 (12 unrouted), using 96354,05 CPU seconds and 295519 MB memory.
2026-08-14 15:30:22.584 INFO   [975942\332DD4] Auto-router pass #713 on board '5323d2ec15e2a41b5cb8138920732e70' was completed in 0,54 seconds with the score of 951,92 (12 unrouted), using 96791,14 CPU seconds and 296196 MB memory.
2026-08-14 15:30:23.126 INFO   [975942\332DD4] Auto-router pass #714 on board '5323d2ec15e2a41b5cb8138920732e70' was completed in 0,53 seconds with the score of 951,92 (12 unrouted), using 96791,14 CPU seconds and 296196 MB memory.
2026-08-14 15:30:23.668 INFO   [975942\332DD4] Auto-router pass #715 on board '5323d2ec15e2a41b5cb8138920732e70' was completed in 0,53 seconds with the score of 951,92 (12 unrouted), using 97229,21 CPU seconds and 296865 MB memory.
2026-08-14 15:30:24.211 INFO   [975942\332DD4] Auto-router pass #716 on board '5323d2ec15e2a41b5cb8138920732e70' was completed in 0,54 seconds with the score of 951,92 (12 unrouted), using 97229,21 CPU seconds and 296865 MB memory.
2026-08-14 15:30:24.750 INFO   [975942\332DD4] Auto-router pass #717 on board '5323d2ec15e2a41b5cb8138920732e70' was completed in 0,53 seconds with the score of 951,92 (12 unrouted), using 97668,27 CPU seconds and 297543 MB memory.
2026-08-14 15:30:25.292 INFO   [975942\332DD4] Auto-router pass #718 on board '5323d2ec15e2a41b5cb8138920732e70' was completed in 0,53 seconds with the score of 951,92 (12 unrouted), using 97668,27 CPU seconds and 297543 MB memory.
2026-08-14 15:30:25.831 INFO   [975942\332DD4] Auto-router pass #719 on board '5323d2ec15e2a41b5cb8138920732e70' was completed in 0,53 seconds with the score of 951,92 (12 unrouted), using 98108,33 CPU seconds and 298223 MB memory.
2026-08-14 15:30:26.374 INFO   [975942\332DD4] Auto-router pass #720 on board '5323d2ec15e2a41b5cb8138920732e70' was completed in 0,53 seconds with the score of 951,92 (12 unrouted), using 98108,33 CPU seconds and 298223 MB memory.
2026-08-14 15:30:26.918 INFO   [975942\332DD4] Auto-router pass #721 on board '5323d2ec15e2a41b5cb8138920732e70' was completed in 0,53 seconds with the score of 951,92 (12 unrouted), using 98549,37 CPU seconds and 298898 MB memory.
2026-08-14 15:30:27.460 INFO   [975942\332DD4] Auto-router pass #722 on board '5323d2ec15e2a41b5cb8138920732e70' was completed in 0,53 seconds with the score of 951,92 (12 unrouted), using 98991,40 CPU seconds and 299576 MB memory.
2026-08-14 15:30:28.000 INFO   [975942\332DD4] Auto-router pass #723 on board '5323d2ec15e2a41b5cb8138920732e70' was completed in 0,53 seconds with the score of 951,92 (12 unrouted), using 98991,40 CPU seconds and 299576 MB memory.
2026-08-14 15:30:28.544 INFO   [975942\332DD4] Auto-router pass #724 on board '5323d2ec15e2a41b5cb8138920732e70' was completed in 0,54 seconds with the score of 951,92 (12 unrouted), using 99434,41 CPU seconds and 300256 MB memory.
2026-08-14 15:30:29.083 INFO   [975942\332DD4] Auto-router pass #725 on board '5323d2ec15e2a41b5cb8138920732e70' was completed in 0,53 seconds with the score of 951,92 (12 unrouted), using 99434,41 CPU seconds and 300256 MB memory.
2026-08-14 15:30:29.625 INFO   [975942\332DD4] Auto-router pass #726 on board '5323d2ec15e2a41b5cb8138920732e70' was completed in 0,53 seconds with the score of 951,92 (12 unrouted), using 99878,42 CPU seconds and 300936 MB memory.
2026-08-14 15:30:30.169 INFO   [975942\332DD4] Auto-router pass #727 on board '5323d2ec15e2a41b5cb8138920732e70' was completed in 0,54 seconds with the score of 951,92 (12 unrouted), using 99878,42 CPU seconds and 300936 MB memory.
2026-08-14 15:30:30.717 INFO   [975942\332DD4] Auto-router pass #728 on board '5323d2ec15e2a41b5cb8138920732e70' was completed in 0,54 seconds with the score of 951,92 (12 unrouted), using 100323,42 CPU seconds and 301606 MB memory.
2026-08-14 15:30:31.279 INFO   [975942\332DD4] Auto-router pass #729 on board '5323d2ec15e2a41b5cb8138920732e70' was completed in 0,55 seconds with the score of 951,92 (12 unrouted), using 100323,42 CPU seconds and 301606 MB memory.
2026-08-14 15:30:31.819 INFO   [975942\332DD4] Auto-router pass #730 on board '5323d2ec15e2a41b5cb8138920732e70' was completed in 0,53 seconds with the score of 951,92 (12 unrouted), using 100769,41 CPU seconds and 302267 MB memory.
2026-08-14 15:30:32.359 INFO   [975942\332DD4] Auto-router pass #731 on board '5323d2ec15e2a41b5cb8138920732e70' was completed in 0,53 seconds with the score of 951,92 (12 unrouted), using 100769,41 CPU seconds and 302267 MB memory.
2026-08-14 15:30:32.923 INFO   [975942\332DD4] Auto-router pass #732 on board '5323d2ec15e2a41b5cb8138920732e70' was completed in 0,56 seconds with the score of 951,92 (12 unrouted), using 101216,38 CPU seconds and 302944 MB memory.
2026-08-14 15:30:33.466 INFO   [975942\332DD4] Auto-router pass #733 on board '5323d2ec15e2a41b5cb8138920732e70' was completed in 0,53 seconds with the score of 951,92 (12 unrouted), using 101664,34 CPU seconds and 303611 MB memory.
2026-08-14 15:30:34.006 INFO   [975942\332DD4] Auto-router pass #734 on board '5323d2ec15e2a41b5cb8138920732e70' was completed in 0,53 seconds with the score of 951,92 (12 unrouted), using 101664,34 CPU seconds and 303611 MB memory.
2026-08-14 15:30:34.547 INFO   [975942\332DD4] Auto-router pass #735 on board '5323d2ec15e2a41b5cb8138920732e70' was completed in 0,53 seconds with the score of 951,92 (12 unrouted), using 102113,29 CPU seconds and 304289 MB memory.
2026-08-14 15:30:35.093 INFO   [975942\332DD4] Auto-router pass #736 on board '5323d2ec15e2a41b5cb8138920732e70' was completed in 0,54 seconds with the score of 951,92 (12 unrouted), using 102113,29 CPU seconds and 304289 MB memory.
2026-08-14 15:30:35.635 INFO   [975942\332DD4] Auto-router pass #737 on board '5323d2ec15e2a41b5cb8138920732e70' was completed in 0,53 seconds with the score of 951,92 (12 unrouted), using 102563,23 CPU seconds and 304965 MB memory.
2026-08-14 15:30:36.174 INFO   [975942\332DD4] Auto-router pass #738 on board '5323d2ec15e2a41b5cb8138920732e70' was completed in 0,53 seconds with the score of 951,92 (12 unrouted), using 102563,23 CPU seconds and 304965 MB memory.
2026-08-14 15:30:36.731 INFO   [975942\332DD4] Auto-router pass #739 on board '5323d2ec15e2a41b5cb8138920732e70' was completed in 0,55 seconds with the score of 951,92 (12 unrouted), using 103014,16 CPU seconds and 305641 MB memory.
2026-08-14 15:30:37.283 INFO   [975942\332DD4] Auto-router pass #740 on board '5323d2ec15e2a41b5cb8138920732e70' was completed in 0,54 seconds with the score of 951,92 (12 unrouted), using 103014,16 CPU seconds and 305641 MB memory.
2026-08-14 15:30:37.825 INFO   [975942\332DD4] Auto-router pass #741 on board '5323d2ec15e2a41b5cb8138920732e70' was completed in 0,53 seconds with the score of 951,92 (12 unrouted), using 103466,09 CPU seconds and 306302 MB memory.
2026-08-14 15:30:38.365 INFO   [975942\332DD4] Auto-router pass #742 on board '5323d2ec15e2a41b5cb8138920732e70' was completed in 0,53 seconds with the score of 951,92 (12 unrouted), using 103466,09 CPU seconds and 306302 MB memory.
2026-08-14 15:30:38.904 INFO   [975942\332DD4] Auto-router pass #743 on board '5323d2ec15e2a41b5cb8138920732e70' was completed in 0,53 seconds with the score of 951,92 (12 unrouted), using 103919,00 CPU seconds and 306979 MB memory.
2026-08-14 15:30:39.452 INFO   [975942\332DD4] Auto-router pass #744 on board '5323d2ec15e2a41b5cb8138920732e70' was completed in 0,54 seconds with the score of 951,92 (12 unrouted), using 104372,90 CPU seconds and 307660 MB memory.
2026-08-14 15:30:39.996 INFO   [975942\332DD4] Auto-router pass #745 on board '5323d2ec15e2a41b5cb8138920732e70' was completed in 0,54 seconds with the score of 951,92 (12 unrouted), using 104372,90 CPU seconds and 307660 MB memory.
2026-08-14 15:30:40.539 INFO   [975942\332DD4] Auto-router pass #746 on board '5323d2ec15e2a41b5cb8138920732e70' was completed in 0,53 seconds with the score of 951,92 (12 unrouted), using 104827,79 CPU seconds and 308334 MB memory.
2026-08-14 15:30:41.079 INFO   [975942\332DD4] Auto-router pass #747 on board '5323d2ec15e2a41b5cb8138920732e70' was completed in 0,53 seconds with the score of 951,92 (12 unrouted), using 104827,79 CPU seconds and 308334 MB memory.
2026-08-14 15:30:41.624 INFO   [975942\332DD4] Auto-router pass #748 on board '5323d2ec15e2a41b5cb8138920732e70' was completed in 0,54 seconds with the score of 951,92 (12 unrouted), using 105283,67 CPU seconds and 309011 MB memory.
2026-08-14 15:30:42.182 INFO   [975942\332DD4] Auto-router pass #749 on board '5323d2ec15e2a41b5cb8138920732e70' was completed in 0,55 seconds with the score of 951,92 (12 unrouted), using 105283,67 CPU seconds and 309011 MB memory.
2026-08-14 15:30:42.720 INFO   [975942\332DD4] Auto-router pass #750 on board '5323d2ec15e2a41b5cb8138920732e70' was completed in 0,53 seconds with the score of 951,92 (12 unrouted), using 105740,54 CPU seconds and 309675 MB memory.
2026-08-14 15:30:43.259 INFO   [975942\332DD4] Auto-router pass #751 on board '5323d2ec15e2a41b5cb8138920732e70' was completed in 0,53 seconds with the score of 951,92 (12 unrouted), using 105740,54 CPU seconds and 309675 MB memory.
2026-08-14 15:30:43.804 INFO   [975942\332DD4] Auto-router pass #752 on board '5323d2ec15e2a41b5cb8138920732e70' was completed in 0,54 seconds with the score of 951,92 (12 unrouted), using 106198,40 CPU seconds and 310354 MB memory.
2026-08-14 15:30:44.361 INFO   [975942\332DD4] Auto-router pass #753 on board '5323d2ec15e2a41b5cb8138920732e70' was completed in 0,55 seconds with the score of 951,92 (12 unrouted), using 106198,40 CPU seconds and 310354 MB memory.
2026-08-14 15:30:44.902 INFO   [975942\332DD4] Auto-router pass #754 on board '5323d2ec15e2a41b5cb8138920732e70' was completed in 0,53 seconds with the score of 951,92 (12 unrouted), using 106657,25 CPU seconds and 311024 MB memory.
2026-08-14 15:30:45.439 INFO   [975942\332DD4] Auto-router pass #755 on board '5323d2ec15e2a41b5cb8138920732e70' was completed in 0,53 seconds with the score of 951,92 (12 unrouted), using 107117,09 CPU seconds and 311706 MB memory.
2026-08-14 15:30:45.982 INFO   [975942\332DD4] Auto-router pass #756 on board '5323d2ec15e2a41b5cb8138920732e70' was completed in 0,53 seconds with the score of 951,92 (12 unrouted), using 107117,09 CPU seconds and 311706 MB memory.
2026-08-14 15:30:46.524 INFO   [975942\332DD4] Auto-router pass #757 on board '5323d2ec15e2a41b5cb8138920732e70' was completed in 0,53 seconds with the score of 951,92 (12 unrouted), using 107577,91 CPU seconds and 312384 MB memory.
2026-08-14 15:30:47.086 INFO   [975942\332DD4] Auto-router pass #758 on board '5323d2ec15e2a41b5cb8138920732e70' was completed in 0,55 seconds with the score of 951,92 (12 unrouted), using 107577,91 CPU seconds and 312384 MB memory.
2026-08-14 15:30:47.628 INFO   [975942\332DD4] Auto-router pass #759 on board '5323d2ec15e2a41b5cb8138920732e70' was completed in 0,53 seconds with the score of 951,92 (12 unrouted), using 108039,73 CPU seconds and 313044 MB memory.
2026-08-14 15:30:48.173 INFO   [975942\332DD4] Auto-router pass #760 on board '5323d2ec15e2a41b5cb8138920732e70' was completed in 0,54 seconds with the score of 951,92 (12 unrouted), using 108039,73 CPU seconds and 313044 MB memory.
2026-08-14 15:30:48.720 INFO   [975942\332DD4] Auto-router pass #761 on board '5323d2ec15e2a41b5cb8138920732e70' was completed in 0,54 seconds with the score of 951,92 (12 unrouted), using 108502,52 CPU seconds and 313716 MB memory.
2026-08-14 15:30:49.263 INFO   [975942\332DD4] Auto-router pass #762 on board '5323d2ec15e2a41b5cb8138920732e70' was completed in 0,53 seconds with the score of 951,92 (12 unrouted), using 108502,52 CPU seconds and 313716 MB memory.
2026-08-14 15:30:49.801 INFO   [975942\332DD4] Auto-router pass #763 on board '5323d2ec15e2a41b5cb8138920732e70' was completed in 0,53 seconds with the score of 951,92 (12 unrouted), using 108966,31 CPU seconds and 314389 MB memory.
2026-08-14 15:30:50.349 INFO   [975942\332DD4] Auto-router pass #764 on board '5323d2ec15e2a41b5cb8138920732e70' was completed in 0,54 seconds with the score of 951,92 (12 unrouted), using 108966,31 CPU seconds and 314389 MB memory.
2026-08-14 15:30:50.887 INFO   [975942\332DD4] Auto-router pass #765 on board '5323d2ec15e2a41b5cb8138920732e70' was completed in 0,53 seconds with the score of 951,92 (12 unrouted), using 109431,09 CPU seconds and 315066 MB memory.
2026-08-14 15:30:51.430 INFO   [975942\332DD4] Auto-router pass #766 on board '5323d2ec15e2a41b5cb8138920732e70' was completed in 0,53 seconds with the score of 951,92 (12 unrouted), using 109431,09 CPU seconds and 315066 MB memory.
2026-08-14 15:30:51.991 INFO   [975942\332DD4] Auto-router pass #767 on board '5323d2ec15e2a41b5cb8138920732e70' was completed in 0,55 seconds with the score of 951,92 (12 unrouted), using 109896,85 CPU seconds and 315747 MB memory.
2026-08-14 15:30:52.558 INFO   [975942\332DD4] Auto-router pass #768 on board '5323d2ec15e2a41b5cb8138920732e70' was completed in 0,56 seconds with the score of 951,92 (12 unrouted), using 110363,61 CPU seconds and 316410 MB memory.
2026-08-14 15:30:53.097 INFO   [975942\332DD4] Auto-router pass #769 on board '5323d2ec15e2a41b5cb8138920732e70' was completed in 0,53 seconds with the score of 951,92 (12 unrouted), using 110363,61 CPU seconds and 316410 MB memory.
2026-08-14 15:30:53.637 INFO   [975942\332DD4] Auto-router pass #770 on board '5323d2ec15e2a41b5cb8138920732e70' was completed in 0,53 seconds with the score of 951,92 (12 unrouted), using 110831,35 CPU seconds and 317073 MB memory.
2026-08-14 15:30:54.176 INFO   [975942\332DD4] Auto-router pass #771 on board '5323d2ec15e2a41b5cb8138920732e70' was completed in 0,53 seconds with the score of 951,92 (12 unrouted), using 110831,35 CPU seconds and 317073 MB memory.
2026-08-14 15:30:54.723 INFO   [975942\332DD4] Auto-router pass #772 on board '5323d2ec15e2a41b5cb8138920732e70' was completed in 0,54 seconds with the score of 951,92 (12 unrouted), using 111300,09 CPU seconds and 317752 MB memory.
2026-08-14 15:30:55.263 INFO   [975942\332DD4] Auto-router pass #773 on board '5323d2ec15e2a41b5cb8138920732e70' was completed in 0,53 seconds with the score of 951,92 (12 unrouted), using 111300,09 CPU seconds and 317752 MB memory.
2026-08-14 15:30:55.803 INFO   [975942\332DD4] Auto-router pass #774 on board '5323d2ec15e2a41b5cb8138920732e70' was completed in 0,53 seconds with the score of 951,92 (12 unrouted), using 111769,80 CPU seconds and 318428 MB memory.
2026-08-14 15:30:56.340 INFO   [975942\332DD4] Auto-router pass #775 on board '5323d2ec15e2a41b5cb8138920732e70' was completed in 0,53 seconds with the score of 951,92 (12 unrouted), using 111769,80 CPU seconds and 318428 MB memory.
2026-08-14 15:30:56.884 INFO   [975942\332DD4] Auto-router pass #776 on board '5323d2ec15e2a41b5cb8138920732e70' was completed in 0,54 seconds with the score of 951,92 (12 unrouted), using 112240,52 CPU seconds and 319109 MB memory.
2026-08-14 15:30:57.427 INFO   [975942\332DD4] Auto-router pass #777 on board '5323d2ec15e2a41b5cb8138920732e70' was completed in 0,53 seconds with the score of 951,92 (12 unrouted), using 112240,52 CPU seconds and 319109 MB memory.
2026-08-14 15:30:57.970 INFO   [975942\332DD4] Auto-router pass #778 on board '5323d2ec15e2a41b5cb8138920732e70' was completed in 0,53 seconds with the score of 951,92 (12 unrouted), using 112712,22 CPU seconds and 319786 MB memory.
2026-08-14 15:30:58.511 INFO   [975942\332DD4] Auto-router pass #779 on board '5323d2ec15e2a41b5cb8138920732e70' was completed in 0,53 seconds with the score of 951,92 (12 unrouted), using 113184,91 CPU seconds and 320465 MB memory.
2026-08-14 15:30:59.058 INFO   [975942\332DD4] Auto-router pass #780 on board '5323d2ec15e2a41b5cb8138920732e70' was completed in 0,54 seconds with the score of 951,92 (12 unrouted), using 113184,91 CPU seconds and 320465 MB memory.
2026-08-14 15:30:59.601 INFO   [975942\332DD4] Auto-router pass #781 on board '5323d2ec15e2a41b5cb8138920732e70' was completed in 0,53 seconds with the score of 951,92 (12 unrouted), using 113658,59 CPU seconds and 321138 MB memory.
2026-08-14 15:31:00.150 INFO   [975942\332DD4] Auto-router pass #782 on board '5323d2ec15e2a41b5cb8138920732e70' was completed in 0,54 seconds with the score of 951,92 (12 unrouted), using 113658,59 CPU seconds and 321138 MB memory.
2026-08-14 15:31:00.688 INFO   [975942\332DD4] Auto-router pass #783 on board '5323d2ec15e2a41b5cb8138920732e70' was completed in 0,53 seconds with the score of 951,92 (12 unrouted), using 114133,25 CPU seconds and 321810 MB memory.
2026-08-14 15:31:01.233 INFO   [975942\332DD4] Auto-router pass #784 on board '5323d2ec15e2a41b5cb8138920732e70' was completed in 0,54 seconds with the score of 951,92 (12 unrouted), using 114133,25 CPU seconds and 321810 MB memory.
2026-08-14 15:31:01.772 INFO   [975942\332DD4] Auto-router pass #785 on board '5323d2ec15e2a41b5cb8138920732e70' was completed in 0,53 seconds with the score of 951,92 (12 unrouted), using 114608,91 CPU seconds and 322489 MB memory.
2026-08-14 15:31:02.311 INFO   [975942\332DD4] Auto-router pass #786 on board '5323d2ec15e2a41b5cb8138920732e70' was completed in 0,53 seconds with the score of 951,92 (12 unrouted), using 114608,91 CPU seconds and 322489 MB memory.
2026-08-14 15:31:02.856 INFO   [975942\332DD4] Auto-router pass #787 on board '5323d2ec15e2a41b5cb8138920732e70' was completed in 0,53 seconds with the score of 951,92 (12 unrouted), using 115085,55 CPU seconds and 323166 MB memory.
2026-08-14 15:31:03.416 INFO   [975942\332DD4] Auto-router pass #788 on board '5323d2ec15e2a41b5cb8138920732e70' was completed in 0,55 seconds with the score of 951,92 (12 unrouted), using 115085,55 CPU seconds and 323166 MB memory.
2026-08-14 15:31:03.959 INFO   [975942\332DD4] Auto-router pass #789 on board '5323d2ec15e2a41b5cb8138920732e70' was completed in 0,53 seconds with the score of 951,92 (12 unrouted), using 115563,19 CPU seconds and 323828 MB memory.
2026-08-14 15:31:04.497 INFO   [975942\332DD4] Auto-router pass #790 on board '5323d2ec15e2a41b5cb8138920732e70' was completed in 0,53 seconds with the score of 951,92 (12 unrouted), using 116041,81 CPU seconds and 324510 MB memory.
2026-08-14 15:31:05.037 INFO   [975942\332DD4] Auto-router pass #791 on board '5323d2ec15e2a41b5cb8138920732e70' was completed in 0,53 seconds with the score of 951,92 (12 unrouted), using 116041,81 CPU seconds and 324510 MB memory.
2026-08-14 15:31:05.602 INFO   [975942\332DD4] Auto-router pass #792 on board '5323d2ec15e2a41b5cb8138920732e70' was completed in 0,56 seconds with the score of 951,92 (12 unrouted), using 116521,43 CPU seconds and 325174 MB memory.
2026-08-14 15:31:06.142 INFO   [975942\332DD4] Auto-router pass #793 on board '5323d2ec15e2a41b5cb8138920732e70' was completed in 0,53 seconds with the score of 951,92 (12 unrouted), using 116521,43 CPU seconds and 325174 MB memory.
2026-08-14 15:31:06.684 INFO   [975942\332DD4] Auto-router pass #794 on board '5323d2ec15e2a41b5cb8138920732e70' was completed in 0,53 seconds with the score of 951,92 (12 unrouted), using 117002,03 CPU seconds and 325852 MB memory.
2026-08-14 15:31:07.226 INFO   [975942\332DD4] Auto-router pass #795 on board '5323d2ec15e2a41b5cb8138920732e70' was completed in 0,53 seconds with the score of 951,92 (12 unrouted), using 117002,03 CPU seconds and 325852 MB memory.
2026-08-14 15:31:07.773 INFO   [975942\332DD4] Auto-router pass #796 on board '5323d2ec15e2a41b5cb8138920732e70' was completed in 0,54 seconds with the score of 951,92 (12 unrouted), using 117483,62 CPU seconds and 326525 MB memory.
2026-08-14 15:31:08.313 INFO   [975942\332DD4] Auto-router pass #797 on board '5323d2ec15e2a41b5cb8138920732e70' was completed in 0,53 seconds with the score of 951,92 (12 unrouted), using 117483,62 CPU seconds and 326525 MB memory.
2026-08-14 15:31:08.855 INFO   [975942\332DD4] Auto-router pass #798 on board '5323d2ec15e2a41b5cb8138920732e70' was completed in 0,53 seconds with the score of 951,92 (12 unrouted), using 117966,20 CPU seconds and 327203 MB memory.
2026-08-14 15:31:09.394 INFO   [975942\332DD4] Auto-router pass #799 on board '5323d2ec15e2a41b5cb8138920732e70' was completed in 0,53 seconds with the score of 951,92 (12 unrouted), using 117966,20 CPU seconds and 327203 MB memory.
2026-08-14 15:31:09.939 INFO   [975942\332DD4] Auto-router pass #800 on board '5323d2ec15e2a41b5cb8138920732e70' was completed in 0,54 seconds with the score of 951,92 (12 unrouted), using 118449,77 CPU seconds and 327880 MB memory.
2026-08-14 15:31:10.483 INFO   [975942\332DD4] Auto-router pass #801 on board '5323d2ec15e2a41b5cb8138920732e70' was completed in 0,54 seconds with the score of 951,92 (12 unrouted), using 118934,33 CPU seconds and 328560 MB memory.
2026-08-14 15:31:11.024 INFO   [975942\332DD4] Auto-router pass #802 on board '5323d2ec15e2a41b5cb8138920732e70' was completed in 0,53 seconds with the score of 951,92 (12 unrouted), using 118934,33 CPU seconds and 328560 MB memory.
2026-08-14 15:31:11.561 INFO   [975942\332DD4] Auto-router pass #803 on board '5323d2ec15e2a41b5cb8138920732e70' was completed in 0,53 seconds with the score of 951,92 (12 unrouted), using 119419,88 CPU seconds and 329237 MB memory.
2026-08-14 15:31:12.105 INFO   [975942\332DD4] Auto-router pass #804 on board '5323d2ec15e2a41b5cb8138920732e70' was completed in 0,54 seconds with the score of 951,92 (12 unrouted), using 119419,88 CPU seconds and 329237 MB memory.
2026-08-14 15:31:12.656 INFO   [975942\332DD4] Auto-router pass #805 on board '5323d2ec15e2a41b5cb8138920732e70' was completed in 0,54 seconds with the score of 951,92 (12 unrouted), using 119906,41 CPU seconds and 329911 MB memory.
2026-08-14 15:31:13.196 INFO   [975942\332DD4] Auto-router pass #806 on board '5323d2ec15e2a41b5cb8138920732e70' was completed in 0,53 seconds with the score of 951,92 (12 unrouted), using 119906,41 CPU seconds and 329911 MB memory.
2026-08-14 15:31:13.737 INFO   [975942\332DD4] Auto-router pass #807 on board '5323d2ec15e2a41b5cb8138920732e70' was completed in 0,53 seconds with the score of 951,92 (12 unrouted), using 120393,93 CPU seconds and 330587 MB memory.
2026-08-14 15:31:14.284 INFO   [975942\332DD4] Auto-router pass #808 on board '5323d2ec15e2a41b5cb8138920732e70' was completed in 0,54 seconds with the score of 951,92 (12 unrouted), using 120393,93 CPU seconds and 330587 MB memory.
2026-08-14 15:31:14.827 INFO   [975942\332DD4] Auto-router pass #809 on board '5323d2ec15e2a41b5cb8138920732e70' was completed in 0,53 seconds with the score of 951,92 (12 unrouted), using 120882,44 CPU seconds and 331263 MB memory.
2026-08-14 15:31:15.369 INFO   [975942\332DD4] Auto-router pass #810 on board '5323d2ec15e2a41b5cb8138920732e70' was completed in 0,53 seconds with the score of 951,92 (12 unrouted), using 120882,44 CPU seconds and 331263 MB memory.
2026-08-14 15:31:15.910 INFO   [975942\332DD4] Auto-router pass #811 on board '5323d2ec15e2a41b5cb8138920732e70' was completed in 0,53 seconds with the score of 951,92 (12 unrouted), using 121371,94 CPU seconds and 331937 MB memory.
2026-08-14 15:31:16.454 INFO   [975942\332DD4] Auto-router pass #812 on board '5323d2ec15e2a41b5cb8138920732e70' was completed in 0,54 seconds with the score of 951,92 (12 unrouted), using 121862,43 CPU seconds and 332619 MB memory.
2026-08-14 15:31:17.010 INFO   [975942\332DD4] Auto-router pass #813 on board '5323d2ec15e2a41b5cb8138920732e70' was completed in 0,55 seconds with the score of 951,92 (12 unrouted), using 121862,43 CPU seconds and 332619 MB memory.
2026-08-14 15:31:17.549 INFO   [975942\332DD4] Auto-router pass #814 on board '5323d2ec15e2a41b5cb8138920732e70' was completed in 0,53 seconds with the score of 951,92 (12 unrouted), using 122353,91 CPU seconds and 333285 MB memory.
2026-08-14 15:31:18.090 INFO   [975942\332DD4] Auto-router pass #815 on board '5323d2ec15e2a41b5cb8138920732e70' was completed in 0,53 seconds with the score of 951,92 (12 unrouted), using 122353,91 CPU seconds and 333285 MB memory.
2026-08-14 15:31:18.636 INFO   [975942\332DD4] Auto-router pass #816 on board '5323d2ec15e2a41b5cb8138920732e70' was completed in 0,54 seconds with the score of 951,92 (12 unrouted), using 122846,38 CPU seconds and 333962 MB memory.
2026-08-14 15:31:19.175 INFO   [975942\332DD4] Auto-router pass #817 on board '5323d2ec15e2a41b5cb8138920732e70' was completed in 0,53 seconds with the score of 951,92 (12 unrouted), using 122846,38 CPU seconds and 333962 MB memory.
2026-08-14 15:31:19.713 INFO   [975942\332DD4] Auto-router pass #818 on board '5323d2ec15e2a41b5cb8138920732e70' was completed in 0,53 seconds with the score of 951,92 (12 unrouted), using 123339,83 CPU seconds and 334639 MB memory.
2026-08-14 15:31:20.269 INFO   [975942\332DD4] Auto-router pass #819 on board '5323d2ec15e2a41b5cb8138920732e70' was completed in 0,55 seconds with the score of 951,92 (12 unrouted), using 123339,83 CPU seconds and 334639 MB memory.
2026-08-14 15:31:20.815 INFO   [975942\332DD4] Auto-router pass #820 on board '5323d2ec15e2a41b5cb8138920732e70' was completed in 0,54 seconds with the score of 951,92 (12 unrouted), using 123834,27 CPU seconds and 335304 MB memory.
2026-08-14 15:31:21.354 INFO   [975942\332DD4] Auto-router pass #821 on board '5323d2ec15e2a41b5cb8138920732e70' was completed in 0,53 seconds with the score of 951,92 (12 unrouted), using 123834,27 CPU seconds and 335304 MB memory.
2026-08-14 15:31:21.893 INFO   [975942\332DD4] Auto-router pass #822 on board '5323d2ec15e2a41b5cb8138920732e70' was completed in 0,53 seconds with the score of 951,92 (12 unrouted), using 124329,71 CPU seconds and 335983 MB memory.
2026-08-14 15:31:22.435 INFO   [975942\332DD4] Auto-router pass #823 on board '5323d2ec15e2a41b5cb8138920732e70' was completed in 0,53 seconds with the score of 951,92 (12 unrouted), using 124329,71 CPU seconds and 335983 MB memory.
2026-08-14 15:31:22.982 INFO   [975942\332DD4] Auto-router pass #824 on board '5323d2ec15e2a41b5cb8138920732e70' was completed in 0,54 seconds with the score of 951,92 (12 unrouted), using 124826,13 CPU seconds and 336663 MB memory.
2026-08-14 15:31:23.521 INFO   [975942\332DD4] Auto-router pass #825 on board '5323d2ec15e2a41b5cb8138920732e70' was completed in 0,53 seconds with the score of 951,92 (12 unrouted), using 125323,55 CPU seconds and 337340 MB memory.
2026-08-14 15:31:24.063 INFO   [975942\332DD4] Auto-router pass #826 on board '5323d2ec15e2a41b5cb8138920732e70' was completed in 0,53 seconds with the score of 951,92 (12 unrouted), using 125323,55 CPU seconds and 337340 MB memory.
2026-08-14 15:31:24.608 INFO   [975942\332DD4] Auto-router pass #827 on board '5323d2ec15e2a41b5cb8138920732e70' was completed in 0,54 seconds with the score of 951,92 (12 unrouted), using 125821,95 CPU seconds and 338013 MB memory.
2026-08-14 15:31:25.153 INFO   [975942\332DD4] Auto-router pass #828 on board '5323d2ec15e2a41b5cb8138920732e70' was completed in 0,54 seconds with the score of 951,92 (12 unrouted), using 125821,95 CPU seconds and 338013 MB memory.
2026-08-14 15:31:25.691 INFO   [975942\332DD4] Auto-router pass #829 on board '5323d2ec15e2a41b5cb8138920732e70' was completed in 0,53 seconds with the score of 951,92 (12 unrouted), using 126321,34 CPU seconds and 338692 MB memory.
2026-08-14 15:31:26.229 INFO   [975942\332DD4] Auto-router pass #830 on board '5323d2ec15e2a41b5cb8138920732e70' was completed in 0,53 seconds with the score of 951,92 (12 unrouted), using 126321,34 CPU seconds and 338692 MB memory.
2026-08-14 15:31:26.768 INFO   [975942\332DD4] Auto-router pass #831 on board '5323d2ec15e2a41b5cb8138920732e70' was completed in 0,53 seconds with the score of 951,92 (12 unrouted), using 126821,72 CPU seconds and 339372 MB memory.
2026-08-14 15:31:27.312 INFO   [975942\332DD4] Auto-router pass #832 on board '5323d2ec15e2a41b5cb8138920732e70' was completed in 0,53 seconds with the score of 951,92 (12 unrouted), using 126821,72 CPU seconds and 339372 MB memory.
2026-08-14 15:31:27.853 INFO   [975942\332DD4] Auto-router pass #833 on board '5323d2ec15e2a41b5cb8138920732e70' was completed in 0,53 seconds with the score of 951,92 (12 unrouted), using 127323,09 CPU seconds and 340054 MB memory.
2026-08-14 15:31:28.396 INFO   [975942\332DD4] Auto-router pass #834 on board '5323d2ec15e2a41b5cb8138920732e70' was completed in 0,53 seconds with the score of 951,92 (12 unrouted), using 127323,09 CPU seconds and 340054 MB memory.
2026-08-14 15:31:28.939 INFO   [975942\332DD4] Auto-router pass #835 on board '5323d2ec15e2a41b5cb8138920732e70' was completed in 0,54 seconds with the score of 951,92 (12 unrouted), using 127825,45 CPU seconds and 340729 MB memory.
2026-08-14 15:31:29.486 INFO   [975942\332DD4] Auto-router pass #836 on board '5323d2ec15e2a41b5cb8138920732e70' was completed in 0,54 seconds with the score of 951,92 (12 unrouted), using 128328,79 CPU seconds and 341403 MB memory.
2026-08-14 15:31:30.026 INFO   [975942\332DD4] Auto-router pass #837 on board '5323d2ec15e2a41b5cb8138920732e70' was completed in 0,53 seconds with the score of 951,92 (12 unrouted), using 128328,79 CPU seconds and 341403 MB memory.
2026-08-14 15:31:30.565 INFO   [975942\332DD4] Auto-router pass #838 on board '5323d2ec15e2a41b5cb8138920732e70' was completed in 0,53 seconds with the score of 951,92 (12 unrouted), using 128833,12 CPU seconds and 342081 MB memory.
2026-08-14 15:31:31.103 INFO   [975942\332DD4] Auto-router pass #839 on board '5323d2ec15e2a41b5cb8138920732e70' was completed in 0,53 seconds with the score of 951,92 (12 unrouted), using 128833,12 CPU seconds and 342081 MB memory.
2026-08-14 15:31:31.649 INFO   [975942\332DD4] Auto-router pass #840 on board '5323d2ec15e2a41b5cb8138920732e70' was completed in 0,54 seconds with the score of 951,92 (12 unrouted), using 129338,45 CPU seconds and 342763 MB memory.
2026-08-14 15:31:32.189 INFO   [975942\332DD4] Auto-router pass #841 on board '5323d2ec15e2a41b5cb8138920732e70' was completed in 0,53 seconds with the score of 951,92 (12 unrouted), using 129338,45 CPU seconds and 342763 MB memory.
2026-08-14 15:31:32.728 INFO   [975942\332DD4] Auto-router pass #842 on board '5323d2ec15e2a41b5cb8138920732e70' was completed in 0,53 seconds with the score of 951,92 (12 unrouted), using 129844,76 CPU seconds and 343441 MB memory.
2026-08-14 15:31:33.264 INFO   [975942\332DD4] Auto-router pass #843 on board '5323d2ec15e2a41b5cb8138920732e70' was completed in 0,53 seconds with the score of 951,92 (12 unrouted), using 129844,76 CPU seconds and 343441 MB memory.
2026-08-14 15:31:33.807 INFO   [975942\332DD4] Auto-router pass #844 on board '5323d2ec15e2a41b5cb8138920732e70' was completed in 0,53 seconds with the score of 951,92 (12 unrouted), using 130352,06 CPU seconds and 344117 MB memory.
2026-08-14 15:31:34.346 INFO   [975942\332DD4] Auto-router pass #845 on board '5323d2ec15e2a41b5cb8138920732e70' was completed in 0,53 seconds with the score of 951,92 (12 unrouted), using 130352,06 CPU seconds and 344117 MB memory.
2026-08-14 15:31:34.885 INFO   [975942\332DD4] Auto-router pass #846 on board '5323d2ec15e2a41b5cb8138920732e70' was completed in 0,53 seconds with the score of 951,92 (12 unrouted), using 130860,35 CPU seconds and 344796 MB memory.
2026-08-14 15:31:35.442 INFO   [975942\332DD4] Auto-router pass #847 on board '5323d2ec15e2a41b5cb8138920732e70' was completed in 0,55 seconds with the score of 951,92 (12 unrouted), using 130860,35 CPU seconds and 344796 MB memory.
2026-08-14 15:31:35.986 INFO   [975942\332DD4] Auto-router pass #848 on board '5323d2ec15e2a41b5cb8138920732e70' was completed in 0,54 seconds with the score of 951,92 (12 unrouted), using 131369,64 CPU seconds and 345467 MB memory.
2026-08-14 15:31:36.530 INFO   [975942\332DD4] Auto-router pass #849 on board '5323d2ec15e2a41b5cb8138920732e70' was completed in 0,54 seconds with the score of 951,92 (12 unrouted), using 131879,91 CPU seconds and 346143 MB memory.
2026-08-14 15:31:37.070 INFO   [975942\332DD4] Auto-router pass #850 on board '5323d2ec15e2a41b5cb8138920732e70' was completed in 0,53 seconds with the score of 951,92 (12 unrouted), using 131879,91 CPU seconds and 346143 MB memory.
2026-08-14 15:31:37.610 INFO   [975942\332DD4] Auto-router pass #851 on board '5323d2ec15e2a41b5cb8138920732e70' was completed in 0,53 seconds with the score of 951,92 (12 unrouted), using 132391,17 CPU seconds and 346820 MB memory.
2026-08-14 15:31:38.157 INFO   [975942\332DD4] Auto-router pass #852 on board '5323d2ec15e2a41b5cb8138920732e70' was completed in 0,54 seconds with the score of 951,92 (12 unrouted), using 132391,17 CPU seconds and 346820 MB memory.
2026-08-14 15:31:38.705 INFO   [975942\332DD4] Auto-router pass #853 on board '5323d2ec15e2a41b5cb8138920732e70' was completed in 0,54 seconds with the score of 951,92 (12 unrouted), using 132903,42 CPU seconds and 347497 MB memory.
2026-08-14 15:31:39.245 INFO   [975942\332DD4] Auto-router pass #854 on board '5323d2ec15e2a41b5cb8138920732e70' was completed in 0,53 seconds with the score of 951,92 (12 unrouted), using 132903,42 CPU seconds and 347497 MB memory.
2026-08-14 15:31:39.785 INFO   [975942\332DD4] Auto-router pass #855 on board '5323d2ec15e2a41b5cb8138920732e70' was completed in 0,53 seconds with the score of 951,92 (12 unrouted), using 133416,66 CPU seconds and 348169 MB memory.
2026-08-14 15:31:40.333 INFO   [975942\332DD4] Auto-router pass #856 on board '5323d2ec15e2a41b5cb8138920732e70' was completed in 0,54 seconds with the score of 951,92 (12 unrouted), using 133416,66 CPU seconds and 348169 MB memory.
2026-08-14 15:31:40.874 INFO   [975942\332DD4] Auto-router pass #857 on board '5323d2ec15e2a41b5cb8138920732e70' was completed in 0,53 seconds with the score of 951,92 (12 unrouted), using 133930,89 CPU seconds and 348845 MB memory.
2026-08-14 15:31:41.413 INFO   [975942\332DD4] Auto-router pass #858 on board '5323d2ec15e2a41b5cb8138920732e70' was completed in 0,53 seconds with the score of 951,92 (12 unrouted), using 133930,89 CPU seconds and 348845 MB memory.
2026-08-14 15:31:41.952 INFO   [975942\332DD4] Auto-router pass #859 on board '5323d2ec15e2a41b5cb8138920732e70' was completed in 0,53 seconds with the score of 951,92 (12 unrouted), using 134446,11 CPU seconds and 349523 MB memory.
2026-08-14 15:31:42.497 INFO   [975942\332DD4] Auto-router pass #860 on board '5323d2ec15e2a41b5cb8138920732e70' was completed in 0,54 seconds with the score of 951,92 (12 unrouted), using 134962,31 CPU seconds and 350206 MB memory.
2026-08-14 15:31:43.039 INFO   [975942\332DD4] Auto-router pass #861 on board '5323d2ec15e2a41b5cb8138920732e70' was completed in 0,53 seconds with the score of 951,92 (12 unrouted), using 134962,31 CPU seconds and 350206 MB memory.
2026-08-14 15:31:43.579 INFO   [975942\332DD4] Auto-router pass #862 on board '5323d2ec15e2a41b5cb8138920732e70' was completed in 0,53 seconds with the score of 951,92 (12 unrouted), using 135479,52 CPU seconds and 350883 MB memory.
2026-08-14 15:31:44.121 INFO   [975942\332DD4] Auto-router pass #863 on board '5323d2ec15e2a41b5cb8138920732e70' was completed in 0,53 seconds with the score of 951,92 (12 unrouted), using 135479,52 CPU seconds and 350883 MB memory.
2026-08-14 15:31:44.667 INFO   [975942\332DD4] Auto-router pass #864 on board '5323d2ec15e2a41b5cb8138920732e70' was completed in 0,54 seconds with the score of 951,92 (12 unrouted), using 135997,70 CPU seconds and 351558 MB memory.
2026-08-14 15:31:45.206 INFO   [975942\332DD4] Auto-router pass #865 on board '5323d2ec15e2a41b5cb8138920732e70' was completed in 0,53 seconds with the score of 951,92 (12 unrouted), using 135997,70 CPU seconds and 351558 MB memory.
2026-08-14 15:31:45.744 INFO   [975942\332DD4] Auto-router pass #866 on board '5323d2ec15e2a41b5cb8138920732e70' was completed in 0,53 seconds with the score of 951,92 (12 unrouted), using 136516,88 CPU seconds and 352236 MB memory.
2026-08-14 15:31:46.285 INFO   [975942\332DD4] Auto-router pass #867 on board '5323d2ec15e2a41b5cb8138920732e70' was completed in 0,53 seconds with the score of 951,92 (12 unrouted), using 136516,88 CPU seconds and 352236 MB memory.
2026-08-14 15:31:46.830 INFO   [975942\332DD4] Auto-router pass #868 on board '5323d2ec15e2a41b5cb8138920732e70' was completed in 0,54 seconds with the score of 951,92 (12 unrouted), using 137037,03 CPU seconds and 352913 MB memory.
2026-08-14 15:31:47.402 INFO   [975942\332DD4] Auto-router pass #869 on board '5323d2ec15e2a41b5cb8138920732e70' was completed in 0,56 seconds with the score of 951,92 (12 unrouted), using 137037,03 CPU seconds and 352913 MB memory.
2026-08-14 15:31:47.941 INFO   [975942\332DD4] Auto-router pass #870 on board '5323d2ec15e2a41b5cb8138920732e70' was completed in 0,53 seconds with the score of 951,92 (12 unrouted), using 137558,19 CPU seconds and 353571 MB memory.
2026-08-14 15:31:48.477 INFO   [975942\332DD4] Auto-router pass #871 on board '5323d2ec15e2a41b5cb8138920732e70' was completed in 0,53 seconds with the score of 951,92 (12 unrouted), using 138080,33 CPU seconds and 354254 MB memory.
2026-08-14 15:31:49.024 INFO   [975942\332DD4] Auto-router pass #872 on board '5323d2ec15e2a41b5cb8138920732e70' was completed in 0,54 seconds with the score of 951,92 (12 unrouted), using 138080,33 CPU seconds and 354254 MB memory.
2026-08-14 15:31:49.566 INFO   [975942\332DD4] Auto-router pass #873 on board '5323d2ec15e2a41b5cb8138920732e70' was completed in 0,53 seconds with the score of 951,92 (12 unrouted), using 138603,45 CPU seconds and 354931 MB memory.
2026-08-14 15:31:50.110 INFO   [975942\332DD4] Auto-router pass #874 on board '5323d2ec15e2a41b5cb8138920732e70' was completed in 0,53 seconds with the score of 951,92 (12 unrouted), using 138603,45 CPU seconds and 354931 MB memory.
2026-08-14 15:31:50.654 INFO   [975942\332DD4] Auto-router pass #875 on board '5323d2ec15e2a41b5cb8138920732e70' was completed in 0,54 seconds with the score of 951,92 (12 unrouted), using 139127,58 CPU seconds and 355601 MB memory.
2026-08-14 15:31:51.201 INFO   [975942\332DD4] Auto-router pass #876 on board '5323d2ec15e2a41b5cb8138920732e70' was completed in 0,54 seconds with the score of 951,92 (12 unrouted), using 139127,58 CPU seconds and 355601 MB memory.
2026-08-14 15:31:51.744 INFO   [975942\332DD4] Auto-router pass #877 on board '5323d2ec15e2a41b5cb8138920732e70' was completed in 0,53 seconds with the score of 951,92 (12 unrouted), using 139652,69 CPU seconds and 356274 MB memory.
2026-08-14 15:31:52.286 INFO   [975942\332DD4] Auto-router pass #878 on board '5323d2ec15e2a41b5cb8138920732e70' was completed in 0,53 seconds with the score of 951,92 (12 unrouted), using 139652,69 CPU seconds and 356274 MB memory.
2026-08-14 15:31:52.825 INFO   [975942\332DD4] Auto-router pass #879 on board '5323d2ec15e2a41b5cb8138920732e70' was completed in 0,53 seconds with the score of 951,92 (12 unrouted), using 140178,78 CPU seconds and 356949 MB memory.
2026-08-14 15:31:53.370 INFO   [975942\332DD4] Auto-router pass #880 on board '5323d2ec15e2a41b5cb8138920732e70' was completed in 0,54 seconds with the score of 951,92 (12 unrouted), using 140178,78 CPU seconds and 356949 MB memory.
2026-08-14 15:31:53.913 INFO   [975942\332DD4] Auto-router pass #881 on board '5323d2ec15e2a41b5cb8138920732e70' was completed in 0,53 seconds with the score of 951,92 (12 unrouted), using 140705,88 CPU seconds and 357627 MB memory.
2026-08-14 15:31:54.453 INFO   [975942\332DD4] Auto-router pass #882 on board '5323d2ec15e2a41b5cb8138920732e70' was completed in 0,53 seconds with the score of 951,92 (12 unrouted), using 141233,95 CPU seconds and 358308 MB memory.
2026-08-14 15:31:54.993 INFO   [975942\332DD4] Auto-router pass #883 on board '5323d2ec15e2a41b5cb8138920732e70' was completed in 0,53 seconds with the score of 951,92 (12 unrouted), using 141233,95 CPU seconds and 358308 MB memory.
2026-08-14 15:31:55.538 INFO   [975942\332DD4] Auto-router pass #884 on board '5323d2ec15e2a41b5cb8138920732e70' was completed in 0,54 seconds with the score of 951,92 (12 unrouted), using 141763,02 CPU seconds and 358986 MB memory.
2026-08-14 15:31:56.078 INFO   [975942\332DD4] Auto-router pass #885 on board '5323d2ec15e2a41b5cb8138920732e70' was completed in 0,53 seconds with the score of 951,92 (12 unrouted), using 141763,02 CPU seconds and 358986 MB memory.
2026-08-14 15:31:56.616 INFO   [975942\332DD4] Auto-router pass #886 on board '5323d2ec15e2a41b5cb8138920732e70' was completed in 0,53 seconds with the score of 951,92 (12 unrouted), using 142293,06 CPU seconds and 359663 MB memory.
2026-08-14 15:31:57.155 INFO   [975942\332DD4] Auto-router pass #887 on board '5323d2ec15e2a41b5cb8138920732e70' was completed in 0,53 seconds with the score of 951,92 (12 unrouted), using 142293,06 CPU seconds and 359663 MB memory.
2026-08-14 15:31:57.701 INFO   [975942\332DD4] Auto-router pass #888 on board '5323d2ec15e2a41b5cb8138920732e70' was completed in 0,54 seconds with the score of 951,92 (12 unrouted), using 142824,11 CPU seconds and 360344 MB memory.
2026-08-14 15:31:58.249 INFO   [975942\332DD4] Auto-router pass #889 on board '5323d2ec15e2a41b5cb8138920732e70' was completed in 0,54 seconds with the score of 951,92 (12 unrouted), using 142824,11 CPU seconds and 360344 MB memory.
2026-08-14 15:31:58.790 INFO   [975942\332DD4] Auto-router pass #890 on board '5323d2ec15e2a41b5cb8138920732e70' was completed in 0,53 seconds with the score of 951,92 (12 unrouted), using 143356,14 CPU seconds and 361014 MB memory.
2026-08-14 15:31:59.332 INFO   [975942\332DD4] Auto-router pass #891 on board '5323d2ec15e2a41b5cb8138920732e70' was completed in 0,53 seconds with the score of 951,92 (12 unrouted), using 143356,14 CPU seconds and 361014 MB memory.
2026-08-14 15:31:59.878 INFO   [975942\332DD4] Auto-router pass #892 on board '5323d2ec15e2a41b5cb8138920732e70' was completed in 0,54 seconds with the score of 951,92 (12 unrouted), using 143889,16 CPU seconds and 361689 MB memory.
2026-08-14 15:32:00.417 INFO   [975942\332DD4] Auto-router pass #893 on board '5323d2ec15e2a41b5cb8138920732e70' was completed in 0,53 seconds with the score of 951,92 (12 unrouted), using 143889,16 CPU seconds and 361689 MB memory.
2026-08-14 15:32:00.957 INFO   [975942\332DD4] Auto-router pass #894 on board '5323d2ec15e2a41b5cb8138920732e70' was completed in 0,53 seconds with the score of 951,92 (12 unrouted), using 144423,17 CPU seconds and 362367 MB memory.
2026-08-14 15:32:01.496 INFO   [975942\332DD4] Auto-router pass #895 on board '5323d2ec15e2a41b5cb8138920732e70' was completed in 0,53 seconds with the score of 951,92 (12 unrouted), using 144958,17 CPU seconds and 363049 MB memory.
2026-08-14 15:32:02.057 INFO   [975942\332DD4] Auto-router pass #896 on board '5323d2ec15e2a41b5cb8138920732e70' was completed in 0,55 seconds with the score of 951,92 (12 unrouted), using 144958,17 CPU seconds and 363049 MB memory.
2026-08-14 15:32:02.599 INFO   [975942\332DD4] Auto-router pass #897 on board '5323d2ec15e2a41b5cb8138920732e70' was completed in 0,53 seconds with the score of 951,92 (12 unrouted), using 145494,16 CPU seconds and 363714 MB memory.
2026-08-14 15:32:03.140 INFO   [975942\332DD4] Auto-router pass #898 on board '5323d2ec15e2a41b5cb8138920732e70' was completed in 0,53 seconds with the score of 951,92 (12 unrouted), using 145494,16 CPU seconds and 363714 MB memory.
2026-08-14 15:32:03.682 INFO   [975942\332DD4] Auto-router pass #899 on board '5323d2ec15e2a41b5cb8138920732e70' was completed in 0,53 seconds with the score of 951,92 (12 unrouted), using 146031,14 CPU seconds and 364391 MB memory.
2026-08-14 15:32:04.225 INFO   [975942\332DD4] Auto-router pass #900 on board '5323d2ec15e2a41b5cb8138920732e70' was completed in 0,53 seconds with the score of 951,92 (12 unrouted), using 146031,14 CPU seconds and 364391 MB memory.
2026-08-14 15:32:04.763 INFO   [975942\332DD4] Auto-router pass #901 on board '5323d2ec15e2a41b5cb8138920732e70' was completed in 0,53 seconds with the score of 951,92 (12 unrouted), using 146569,11 CPU seconds and 365069 MB memory.
2026-08-14 15:32:05.305 INFO   [975942\332DD4] Auto-router pass #902 on board '5323d2ec15e2a41b5cb8138920732e70' was completed in 0,53 seconds with the score of 951,92 (12 unrouted), using 146569,11 CPU seconds and 365069 MB memory.
2026-08-14 15:32:05.846 INFO   [975942\332DD4] Auto-router pass #903 on board '5323d2ec15e2a41b5cb8138920732e70' was completed in 0,53 seconds with the score of 951,92 (12 unrouted), using 147108,06 CPU seconds and 365747 MB memory.
2026-08-14 15:32:06.389 INFO   [975942\332DD4] Auto-router pass #904 on board '5323d2ec15e2a41b5cb8138920732e70' was completed in 0,53 seconds with the score of 951,92 (12 unrouted), using 147108,06 CPU seconds and 365747 MB memory.
2026-08-14 15:32:06.928 INFO   [975942\332DD4] Auto-router pass #905 on board '5323d2ec15e2a41b5cb8138920732e70' was completed in 0,53 seconds with the score of 951,92 (12 unrouted), using 147648,02 CPU seconds and 366427 MB memory.
2026-08-14 15:32:07.470 INFO   [975942\332DD4] Auto-router pass #906 on board '5323d2ec15e2a41b5cb8138920732e70' was completed in 0,53 seconds with the score of 951,92 (12 unrouted), using 148188,95 CPU seconds and 367109 MB memory.
2026-08-14 15:32:08.013 INFO   [975942\332DD4] Auto-router pass #907 on board '5323d2ec15e2a41b5cb8138920732e70' was completed in 0,53 seconds with the score of 951,92 (12 unrouted), using 148188,95 CPU seconds and 367109 MB memory.
2026-08-14 15:32:08.570 INFO   [975942\332DD4] Auto-router pass #908 on board '5323d2ec15e2a41b5cb8138920732e70' was completed in 0,55 seconds with the score of 951,92 (12 unrouted), using 148730,88 CPU seconds and 367773 MB memory.
2026-08-14 15:32:09.108 INFO   [975942\332DD4] Auto-router pass #909 on board '5323d2ec15e2a41b5cb8138920732e70' was completed in 0,53 seconds with the score of 951,92 (12 unrouted), using 148730,88 CPU seconds and 367773 MB memory.
2026-08-14 15:32:09.647 INFO   [975942\332DD4] Auto-router pass #910 on board '5323d2ec15e2a41b5cb8138920732e70' was completed in 0,53 seconds with the score of 951,92 (12 unrouted), using 149273,80 CPU seconds and 368451 MB memory.
2026-08-14 15:32:10.188 INFO   [975942\332DD4] Auto-router pass #911 on board '5323d2ec15e2a41b5cb8138920732e70' was completed in 0,53 seconds with the score of 951,92 (12 unrouted), using 149273,80 CPU seconds and 368451 MB memory.
2026-08-14 15:32:10.751 INFO   [975942\332DD4] Auto-router pass #912 on board '5323d2ec15e2a41b5cb8138920732e70' was completed in 0,55 seconds with the score of 951,92 (12 unrouted), using 149817,70 CPU seconds and 369128 MB memory.
2026-08-14 15:32:11.289 INFO   [975942\332DD4] Auto-router pass #913 on board '5323d2ec15e2a41b5cb8138920732e70' was completed in 0,53 seconds with the score of 951,92 (12 unrouted), using 149817,70 CPU seconds and 369128 MB memory.
2026-08-14 15:32:11.827 INFO   [975942\332DD4] Auto-router pass #914 on board '5323d2ec15e2a41b5cb8138920732e70' was completed in 0,53 seconds with the score of 951,92 (12 unrouted), using 150362,59 CPU seconds and 369793 MB memory.
2026-08-14 15:32:12.364 INFO   [975942\332DD4] Auto-router pass #915 on board '5323d2ec15e2a41b5cb8138920732e70' was completed in 0,53 seconds with the score of 951,92 (12 unrouted), using 150362,59 CPU seconds and 369793 MB memory.
2026-08-14 15:32:12.910 INFO   [975942\332DD4] Auto-router pass #916 on board '5323d2ec15e2a41b5cb8138920732e70' was completed in 0,54 seconds with the score of 951,92 (12 unrouted), using 150908,48 CPU seconds and 370476 MB memory.
2026-08-14 15:32:13.449 INFO   [975942\332DD4] Auto-router pass #917 on board '5323d2ec15e2a41b5cb8138920732e70' was completed in 0,53 seconds with the score of 951,92 (12 unrouted), using 150908,48 CPU seconds and 370476 MB memory.
2026-08-14 15:32:13.991 INFO   [975942\332DD4] Auto-router pass #918 on board '5323d2ec15e2a41b5cb8138920732e70' was completed in 0,53 seconds with the score of 951,92 (12 unrouted), using 151455,36 CPU seconds and 371155 MB memory.
2026-08-14 15:32:14.531 INFO   [975942\332DD4] Auto-router pass #919 on board '5323d2ec15e2a41b5cb8138920732e70' was completed in 0,53 seconds with the score of 951,92 (12 unrouted), using 152003,22 CPU seconds and 371835 MB memory.
2026-08-14 15:32:15.090 INFO   [975942\332DD4] Auto-router pass #920 on board '5323d2ec15e2a41b5cb8138920732e70' was completed in 0,55 seconds with the score of 951,92 (12 unrouted), using 152003,22 CPU seconds and 371835 MB memory.
2026-08-14 15:32:15.630 INFO   [975942\332DD4] Auto-router pass #921 on board '5323d2ec15e2a41b5cb8138920732e70' was completed in 0,53 seconds with the score of 951,92 (12 unrouted), using 152552,08 CPU seconds and 372503 MB memory.
2026-08-14 15:32:16.171 INFO   [975942\332DD4] Auto-router pass #922 on board '5323d2ec15e2a41b5cb8138920732e70' was completed in 0,53 seconds with the score of 951,92 (12 unrouted), using 152552,08 CPU seconds and 372503 MB memory.
2026-08-14 15:32:16.709 INFO   [975942\332DD4] Auto-router pass #923 on board '5323d2ec15e2a41b5cb8138920732e70' was completed in 0,53 seconds with the score of 951,92 (12 unrouted), using 153101,92 CPU seconds and 373179 MB memory.
2026-08-14 15:32:17.260 INFO   [975942\332DD4] Auto-router pass #924 on board '5323d2ec15e2a41b5cb8138920732e70' was completed in 0,54 seconds with the score of 951,92 (12 unrouted), using 153101,92 CPU seconds and 373179 MB memory.
2026-08-14 15:32:17.802 INFO   [975942\332DD4] Auto-router pass #925 on board '5323d2ec15e2a41b5cb8138920732e70' was completed in 0,53 seconds with the score of 951,92 (12 unrouted), using 153652,75 CPU seconds and 373854 MB memory.
2026-08-14 15:32:18.344 INFO   [975942\332DD4] Auto-router pass #926 on board '5323d2ec15e2a41b5cb8138920732e70' was completed in 0,53 seconds with the score of 951,92 (12 unrouted), using 153652,75 CPU seconds and 373854 MB memory.
2026-08-14 15:32:18.885 INFO   [975942\332DD4] Auto-router pass #927 on board '5323d2ec15e2a41b5cb8138920732e70' was completed in 0,53 seconds with the score of 951,92 (12 unrouted), using 154204,58 CPU seconds and 374528 MB memory.
2026-08-14 15:32:19.428 INFO   [975942\332DD4] Auto-router pass #928 on board '5323d2ec15e2a41b5cb8138920732e70' was completed in 0,54 seconds with the score of 951,92 (12 unrouted), using 154204,58 CPU seconds and 374528 MB memory.
2026-08-14 15:32:19.966 INFO   [975942\332DD4] Auto-router pass #929 on board '5323d2ec15e2a41b5cb8138920732e70' was completed in 0,53 seconds with the score of 951,92 (12 unrouted), using 154757,39 CPU seconds and 375207 MB memory.
2026-08-14 15:32:20.505 INFO   [975942\332DD4] Auto-router pass #930 on board '5323d2ec15e2a41b5cb8138920732e70' was completed in 0,53 seconds with the score of 951,92 (12 unrouted), using 155311,19 CPU seconds and 375890 MB memory.
2026-08-14 15:32:21.043 INFO   [975942\332DD4] Auto-router pass #931 on board '5323d2ec15e2a41b5cb8138920732e70' was completed in 0,53 seconds with the score of 951,92 (12 unrouted), using 155311,19 CPU seconds and 375890 MB memory.
2026-08-14 15:32:21.587 INFO   [975942\332DD4] Auto-router pass #932 on board '5323d2ec15e2a41b5cb8138920732e70' was completed in 0,54 seconds with the score of 951,92 (12 unrouted), using 155865,97 CPU seconds and 376569 MB memory.
2026-08-14 15:32:22.129 INFO   [975942\332DD4] Auto-router pass #933 on board '5323d2ec15e2a41b5cb8138920732e70' was completed in 0,53 seconds with the score of 951,92 (12 unrouted), using 155865,97 CPU seconds and 376569 MB memory.
2026-08-14 15:32:22.673 INFO   [975942\332DD4] Auto-router pass #934 on board '5323d2ec15e2a41b5cb8138920732e70' was completed in 0,54 seconds with the score of 951,92 (12 unrouted), using 156421,75 CPU seconds and 377244 MB memory.
2026-08-14 15:32:23.214 INFO   [975942\332DD4] Auto-router pass #935 on board '5323d2ec15e2a41b5cb8138920732e70' was completed in 0,53 seconds with the score of 951,92 (12 unrouted), using 156421,75 CPU seconds and 377244 MB memory.
2026-08-14 15:32:23.761 INFO   [975942\332DD4] Auto-router pass #936 on board '5323d2ec15e2a41b5cb8138920732e70' was completed in 0,54 seconds with the score of 951,92 (12 unrouted), using 156978,52 CPU seconds and 377920 MB memory.
2026-08-14 15:32:24.300 INFO   [975942\332DD4] Auto-router pass #937 on board '5323d2ec15e2a41b5cb8138920732e70' was completed in 0,53 seconds with the score of 951,92 (12 unrouted), using 156978,52 CPU seconds and 377920 MB memory.
2026-08-14 15:32:24.837 INFO   [975942\332DD4] Auto-router pass #938 on board '5323d2ec15e2a41b5cb8138920732e70' was completed in 0,53 seconds with the score of 951,92 (12 unrouted), using 157536,27 CPU seconds and 378596 MB memory.
2026-08-14 15:32:25.376 INFO   [975942\332DD4] Auto-router pass #939 on board '5323d2ec15e2a41b5cb8138920732e70' was completed in 0,53 seconds with the score of 951,92 (12 unrouted), using 157536,27 CPU seconds and 378596 MB memory.
2026-08-14 15:32:25.922 INFO   [975942\332DD4] Auto-router pass #940 on board '5323d2ec15e2a41b5cb8138920732e70' was completed in 0,54 seconds with the score of 951,92 (12 unrouted), using 158095,02 CPU seconds and 379275 MB memory.
2026-08-14 15:32:26.460 INFO   [975942\332DD4] Auto-router pass #941 on board '5323d2ec15e2a41b5cb8138920732e70' was completed in 0,53 seconds with the score of 951,92 (12 unrouted), using 158095,02 CPU seconds and 379275 MB memory.
2026-08-14 15:32:26.998 INFO   [975942\332DD4] Auto-router pass #942 on board '5323d2ec15e2a41b5cb8138920732e70' was completed in 0,53 seconds with the score of 951,92 (12 unrouted), using 158654,75 CPU seconds and 379958 MB memory.
2026-08-14 15:32:27.537 INFO   [975942\332DD4] Auto-router pass #943 on board '5323d2ec15e2a41b5cb8138920732e70' was completed in 0,53 seconds with the score of 951,92 (12 unrouted), using 159215,47 CPU seconds and 380641 MB memory.
2026-08-14 15:32:28.082 INFO   [975942\332DD4] Auto-router pass #944 on board '5323d2ec15e2a41b5cb8138920732e70' was completed in 0,54 seconds with the score of 951,92 (12 unrouted), using 159215,47 CPU seconds and 380641 MB memory.
2026-08-14 15:32:28.621 INFO   [975942\332DD4] Auto-router pass #945 on board '5323d2ec15e2a41b5cb8138920732e70' was completed in 0,53 seconds with the score of 951,92 (12 unrouted), using 159777,17 CPU seconds and 381319 MB memory.
2026-08-14 15:32:29.163 INFO   [975942\332DD4] Auto-router pass #946 on board '5323d2ec15e2a41b5cb8138920732e70' was completed in 0,53 seconds with the score of 951,92 (12 unrouted), using 159777,17 CPU seconds and 381319 MB memory.
2026-08-14 15:32:29.705 INFO   [975942\332DD4] Auto-router pass #947 on board '5323d2ec15e2a41b5cb8138920732e70' was completed in 0,53 seconds with the score of 951,92 (12 unrouted), using 160339,88 CPU seconds and 381994 MB memory.
2026-08-14 15:32:30.249 INFO   [975942\332DD4] Auto-router pass #948 on board '5323d2ec15e2a41b5cb8138920732e70' was completed in 0,54 seconds with the score of 951,92 (12 unrouted), using 160339,88 CPU seconds and 381994 MB memory.
2026-08-14 15:32:30.791 INFO   [975942\332DD4] Auto-router pass #949 on board '5323d2ec15e2a41b5cb8138920732e70' was completed in 0,53 seconds with the score of 951,92 (12 unrouted), using 160903,56 CPU seconds and 382668 MB memory.
2026-08-14 15:32:31.335 INFO   [975942\332DD4] Auto-router pass #950 on board '5323d2ec15e2a41b5cb8138920732e70' was completed in 0,53 seconds with the score of 951,92 (12 unrouted), using 160903,56 CPU seconds and 382668 MB memory.
2026-08-14 15:32:31.880 INFO   [975942\332DD4] Auto-router pass #951 on board '5323d2ec15e2a41b5cb8138920732e70' was completed in 0,54 seconds with the score of 951,92 (12 unrouted), using 161468,23 CPU seconds and 383342 MB memory.
2026-08-14 15:32:32.425 INFO   [975942\332DD4] Auto-router pass #952 on board '5323d2ec15e2a41b5cb8138920732e70' was completed in 0,54 seconds with the score of 951,92 (12 unrouted), using 161468,23 CPU seconds and 383342 MB memory.
2026-08-14 15:32:32.963 INFO   [975942\332DD4] Auto-router pass #953 on board '5323d2ec15e2a41b5cb8138920732e70' was completed in 0,53 seconds with the score of 951,92 (12 unrouted), using 162033,89 CPU seconds and 384016 MB memory.
2026-08-14 15:32:33.501 INFO   [975942\332DD4] Auto-router pass #954 on board '5323d2ec15e2a41b5cb8138920732e70' was completed in 0,53 seconds with the score of 951,92 (12 unrouted), using 162600,55 CPU seconds and 384701 MB memory.
2026-08-14 15:32:34.040 INFO   [975942\332DD4] Auto-router pass #955 on board '5323d2ec15e2a41b5cb8138920732e70' was completed in 0,53 seconds with the score of 951,92 (12 unrouted), using 162600,55 CPU seconds and 384701 MB memory.
2026-08-14 15:32:34.585 INFO   [975942\332DD4] Auto-router pass #956 on board '5323d2ec15e2a41b5cb8138920732e70' was completed in 0,54 seconds with the score of 951,92 (12 unrouted), using 163168,19 CPU seconds and 385383 MB memory.
2026-08-14 15:32:35.124 INFO   [975942\332DD4] Auto-router pass #957 on board '5323d2ec15e2a41b5cb8138920732e70' was completed in 0,53 seconds with the score of 951,92 (12 unrouted), using 163168,19 CPU seconds and 385383 MB memory.
2026-08-14 15:32:35.667 INFO   [975942\332DD4] Auto-router pass #958 on board '5323d2ec15e2a41b5cb8138920732e70' was completed in 0,54 seconds with the score of 951,92 (12 unrouted), using 163736,83 CPU seconds and 386060 MB memory.
2026-08-14 15:32:36.228 INFO   [975942\332DD4] Auto-router pass #959 on board '5323d2ec15e2a41b5cb8138920732e70' was completed in 0,55 seconds with the score of 951,92 (12 unrouted), using 163736,83 CPU seconds and 386060 MB memory.
2026-08-14 15:32:36.799 INFO   [975942\332DD4] Auto-router pass #960 on board '5323d2ec15e2a41b5cb8138920732e70' was completed in 0,56 seconds with the score of 951,92 (12 unrouted), using 164306,45 CPU seconds and 386721 MB memory.
2026-08-14 15:32:37.351 INFO   [975942\332DD4] Auto-router pass #961 on board '5323d2ec15e2a41b5cb8138920732e70' was completed in 0,54 seconds with the score of 951,92 (12 unrouted), using 164306,45 CPU seconds and 386721 MB memory.
2026-08-14 15:32:37.893 INFO   [975942\332DD4] Auto-router pass #962 on board '5323d2ec15e2a41b5cb8138920732e70' was completed in 0,53 seconds with the score of 951,92 (12 unrouted), using 164877,06 CPU seconds and 387371 MB memory.
2026-08-14 15:32:38.431 INFO   [975942\332DD4] Auto-router pass #963 on board '5323d2ec15e2a41b5cb8138920732e70' was completed in 0,53 seconds with the score of 951,92 (12 unrouted), using 164877,06 CPU seconds and 387371 MB memory.
2026-08-14 15:32:38.979 INFO   [975942\332DD4] Auto-router pass #964 on board '5323d2ec15e2a41b5cb8138920732e70' was completed in 0,54 seconds with the score of 951,92 (12 unrouted), using 165448,66 CPU seconds and 388047 MB memory.
2026-08-14 15:32:39.519 INFO   [975942\332DD4] Auto-router pass #965 on board '5323d2ec15e2a41b5cb8138920732e70' was completed in 0,53 seconds with the score of 951,92 (12 unrouted), using 166021,23 CPU seconds and 388729 MB memory.
2026-08-14 15:32:40.059 INFO   [975942\332DD4] Auto-router pass #966 on board '5323d2ec15e2a41b5cb8138920732e70' was completed in 0,53 seconds with the score of 951,92 (12 unrouted), using 166021,23 CPU seconds and 388729 MB memory.
2026-08-14 15:32:40.599 INFO   [975942\332DD4] Auto-router pass #967 on board '5323d2ec15e2a41b5cb8138920732e70' was completed in 0,53 seconds with the score of 951,92 (12 unrouted), using 166594,81 CPU seconds and 389405 MB memory.
2026-08-14 15:32:41.143 INFO   [975942\332DD4] Auto-router pass #968 on board '5323d2ec15e2a41b5cb8138920732e70' was completed in 0,54 seconds with the score of 951,92 (12 unrouted), using 166594,81 CPU seconds and 389405 MB memory.
2026-08-14 15:32:41.681 INFO   [975942\332DD4] Auto-router pass #969 on board '5323d2ec15e2a41b5cb8138920732e70' was completed in 0,53 seconds with the score of 951,92 (12 unrouted), using 167169,38 CPU seconds and 390083 MB memory.
2026-08-14 15:32:42.220 INFO   [975942\332DD4] Auto-router pass #970 on board '5323d2ec15e2a41b5cb8138920732e70' was completed in 0,53 seconds with the score of 951,92 (12 unrouted), using 167169,38 CPU seconds and 390083 MB memory.
2026-08-14 15:32:42.761 INFO   [975942\332DD4] Auto-router pass #971 on board '5323d2ec15e2a41b5cb8138920732e70' was completed in 0,53 seconds with the score of 951,92 (12 unrouted), using 167744,92 CPU seconds and 390761 MB memory.
2026-08-14 15:32:43.304 INFO   [975942\332DD4] Auto-router pass #972 on board '5323d2ec15e2a41b5cb8138920732e70' was completed in 0,54 seconds with the score of 951,92 (12 unrouted), using 167744,92 CPU seconds and 390761 MB memory.
2026-08-14 15:32:43.844 INFO   [975942\332DD4] Auto-router pass #973 on board '5323d2ec15e2a41b5cb8138920732e70' was completed in 0,53 seconds with the score of 951,92 (12 unrouted), using 168321,45 CPU seconds and 391439 MB memory.
2026-08-14 15:32:44.382 INFO   [975942\332DD4] Auto-router pass #974 on board '5323d2ec15e2a41b5cb8138920732e70' was completed in 0,53 seconds with the score of 951,92 (12 unrouted), using 168321,45 CPU seconds and 391439 MB memory.
2026-08-14 15:32:44.920 INFO   [975942\332DD4] Auto-router pass #975 on board '5323d2ec15e2a41b5cb8138920732e70' was completed in 0,53 seconds with the score of 951,92 (12 unrouted), using 168898,98 CPU seconds and 392116 MB memory.
2026-08-14 15:32:45.466 INFO   [975942\332DD4] Auto-router pass #976 on board '5323d2ec15e2a41b5cb8138920732e70' was completed in 0,54 seconds with the score of 951,92 (12 unrouted), using 168898,98 CPU seconds and 392116 MB memory.
2026-08-14 15:32:46.005 INFO   [975942\332DD4] Auto-router pass #977 on board '5323d2ec15e2a41b5cb8138920732e70' was completed in 0,53 seconds with the score of 951,92 (12 unrouted), using 169477,50 CPU seconds and 392800 MB memory.
2026-08-14 15:32:46.544 INFO   [975942\332DD4] Auto-router pass #978 on board '5323d2ec15e2a41b5cb8138920732e70' was completed in 0,53 seconds with the score of 951,92 (12 unrouted), using 170057,00 CPU seconds and 393483 MB memory.
2026-08-14 15:32:47.084 INFO   [975942\332DD4] Auto-router pass #979 on board '5323d2ec15e2a41b5cb8138920732e70' was completed in 0,53 seconds with the score of 951,92 (12 unrouted), using 170057,00 CPU seconds and 393483 MB memory.
2026-08-14 15:32:47.629 INFO   [975942\332DD4] Auto-router pass #980 on board '5323d2ec15e2a41b5cb8138920732e70' was completed in 0,54 seconds with the score of 951,92 (12 unrouted), using 170637,50 CPU seconds and 394160 MB memory.
2026-08-14 15:32:48.171 INFO   [975942\332DD4] Auto-router pass #981 on board '5323d2ec15e2a41b5cb8138920732e70' was completed in 0,53 seconds with the score of 951,92 (12 unrouted), using 170637,50 CPU seconds and 394160 MB memory.
2026-08-14 15:32:48.713 INFO   [975942\332DD4] Auto-router pass #982 on board '5323d2ec15e2a41b5cb8138920732e70' was completed in 0,53 seconds with the score of 951,92 (12 unrouted), using 171218,98 CPU seconds and 394835 MB memory.
2026-08-14 15:32:49.256 INFO   [975942\332DD4] Auto-router pass #983 on board '5323d2ec15e2a41b5cb8138920732e70' was completed in 0,53 seconds with the score of 951,92 (12 unrouted), using 171218,98 CPU seconds and 394835 MB memory.
2026-08-14 15:32:49.801 INFO   [975942\332DD4] Auto-router pass #984 on board '5323d2ec15e2a41b5cb8138920732e70' was completed in 0,54 seconds with the score of 951,92 (12 unrouted), using 171801,45 CPU seconds and 395509 MB memory.
2026-08-14 15:32:50.358 INFO   [975942\332DD4] Auto-router pass #985 on board '5323d2ec15e2a41b5cb8138920732e70' was completed in 0,55 seconds with the score of 951,92 (12 unrouted), using 171801,45 CPU seconds and 395509 MB memory.
2026-08-14 15:32:50.897 INFO   [975942\332DD4] Auto-router pass #986 on board '5323d2ec15e2a41b5cb8138920732e70' was completed in 0,53 seconds with the score of 951,92 (12 unrouted), using 172384,91 CPU seconds and 396175 MB memory.
2026-08-14 15:32:51.438 INFO   [975942\332DD4] Auto-router pass #987 on board '5323d2ec15e2a41b5cb8138920732e70' was completed in 0,53 seconds with the score of 951,92 (12 unrouted), using 172384,91 CPU seconds and 396175 MB memory.
2026-08-14 15:32:51.988 INFO   [975942\332DD4] Auto-router pass #988 on board '5323d2ec15e2a41b5cb8138920732e70' was completed in 0,54 seconds with the score of 951,92 (12 unrouted), using 172969,36 CPU seconds and 396851 MB memory.
2026-08-14 15:32:52.533 INFO   [975942\332DD4] Auto-router pass #989 on board '5323d2ec15e2a41b5cb8138920732e70' was completed in 0,54 seconds with the score of 951,92 (12 unrouted), using 173554,80 CPU seconds and 397528 MB memory.
2026-08-14 15:32:53.095 INFO   [975942\332DD4] Auto-router pass #990 on board '5323d2ec15e2a41b5cb8138920732e70' was completed in 0,55 seconds with the score of 951,92 (12 unrouted), using 173554,80 CPU seconds and 397528 MB memory.
2026-08-14 15:32:53.634 INFO   [975942\332DD4] Auto-router pass #991 on board '5323d2ec15e2a41b5cb8138920732e70' was completed in 0,53 seconds with the score of 951,92 (12 unrouted), using 174141,22 CPU seconds and 398189 MB memory.
2026-08-14 15:32:54.178 INFO   [975942\332DD4] Auto-router pass #992 on board '5323d2ec15e2a41b5cb8138920732e70' was completed in 0,54 seconds with the score of 951,92 (12 unrouted), using 174141,22 CPU seconds and 398189 MB memory.
2026-08-14 15:32:54.719 INFO   [975942\332DD4] Auto-router pass #993 on board '5323d2ec15e2a41b5cb8138920732e70' was completed in 0,53 seconds with the score of 951,92 (12 unrouted), using 174728,64 CPU seconds and 398865 MB memory.
2026-08-14 15:32:55.256 INFO   [975942\332DD4] Auto-router pass #994 on board '5323d2ec15e2a41b5cb8138920732e70' was completed in 0,53 seconds with the score of 951,92 (12 unrouted), using 174728,64 CPU seconds and 398865 MB memory.
2026-08-14 15:32:55.795 INFO   [975942\332DD4] Auto-router pass #995 on board '5323d2ec15e2a41b5cb8138920732e70' was completed in 0,53 seconds with the score of 951,92 (12 unrouted), using 175317,05 CPU seconds and 399548 MB memory.
2026-08-14 15:32:56.340 INFO   [975942\332DD4] Auto-router pass #996 on board '5323d2ec15e2a41b5cb8138920732e70' was completed in 0,54 seconds with the score of 951,92 (12 unrouted), using 175317,05 CPU seconds and 399548 MB memory.
2026-08-14 15:32:56.879 INFO   [975942\332DD4] Auto-router pass #997 on board '5323d2ec15e2a41b5cb8138920732e70' was completed in 0,53 seconds with the score of 951,92 (12 unrouted), using 175906,44 CPU seconds and 400227 MB memory.
2026-08-14 15:32:57.416 INFO   [975942\332DD4] Auto-router pass #998 on board '5323d2ec15e2a41b5cb8138920732e70' was completed in 0,53 seconds with the score of 951,92 (12 unrouted), using 175906,44 CPU seconds and 400227 MB memory.
2026-08-14 15:32:57.953 INFO   [975942\332DD4] Auto-router pass #999 on board '5323d2ec15e2a41b5cb8138920732e70' was completed in 0,53 seconds with the score of 951,92 (12 unrouted), using 176496,83 CPU seconds and 400903 MB memory.
{
  "host": "KiCad's Pcbnew,9.0.3+dfsg-1",
  "unit": "mm",
  "board": {
    "bounding_box": {
      "x": 1164.0,
      "y": 1.0,
      "width": -1.0,
      "height": -501.0
    },
    "size": {
      "x": 0.0,
      "y": 0.0,
      "width": 1165.0,
      "height": 502.0
    }
  },
  "layers": {
    "total_count": 2,
    "signal_count": 2
  },
  "items": {
    "total_count": 897,
    "trace_count": 234,
    "via_count": 98,
    "conduction_area_count": 2,
    "drill_item_count": 232,
    "pin_count": 0,
    "component_count": 330,
    "other_count": 1
  },
  "components": {
    "total_count": 25
  },
  "pads": {
    "total_count": 232
  },
  "nets": {
    "total_count": 69,
    "class_count": 3
  },
  "connections": {
    "maximum_count": 482,
    "incomplete_count": 12
  },
  "traces": {
    "total_count": 234,
    "total_segment_count": 721,
    "total_length": 34927.754,
    "total_weighted_length": 1.1667955E8,
    "average_length": 149.26389,
    "total_vertical_length": 5694.973,
    "total_horizontal_length": 13591.807,
    "total_angled_length": 10068.029
  },
  "bends": {
    "total_count": 487,
    "90_degree_count": 5,
    "45_degree_count": 482,
    "other_angle_count": 0
  },
  "vias": {
    "total_count": 98,
    "through_hole_count": 98,
    "blind_count": 0,
    "buried_count": 0
  },
  "clearance_violations": {
    "total_count": 0
  }
}
15:32:59: Debug: Adding duplicate image handler for 'PNG file'
15:32:59: Debug: Adding duplicate image handler for 'JPEG file'
15:32:59: Debug: Adding duplicate image handler for 'TIFF file'
15:32:59: Debug: Adding duplicate image handler for 'GIF file'
15:32:59: Debug: Adding duplicate image handler for 'PNM file'
15:32:59: Debug: Adding duplicate image handler for 'PCX file'
15:32:59: Debug: Adding duplicate image handler for 'IFF file'
15:32:59: Debug: Adding duplicate image handler for 'Windows icon file'
15:32:59: Debug: Adding duplicate image handler for 'Windows cursor file'
15:32:59: Debug: Adding duplicate image handler for 'Windows animated cursor file'
15:32:59: Debug: Adding duplicate image handler for 'TGA file'
15:32:59: Debug: Adding duplicate image handler for 'XPM file'
15:32:59: Debug: Adding duplicate image handler for 'PNG file'
15:32:59: Debug: Adding duplicate image handler for 'JPEG file'
15:32:59: Debug: Adding duplicate image handler for 'TIFF file'
15:32:59: Debug: Adding duplicate image handler for 'GIF file'
15:32:59: Debug: Adding duplicate image handler for 'PNM file'
15:32:59: Debug: Adding duplicate image handler for 'PCX file'
15:32:59: Debug: Adding duplicate image handler for 'IFF file'
15:32:59: Debug: Adding duplicate image handler for 'Windows icon file'
15:32:59: Debug: Adding duplicate image handler for 'Windows cursor file'
15:32:59: Debug: Adding duplicate image handler for 'Windows animated cursor file'
15:32:59: Debug: Adding duplicate image handler for 'TGA file'
15:32:59: Debug: Adding duplicate image handler for 'XPM file'
freerouting : java -Djava.awt.headless=true -jar ../phaseA/freerouting.jar -de loci_lvc_fr.dsn -do loci_lvc.ses -mp 5
liaisons non routées restantes : 33
