2026-08-13 15:21:06.404 INFO   Freerouting v2.1.0 (build-date: 2025-04-12)
2026-08-13 15:21:06.458 WARN   Couldn't get screen resolution. If you are running in a headless environment, disable the GUI by setting gui.enabled to false.
2026-08-13 15:21:08.475 INFO   [0B550D\DCEEB2] Job '0B550D\DCEEB2' started at 2026-08-13T13:21:08.475350833Z
2026-08-13 15:21:08.675 INFO   New version available: v2.3.0
2026-08-13 15:21:11.576 WARN   PolylineTrace.get_trace_connection_shape p_index out of range
2026-08-13 15:21:11.576 ERROR  AutorouteEngine.autoroute_connection: Exception in maze_search_algo.find_connection
java.lang.NullPointerException: Cannot invoke "app.freerouting.geometry.planar.TileShape.nearest_point_approx(app.freerouting.geometry.planar.FloatPoint)" because "target_shape" is null
	at app.freerouting.autoroute.MazeSearchAlgo.expand_to_target_doors(MazeSearchAlgo.java:534) ~[freerouting.jar:unspecified]
	at app.freerouting.autoroute.MazeSearchAlgo.expand_to_room_doors(MazeSearchAlgo.java:398) ~[freerouting.jar:unspecified]
	at app.freerouting.autoroute.MazeSearchAlgo.occupy_next_element(MazeSearchAlgo.java:286) ~[freerouting.jar:unspecified]
	at app.freerouting.autoroute.MazeSearchAlgo.find_connection(MazeSearchAlgo.java:206) ~[freerouting.jar:unspecified]
	at app.freerouting.autoroute.AutorouteEngine.autoroute_connection(AutorouteEngine.java:155) [freerouting.jar:unspecified]
	at app.freerouting.autoroute.BatchAutorouter.autoroute_item(BatchAutorouter.java:610) [freerouting.jar:unspecified]
	at app.freerouting.autoroute.BatchAutorouter.autoroute_pass(BatchAutorouter.java:332) [freerouting.jar:unspecified]
	at app.freerouting.autoroute.BatchAutorouter.runBatchLoop(BatchAutorouter.java:447) [freerouting.jar:unspecified]
	at app.freerouting.management.RoutingJobSchedulerActionThread.thread_action(RoutingJobSchedulerActionThread.java:131) [freerouting.jar:unspecified]
	at app.freerouting.core.StoppableThread.run(StoppableThread.java:26) [freerouting.jar:unspecified]
2026-08-13 15:21:11.576 ERROR  AutorouteEngine.autoroute_connection: Exception in maze_search_algo.find_connection
java.lang.NullPointerException: Cannot invoke "app.freerouting.geometry.planar.TileShape.nearest_point_approx(app.freerouting.geometry.planar.FloatPoint)" because "target_shape" is null
	at app.freerouting.autoroute.MazeSearchAlgo.expand_to_target_doors(MazeSearchAlgo.java:534) ~[freerouting.jar:unspecified]
	at app.freerouting.autoroute.MazeSearchAlgo.expand_to_room_doors(MazeSearchAlgo.java:398) ~[freerouting.jar:unspecified]
	at app.freerouting.autoroute.MazeSearchAlgo.occupy_next_element(MazeSearchAlgo.java:286) ~[freerouting.jar:unspecified]
	at app.freerouting.autoroute.MazeSearchAlgo.find_connection(MazeSearchAlgo.java:206) ~[freerouting.jar:unspecified]
	at app.freerouting.autoroute.AutorouteEngine.autoroute_connection(AutorouteEngine.java:155) [freerouting.jar:unspecified]
	at app.freerouting.autoroute.BatchAutorouter.autoroute_item(BatchAutorouter.java:610) [freerouting.jar:unspecified]
	at app.freerouting.autoroute.BatchAutorouter.autoroute_pass(BatchAutorouter.java:332) [freerouting.jar:unspecified]
	at app.freerouting.autoroute.BatchAutorouter.runBatchLoop(BatchAutorouter.java:447) [freerouting.jar:unspecified]
	at app.freerouting.management.RoutingJobSchedulerActionThread.thread_action(RoutingJobSchedulerActionThread.java:131) [freerouting.jar:unspecified]
	at app.freerouting.core.StoppableThread.run(StoppableThread.java:26) [freerouting.jar:unspecified]
2026-08-13 15:21:12.379 INFO   [0B550D\DCEEB2] Auto-router pass #1 on board '845ec69adce33c692c46c20d8aefb960' was completed in 3,71 seconds with the score of 589,67 (79 unrouted), using 5,48 CPU seconds and 1815 MB memory.
2026-08-13 15:21:13.515 INFO   [0B550D\DCEEB2] Auto-router pass #2 on board 'df94c1080af3d4b024ca0b3104be4308' was completed in 1,11 seconds with the score of 589,67 (79 unrouted), using 13,87 CPU seconds and 3278 MB memory.
2026-08-13 15:21:14.578 INFO   [0B550D\DCEEB2] Auto-router pass #3 on board 'df94c1080af3d4b024ca0b3104be4308' was completed in 1,06 seconds with the score of 589,67 (79 unrouted), using 19,54 CPU seconds and 4035 MB memory.
2026-08-13 15:21:41.946 INFO   [0B550D\DCEEB2] Auto-router pass #4 on board 'df94c1080af3d4b024ca0b3104be4308' was completed in 27,36 seconds with the score of 895,20 (33 unrouted), using 542,52 CPU seconds and 21510 MB memory.
2026-08-13 15:21:42.826 WARN   PolylineTrace.get_trace_connection_shape p_index out of range
2026-08-13 15:21:42.830 ERROR  AutorouteEngine.autoroute_connection: Exception in maze_search_algo.find_connection
java.lang.NullPointerException: null
2026-08-13 15:21:42.830 ERROR  AutorouteEngine.autoroute_connection: Exception in maze_search_algo.find_connection
java.lang.NullPointerException: null
2026-08-13 15:21:42.908 WARN   PolylineTrace.get_trace_connection_shape p_index out of range
2026-08-13 15:21:42.908 ERROR  AutorouteEngine.autoroute_connection: Exception in maze_search_algo.find_connection
java.lang.NullPointerException: null
2026-08-13 15:21:42.908 ERROR  AutorouteEngine.autoroute_connection: Exception in maze_search_algo.find_connection
java.lang.NullPointerException: null
2026-08-13 15:21:43.344 WARN   PolylineTrace.get_trace_connection_shape p_index out of range
2026-08-13 15:21:43.344 ERROR  AutorouteEngine.autoroute_connection: Exception in maze_search_algo.find_connection
java.lang.NullPointerException: null
2026-08-13 15:21:43.344 ERROR  AutorouteEngine.autoroute_connection: Exception in maze_search_algo.find_connection
java.lang.NullPointerException: null
2026-08-13 15:21:43.437 WARN   ShapeSearchTree45Degree.complete_shape: cannot convert room shape Simplex to IntOctagon
2026-08-13 15:21:43.438 WARN   ShapeSearchTree45Degree.complete_shape: cannot convert room shape Simplex to IntOctagon
2026-08-13 15:21:43.438 WARN   ShapeSearchTree45Degree.complete_shape: cannot convert room shape Simplex to IntOctagon
2026-08-13 15:21:43.438 WARN   ShapeSearchTree45Degree.complete_shape: cannot convert room shape Simplex to IntOctagon
2026-08-13 15:21:43.442 WARN   ShapeSearchTree45Degree.complete_shape: cannot convert room shape Simplex to IntOctagon
2026-08-13 15:21:43.442 WARN   ShapeSearchTree45Degree.complete_shape: cannot convert room shape Simplex to IntOctagon
2026-08-13 15:21:43.495 WARN   ShapeSearchTree45Degree.complete_shape: cannot convert room shape Simplex to IntOctagon
2026-08-13 15:21:43.495 WARN   ShapeSearchTree45Degree.complete_shape: cannot convert room shape Simplex to IntOctagon
2026-08-13 15:21:43.495 WARN   ShapeSearchTree45Degree.complete_shape: cannot convert room shape Simplex to IntOctagon
2026-08-13 15:21:43.495 WARN   ShapeSearchTree45Degree.complete_shape: cannot convert room shape Simplex to IntOctagon
2026-08-13 15:21:43.496 WARN   ShapeSearchTree45Degree.complete_shape: cannot convert room shape Simplex to IntOctagon
2026-08-13 15:21:43.496 WARN   ShapeSearchTree45Degree.complete_shape: cannot convert room shape Simplex to IntOctagon
2026-08-13 15:21:43.496 WARN   ShapeSearchTree45Degree.complete_shape: cannot convert room shape Simplex to IntOctagon
2026-08-13 15:21:43.496 WARN   ShapeSearchTree45Degree.complete_shape: cannot convert room shape Simplex to IntOctagon
2026-08-13 15:21:43.496 WARN   ShapeSearchTree45Degree.complete_shape: cannot convert room shape Simplex to IntOctagon
2026-08-13 15:21:43.501 WARN   ShapeSearchTree45Degree.complete_shape: cannot convert room shape Simplex to IntOctagon
2026-08-13 15:21:43.501 WARN   ShapeSearchTree45Degree.complete_shape: cannot convert room shape Simplex to IntOctagon
2026-08-13 15:21:43.501 WARN   ShapeSearchTree45Degree.complete_shape: cannot convert room shape Simplex to IntOctagon
2026-08-13 15:21:43.501 WARN   ShapeSearchTree45Degree.complete_shape: cannot convert room shape Simplex to IntOctagon
2026-08-13 15:21:43.501 WARN   ShapeSearchTree45Degree.complete_shape: cannot convert room shape Simplex to IntOctagon
2026-08-13 15:21:43.502 WARN   ShapeSearchTree45Degree.complete_shape: cannot convert room shape Simplex to IntOctagon
2026-08-13 15:21:43.502 WARN   ShapeSearchTree45Degree.complete_shape: cannot convert room shape Simplex to IntOctagon
2026-08-13 15:21:43.502 WARN   ShapeSearchTree45Degree.complete_shape: cannot convert room shape Simplex to IntOctagon
2026-08-13 15:21:43.502 WARN   ShapeSearchTree45Degree.complete_shape: cannot convert room shape Simplex to IntOctagon
2026-08-13 15:21:43.502 WARN   ShapeSearchTree45Degree.complete_shape: cannot convert room shape Simplex to IntOctagon
2026-08-13 15:21:43.502 WARN   ShapeSearchTree45Degree.complete_shape: cannot convert room shape Simplex to IntOctagon
2026-08-13 15:21:43.502 WARN   ShapeSearchTree45Degree.complete_shape: cannot convert room shape Simplex to IntOctagon
2026-08-13 15:21:43.503 WARN   ShapeSearchTree45Degree.complete_shape: cannot convert room shape Simplex to IntOctagon
2026-08-13 15:21:43.503 WARN   ShapeSearchTree45Degree.complete_shape: cannot convert room shape Simplex to IntOctagon
2026-08-13 15:21:43.503 WARN   ShapeSearchTree45Degree.complete_shape: cannot convert room shape Simplex to IntOctagon
2026-08-13 15:21:43.503 WARN   ShapeSearchTree45Degree.complete_shape: cannot convert room shape Simplex to IntOctagon
2026-08-13 15:21:43.503 WARN   ShapeSearchTree45Degree.complete_shape: cannot convert room shape Simplex to IntOctagon
2026-08-13 15:21:43.503 WARN   ShapeSearchTree45Degree.complete_shape: cannot convert room shape Simplex to IntOctagon
2026-08-13 15:21:43.503 WARN   ShapeSearchTree45Degree.complete_shape: cannot convert room shape Simplex to IntOctagon
2026-08-13 15:21:43.503 WARN   ShapeSearchTree45Degree.complete_shape: cannot convert room shape Simplex to IntOctagon
2026-08-13 15:21:43.507 WARN   ShapeSearchTree45Degree.complete_shape: cannot convert room shape Simplex to IntOctagon
2026-08-13 15:21:43.507 WARN   ShapeSearchTree45Degree.complete_shape: cannot convert room shape Simplex to IntOctagon
2026-08-13 15:21:43.507 WARN   ShapeSearchTree45Degree.complete_shape: cannot convert room shape Simplex to IntOctagon
2026-08-13 15:21:43.507 WARN   ShapeSearchTree45Degree.complete_shape: cannot convert room shape Simplex to IntOctagon
2026-08-13 15:21:43.507 WARN   ShapeSearchTree45Degree.complete_shape: cannot convert room shape Simplex to IntOctagon
2026-08-13 15:21:43.508 WARN   ShapeSearchTree45Degree.complete_shape: cannot convert room shape Simplex to IntOctagon
2026-08-13 15:21:43.511 WARN   ShapeSearchTree45Degree.complete_shape: cannot convert room shape Simplex to IntOctagon
2026-08-13 15:21:43.511 WARN   ShapeSearchTree45Degree.complete_shape: cannot convert room shape Simplex to IntOctagon
2026-08-13 15:21:43.511 WARN   ShapeSearchTree45Degree.complete_shape: cannot convert room shape Simplex to IntOctagon
2026-08-13 15:21:43.511 WARN   ShapeSearchTree45Degree.complete_shape: cannot convert room shape Simplex to IntOctagon
2026-08-13 15:21:43.511 WARN   ShapeSearchTree45Degree.complete_shape: cannot convert room shape Simplex to IntOctagon
2026-08-13 15:21:43.511 WARN   ShapeSearchTree45Degree.complete_shape: cannot convert room shape Simplex to IntOctagon
2026-08-13 15:21:43.511 WARN   ShapeSearchTree45Degree.complete_shape: cannot convert room shape Simplex to IntOctagon
2026-08-13 15:21:43.512 WARN   ShapeSearchTree45Degree.complete_shape: cannot convert room shape Simplex to IntOctagon
2026-08-13 15:21:43.513 WARN   ShapeSearchTree45Degree.complete_shape: cannot convert room shape Simplex to IntOctagon
2026-08-13 15:21:43.513 WARN   ShapeSearchTree45Degree.complete_shape: cannot convert room shape Simplex to IntOctagon
2026-08-13 15:21:43.514 WARN   ShapeSearchTree45Degree.complete_shape: cannot convert room shape Simplex to IntOctagon
2026-08-13 15:21:43.517 WARN   ShapeSearchTree45Degree.complete_shape: cannot convert room shape Simplex to IntOctagon
2026-08-13 15:21:43.518 WARN   ShapeSearchTree45Degree.complete_shape: cannot convert room shape Simplex to IntOctagon
2026-08-13 15:21:43.519 WARN   ShapeSearchTree45Degree.complete_shape: cannot convert room shape Simplex to IntOctagon
2026-08-13 15:21:43.520 WARN   ShapeSearchTree45Degree.complete_shape: cannot convert room shape Simplex to IntOctagon
2026-08-13 15:21:43.523 WARN   ShapeSearchTree45Degree.complete_shape: cannot convert room shape Simplex to IntOctagon
2026-08-13 15:21:43.523 WARN   ShapeSearchTree45Degree.complete_shape: cannot convert room shape Simplex to IntOctagon
2026-08-13 15:21:43.523 WARN   ShapeSearchTree45Degree.complete_shape: cannot convert room shape Simplex to IntOctagon
2026-08-13 15:21:43.523 WARN   ShapeSearchTree45Degree.complete_shape: cannot convert room shape Simplex to IntOctagon
2026-08-13 15:21:43.523 WARN   ShapeSearchTree45Degree.complete_shape: cannot convert room shape Simplex to IntOctagon
2026-08-13 15:21:43.524 WARN   ShapeSearchTree45Degree.complete_shape: cannot convert room shape Simplex to IntOctagon
2026-08-13 15:21:43.525 WARN   ShapeSearchTree45Degree.complete_shape: cannot convert room shape Simplex to IntOctagon
2026-08-13 15:21:43.525 WARN   ShapeSearchTree45Degree.complete_shape: cannot convert room shape Simplex to IntOctagon
2026-08-13 15:21:43.525 WARN   ShapeSearchTree45Degree.complete_shape: cannot convert room shape Simplex to IntOctagon
2026-08-13 15:21:43.525 WARN   ShapeSearchTree45Degree.complete_shape: cannot convert room shape Simplex to IntOctagon
2026-08-13 15:21:43.525 WARN   ShapeSearchTree45Degree.complete_shape: cannot convert room shape Simplex to IntOctagon
2026-08-13 15:21:43.525 WARN   ShapeSearchTree45Degree.complete_shape: cannot convert room shape Simplex to IntOctagon
2026-08-13 15:21:43.525 WARN   ShapeSearchTree45Degree.complete_shape: cannot convert room shape Simplex to IntOctagon
2026-08-13 15:21:43.526 WARN   ShapeSearchTree45Degree.complete_shape: cannot convert room shape Simplex to IntOctagon
2026-08-13 15:21:43.526 WARN   ShapeSearchTree45Degree.complete_shape: cannot convert room shape Simplex to IntOctagon
2026-08-13 15:21:43.528 WARN   ShapeSearchTree45Degree.complete_shape: cannot convert room shape Simplex to IntOctagon
2026-08-13 15:21:43.535 WARN   ShapeSearchTree45Degree.complete_shape: cannot convert room shape Simplex to IntOctagon
2026-08-13 15:21:43.538 WARN   ShapeSearchTree45Degree.complete_shape: cannot convert room shape Simplex to IntOctagon
2026-08-13 15:21:43.540 WARN   ShapeSearchTree45Degree.complete_shape: cannot convert room shape Simplex to IntOctagon
2026-08-13 15:21:43.540 WARN   ShapeSearchTree45Degree.complete_shape: cannot convert room shape Simplex to IntOctagon
2026-08-13 15:21:43.543 WARN   ShapeSearchTree45Degree.complete_shape: cannot convert room shape Simplex to IntOctagon
2026-08-13 15:21:43.543 WARN   ShapeSearchTree45Degree.complete_shape: cannot convert room shape Simplex to IntOctagon
2026-08-13 15:21:43.544 WARN   ShapeSearchTree45Degree.complete_shape: cannot convert room shape Simplex to IntOctagon
2026-08-13 15:21:43.544 WARN   ShapeSearchTree45Degree.complete_shape: cannot convert room shape Simplex to IntOctagon
2026-08-13 15:21:43.544 WARN   ShapeSearchTree45Degree.complete_shape: cannot convert room shape Simplex to IntOctagon
2026-08-13 15:21:43.544 WARN   ShapeSearchTree45Degree.complete_shape: cannot convert room shape Simplex to IntOctagon
2026-08-13 15:21:43.544 WARN   ShapeSearchTree45Degree.complete_shape: cannot convert room shape Simplex to IntOctagon
2026-08-13 15:21:43.544 WARN   ShapeSearchTree45Degree.complete_shape: cannot convert room shape Simplex to IntOctagon
2026-08-13 15:21:43.544 WARN   ShapeSearchTree45Degree.complete_shape: cannot convert room shape Simplex to IntOctagon
2026-08-13 15:21:43.544 WARN   ShapeSearchTree45Degree.complete_shape: cannot convert room shape Simplex to IntOctagon
2026-08-13 15:21:43.544 WARN   ShapeSearchTree45Degree.complete_shape: cannot convert room shape Simplex to IntOctagon
2026-08-13 15:21:43.544 WARN   ShapeSearchTree45Degree.complete_shape: cannot convert room shape Simplex to IntOctagon
2026-08-13 15:21:43.545 WARN   ShapeSearchTree45Degree.complete_shape: cannot convert room shape Simplex to IntOctagon
2026-08-13 15:21:43.545 WARN   ShapeSearchTree45Degree.complete_shape: cannot convert room shape Simplex to IntOctagon
2026-08-13 15:21:43.545 WARN   ShapeSearchTree45Degree.complete_shape: cannot convert room shape Simplex to IntOctagon
2026-08-13 15:21:43.545 WARN   ShapeSearchTree45Degree.complete_shape: cannot convert room shape Simplex to IntOctagon
2026-08-13 15:21:43.545 WARN   ShapeSearchTree45Degree.complete_shape: cannot convert room shape Simplex to IntOctagon
2026-08-13 15:21:43.545 WARN   ShapeSearchTree45Degree.complete_shape: cannot convert room shape Simplex to IntOctagon
2026-08-13 15:21:43.545 WARN   ShapeSearchTree45Degree.complete_shape: cannot convert room shape Simplex to IntOctagon
2026-08-13 15:21:43.545 WARN   ShapeSearchTree45Degree.complete_shape: cannot convert room shape Simplex to IntOctagon
2026-08-13 15:21:43.547 WARN   ShapeSearchTree45Degree.complete_shape: cannot convert room shape Simplex to IntOctagon
2026-08-13 15:21:43.547 WARN   ShapeSearchTree45Degree.complete_shape: cannot convert room shape Simplex to IntOctagon
2026-08-13 15:21:43.547 WARN   ShapeSearchTree45Degree.complete_shape: cannot convert room shape Simplex to IntOctagon
2026-08-13 15:21:43.547 WARN   ShapeSearchTree45Degree.complete_shape: cannot convert room shape Simplex to IntOctagon
2026-08-13 15:21:43.547 WARN   ShapeSearchTree45Degree.complete_shape: cannot convert room shape Simplex to IntOctagon
2026-08-13 15:21:43.547 WARN   ShapeSearchTree45Degree.complete_shape: cannot convert room shape Simplex to IntOctagon
2026-08-13 15:21:43.547 WARN   ShapeSearchTree45Degree.complete_shape: cannot convert room shape Simplex to IntOctagon
2026-08-13 15:21:43.547 WARN   ShapeSearchTree45Degree.complete_shape: cannot convert room shape Simplex to IntOctagon
2026-08-13 15:21:43.547 WARN   ShapeSearchTree45Degree.complete_shape: cannot convert room shape Simplex to IntOctagon
2026-08-13 15:21:43.547 WARN   ShapeSearchTree45Degree.complete_shape: cannot convert room shape Simplex to IntOctagon
2026-08-13 15:21:43.548 WARN   ShapeSearchTree45Degree.complete_shape: cannot convert room shape Simplex to IntOctagon
2026-08-13 15:21:43.548 WARN   ShapeSearchTree45Degree.complete_shape: cannot convert room shape Simplex to IntOctagon
2026-08-13 15:21:43.548 WARN   ShapeSearchTree45Degree.complete_shape: cannot convert room shape Simplex to IntOctagon
2026-08-13 15:21:43.548 WARN   ShapeSearchTree45Degree.complete_shape: cannot convert room shape Simplex to IntOctagon
2026-08-13 15:21:43.549 WARN   ShapeSearchTree45Degree.complete_shape: cannot convert room shape Simplex to IntOctagon
2026-08-13 15:21:43.550 WARN   ShapeSearchTree45Degree.complete_shape: cannot convert room shape Simplex to IntOctagon
2026-08-13 15:21:43.553 WARN   ShapeSearchTree45Degree.complete_shape: cannot convert room shape Simplex to IntOctagon
2026-08-13 15:21:43.554 WARN   ShapeSearchTree45Degree.complete_shape: cannot convert room shape Simplex to IntOctagon
2026-08-13 15:21:43.554 WARN   ShapeSearchTree45Degree.complete_shape: cannot convert room shape Simplex to IntOctagon
2026-08-13 15:21:43.554 WARN   ShapeSearchTree45Degree.complete_shape: cannot convert room shape Simplex to IntOctagon
2026-08-13 15:21:43.555 WARN   ShapeSearchTree45Degree.complete_shape: cannot convert room shape Simplex to IntOctagon
2026-08-13 15:21:43.555 WARN   ShapeSearchTree45Degree.complete_shape: cannot convert room shape Simplex to IntOctagon
2026-08-13 15:21:43.555 WARN   ShapeSearchTree45Degree.complete_shape: cannot convert room shape Simplex to IntOctagon
2026-08-13 15:21:43.555 WARN   ShapeSearchTree45Degree.complete_shape: cannot convert room shape Simplex to IntOctagon
2026-08-13 15:21:43.556 WARN   ShapeSearchTree45Degree.complete_shape: cannot convert room shape Simplex to IntOctagon
2026-08-13 15:21:43.561 WARN   ShapeSearchTree45Degree.complete_shape: cannot convert room shape Simplex to IntOctagon
2026-08-13 15:21:43.953 INFO   [0B550D\DCEEB2] Auto-router pass #5 on board '7d826fa8c868e382dbab49d3fff4ae6c' was completed in 1,99 seconds with the score of 892,35 (34 unrouted), using 609,71 CPU seconds and 23123 MB memory.
2026-08-13 15:21:45.012 INFO   [0B550D\DCEEB2] Auto-router pass #6 on board '56176972500f96e49e486100742a6156' was completed in 1,04 seconds with the score of 892,35 (34 unrouted), using 644,78 CPU seconds and 23817 MB memory.
2026-08-13 15:21:46.033 INFO   [0B550D\DCEEB2] Auto-router pass #7 on board '56176972500f96e49e486100742a6156' was completed in 1,01 seconds with the score of 892,35 (34 unrouted), using 680,84 CPU seconds and 24515 MB memory.
2026-08-13 15:22:07.948 INFO   [0B550D\DCEEB2] Auto-router pass #8 on board '56176972500f96e49e486100742a6156' was completed in 21,91 seconds with the score of 923,50 (26 unrouted), using 1721,88 CPU seconds and 40583 MB memory.
2026-08-13 15:22:08.157 WARN   ShapeSearchTree45Degree.complete_shape: cannot convert room shape Simplex to IntOctagon
2026-08-13 15:22:08.157 WARN   ShapeSearchTree45Degree.complete_shape: cannot convert room shape Simplex to IntOctagon
2026-08-13 15:22:08.157 WARN   ShapeSearchTree45Degree.complete_shape: cannot convert room shape Simplex to IntOctagon
2026-08-13 15:22:08.158 WARN   ShapeSearchTree45Degree.complete_shape: cannot convert room shape Simplex to IntOctagon
2026-08-13 15:22:08.158 WARN   ShapeSearchTree45Degree.complete_shape: cannot convert room shape Simplex to IntOctagon
2026-08-13 15:22:08.158 WARN   ShapeSearchTree45Degree.complete_shape: cannot convert room shape Simplex to IntOctagon
2026-08-13 15:22:08.158 WARN   ShapeSearchTree45Degree.complete_shape: cannot convert room shape Simplex to IntOctagon
2026-08-13 15:22:08.158 WARN   ShapeSearchTree45Degree.complete_shape: cannot convert room shape Simplex to IntOctagon
2026-08-13 15:22:08.158 WARN   ShapeSearchTree45Degree.complete_shape: cannot convert room shape Simplex to IntOctagon
2026-08-13 15:22:08.158 WARN   ShapeSearchTree45Degree.complete_shape: cannot convert room shape Simplex to IntOctagon
2026-08-13 15:22:08.158 WARN   ShapeSearchTree45Degree.complete_shape: cannot convert room shape Simplex to IntOctagon
2026-08-13 15:22:08.158 WARN   ShapeSearchTree45Degree.complete_shape: cannot convert room shape Simplex to IntOctagon
2026-08-13 15:22:08.158 WARN   ShapeSearchTree45Degree.complete_shape: cannot convert room shape Simplex to IntOctagon
2026-08-13 15:22:08.163 WARN   ShapeSearchTree45Degree.complete_shape: cannot convert room shape Simplex to IntOctagon
2026-08-13 15:22:08.163 WARN   ShapeSearchTree45Degree.complete_shape: cannot convert room shape Simplex to IntOctagon
2026-08-13 15:22:08.163 WARN   ShapeSearchTree45Degree.complete_shape: cannot convert room shape Simplex to IntOctagon
2026-08-13 15:22:08.164 WARN   ShapeSearchTree45Degree.complete_shape: cannot convert room shape Simplex to IntOctagon
2026-08-13 15:22:08.164 WARN   ShapeSearchTree45Degree.complete_shape: cannot convert room shape Simplex to IntOctagon
2026-08-13 15:22:08.164 WARN   ShapeSearchTree45Degree.complete_shape: cannot convert room shape Simplex to IntOctagon
2026-08-13 15:22:08.165 WARN   ShapeSearchTree45Degree.complete_shape: cannot convert room shape Simplex to IntOctagon
2026-08-13 15:22:08.165 WARN   ShapeSearchTree45Degree.complete_shape: cannot convert room shape Simplex to IntOctagon
2026-08-13 15:22:08.165 WARN   ShapeSearchTree45Degree.complete_shape: cannot convert room shape Simplex to IntOctagon
2026-08-13 15:22:08.165 WARN   ShapeSearchTree45Degree.complete_shape: cannot convert room shape Simplex to IntOctagon
2026-08-13 15:22:08.167 WARN   ShapeSearchTree45Degree.complete_shape: cannot convert room shape Simplex to IntOctagon
2026-08-13 15:22:08.167 WARN   ShapeSearchTree45Degree.complete_shape: cannot convert room shape Simplex to IntOctagon
2026-08-13 15:22:08.167 WARN   ShapeSearchTree45Degree.complete_shape: cannot convert room shape Simplex to IntOctagon
2026-08-13 15:22:08.167 WARN   ShapeSearchTree45Degree.complete_shape: cannot convert room shape Simplex to IntOctagon
2026-08-13 15:22:08.167 WARN   ShapeSearchTree45Degree.complete_shape: cannot convert room shape Simplex to IntOctagon
2026-08-13 15:22:08.167 WARN   ShapeSearchTree45Degree.complete_shape: cannot convert room shape Simplex to IntOctagon
2026-08-13 15:22:08.167 WARN   ShapeSearchTree45Degree.complete_shape: cannot convert room shape Simplex to IntOctagon
2026-08-13 15:22:08.167 WARN   ShapeSearchTree45Degree.complete_shape: cannot convert room shape Simplex to IntOctagon
2026-08-13 15:22:08.167 WARN   ShapeSearchTree45Degree.complete_shape: cannot convert room shape Simplex to IntOctagon
2026-08-13 15:22:08.168 WARN   ShapeSearchTree45Degree.complete_shape: cannot convert room shape Simplex to IntOctagon
2026-08-13 15:22:08.168 WARN   ShapeSearchTree45Degree.complete_shape: cannot convert room shape Simplex to IntOctagon
2026-08-13 15:22:08.168 WARN   ShapeSearchTree45Degree.complete_shape: cannot convert room shape Simplex to IntOctagon
2026-08-13 15:22:08.168 WARN   ShapeSearchTree45Degree.complete_shape: cannot convert room shape Simplex to IntOctagon
2026-08-13 15:22:08.169 WARN   ShapeSearchTree45Degree.complete_shape: cannot convert room shape Simplex to IntOctagon
2026-08-13 15:22:08.169 WARN   ShapeSearchTree45Degree.complete_shape: cannot convert room shape Simplex to IntOctagon
2026-08-13 15:22:08.169 WARN   ShapeSearchTree45Degree.complete_shape: cannot convert room shape Simplex to IntOctagon
2026-08-13 15:22:08.169 WARN   ShapeSearchTree45Degree.complete_shape: cannot convert room shape Simplex to IntOctagon
2026-08-13 15:22:08.169 WARN   ShapeSearchTree45Degree.complete_shape: cannot convert room shape Simplex to IntOctagon
2026-08-13 15:22:08.868 INFO   [0B550D\DCEEB2] Auto-router pass #9 on board 'b1a18f9e5de74da9f405cad2c77c06b9' was completed in 0,90 seconds with the score of 923,16 (26 unrouted), using 1780,44 CPU seconds and 41296 MB memory.
2026-08-13 15:22:09.745 INFO   [0B550D\DCEEB2] Auto-router pass #10 on board '4240f3ed472e6f6cfb124fc0f48a0166' was completed in 0,86 seconds with the score of 923,16 (26 unrouted), using 1840,00 CPU seconds and 42010 MB memory.
2026-08-13 15:22:10.663 INFO   [0B550D\DCEEB2] Auto-router pass #11 on board '4240f3ed472e6f6cfb124fc0f48a0166' was completed in 0,91 seconds with the score of 923,16 (26 unrouted), using 1900,53 CPU seconds and 42681 MB memory.
2026-08-13 15:22:26.881 INFO   [0B550D\DCEEB2] Auto-router pass #12 on board '4240f3ed472e6f6cfb124fc0f48a0166' was completed in 16,21 seconds with the score of 930,27 (24 unrouted), using 3001,60 CPU seconds and 54572 MB memory.
2026-08-13 15:22:27.738 INFO   [0B550D\DCEEB2] Auto-router pass #13 on board '462d9ea5851bd1a60941ae969151ea7f' was completed in 0,84 seconds with the score of 930,27 (24 unrouted), using 3078,72 CPU seconds and 55286 MB memory.
2026-08-13 15:22:28.611 INFO   [0B550D\DCEEB2] Auto-router pass #14 on board '462d9ea5851bd1a60941ae969151ea7f' was completed in 0,86 seconds with the score of 930,27 (24 unrouted), using 3156,82 CPU seconds and 55970 MB memory.
2026-08-13 15:22:29.434 INFO   [0B550D\DCEEB2] Auto-router pass #15 on board '462d9ea5851bd1a60941ae969151ea7f' was completed in 0,81 seconds with the score of 930,27 (24 unrouted), using 3156,82 CPU seconds and 55970 MB memory.
2026-08-13 15:22:47.127 INFO   [0B550D\DCEEB2] Auto-router pass #16 on board '462d9ea5851bd1a60941ae969151ea7f' was completed in 17,68 seconds with the score of 936,33 (22 unrouted), using 4729,40 CPU seconds and 68774 MB memory.
2026-08-13 15:22:47.991 INFO   [0B550D\DCEEB2] Auto-router pass #17 on board '834f2789b497cdb66a1e1764b38b7708' was completed in 0,84 seconds with the score of 936,08 (22 unrouted), using 4826,01 CPU seconds and 69432 MB memory.
2026-08-13 15:22:48.854 INFO   [0B550D\DCEEB2] Auto-router pass #18 on board '00fd1474613b582855b21bc069dc1d69' was completed in 0,84 seconds with the score of 936,08 (22 unrouted), using 4923,61 CPU seconds and 70102 MB memory.
2026-08-13 15:22:49.631 INFO   [0B550D\DCEEB2] Auto-router pass #19 on board '00fd1474613b582855b21bc069dc1d69' was completed in 0,77 seconds with the score of 936,08 (22 unrouted), using 5022,18 CPU seconds and 70811 MB memory.
2026-08-13 15:23:04.897 INFO   [0B550D\DCEEB2] Auto-router pass #20 on board '00fd1474613b582855b21bc069dc1d69' was completed in 15,26 seconds with the score of 938,94 (21 unrouted), using 6617,54 CPU seconds and 82184 MB memory.
2026-08-13 15:23:05.629 INFO   [0B550D\DCEEB2] Auto-router pass #21 on board 'ab895b3dfb6fd09babff4d1801e1ae66' was completed in 0,71 seconds with the score of 938,94 (21 unrouted), using 6731,64 CPU seconds and 82957 MB memory.
2026-08-13 15:23:06.309 INFO   [0B550D\DCEEB2] Auto-router pass #22 on board 'ab895b3dfb6fd09babff4d1801e1ae66' was completed in 0,67 seconds with the score of 938,94 (21 unrouted), using 6731,64 CPU seconds and 82957 MB memory.
2026-08-13 15:23:06.999 INFO   [0B550D\DCEEB2] Auto-router pass #23 on board 'ab895b3dfb6fd09babff4d1801e1ae66' was completed in 0,68 seconds with the score of 938,94 (21 unrouted), using 6846,72 CPU seconds and 83736 MB memory.
2026-08-13 15:23:13.311 WARN   PolylineTrace.get_trace_connection_shape p_index out of range
2026-08-13 15:23:13.311 ERROR  AutorouteEngine.autoroute_connection: Exception in maze_search_algo.find_connection
java.lang.NullPointerException: null
2026-08-13 15:23:13.311 ERROR  AutorouteEngine.autoroute_connection: Exception in maze_search_algo.find_connection
java.lang.NullPointerException: null
2026-08-13 15:23:13.590 WARN   PolylineTrace.get_trace_connection_shape p_index out of range
2026-08-13 15:23:13.590 ERROR  AutorouteEngine.autoroute_connection: Exception in maze_search_algo.find_connection
java.lang.NullPointerException: null
2026-08-13 15:23:13.590 ERROR  AutorouteEngine.autoroute_connection: Exception in maze_search_algo.find_connection
java.lang.NullPointerException: null
2026-08-13 15:23:16.612 INFO   [0B550D\DCEEB2] Restoring an earlier board that has the score of 938,94 (21 unrouted).
2026-08-13 15:23:16.612 INFO   [0B550D\DCEEB2] Auto-router pass #24 on board 'ab895b3dfb6fd09babff4d1801e1ae66' was completed in 9,61 seconds with the score of 938,57 (22 unrouted), using 8051,27 CPU seconds and 92068 MB memory.
2026-08-13 15:23:22.863 INFO   [0B550D\DCEEB2] Auto-router pass #25 on board 'ab895b3dfb6fd09babff4d1801e1ae66' was completed in 6,24 seconds with the score of 945,00 (18 unrouted), using 8820,70 CPU seconds and 97766 MB memory.
2026-08-13 15:23:22.987 WARN   ItemAutorouteInfo.get_expansion_room: p_index out of range
2026-08-13 15:23:22.987 WARN   ItemAutorouteInfo.get_expansion_room: p_index out of range
2026-08-13 15:23:22.987 WARN   ItemAutorouteInfo.get_expansion_room: p_index out of range
2026-08-13 15:23:22.993 WARN   ItemAutorouteInfo.get_expansion_room: p_index out of range
2026-08-13 15:23:22.993 WARN   ItemAutorouteInfo.get_expansion_room: p_index out of range
2026-08-13 15:23:22.993 WARN   ItemAutorouteInfo.get_expansion_room: p_index out of range
2026-08-13 15:23:22.993 WARN   ItemAutorouteInfo.get_expansion_room: p_index out of range
2026-08-13 15:23:22.993 WARN   ItemAutorouteInfo.get_expansion_room: p_index out of range
2026-08-13 15:23:22.993 WARN   ItemAutorouteInfo.get_expansion_room: p_index out of range
2026-08-13 15:23:22.993 WARN   ItemAutorouteInfo.get_expansion_room: p_index out of range
2026-08-13 15:23:22.993 WARN   ItemAutorouteInfo.get_expansion_room: p_index out of range
2026-08-13 15:23:22.993 WARN   ItemAutorouteInfo.get_expansion_room: p_index out of range
2026-08-13 15:23:22.993 WARN   ItemAutorouteInfo.get_expansion_room: p_index out of range
2026-08-13 15:23:22.993 WARN   ItemAutorouteInfo.get_expansion_room: p_index out of range
2026-08-13 15:23:22.993 WARN   ItemAutorouteInfo.get_expansion_room: p_index out of range
2026-08-13 15:23:23.000 WARN   ItemAutorouteInfo.get_expansion_room: p_index out of range
2026-08-13 15:23:23.000 WARN   ItemAutorouteInfo.get_expansion_room: p_index out of range
2026-08-13 15:23:23.010 WARN   ItemAutorouteInfo.get_expansion_room: p_index out of range
2026-08-13 15:23:23.010 WARN   ItemAutorouteInfo.get_expansion_room: p_index out of range
2026-08-13 15:23:23.010 WARN   ItemAutorouteInfo.get_expansion_room: p_index out of range
2026-08-13 15:23:23.016 WARN   ItemAutorouteInfo.get_expansion_room: p_index out of range
2026-08-13 15:23:23.016 WARN   ItemAutorouteInfo.get_expansion_room: p_index out of range
2026-08-13 15:23:23.016 WARN   ItemAutorouteInfo.get_expansion_room: p_index out of range
2026-08-13 15:23:23.016 WARN   ItemAutorouteInfo.get_expansion_room: p_index out of range
2026-08-13 15:23:23.078 WARN   ItemAutorouteInfo.get_expansion_room: p_index out of range
2026-08-13 15:23:23.078 WARN   ItemAutorouteInfo.get_expansion_room: p_index out of range
2026-08-13 15:23:23.078 WARN   ItemAutorouteInfo.get_expansion_room: p_index out of range
2026-08-13 15:23:23.078 WARN   ItemAutorouteInfo.get_expansion_room: p_index out of range
2026-08-13 15:23:23.078 WARN   ItemAutorouteInfo.get_expansion_room: p_index out of range
2026-08-13 15:23:23.078 WARN   ItemAutorouteInfo.get_expansion_room: p_index out of range
2026-08-13 15:23:23.078 WARN   ItemAutorouteInfo.get_expansion_room: p_index out of range
2026-08-13 15:23:23.078 WARN   ItemAutorouteInfo.get_expansion_room: p_index out of range
2026-08-13 15:23:23.078 WARN   ItemAutorouteInfo.get_expansion_room: p_index out of range
2026-08-13 15:23:23.079 WARN   ItemAutorouteInfo.get_expansion_room: p_index out of range
2026-08-13 15:23:23.079 WARN   ItemAutorouteInfo.get_expansion_room: p_index out of range
2026-08-13 15:23:23.103 WARN   ItemAutorouteInfo.get_expansion_room: p_index out of range
2026-08-13 15:23:23.103 WARN   ItemAutorouteInfo.get_expansion_room: p_index out of range
2026-08-13 15:23:23.103 WARN   ItemAutorouteInfo.get_expansion_room: p_index out of range
2026-08-13 15:23:23.116 WARN   ItemAutorouteInfo.get_expansion_room: p_index out of range
2026-08-13 15:23:23.117 WARN   ItemAutorouteInfo.get_expansion_room: p_index out of range
2026-08-13 15:23:23.117 WARN   ItemAutorouteInfo.get_expansion_room: p_index out of range
2026-08-13 15:23:23.123 WARN   ItemAutorouteInfo.get_expansion_room: p_index out of range
2026-08-13 15:23:23.123 WARN   ItemAutorouteInfo.get_expansion_room: p_index out of range
2026-08-13 15:23:23.127 WARN   ItemAutorouteInfo.get_expansion_room: p_index out of range
2026-08-13 15:23:23.127 WARN   ItemAutorouteInfo.get_expansion_room: p_index out of range
2026-08-13 15:23:23.127 WARN   ItemAutorouteInfo.get_expansion_room: p_index out of range
2026-08-13 15:23:23.127 WARN   ItemAutorouteInfo.get_expansion_room: p_index out of range
2026-08-13 15:23:23.127 WARN   ItemAutorouteInfo.get_expansion_room: p_index out of range
2026-08-13 15:23:23.128 WARN   ItemAutorouteInfo.get_expansion_room: p_index out of range
2026-08-13 15:23:23.128 WARN   ItemAutorouteInfo.get_expansion_room: p_index out of range
2026-08-13 15:23:23.128 WARN   ItemAutorouteInfo.get_expansion_room: p_index out of range
2026-08-13 15:23:23.159 WARN   ItemAutorouteInfo.get_expansion_room: p_index out of range
2026-08-13 15:23:23.159 WARN   ItemAutorouteInfo.get_expansion_room: p_index out of range
2026-08-13 15:23:23.159 WARN   ItemAutorouteInfo.get_expansion_room: p_index out of range
2026-08-13 15:23:23.159 WARN   ItemAutorouteInfo.get_expansion_room: p_index out of range
2026-08-13 15:23:23.159 WARN   ItemAutorouteInfo.get_expansion_room: p_index out of range
2026-08-13 15:23:23.159 WARN   ItemAutorouteInfo.get_expansion_room: p_index out of range
2026-08-13 15:23:23.159 WARN   ItemAutorouteInfo.get_expansion_room: p_index out of range
2026-08-13 15:23:23.159 WARN   ItemAutorouteInfo.get_expansion_room: p_index out of range
2026-08-13 15:23:27.835 INFO   [0B550D\DCEEB2] Auto-router pass #26 on board '063bd59fc0805cbfa12fdd2520bb417f' was completed in 4,95 seconds with the score of 948,59 (17 unrouted), using 9488,58 CPU seconds and 102274 MB memory.
2026-08-13 15:23:32.278 INFO   [0B550D\DCEEB2] Auto-router pass #27 on board 'de7fe2c0671e5a60291b96504a6b6a5c' was completed in 4,42 seconds with the score of 943,92 (20 unrouted), using 10040,46 CPU seconds and 105585 MB memory.
2026-08-13 15:23:51.425 INFO   [0B550D\DCEEB2] Auto-router pass #28 on board 'd7c8b8176f1ef51a2ecc347a1e64d9d0' was completed in 19,13 seconds with the score of 956,18 (14 unrouted), using 12874,47 CPU seconds and 122082 MB memory.
2026-08-13 15:23:56.548 INFO   [0B550D\DCEEB2] Auto-router pass #29 on board '41a77667e022ac010594fe43b0b2fc8e' was completed in 5,10 seconds with the score of 952,81 (16 unrouted), using 13842,02 CPU seconds and 127296 MB memory.
2026-08-13 15:24:00.784 INFO   [0B550D\DCEEB2] Auto-router pass #30 on board 'e84ef4b1414a3a715e3a9a55664ad424' was completed in 4,22 seconds with the score of 963,47 (10 unrouted), using 14506,52 CPU seconds and 130792 MB memory.
2026-08-13 15:24:02.204 INFO   [0B550D\DCEEB2] Auto-router pass #31 on board 'ea23721e30a56b891b75649b2d171406' was completed in 1,40 seconds with the score of 961,73 (11 unrouted), using 14675,08 CPU seconds and 131655 MB memory.
2026-08-13 15:24:08.828 INFO   [0B550D\DCEEB2] Restoring an earlier board that has the score of 963,47 (10 unrouted).
2026-08-13 15:24:08.828 INFO   [0B550D\DCEEB2] Auto-router pass #32 on board '24577ba35ca90fce7203e3d406f9b61d' was completed in 6,60 seconds with the score of 962,07 (11 unrouted), using 15882,26 CPU seconds and 137599 MB memory.
2026-08-13 15:24:13.096 INFO   [0B550D\DCEEB2] Auto-router pass #33 on board 'ea23721e30a56b891b75649b2d171406' was completed in 4,26 seconds with the score of 964,43 (9 unrouted), using 16593,38 CPU seconds and 141115 MB memory.
2026-08-13 15:24:13.160 WARN   ItemAutorouteInfo.get_expansion_room: p_index out of range
2026-08-13 15:24:13.160 WARN   ItemAutorouteInfo.get_expansion_room: p_index out of range
2026-08-13 15:24:13.160 WARN   ItemAutorouteInfo.get_expansion_room: p_index out of range
2026-08-13 15:24:13.160 WARN   ItemAutorouteInfo.get_expansion_room: p_index out of range
2026-08-13 15:24:13.160 WARN   ItemAutorouteInfo.get_expansion_room: p_index out of range
2026-08-13 15:24:13.162 WARN   ItemAutorouteInfo.get_expansion_room: p_index out of range
2026-08-13 15:24:13.162 WARN   ItemAutorouteInfo.get_expansion_room: p_index out of range
2026-08-13 15:24:13.162 WARN   ItemAutorouteInfo.get_expansion_room: p_index out of range
2026-08-13 15:24:13.162 WARN   ItemAutorouteInfo.get_expansion_room: p_index out of range
2026-08-13 15:24:13.162 WARN   ItemAutorouteInfo.get_expansion_room: p_index out of range
2026-08-13 15:24:13.162 WARN   ItemAutorouteInfo.get_expansion_room: p_index out of range
2026-08-13 15:24:13.167 WARN   ItemAutorouteInfo.get_expansion_room: p_index out of range
2026-08-13 15:24:13.167 WARN   ItemAutorouteInfo.get_expansion_room: p_index out of range
2026-08-13 15:24:13.167 WARN   ItemAutorouteInfo.get_expansion_room: p_index out of range
2026-08-13 15:24:13.167 WARN   ItemAutorouteInfo.get_expansion_room: p_index out of range
2026-08-13 15:24:13.167 WARN   ItemAutorouteInfo.get_expansion_room: p_index out of range
2026-08-13 15:24:13.167 WARN   ItemAutorouteInfo.get_expansion_room: p_index out of range
2026-08-13 15:24:13.167 WARN   ItemAutorouteInfo.get_expansion_room: p_index out of range
2026-08-13 15:24:13.167 WARN   ItemAutorouteInfo.get_expansion_room: p_index out of range
2026-08-13 15:24:13.167 WARN   ItemAutorouteInfo.get_expansion_room: p_index out of range
2026-08-13 15:24:13.167 WARN   ItemAutorouteInfo.get_expansion_room: p_index out of range
2026-08-13 15:24:13.167 WARN   ItemAutorouteInfo.get_expansion_room: p_index out of range
2026-08-13 15:24:13.167 WARN   ItemAutorouteInfo.get_expansion_room: p_index out of range
2026-08-13 15:24:13.167 WARN   ItemAutorouteInfo.get_expansion_room: p_index out of range
2026-08-13 15:24:13.172 WARN   ItemAutorouteInfo.get_expansion_room: p_index out of range
2026-08-13 15:24:13.172 WARN   ItemAutorouteInfo.get_expansion_room: p_index out of range
2026-08-13 15:24:13.180 WARN   ItemAutorouteInfo.get_expansion_room: p_index out of range
2026-08-13 15:24:13.180 WARN   ItemAutorouteInfo.get_expansion_room: p_index out of range
2026-08-13 15:24:13.180 WARN   ItemAutorouteInfo.get_expansion_room: p_index out of range
2026-08-13 15:24:13.180 WARN   ItemAutorouteInfo.get_expansion_room: p_index out of range
2026-08-13 15:24:13.180 WARN   ItemAutorouteInfo.get_expansion_room: p_index out of range
2026-08-13 15:24:13.180 WARN   ItemAutorouteInfo.get_expansion_room: p_index out of range
2026-08-13 15:24:13.209 WARN   ItemAutorouteInfo.get_expansion_room: p_index out of range
2026-08-13 15:24:13.209 WARN   ItemAutorouteInfo.get_expansion_room: p_index out of range
2026-08-13 15:24:13.209 WARN   ItemAutorouteInfo.get_expansion_room: p_index out of range
2026-08-13 15:24:13.209 WARN   ItemAutorouteInfo.get_expansion_room: p_index out of range
2026-08-13 15:24:13.211 WARN   ItemAutorouteInfo.get_expansion_room: p_index out of range
2026-08-13 15:24:13.211 WARN   ItemAutorouteInfo.get_expansion_room: p_index out of range
2026-08-13 15:24:13.211 WARN   ItemAutorouteInfo.get_expansion_room: p_index out of range
2026-08-13 15:24:13.211 WARN   ItemAutorouteInfo.get_expansion_room: p_index out of range
2026-08-13 15:24:13.211 WARN   ItemAutorouteInfo.get_expansion_room: p_index out of range
2026-08-13 15:24:13.211 WARN   ItemAutorouteInfo.get_expansion_room: p_index out of range
2026-08-13 15:24:13.211 WARN   ItemAutorouteInfo.get_expansion_room: p_index out of range
2026-08-13 15:24:13.211 WARN   ItemAutorouteInfo.get_expansion_room: p_index out of range
2026-08-13 15:24:13.212 WARN   ItemAutorouteInfo.get_expansion_room: p_index out of range
2026-08-13 15:24:13.212 WARN   ItemAutorouteInfo.get_expansion_room: p_index out of range
2026-08-13 15:24:13.212 WARN   ItemAutorouteInfo.get_expansion_room: p_index out of range
2026-08-13 15:24:13.212 WARN   ItemAutorouteInfo.get_expansion_room: p_index out of range
2026-08-13 15:24:13.212 WARN   ItemAutorouteInfo.get_expansion_room: p_index out of range
2026-08-13 15:24:13.212 WARN   ItemAutorouteInfo.get_expansion_room: p_index out of range
2026-08-13 15:24:13.212 WARN   ItemAutorouteInfo.get_expansion_room: p_index out of range
2026-08-13 15:24:13.212 WARN   ItemAutorouteInfo.get_expansion_room: p_index out of range
2026-08-13 15:24:13.212 WARN   ItemAutorouteInfo.get_expansion_room: p_index out of range
2026-08-13 15:24:13.212 WARN   ItemAutorouteInfo.get_expansion_room: p_index out of range
2026-08-13 15:24:13.212 WARN   ItemAutorouteInfo.get_expansion_room: p_index out of range
2026-08-13 15:24:13.213 WARN   ItemAutorouteInfo.get_expansion_room: p_index out of range
2026-08-13 15:24:13.213 WARN   ItemAutorouteInfo.get_expansion_room: p_index out of range
2026-08-13 15:24:13.215 WARN   ItemAutorouteInfo.get_expansion_room: p_index out of range
2026-08-13 15:24:13.290 WARN   ItemAutorouteInfo.get_expansion_room: p_index out of range
2026-08-13 15:24:13.292 WARN   ItemAutorouteInfo.get_expansion_room: p_index out of range
2026-08-13 15:24:13.292 WARN   ItemAutorouteInfo.get_expansion_room: p_index out of range
2026-08-13 15:24:13.292 WARN   ItemAutorouteInfo.get_expansion_room: p_index out of range
2026-08-13 15:24:13.292 WARN   ItemAutorouteInfo.get_expansion_room: p_index out of range
2026-08-13 15:24:13.389 WARN   ItemAutorouteInfo.get_expansion_room: p_index out of range
2026-08-13 15:24:13.389 WARN   ItemAutorouteInfo.get_expansion_room: p_index out of range
2026-08-13 15:24:13.389 WARN   ItemAutorouteInfo.get_expansion_room: p_index out of range
2026-08-13 15:24:13.399 WARN   ItemAutorouteInfo.get_expansion_room: p_index out of range
2026-08-13 15:24:13.413 WARN   ItemAutorouteInfo.get_expansion_room: p_index out of range
2026-08-13 15:24:15.221 INFO   [0B550D\DCEEB2] Auto-router pass #34 on board '53ecd5c359942dd4e628324e0cccb404' was completed in 2,10 seconds with the score of 962,85 (10 unrouted), using 16954,77 CPU seconds and 142881 MB memory.
2026-08-13 15:24:18.080 INFO   [0B550D\DCEEB2] Auto-router pass #35 on board '86e657c962918b901a6075cc81e75f0b' was completed in 2,84 seconds with the score of 964,29 (9 unrouted), using 17504,15 CPU seconds and 145553 MB memory.
2026-08-13 15:24:28.617 INFO   [0B550D\DCEEB2] Auto-router pass #36 on board '74bac154c497f862e39652ec4a6cf74f' was completed in 10,52 seconds with the score of 968,58 (7 unrouted), using 19593,41 CPU seconds and 155376 MB memory.
2026-08-13 15:24:28.772 ERROR  AutorouteEngine.autoroute_connection: Exception in maze_search_algo.find_connection
java.lang.ArrayIndexOutOfBoundsException: Index 5 out of bounds for length 5
	at app.freerouting.autoroute.MazeShoveTraceAlgo.check_shove_trace_line(MazeShoveTraceAlgo.java:123) ~[freerouting.jar:unspecified]
	at app.freerouting.autoroute.MazeSearchAlgo.shove_trace_room(MazeSearchAlgo.java:1214) ~[freerouting.jar:unspecified]
	at app.freerouting.autoroute.MazeSearchAlgo.expand_to_room_doors(MazeSearchAlgo.java:443) ~[freerouting.jar:unspecified]
	at app.freerouting.autoroute.MazeSearchAlgo.occupy_next_element(MazeSearchAlgo.java:286) ~[freerouting.jar:unspecified]
	at app.freerouting.autoroute.MazeSearchAlgo.find_connection(MazeSearchAlgo.java:206) ~[freerouting.jar:unspecified]
	at app.freerouting.autoroute.AutorouteEngine.autoroute_connection(AutorouteEngine.java:155) [freerouting.jar:unspecified]
	at app.freerouting.autoroute.BatchAutorouter.autoroute_item(BatchAutorouter.java:610) [freerouting.jar:unspecified]
	at app.freerouting.autoroute.BatchAutorouter.autoroute_pass(BatchAutorouter.java:332) [freerouting.jar:unspecified]
	at app.freerouting.autoroute.BatchAutorouter.runBatchLoop(BatchAutorouter.java:447) [freerouting.jar:unspecified]
	at app.freerouting.management.RoutingJobSchedulerActionThread.thread_action(RoutingJobSchedulerActionThread.java:131) [freerouting.jar:unspecified]
	at app.freerouting.core.StoppableThread.run(StoppableThread.java:26) [freerouting.jar:unspecified]
2026-08-13 15:24:28.772 ERROR  AutorouteEngine.autoroute_connection: Exception in maze_search_algo.find_connection
java.lang.ArrayIndexOutOfBoundsException: Index 5 out of bounds for length 5
	at app.freerouting.autoroute.MazeShoveTraceAlgo.check_shove_trace_line(MazeShoveTraceAlgo.java:123) ~[freerouting.jar:unspecified]
	at app.freerouting.autoroute.MazeSearchAlgo.shove_trace_room(MazeSearchAlgo.java:1214) ~[freerouting.jar:unspecified]
	at app.freerouting.autoroute.MazeSearchAlgo.expand_to_room_doors(MazeSearchAlgo.java:443) ~[freerouting.jar:unspecified]
	at app.freerouting.autoroute.MazeSearchAlgo.occupy_next_element(MazeSearchAlgo.java:286) ~[freerouting.jar:unspecified]
	at app.freerouting.autoroute.MazeSearchAlgo.find_connection(MazeSearchAlgo.java:206) ~[freerouting.jar:unspecified]
	at app.freerouting.autoroute.AutorouteEngine.autoroute_connection(AutorouteEngine.java:155) [freerouting.jar:unspecified]
	at app.freerouting.autoroute.BatchAutorouter.autoroute_item(BatchAutorouter.java:610) [freerouting.jar:unspecified]
	at app.freerouting.autoroute.BatchAutorouter.autoroute_pass(BatchAutorouter.java:332) [freerouting.jar:unspecified]
	at app.freerouting.autoroute.BatchAutorouter.runBatchLoop(BatchAutorouter.java:447) [freerouting.jar:unspecified]
	at app.freerouting.management.RoutingJobSchedulerActionThread.thread_action(RoutingJobSchedulerActionThread.java:131) [freerouting.jar:unspecified]
	at app.freerouting.core.StoppableThread.run(StoppableThread.java:26) [freerouting.jar:unspecified]
2026-08-13 15:24:30.072 ERROR  AutorouteEngine.autoroute_connection: Exception in maze_search_algo.find_connection
java.lang.ArrayIndexOutOfBoundsException: null
2026-08-13 15:24:30.072 ERROR  AutorouteEngine.autoroute_connection: Exception in maze_search_algo.find_connection
java.lang.ArrayIndexOutOfBoundsException: null
2026-08-13 15:24:32.412 INFO   [0B550D\DCEEB2] Auto-router pass #37 on board 'b5d6614b8415216ca0d939151c30f25e' was completed in 3,77 seconds with the score of 966,75 (8 unrouted), using 20183,62 CPU seconds and 157957 MB memory.
2026-08-13 15:24:35.449 INFO   [0B550D\DCEEB2] Auto-router pass #38 on board '9a344030641e40b3762820d58b107d71' was completed in 3,01 seconds with the score of 967,01 (8 unrouted), using 20782,56 CPU seconds and 160345 MB memory.
2026-08-13 15:24:38.569 INFO   [0B550D\DCEEB2] Auto-router pass #39 on board '22f56096a676b3d27a12efbb34dd4045' was completed in 3,10 seconds with the score of 968,08 (7 unrouted), using 21594,83 CPU seconds and 163895 MB memory.
2026-08-13 15:24:45.039 INFO   [0B550D\DCEEB2] Auto-router pass #40 on board 'defca8d1bae3815873ac34f10f3e249b' was completed in 6,45 seconds with the score of 970,39 (6 unrouted), using 22842,42 CPU seconds and 169026 MB memory.
2026-08-13 15:24:47.044 INFO   [0B550D\DCEEB2] Auto-router pass #41 on board 'b126f49359d0f7a9908067c916c7cca8' was completed in 1,98 seconds with the score of 967,00 (8 unrouted), using 23266,07 CPU seconds and 170646 MB memory.
2026-08-13 15:24:49.298 INFO   [0B550D\DCEEB2] Auto-router pass #42 on board 'fa6bc615c4da413d8a6102b1e4d9f85c' was completed in 2,23 seconds with the score of 964,96 (9 unrouted), using 23693,63 CPU seconds and 172522 MB memory.
2026-08-13 15:24:53.643 INFO   [0B550D\DCEEB2] Auto-router pass #43 on board 'f8a6967d15dfb6e7d0073c13a7f148e0' was completed in 4,32 seconds with the score of 964,99 (9 unrouted), using 24779,61 CPU seconds and 176979 MB memory.
2026-08-13 15:25:05.465 INFO   [0B550D\DCEEB2] Restoring an earlier board that has the score of 970,39 (6 unrouted).
2026-08-13 15:25:05.465 INFO   [0B550D\DCEEB2] Auto-router pass #44 on board '3d3204eb8ba629c2bbb534007c5ee109' was completed in 11,80 seconds with the score of 961,41 (11 unrouted), using 27254,28 CPU seconds and 186216 MB memory.
2026-08-13 15:25:10.045 INFO   [0B550D\DCEEB2] Auto-router pass #45 on board 'b126f49359d0f7a9908067c916c7cca8' was completed in 4,57 seconds with the score of 967,56 (8 unrouted), using 28417,84 CPU seconds and 190815 MB memory.
2026-08-13 15:25:13.814 INFO   [0B550D\DCEEB2] Auto-router pass #46 on board '05d8f0ac89cf899b1e8df157175d8ab0' was completed in 3,75 seconds with the score of 973,74 (4 unrouted), using 29366,12 CPU seconds and 194443 MB memory.
2026-08-13 15:25:15.962 INFO   [0B550D\DCEEB2] Auto-router pass #47 on board '4b45040b98774423ffa6fb804d30a096' was completed in 2,12 seconds with the score of 972,10 (5 unrouted), using 29846,09 CPU seconds and 196245 MB memory.
2026-08-13 15:25:25.253 INFO   [0B550D\DCEEB2] Auto-router pass #48 on board '4bd50d6c4eb5f23735f2d2111a150362' was completed in 9,27 seconds with the score of 973,79 (4 unrouted), using 32053,93 CPU seconds and 203875 MB memory.
2026-08-13 15:25:25.304 WARN   ItemAutorouteInfo.get_expansion_room: p_index out of range
2026-08-13 15:25:25.304 WARN   ItemAutorouteInfo.get_expansion_room: p_index out of range
2026-08-13 15:25:25.304 WARN   ItemAutorouteInfo.get_expansion_room: p_index out of range
2026-08-13 15:25:25.304 WARN   ItemAutorouteInfo.get_expansion_room: p_index out of range
2026-08-13 15:25:25.304 WARN   ItemAutorouteInfo.get_expansion_room: p_index out of range
2026-08-13 15:25:25.304 WARN   ItemAutorouteInfo.get_expansion_room: p_index out of range
2026-08-13 15:25:25.322 WARN   ItemAutorouteInfo.get_expansion_room: p_index out of range
2026-08-13 15:25:25.322 WARN   ItemAutorouteInfo.get_expansion_room: p_index out of range
2026-08-13 15:25:25.322 WARN   ItemAutorouteInfo.get_expansion_room: p_index out of range
2026-08-13 15:25:25.322 WARN   ItemAutorouteInfo.get_expansion_room: p_index out of range
2026-08-13 15:25:25.327 WARN   ItemAutorouteInfo.get_expansion_room: p_index out of range
2026-08-13 15:25:25.327 WARN   ItemAutorouteInfo.get_expansion_room: p_index out of range
2026-08-13 15:25:25.327 WARN   ItemAutorouteInfo.get_expansion_room: p_index out of range
2026-08-13 15:25:25.340 WARN   ItemAutorouteInfo.get_expansion_room: p_index out of range
2026-08-13 15:25:25.341 WARN   ItemAutorouteInfo.get_expansion_room: p_index out of range
2026-08-13 15:25:25.341 WARN   ItemAutorouteInfo.get_expansion_room: p_index out of range
2026-08-13 15:25:25.341 WARN   ItemAutorouteInfo.get_expansion_room: p_index out of range
2026-08-13 15:25:25.341 WARN   ItemAutorouteInfo.get_expansion_room: p_index out of range
2026-08-13 15:25:25.342 WARN   ItemAutorouteInfo.get_expansion_room: p_index out of range
2026-08-13 15:25:25.342 WARN   ItemAutorouteInfo.get_expansion_room: p_index out of range
2026-08-13 15:25:25.342 WARN   ItemAutorouteInfo.get_expansion_room: p_index out of range
2026-08-13 15:25:25.342 WARN   ItemAutorouteInfo.get_expansion_room: p_index out of range
2026-08-13 15:25:25.342 WARN   ItemAutorouteInfo.get_expansion_room: p_index out of range
2026-08-13 15:25:25.342 WARN   ItemAutorouteInfo.get_expansion_room: p_index out of range
2026-08-13 15:25:25.342 WARN   ItemAutorouteInfo.get_expansion_room: p_index out of range
2026-08-13 15:25:25.342 WARN   ItemAutorouteInfo.get_expansion_room: p_index out of range
2026-08-13 15:25:25.342 WARN   ItemAutorouteInfo.get_expansion_room: p_index out of range
2026-08-13 15:25:25.342 WARN   ItemAutorouteInfo.get_expansion_room: p_index out of range
2026-08-13 15:25:25.343 WARN   ItemAutorouteInfo.get_expansion_room: p_index out of range
2026-08-13 15:25:25.343 WARN   ItemAutorouteInfo.get_expansion_room: p_index out of range
2026-08-13 15:25:25.343 WARN   ItemAutorouteInfo.get_expansion_room: p_index out of range
2026-08-13 15:25:25.343 WARN   ItemAutorouteInfo.get_expansion_room: p_index out of range
2026-08-13 15:25:25.343 WARN   ItemAutorouteInfo.get_expansion_room: p_index out of range
2026-08-13 15:25:25.343 WARN   ItemAutorouteInfo.get_expansion_room: p_index out of range
2026-08-13 15:25:25.343 WARN   ItemAutorouteInfo.get_expansion_room: p_index out of range
2026-08-13 15:25:25.343 WARN   ItemAutorouteInfo.get_expansion_room: p_index out of range
2026-08-13 15:25:26.900 INFO   [0B550D\DCEEB2] Auto-router pass #49 on board '98a7d55b29d73c99c4715d090d144824' was completed in 1,62 seconds with the score of 976,83 (2 unrouted), using 32555,19 CPU seconds and 205679 MB memory.
2026-08-13 15:25:27.457 INFO   [0B550D\DCEEB2] Auto-router pass #50 on board 'e5c17babcffa3de87a6aaa10dea2fcf6' was completed in 0,53 seconds with the score of 978,26 (1 unrouted), using 32555,19 CPU seconds and 205679 MB memory.
2026-08-13 15:25:27.566 INFO   [0B550D\DCEEB2] Auto-router pass #51 on board '646eee93fd81c82eecffb3d9d81cb448' was completed in 0,08 seconds with the score of 978,26 (1 unrouted), using 32555,19 CPU seconds and 205679 MB memory.
2026-08-13 15:25:27.684 INFO   [0B550D\DCEEB2] Restoring an earlier board that has the score of 978,26 (1 unrouted).
2026-08-13 15:25:27.684 INFO   [0B550D\DCEEB2] Auto-router pass #52 on board '646eee93fd81c82eecffb3d9d81cb448' was completed in 0,11 seconds with the score of 978,26 (1 unrouted), using 32807,27 CPU seconds and 206530 MB memory.
2026-08-13 15:25:28.806 INFO   [0B550D\DCEEB2] Auto-router pass #53 on board '646eee93fd81c82eecffb3d9d81cb448' was completed in 1,11 seconds with the score of 978,26 (1 unrouted), using 33060,32 CPU seconds and 207384 MB memory.
2026-08-13 15:25:28.899 INFO   [0B550D\DCEEB2] Auto-router pass #54 on board '646eee93fd81c82eecffb3d9d81cb448' was completed in 0,08 seconds with the score of 978,26 (1 unrouted), using 33060,32 CPU seconds and 207384 MB memory.
2026-08-13 15:25:29.000 INFO   [0B550D\DCEEB2] Auto-router pass #55 on board '646eee93fd81c82eecffb3d9d81cb448' was completed in 0,09 seconds with the score of 978,26 (1 unrouted), using 33060,32 CPU seconds and 207384 MB memory.
2026-08-13 15:25:30.933 INFO   [0B550D\DCEEB2] Restoring an earlier board that has the score of 978,26 (1 unrouted).
2026-08-13 15:25:30.933 INFO   [0B550D\DCEEB2] Auto-router pass #56 on board '646eee93fd81c82eecffb3d9d81cb448' was completed in 1,92 seconds with the score of 978,26 (1 unrouted), using 33569,29 CPU seconds and 209121 MB memory.
2026-08-13 15:25:32.105 INFO   [0B550D\DCEEB2] Auto-router pass #57 on board '646eee93fd81c82eecffb3d9d81cb448' was completed in 1,16 seconds with the score of 978,26 (1 unrouted), using 33825,22 CPU seconds and 209977 MB memory.
2026-08-13 15:25:32.185 INFO   [0B550D\DCEEB2] Auto-router pass #58 on board '646eee93fd81c82eecffb3d9d81cb448' was completed in 0,07 seconds with the score of 978,26 (1 unrouted), using 33825,22 CPU seconds and 209977 MB memory.
2026-08-13 15:25:32.272 INFO   [0B550D\DCEEB2] Auto-router pass #59 on board '646eee93fd81c82eecffb3d9d81cb448' was completed in 0,08 seconds with the score of 978,26 (1 unrouted), using 33825,22 CPU seconds and 209977 MB memory.
2026-08-13 15:25:34.087 INFO   [0B550D\DCEEB2] Restoring an earlier board that has the score of 978,26 (1 unrouted).
2026-08-13 15:25:34.087 INFO   [0B550D\DCEEB2] Auto-router pass #60 on board '646eee93fd81c82eecffb3d9d81cb448' was completed in 1,81 seconds with the score of 978,26 (1 unrouted), using 34339,91 CPU seconds and 211792 MB memory.
2026-08-13 15:25:35.308 INFO   [0B550D\DCEEB2] Auto-router pass #61 on board '646eee93fd81c82eecffb3d9d81cb448' was completed in 1,21 seconds with the score of 978,26 (1 unrouted), using 34598,70 CPU seconds and 212692 MB memory.
2026-08-13 15:25:35.400 INFO   [0B550D\DCEEB2] Auto-router pass #62 on board '646eee93fd81c82eecffb3d9d81cb448' was completed in 0,08 seconds with the score of 978,26 (1 unrouted), using 34598,70 CPU seconds and 212692 MB memory.
2026-08-13 15:25:35.488 INFO   [0B550D\DCEEB2] Auto-router pass #63 on board '646eee93fd81c82eecffb3d9d81cb448' was completed in 0,08 seconds with the score of 978,26 (1 unrouted), using 34598,70 CPU seconds and 212692 MB memory.
2026-08-13 15:25:37.427 INFO   [0B550D\DCEEB2] Restoring an earlier board that has the score of 978,26 (1 unrouted).
2026-08-13 15:25:37.427 INFO   [0B550D\DCEEB2] Auto-router pass #64 on board '646eee93fd81c82eecffb3d9d81cb448' was completed in 1,93 seconds with the score of 978,26 (1 unrouted), using 35119,12 CPU seconds and 214367 MB memory.
2026-08-13 15:25:38.659 INFO   [0B550D\DCEEB2] Auto-router pass #65 on board '646eee93fd81c82eecffb3d9d81cb448' was completed in 1,22 seconds with the score of 978,26 (1 unrouted), using 35643,38 CPU seconds and 216091 MB memory.
2026-08-13 15:25:38.751 INFO   [0B550D\DCEEB2] Auto-router pass #66 on board '646eee93fd81c82eecffb3d9d81cb448' was completed in 0,08 seconds with the score of 978,26 (1 unrouted), using 35643,38 CPU seconds and 216091 MB memory.
2026-08-13 15:25:38.840 INFO   [0B550D\DCEEB2] Auto-router pass #67 on board '646eee93fd81c82eecffb3d9d81cb448' was completed in 0,08 seconds with the score of 978,26 (1 unrouted), using 35643,38 CPU seconds and 216091 MB memory.
2026-08-13 15:25:40.704 INFO   [0B550D\DCEEB2] Restoring an earlier board that has the score of 976,83 (2 unrouted).
2026-08-13 15:25:40.705 INFO   [0B550D\DCEEB2] Auto-router pass #68 on board '646eee93fd81c82eecffb3d9d81cb448' was completed in 1,85 seconds with the score of 978,26 (1 unrouted), using 36171,47 CPU seconds and 217912 MB memory.
2026-08-13 15:25:42.350 INFO   [0B550D\DCEEB2] Auto-router pass #69 on board 'e5c17babcffa3de87a6aaa10dea2fcf6' was completed in 1,64 seconds with the score of 978,27 (1 unrouted), using 36436,96 CPU seconds and 218731 MB memory.
2026-08-13 15:25:42.451 INFO   [0B550D\DCEEB2] Auto-router pass #70 on board '21ce15744682c3d96f768e94038a22ab' was completed in 0,07 seconds with the score of 978,27 (1 unrouted), using 36436,96 CPU seconds and 218731 MB memory.
2026-08-13 15:25:42.537 INFO   [0B550D\DCEEB2] Auto-router pass #71 on board '21ce15744682c3d96f768e94038a22ab' was completed in 0,08 seconds with the score of 978,27 (1 unrouted), using 36436,96 CPU seconds and 218731 MB memory.
2026-08-13 15:25:43.380 WARN   ItemAutorouteInfo.get_expansion_room: p_index out of range
2026-08-13 15:25:43.381 WARN   ItemAutorouteInfo.get_expansion_room: p_index out of range
2026-08-13 15:25:43.381 WARN   ItemAutorouteInfo.get_expansion_room: p_index out of range
2026-08-13 15:25:43.381 WARN   ItemAutorouteInfo.get_expansion_room: p_index out of range
2026-08-13 15:25:43.442 WARN   ItemAutorouteInfo.get_expansion_room: p_index out of range
2026-08-13 15:25:43.442 WARN   ItemAutorouteInfo.get_expansion_room: p_index out of range
2026-08-13 15:25:43.443 WARN   ItemAutorouteInfo.get_expansion_room: p_index out of range
2026-08-13 15:25:43.443 WARN   ItemAutorouteInfo.get_expansion_room: p_index out of range
2026-08-13 15:25:43.443 WARN   ItemAutorouteInfo.get_expansion_room: p_index out of range
2026-08-13 15:25:43.443 WARN   ItemAutorouteInfo.get_expansion_room: p_index out of range
2026-08-13 15:25:43.735 WARN   ItemAutorouteInfo.get_expansion_room: p_index out of range
2026-08-13 15:25:43.735 WARN   ItemAutorouteInfo.get_expansion_room: p_index out of range
2026-08-13 15:25:43.735 WARN   ItemAutorouteInfo.get_expansion_room: p_index out of range
2026-08-13 15:25:43.735 WARN   ItemAutorouteInfo.get_expansion_room: p_index out of range
2026-08-13 15:25:43.735 WARN   ItemAutorouteInfo.get_expansion_room: p_index out of range
2026-08-13 15:25:43.736 WARN   ItemAutorouteInfo.get_expansion_room: p_index out of range
2026-08-13 15:25:43.742 WARN   ItemAutorouteInfo.get_expansion_room: p_index out of range
2026-08-13 15:25:43.742 WARN   ItemAutorouteInfo.get_expansion_room: p_index out of range
2026-08-13 15:25:43.742 WARN   ItemAutorouteInfo.get_expansion_room: p_index out of range
2026-08-13 15:25:43.742 WARN   ItemAutorouteInfo.get_expansion_room: p_index out of range
2026-08-13 15:25:43.742 WARN   ItemAutorouteInfo.get_expansion_room: p_index out of range
2026-08-13 15:25:43.742 WARN   ItemAutorouteInfo.get_expansion_room: p_index out of range
2026-08-13 15:25:43.742 WARN   ItemAutorouteInfo.get_expansion_room: p_index out of range
2026-08-13 15:25:43.742 WARN   ItemAutorouteInfo.get_expansion_room: p_index out of range
2026-08-13 15:25:43.751 WARN   ItemAutorouteInfo.get_expansion_room: p_index out of range
2026-08-13 15:25:43.751 WARN   ItemAutorouteInfo.get_expansion_room: p_index out of range
2026-08-13 15:25:43.755 WARN   ItemAutorouteInfo.get_expansion_room: p_index out of range
2026-08-13 15:25:43.755 WARN   ItemAutorouteInfo.get_expansion_room: p_index out of range
2026-08-13 15:25:43.755 WARN   ItemAutorouteInfo.get_expansion_room: p_index out of range
2026-08-13 15:25:43.756 WARN   ItemAutorouteInfo.get_expansion_room: p_index out of range
2026-08-13 15:25:43.756 WARN   ItemAutorouteInfo.get_expansion_room: p_index out of range
2026-08-13 15:25:43.763 WARN   ItemAutorouteInfo.get_expansion_room: p_index out of range
2026-08-13 15:25:43.766 WARN   ItemAutorouteInfo.get_expansion_room: p_index out of range
2026-08-13 15:25:43.773 WARN   ItemAutorouteInfo.get_expansion_room: p_index out of range
2026-08-13 15:25:43.775 WARN   ItemAutorouteInfo.get_expansion_room: p_index out of range
2026-08-13 15:25:43.775 WARN   ItemAutorouteInfo.get_expansion_room: p_index out of range
2026-08-13 15:25:43.782 WARN   ItemAutorouteInfo.get_expansion_room: p_index out of range
2026-08-13 15:25:43.782 WARN   ItemAutorouteInfo.get_expansion_room: p_index out of range
2026-08-13 15:25:43.782 WARN   ItemAutorouteInfo.get_expansion_room: p_index out of range
2026-08-13 15:25:43.785 WARN   ItemAutorouteInfo.get_expansion_room: p_index out of range
2026-08-13 15:25:43.785 WARN   ItemAutorouteInfo.get_expansion_room: p_index out of range
2026-08-13 15:25:43.785 WARN   ItemAutorouteInfo.get_expansion_room: p_index out of range
2026-08-13 15:25:43.785 WARN   ItemAutorouteInfo.get_expansion_room: p_index out of range
2026-08-13 15:25:43.785 WARN   ItemAutorouteInfo.get_expansion_room: p_index out of range
2026-08-13 15:25:43.786 WARN   ItemAutorouteInfo.get_expansion_room: p_index out of range
2026-08-13 15:25:43.786 WARN   ItemAutorouteInfo.get_expansion_room: p_index out of range
2026-08-13 15:25:43.786 WARN   ItemAutorouteInfo.get_expansion_room: p_index out of range
2026-08-13 15:25:43.787 WARN   ItemAutorouteInfo.get_expansion_room: p_index out of range
2026-08-13 15:25:43.787 WARN   ItemAutorouteInfo.get_expansion_room: p_index out of range
2026-08-13 15:25:43.787 WARN   ItemAutorouteInfo.get_expansion_room: p_index out of range
2026-08-13 15:25:43.787 WARN   ItemAutorouteInfo.get_expansion_room: p_index out of range
2026-08-13 15:25:43.787 WARN   ItemAutorouteInfo.get_expansion_room: p_index out of range
2026-08-13 15:25:43.788 WARN   ItemAutorouteInfo.get_expansion_room: p_index out of range
2026-08-13 15:25:43.796 WARN   ItemAutorouteInfo.get_expansion_room: p_index out of range
2026-08-13 15:25:43.796 WARN   ItemAutorouteInfo.get_expansion_room: p_index out of range
2026-08-13 15:25:43.803 WARN   ItemAutorouteInfo.get_expansion_room: p_index out of range
2026-08-13 15:25:43.890 WARN   ItemAutorouteInfo.get_expansion_room: p_index out of range
2026-08-13 15:25:43.893 WARN   ItemAutorouteInfo.get_expansion_room: p_index out of range
2026-08-13 15:25:43.899 WARN   ItemAutorouteInfo.get_expansion_room: p_index out of range
2026-08-13 15:25:43.902 WARN   ItemAutorouteInfo.get_expansion_room: p_index out of range
2026-08-13 15:25:44.502 INFO   [0B550D\DCEEB2] Restoring an earlier board that has the score of 978,27 (1 unrouted).
2026-08-13 15:25:44.503 INFO   [0B550D\DCEEB2] Auto-router pass #72 on board '21ce15744682c3d96f768e94038a22ab' was completed in 1,96 seconds with the score of 978,27 (1 unrouted), using 36970,82 CPU seconds and 220490 MB memory.
2026-08-13 15:25:45.713 INFO   [0B550D\DCEEB2] Auto-router pass #73 on board '21ce15744682c3d96f768e94038a22ab' was completed in 1,20 seconds with the score of 978,27 (1 unrouted), using 37508,50 CPU seconds and 222221 MB memory.
2026-08-13 15:25:45.803 INFO   [0B550D\DCEEB2] Auto-router pass #74 on board '21ce15744682c3d96f768e94038a22ab' was completed in 0,08 seconds with the score of 978,27 (1 unrouted), using 37508,50 CPU seconds and 222221 MB memory.
2026-08-13 15:25:45.886 INFO   [0B550D\DCEEB2] Auto-router pass #75 on board '21ce15744682c3d96f768e94038a22ab' was completed in 0,07 seconds with the score of 978,27 (1 unrouted), using 37508,50 CPU seconds and 222221 MB memory.
2026-08-13 15:25:47.811 INFO   [0B550D\DCEEB2] Restoring an earlier board that has the score of 978,27 (1 unrouted).
2026-08-13 15:25:47.811 INFO   [0B550D\DCEEB2] Auto-router pass #76 on board '21ce15744682c3d96f768e94038a22ab' was completed in 1,92 seconds with the score of 978,27 (1 unrouted), using 38050,01 CPU seconds and 224055 MB memory.
2026-08-13 15:25:48.984 INFO   [0B550D\DCEEB2] Auto-router pass #77 on board '21ce15744682c3d96f768e94038a22ab' was completed in 1,16 seconds with the score of 978,27 (1 unrouted), using 38322,20 CPU seconds and 224882 MB memory.
2026-08-13 15:25:49.067 INFO   [0B550D\DCEEB2] Auto-router pass #78 on board '21ce15744682c3d96f768e94038a22ab' was completed in 0,07 seconds with the score of 978,27 (1 unrouted), using 38322,20 CPU seconds and 224882 MB memory.
2026-08-13 15:25:49.160 INFO   [0B550D\DCEEB2] Auto-router pass #79 on board '21ce15744682c3d96f768e94038a22ab' was completed in 0,08 seconds with the score of 978,27 (1 unrouted), using 38322,20 CPU seconds and 224882 MB memory.
2026-08-13 15:25:51.014 INFO   [0B550D\DCEEB2] Restoring an earlier board that has the score of 978,27 (1 unrouted).
2026-08-13 15:25:51.014 INFO   [0B550D\DCEEB2] Auto-router pass #80 on board '21ce15744682c3d96f768e94038a22ab' was completed in 1,84 seconds with the score of 978,27 (1 unrouted), using 38869,46 CPU seconds and 226745 MB memory.
2026-08-13 15:25:52.171 INFO   [0B550D\DCEEB2] Auto-router pass #81 on board '21ce15744682c3d96f768e94038a22ab' was completed in 1,15 seconds with the score of 978,27 (1 unrouted), using 39144,52 CPU seconds and 227656 MB memory.
2026-08-13 15:25:52.260 INFO   [0B550D\DCEEB2] Auto-router pass #82 on board '21ce15744682c3d96f768e94038a22ab' was completed in 0,08 seconds with the score of 978,27 (1 unrouted), using 39144,52 CPU seconds and 227656 MB memory.
2026-08-13 15:25:52.341 INFO   [0B550D\DCEEB2] Auto-router pass #83 on board '21ce15744682c3d96f768e94038a22ab' was completed in 0,07 seconds with the score of 978,27 (1 unrouted), using 39144,52 CPU seconds and 227656 MB memory.
2026-08-13 15:25:54.235 INFO   [0B550D\DCEEB2] Restoring an earlier board that has the score of 978,27 (1 unrouted).
2026-08-13 15:25:54.235 INFO   [0B550D\DCEEB2] Auto-router pass #84 on board '21ce15744682c3d96f768e94038a22ab' was completed in 1,89 seconds with the score of 978,27 (1 unrouted), using 39697,51 CPU seconds and 229469 MB memory.
2026-08-13 15:25:55.426 INFO   [0B550D\DCEEB2] Auto-router pass #85 on board '21ce15744682c3d96f768e94038a22ab' was completed in 1,18 seconds with the score of 978,27 (1 unrouted), using 39975,44 CPU seconds and 230401 MB memory.
2026-08-13 15:25:55.510 INFO   [0B550D\DCEEB2] Auto-router pass #86 on board '21ce15744682c3d96f768e94038a22ab' was completed in 0,07 seconds with the score of 978,27 (1 unrouted), using 39975,44 CPU seconds and 230401 MB memory.
2026-08-13 15:25:55.605 INFO   [0B550D\DCEEB2] Auto-router pass #87 on board '21ce15744682c3d96f768e94038a22ab' was completed in 0,09 seconds with the score of 978,27 (1 unrouted), using 40254,32 CPU seconds and 231238 MB memory.
2026-08-13 15:25:57.471 INFO   [0B550D\DCEEB2] Restoring an earlier board that has the score of 976,83 (2 unrouted).
2026-08-13 15:25:57.472 INFO   [0B550D\DCEEB2] Auto-router pass #88 on board '21ce15744682c3d96f768e94038a22ab' was completed in 1,86 seconds with the score of 978,27 (1 unrouted), using 40534,17 CPU seconds and 232154 MB memory.
2026-08-13 15:25:58.757 INFO   [0B550D\DCEEB2] Auto-router pass #89 on board 'e5c17babcffa3de87a6aaa10dea2fcf6' was completed in 1,28 seconds with the score of 978,14 (1 unrouted), using 41096,72 CPU seconds and 233990 MB memory.
2026-08-13 15:25:58.862 INFO   [0B550D\DCEEB2] Auto-router pass #90 on board '08e96dd939e05dfe2ee815545ee547fc' was completed in 0,07 seconds with the score of 978,14 (1 unrouted), using 41096,72 CPU seconds and 233990 MB memory.
2026-08-13 15:25:58.950 INFO   [0B550D\DCEEB2] Auto-router pass #91 on board '08e96dd939e05dfe2ee815545ee547fc' was completed in 0,08 seconds with the score of 978,14 (1 unrouted), using 41096,72 CPU seconds and 233990 MB memory.
2026-08-13 15:26:01.462 INFO   [0B550D\DCEEB2] Restoring an earlier board that has the score of 978,14 (1 unrouted).
2026-08-13 15:26:01.462 INFO   [0B550D\DCEEB2] Auto-router pass #92 on board '08e96dd939e05dfe2ee815545ee547fc' was completed in 2,50 seconds with the score of 978,14 (1 unrouted), using 41663,09 CPU seconds and 235671 MB memory.
2026-08-13 15:26:02.559 INFO   [0B550D\DCEEB2] Auto-router pass #93 on board '08e96dd939e05dfe2ee815545ee547fc' was completed in 1,09 seconds with the score of 978,14 (1 unrouted), using 41947,72 CPU seconds and 236594 MB memory.
2026-08-13 15:26:02.646 INFO   [0B550D\DCEEB2] Auto-router pass #94 on board '08e96dd939e05dfe2ee815545ee547fc' was completed in 0,08 seconds with the score of 978,14 (1 unrouted), using 42233,31 CPU seconds and 237481 MB memory.
2026-08-13 15:26:02.726 INFO   [0B550D\DCEEB2] Auto-router pass #95 on board '08e96dd939e05dfe2ee815545ee547fc' was completed in 0,07 seconds with the score of 978,14 (1 unrouted), using 42233,31 CPU seconds and 237481 MB memory.
2026-08-13 15:26:04.491 INFO   [0B550D\DCEEB2] Restoring an earlier board that has the score of 978,14 (1 unrouted).
2026-08-13 15:26:04.491 INFO   [0B550D\DCEEB2] Auto-router pass #96 on board '08e96dd939e05dfe2ee815545ee547fc' was completed in 1,76 seconds with the score of 978,14 (1 unrouted), using 42519,86 CPU seconds and 238393 MB memory.
2026-08-13 15:26:05.720 INFO   [0B550D\DCEEB2] Auto-router pass #97 on board '08e96dd939e05dfe2ee815545ee547fc' was completed in 1,22 seconds with the score of 978,14 (1 unrouted), using 43095,82 CPU seconds and 240139 MB memory.
2026-08-13 15:26:05.820 INFO   [0B550D\DCEEB2] Auto-router pass #98 on board '08e96dd939e05dfe2ee815545ee547fc' was completed in 0,09 seconds with the score of 978,14 (1 unrouted), using 43095,82 CPU seconds and 240139 MB memory.
2026-08-13 15:26:05.918 INFO   [0B550D\DCEEB2] Auto-router pass #99 on board '08e96dd939e05dfe2ee815545ee547fc' was completed in 0,09 seconds with the score of 978,14 (1 unrouted), using 43095,82 CPU seconds and 240139 MB memory.
2026-08-13 15:26:07.763 INFO   [0B550D\DCEEB2] Restoring an earlier board that has the score of 978,14 (1 unrouted).
2026-08-13 15:26:07.763 INFO   [0B550D\DCEEB2] Auto-router pass #100 on board '08e96dd939e05dfe2ee815545ee547fc' was completed in 1,83 seconds with the score of 978,14 (1 unrouted), using 43675,61 CPU seconds and 241912 MB memory.
2026-08-13 15:26:08.834 INFO   [0B550D\DCEEB2] Auto-router pass #101 on board '08e96dd939e05dfe2ee815545ee547fc' was completed in 1,06 seconds with the score of 978,14 (1 unrouted), using 43966,94 CPU seconds and 242812 MB memory.
2026-08-13 15:26:08.922 INFO   [0B550D\DCEEB2] Auto-router pass #102 on board '08e96dd939e05dfe2ee815545ee547fc' was completed in 0,08 seconds with the score of 978,14 (1 unrouted), using 43966,94 CPU seconds and 242812 MB memory.
2026-08-13 15:26:09.005 INFO   [0B550D\DCEEB2] Auto-router pass #103 on board '08e96dd939e05dfe2ee815545ee547fc' was completed in 0,07 seconds with the score of 978,14 (1 unrouted), using 43966,94 CPU seconds and 242812 MB memory.
2026-08-13 15:26:10.803 INFO   [0B550D\DCEEB2] Restoring an earlier board that has the score of 978,14 (1 unrouted).
2026-08-13 15:26:10.803 INFO   [0B550D\DCEEB2] Auto-router pass #104 on board '08e96dd939e05dfe2ee815545ee547fc' was completed in 1,78 seconds with the score of 978,14 (1 unrouted), using 44552,46 CPU seconds and 244681 MB memory.
2026-08-13 15:26:11.916 INFO   [0B550D\DCEEB2] Auto-router pass #105 on board '08e96dd939e05dfe2ee815545ee547fc' was completed in 1,10 seconds with the score of 978,14 (1 unrouted), using 44846,66 CPU seconds and 245524 MB memory.
2026-08-13 15:26:11.998 INFO   [0B550D\DCEEB2] Auto-router pass #106 on board '08e96dd939e05dfe2ee815545ee547fc' was completed in 0,07 seconds with the score of 978,14 (1 unrouted), using 44846,66 CPU seconds and 245524 MB memory.
2026-08-13 15:26:12.075 INFO   [0B550D\DCEEB2] Auto-router pass #107 on board '08e96dd939e05dfe2ee815545ee547fc' was completed in 0,07 seconds with the score of 978,14 (1 unrouted), using 44846,66 CPU seconds and 245524 MB memory.
2026-08-13 15:26:13.880 INFO   [0B550D\DCEEB2] Restoring an earlier board that has the score of 976,83 (2 unrouted).
2026-08-13 15:26:13.880 INFO   [0B550D\DCEEB2] Auto-router pass #108 on board '08e96dd939e05dfe2ee815545ee547fc' was completed in 1,80 seconds with the score of 978,14 (1 unrouted), using 45437,93 CPU seconds and 247416 MB memory.
2026-08-13 15:26:15.566 INFO   [0B550D\DCEEB2] Auto-router pass #109 on board 'e5c17babcffa3de87a6aaa10dea2fcf6' was completed in 1,68 seconds with the score of 975,43 (3 unrouted), using 45735,01 CPU seconds and 248236 MB memory.
2026-08-13 15:26:16.529 INFO   [0B550D\DCEEB2] Auto-router pass #110 on board '602b461345b8c7798f415d37daee260f' was completed in 0,94 seconds with the score of 972,55 (5 unrouted), using 46033,04 CPU seconds and 249274 MB memory.
2026-08-13 15:26:17.931 WARN   PolylineTrace.get_trace_connection_shape p_index out of range
2026-08-13 15:26:17.931 ERROR  AutorouteEngine.autoroute_connection: Exception in maze_search_algo.find_connection
java.lang.NullPointerException: null
2026-08-13 15:26:17.931 ERROR  AutorouteEngine.autoroute_connection: Exception in maze_search_algo.find_connection
java.lang.NullPointerException: null
2026-08-13 15:26:19.819 INFO   [0B550D\DCEEB2] Auto-router pass #111 on board '762b752bb019ce9ad825be90443fcc2e' was completed in 3,27 seconds with the score of 972,40 (5 unrouted), using 47234,82 CPU seconds and 252847 MB memory.
2026-08-13 15:26:30.007 INFO   [0B550D\DCEEB2] Restoring an earlier board that has the score of 976,83 (2 unrouted).
2026-08-13 15:26:30.007 INFO   [0B550D\DCEEB2] Auto-router pass #112 on board '6a60ec620ac82f959a8c586703eeff40' was completed in 10,16 seconds with the score of 975,38 (3 unrouted), using 50307,32 CPU seconds and 261326 MB memory.
2026-08-13 15:26:31.631 INFO   [0B550D\DCEEB2] Auto-router pass #113 on board 'e5c17babcffa3de87a6aaa10dea2fcf6' was completed in 1,62 seconds with the score of 975,43 (3 unrouted), using 50933,39 CPU seconds and 263212 MB memory.
2026-08-13 15:26:32.724 INFO   [0B550D\DCEEB2] Auto-router pass #114 on board '427d55db09637ba8cffa92496b5cbdce' was completed in 1,06 seconds with the score of 970,94 (6 unrouted), using 51247,86 CPU seconds and 264158 MB memory.
2026-08-13 15:26:32.948 WARN   PolylineTrace.get_trace_connection_shape p_index out of range
2026-08-13 15:26:32.948 ERROR  AutorouteEngine.autoroute_connection: Exception in maze_search_algo.find_connection
java.lang.NullPointerException: null
2026-08-13 15:26:32.948 ERROR  AutorouteEngine.autoroute_connection: Exception in maze_search_algo.find_connection
java.lang.NullPointerException: null
2026-08-13 15:26:34.665 INFO   [0B550D\DCEEB2] Auto-router pass #115 on board 'f114e15f59d29d02fc9d7399dc5e2dfe' was completed in 1,92 seconds with the score of 975,39 (3 unrouted), using 51879,71 CPU seconds and 266078 MB memory.
2026-08-13 15:26:34.725 WARN   ItemAutorouteInfo.get_expansion_room: p_index out of range
2026-08-13 15:26:34.958 WARN   ItemAutorouteInfo.get_expansion_room: p_index out of range
2026-08-13 15:26:34.989 WARN   ItemAutorouteInfo.get_expansion_room: p_index out of range
2026-08-13 15:26:35.055 WARN   ItemAutorouteInfo.get_expansion_room: p_index out of range
2026-08-13 15:26:35.059 WARN   ItemAutorouteInfo.get_expansion_room: p_index out of range
2026-08-13 15:26:35.090 WARN   ItemAutorouteInfo.get_expansion_room: p_index out of range
2026-08-13 15:26:35.090 WARN   ItemAutorouteInfo.get_expansion_room: p_index out of range
2026-08-13 15:26:35.091 WARN   ItemAutorouteInfo.get_expansion_room: p_index out of range
2026-08-13 15:26:35.091 WARN   ItemAutorouteInfo.get_expansion_room: p_index out of range
2026-08-13 15:26:35.095 WARN   ItemAutorouteInfo.get_expansion_room: p_index out of range
2026-08-13 15:26:35.095 WARN   ItemAutorouteInfo.get_expansion_room: p_index out of range
2026-08-13 15:26:35.095 WARN   ItemAutorouteInfo.get_expansion_room: p_index out of range
2026-08-13 15:26:35.095 WARN   ItemAutorouteInfo.get_expansion_room: p_index out of range
2026-08-13 15:26:35.095 WARN   ItemAutorouteInfo.get_expansion_room: p_index out of range
2026-08-13 15:26:35.095 WARN   ItemAutorouteInfo.get_expansion_room: p_index out of range
2026-08-13 15:26:35.096 WARN   ItemAutorouteInfo.get_expansion_room: p_index out of range
2026-08-13 15:26:35.096 WARN   ItemAutorouteInfo.get_expansion_room: p_index out of range
2026-08-13 15:26:35.097 WARN   ItemAutorouteInfo.get_expansion_room: p_index out of range
2026-08-13 15:26:35.097 WARN   ItemAutorouteInfo.get_expansion_room: p_index out of range
2026-08-13 15:26:35.098 WARN   ItemAutorouteInfo.get_expansion_room: p_index out of range
2026-08-13 15:26:35.099 WARN   ItemAutorouteInfo.get_expansion_room: p_index out of range
2026-08-13 15:26:35.107 WARN   ItemAutorouteInfo.get_expansion_room: p_index out of range
2026-08-13 15:26:35.108 WARN   ItemAutorouteInfo.get_expansion_room: p_index out of range
2026-08-13 15:26:35.108 WARN   ItemAutorouteInfo.get_expansion_room: p_index out of range
2026-08-13 15:26:35.108 WARN   ItemAutorouteInfo.get_expansion_room: p_index out of range
2026-08-13 15:26:35.109 WARN   ItemAutorouteInfo.get_expansion_room: p_index out of range
2026-08-13 15:26:35.109 WARN   ItemAutorouteInfo.get_expansion_room: p_index out of range
2026-08-13 15:26:35.109 WARN   ItemAutorouteInfo.get_expansion_room: p_index out of range
2026-08-13 15:26:35.109 WARN   ItemAutorouteInfo.get_expansion_room: p_index out of range
2026-08-13 15:26:35.116 WARN   ItemAutorouteInfo.get_expansion_room: p_index out of range
2026-08-13 15:26:35.146 WARN   ItemAutorouteInfo.get_expansion_room: p_index out of range
2026-08-13 15:26:35.146 WARN   ItemAutorouteInfo.get_expansion_room: p_index out of range
2026-08-13 15:26:35.146 WARN   ItemAutorouteInfo.get_expansion_room: p_index out of range
2026-08-13 15:26:35.146 WARN   ItemAutorouteInfo.get_expansion_room: p_index out of range
2026-08-13 15:26:35.200 WARN   ItemAutorouteInfo.get_expansion_room: p_index out of range
2026-08-13 15:26:35.200 WARN   ItemAutorouteInfo.get_expansion_room: p_index out of range
2026-08-13 15:26:35.200 WARN   ItemAutorouteInfo.get_expansion_room: p_index out of range
2026-08-13 15:26:35.201 WARN   ItemAutorouteInfo.get_expansion_room: p_index out of range
2026-08-13 15:26:35.201 WARN   ItemAutorouteInfo.get_expansion_room: p_index out of range
2026-08-13 15:26:35.201 WARN   ItemAutorouteInfo.get_expansion_room: p_index out of range
2026-08-13 15:26:35.201 WARN   ItemAutorouteInfo.get_expansion_room: p_index out of range
2026-08-13 15:26:35.329 WARN   ItemAutorouteInfo.get_expansion_room: p_index out of range
2026-08-13 15:26:35.329 WARN   ItemAutorouteInfo.get_expansion_room: p_index out of range
2026-08-13 15:26:35.329 WARN   ItemAutorouteInfo.get_expansion_room: p_index out of range
2026-08-13 15:26:35.329 WARN   ItemAutorouteInfo.get_expansion_room: p_index out of range
2026-08-13 15:26:35.338 WARN   ItemAutorouteInfo.get_expansion_room: p_index out of range
2026-08-13 15:26:35.339 WARN   ItemAutorouteInfo.get_expansion_room: p_index out of range
2026-08-13 15:26:35.339 WARN   ItemAutorouteInfo.get_expansion_room: p_index out of range
2026-08-13 15:26:35.346 WARN   ItemAutorouteInfo.get_expansion_room: p_index out of range
2026-08-13 15:26:35.356 WARN   ItemAutorouteInfo.get_expansion_room: p_index out of range
2026-08-13 15:26:35.356 WARN   ItemAutorouteInfo.get_expansion_room: p_index out of range
2026-08-13 15:26:35.356 WARN   ItemAutorouteInfo.get_expansion_room: p_index out of range
2026-08-13 15:26:35.356 WARN   ItemAutorouteInfo.get_expansion_room: p_index out of range
2026-08-13 15:26:35.356 WARN   ItemAutorouteInfo.get_expansion_room: p_index out of range
2026-08-13 15:26:35.356 WARN   ItemAutorouteInfo.get_expansion_room: p_index out of range
2026-08-13 15:26:35.356 WARN   ItemAutorouteInfo.get_expansion_room: p_index out of range
2026-08-13 15:26:35.357 WARN   ItemAutorouteInfo.get_expansion_room: p_index out of range
2026-08-13 15:26:35.357 WARN   ItemAutorouteInfo.get_expansion_room: p_index out of range
2026-08-13 15:26:35.385 WARN   ItemAutorouteInfo.get_expansion_room: p_index out of range
2026-08-13 15:26:35.386 WARN   ItemAutorouteInfo.get_expansion_room: p_index out of range
2026-08-13 15:26:35.386 WARN   ItemAutorouteInfo.get_expansion_room: p_index out of range
2026-08-13 15:26:35.386 WARN   ItemAutorouteInfo.get_expansion_room: p_index out of range
2026-08-13 15:26:35.394 WARN   ItemAutorouteInfo.get_expansion_room: p_index out of range
2026-08-13 15:26:35.394 WARN   ItemAutorouteInfo.get_expansion_room: p_index out of range
2026-08-13 15:26:35.394 WARN   ItemAutorouteInfo.get_expansion_room: p_index out of range
2026-08-13 15:26:35.419 WARN   ItemAutorouteInfo.get_expansion_room: p_index out of range
2026-08-13 15:26:35.420 WARN   ItemAutorouteInfo.get_expansion_room: p_index out of range
2026-08-13 15:26:35.421 WARN   ItemAutorouteInfo.get_expansion_room: p_index out of range
2026-08-13 15:26:35.421 WARN   ItemAutorouteInfo.get_expansion_room: p_index out of range
2026-08-13 15:26:35.421 WARN   ItemAutorouteInfo.get_expansion_room: p_index out of range
2026-08-13 15:26:35.421 WARN   ItemAutorouteInfo.get_expansion_room: p_index out of range
2026-08-13 15:26:35.421 WARN   ItemAutorouteInfo.get_expansion_room: p_index out of range
2026-08-13 15:26:35.421 WARN   ItemAutorouteInfo.get_expansion_room: p_index out of range
2026-08-13 15:26:35.422 WARN   ItemAutorouteInfo.get_expansion_room: p_index out of range
2026-08-13 15:26:35.422 WARN   ItemAutorouteInfo.get_expansion_room: p_index out of range
2026-08-13 15:26:35.422 WARN   ItemAutorouteInfo.get_expansion_room: p_index out of range
2026-08-13 15:26:35.422 WARN   ItemAutorouteInfo.get_expansion_room: p_index out of range
2026-08-13 15:26:35.435 WARN   ItemAutorouteInfo.get_expansion_room: p_index out of range
2026-08-13 15:26:35.435 WARN   ItemAutorouteInfo.get_expansion_room: p_index out of range
2026-08-13 15:26:35.435 WARN   ItemAutorouteInfo.get_expansion_room: p_index out of range
2026-08-13 15:26:35.437 WARN   ItemAutorouteInfo.get_expansion_room: p_index out of range
2026-08-13 15:26:35.437 WARN   ItemAutorouteInfo.get_expansion_room: p_index out of range
2026-08-13 15:26:35.438 WARN   ItemAutorouteInfo.get_expansion_room: p_index out of range
2026-08-13 15:26:35.438 WARN   ItemAutorouteInfo.get_expansion_room: p_index out of range
2026-08-13 15:26:35.438 WARN   ItemAutorouteInfo.get_expansion_room: p_index out of range
2026-08-13 15:26:35.438 WARN   ItemAutorouteInfo.get_expansion_room: p_index out of range
2026-08-13 15:26:35.439 WARN   ItemAutorouteInfo.get_expansion_room: p_index out of range
2026-08-13 15:26:35.439 WARN   ItemAutorouteInfo.get_expansion_room: p_index out of range
2026-08-13 15:26:35.440 WARN   ItemAutorouteInfo.get_expansion_room: p_index out of range
2026-08-13 15:26:35.457 WARN   ItemAutorouteInfo.get_expansion_room: p_index out of range
2026-08-13 15:26:35.461 WARN   ItemAutorouteInfo.get_expansion_room: p_index out of range
2026-08-13 15:26:35.522 WARN   ItemAutorouteInfo.get_expansion_room: p_index out of range
2026-08-13 15:26:35.522 WARN   ItemAutorouteInfo.get_expansion_room: p_index out of range
2026-08-13 15:26:35.544 WARN   ItemAutorouteInfo.get_expansion_room: p_index out of range
2026-08-13 15:26:35.544 WARN   ItemAutorouteInfo.get_expansion_room: p_index out of range
2026-08-13 15:26:35.544 WARN   ItemAutorouteInfo.get_expansion_room: p_index out of range
2026-08-13 15:26:35.545 WARN   ItemAutorouteInfo.get_expansion_room: p_index out of range
2026-08-13 15:26:35.545 WARN   ItemAutorouteInfo.get_expansion_room: p_index out of range
2026-08-13 15:26:35.545 WARN   ItemAutorouteInfo.get_expansion_room: p_index out of range
2026-08-13 15:26:35.547 WARN   ItemAutorouteInfo.get_expansion_room: p_index out of range
2026-08-13 15:26:35.547 WARN   ItemAutorouteInfo.get_expansion_room: p_index out of range
2026-08-13 15:26:35.547 WARN   ItemAutorouteInfo.get_expansion_room: p_index out of range
2026-08-13 15:26:35.547 WARN   ItemAutorouteInfo.get_expansion_room: p_index out of range
2026-08-13 15:26:35.547 WARN   ItemAutorouteInfo.get_expansion_room: p_index out of range
2026-08-13 15:26:35.566 WARN   ItemAutorouteInfo.get_expansion_room: p_index out of range
2026-08-13 15:26:35.566 WARN   ItemAutorouteInfo.get_expansion_room: p_index out of range
2026-08-13 15:26:35.566 WARN   ItemAutorouteInfo.get_expansion_room: p_index out of range
2026-08-13 15:26:35.567 WARN   ItemAutorouteInfo.get_expansion_room: p_index out of range
2026-08-13 15:26:35.567 WARN   ItemAutorouteInfo.get_expansion_room: p_index out of range
2026-08-13 15:26:35.586 WARN   ItemAutorouteInfo.get_expansion_room: p_index out of range
2026-08-13 15:26:35.639 WARN   ItemAutorouteInfo.get_expansion_room: p_index out of range
2026-08-13 15:26:35.639 WARN   ItemAutorouteInfo.get_expansion_room: p_index out of range
2026-08-13 15:26:35.666 WARN   ItemAutorouteInfo.get_expansion_room: p_index out of range
2026-08-13 15:26:35.673 WARN   ItemAutorouteInfo.get_expansion_room: p_index out of range
2026-08-13 15:26:35.673 WARN   ItemAutorouteInfo.get_expansion_room: p_index out of range
2026-08-13 15:26:35.695 WARN   ItemAutorouteInfo.get_expansion_room: p_index out of range
2026-08-13 15:26:35.696 WARN   ItemAutorouteInfo.get_expansion_room: p_index out of range
2026-08-13 15:26:35.696 WARN   ItemAutorouteInfo.get_expansion_room: p_index out of range
2026-08-13 15:26:35.696 WARN   ItemAutorouteInfo.get_expansion_room: p_index out of range
2026-08-13 15:26:35.696 WARN   ItemAutorouteInfo.get_expansion_room: p_index out of range
2026-08-13 15:26:35.696 WARN   ItemAutorouteInfo.get_expansion_room: p_index out of range
2026-08-13 15:26:35.696 WARN   ItemAutorouteInfo.get_expansion_room: p_index out of range
2026-08-13 15:26:35.696 WARN   ItemAutorouteInfo.get_expansion_room: p_index out of range
2026-08-13 15:26:35.737 WARN   ItemAutorouteInfo.get_expansion_room: p_index out of range
2026-08-13 15:26:35.737 WARN   ItemAutorouteInfo.get_expansion_room: p_index out of range
2026-08-13 15:26:35.836 WARN   ItemAutorouteInfo.get_expansion_room: p_index out of range
2026-08-13 15:26:35.836 WARN   ItemAutorouteInfo.get_expansion_room: p_index out of range
2026-08-13 15:26:35.842 WARN   ItemAutorouteInfo.get_expansion_room: p_index out of range
2026-08-13 15:26:35.842 WARN   ItemAutorouteInfo.get_expansion_room: p_index out of range
2026-08-13 15:26:35.938 WARN   ItemAutorouteInfo.get_expansion_room: p_index out of range
2026-08-13 15:26:35.938 WARN   ItemAutorouteInfo.get_expansion_room: p_index out of range
2026-08-13 15:26:35.938 WARN   ItemAutorouteInfo.get_expansion_room: p_index out of range
2026-08-13 15:26:36.093 WARN   ItemAutorouteInfo.get_expansion_room: p_index out of range
2026-08-13 15:26:36.093 WARN   ItemAutorouteInfo.get_expansion_room: p_index out of range
2026-08-13 15:26:36.093 WARN   ItemAutorouteInfo.get_expansion_room: p_index out of range
2026-08-13 15:26:36.093 WARN   ItemAutorouteInfo.get_expansion_room: p_index out of range
2026-08-13 15:26:36.122 WARN   ItemAutorouteInfo.get_expansion_room: p_index out of range
2026-08-13 15:26:36.122 WARN   ItemAutorouteInfo.get_expansion_room: p_index out of range
2026-08-13 15:26:36.374 WARN   ItemAutorouteInfo.get_expansion_room: p_index out of range
2026-08-13 15:26:36.428 WARN   ItemAutorouteInfo.get_expansion_room: p_index out of range
2026-08-13 15:26:36.429 WARN   ItemAutorouteInfo.get_expansion_room: p_index out of range
2026-08-13 15:26:36.429 WARN   ItemAutorouteInfo.get_expansion_room: p_index out of range
2026-08-13 15:26:36.429 WARN   ItemAutorouteInfo.get_expansion_room: p_index out of range
2026-08-13 15:26:36.429 WARN   ItemAutorouteInfo.get_expansion_room: p_index out of range
2026-08-13 15:26:36.429 WARN   ItemAutorouteInfo.get_expansion_room: p_index out of range
2026-08-13 15:26:36.429 WARN   ItemAutorouteInfo.get_expansion_room: p_index out of range
2026-08-13 15:26:36.429 WARN   ItemAutorouteInfo.get_expansion_room: p_index out of range
2026-08-13 15:26:36.430 WARN   ItemAutorouteInfo.get_expansion_room: p_index out of range
2026-08-13 15:26:36.430 WARN   ItemAutorouteInfo.get_expansion_room: p_index out of range
2026-08-13 15:26:36.430 WARN   ItemAutorouteInfo.get_expansion_room: p_index out of range
2026-08-13 15:26:36.432 WARN   ItemAutorouteInfo.get_expansion_room: p_index out of range
2026-08-13 15:26:36.438 WARN   ItemAutorouteInfo.get_expansion_room: p_index out of range
2026-08-13 15:26:36.439 WARN   ItemAutorouteInfo.get_expansion_room: p_index out of range
2026-08-13 15:26:36.439 WARN   ItemAutorouteInfo.get_expansion_room: p_index out of range
2026-08-13 15:26:36.439 WARN   ItemAutorouteInfo.get_expansion_room: p_index out of range
2026-08-13 15:26:36.439 WARN   ItemAutorouteInfo.get_expansion_room: p_index out of range
2026-08-13 15:26:36.439 WARN   ItemAutorouteInfo.get_expansion_room: p_index out of range
2026-08-13 15:26:36.439 WARN   ItemAutorouteInfo.get_expansion_room: p_index out of range
2026-08-13 15:26:36.439 WARN   ItemAutorouteInfo.get_expansion_room: p_index out of range
2026-08-13 15:26:36.440 WARN   ItemAutorouteInfo.get_expansion_room: p_index out of range
2026-08-13 15:26:36.440 WARN   ItemAutorouteInfo.get_expansion_room: p_index out of range
2026-08-13 15:26:36.442 WARN   ItemAutorouteInfo.get_expansion_room: p_index out of range
2026-08-13 15:26:36.442 WARN   ItemAutorouteInfo.get_expansion_room: p_index out of range
2026-08-13 15:26:36.442 WARN   ItemAutorouteInfo.get_expansion_room: p_index out of range
2026-08-13 15:26:36.442 WARN   ItemAutorouteInfo.get_expansion_room: p_index out of range
2026-08-13 15:26:36.442 WARN   ItemAutorouteInfo.get_expansion_room: p_index out of range
2026-08-13 15:26:36.443 WARN   ItemAutorouteInfo.get_expansion_room: p_index out of range
2026-08-13 15:26:36.447 WARN   ItemAutorouteInfo.get_expansion_room: p_index out of range
2026-08-13 15:26:36.447 WARN   ItemAutorouteInfo.get_expansion_room: p_index out of range
2026-08-13 15:26:36.447 WARN   ItemAutorouteInfo.get_expansion_room: p_index out of range
2026-08-13 15:26:36.461 WARN   ItemAutorouteInfo.get_expansion_room: p_index out of range
2026-08-13 15:26:36.461 WARN   ItemAutorouteInfo.get_expansion_room: p_index out of range
2026-08-13 15:26:36.461 WARN   ItemAutorouteInfo.get_expansion_room: p_index out of range
2026-08-13 15:26:36.461 WARN   ItemAutorouteInfo.get_expansion_room: p_index out of range
2026-08-13 15:26:36.461 WARN   ItemAutorouteInfo.get_expansion_room: p_index out of range
2026-08-13 15:26:36.461 WARN   ItemAutorouteInfo.get_expansion_room: p_index out of range
2026-08-13 15:26:36.462 WARN   ItemAutorouteInfo.get_expansion_room: p_index out of range
2026-08-13 15:26:36.463 WARN   ItemAutorouteInfo.get_expansion_room: p_index out of range
2026-08-13 15:26:36.465 WARN   ItemAutorouteInfo.get_expansion_room: p_index out of range
2026-08-13 15:26:36.470 WARN   ItemAutorouteInfo.get_expansion_room: p_index out of range
2026-08-13 15:26:36.470 WARN   ItemAutorouteInfo.get_expansion_room: p_index out of range
2026-08-13 15:26:36.470 WARN   ItemAutorouteInfo.get_expansion_room: p_index out of range
2026-08-13 15:26:36.473 WARN   ItemAutorouteInfo.get_expansion_room: p_index out of range
2026-08-13 15:26:36.512 WARN   ItemAutorouteInfo.get_expansion_room: p_index out of range
2026-08-13 15:26:36.512 WARN   ItemAutorouteInfo.get_expansion_room: p_index out of range
2026-08-13 15:26:36.512 WARN   ItemAutorouteInfo.get_expansion_room: p_index out of range
2026-08-13 15:26:36.512 WARN   ItemAutorouteInfo.get_expansion_room: p_index out of range
2026-08-13 15:26:36.512 WARN   ItemAutorouteInfo.get_expansion_room: p_index out of range
2026-08-13 15:26:36.512 WARN   ItemAutorouteInfo.get_expansion_room: p_index out of range
2026-08-13 15:26:36.513 WARN   ItemAutorouteInfo.get_expansion_room: p_index out of range
2026-08-13 15:26:36.513 WARN   ItemAutorouteInfo.get_expansion_room: p_index out of range
2026-08-13 15:26:36.513 WARN   ItemAutorouteInfo.get_expansion_room: p_index out of range
2026-08-13 15:26:36.539 WARN   ItemAutorouteInfo.get_expansion_room: p_index out of range
2026-08-13 15:26:36.539 WARN   ItemAutorouteInfo.get_expansion_room: p_index out of range
2026-08-13 15:26:36.539 WARN   ItemAutorouteInfo.get_expansion_room: p_index out of range
2026-08-13 15:26:36.539 WARN   ItemAutorouteInfo.get_expansion_room: p_index out of range
2026-08-13 15:26:36.540 WARN   ItemAutorouteInfo.get_expansion_room: p_index out of range
2026-08-13 15:26:36.540 WARN   ItemAutorouteInfo.get_expansion_room: p_index out of range
2026-08-13 15:26:36.550 WARN   ItemAutorouteInfo.get_expansion_room: p_index out of range
2026-08-13 15:26:36.557 WARN   ItemAutorouteInfo.get_expansion_room: p_index out of range
2026-08-13 15:26:36.557 WARN   ItemAutorouteInfo.get_expansion_room: p_index out of range
2026-08-13 15:26:36.558 WARN   ItemAutorouteInfo.get_expansion_room: p_index out of range
2026-08-13 15:26:36.573 WARN   ItemAutorouteInfo.get_expansion_room: p_index out of range
2026-08-13 15:26:36.605 WARN   ItemAutorouteInfo.get_expansion_room: p_index out of range
2026-08-13 15:26:36.605 WARN   ItemAutorouteInfo.get_expansion_room: p_index out of range
2026-08-13 15:26:36.615 WARN   ItemAutorouteInfo.get_expansion_room: p_index out of range
2026-08-13 15:26:36.615 WARN   ItemAutorouteInfo.get_expansion_room: p_index out of range
2026-08-13 15:26:36.615 WARN   ItemAutorouteInfo.get_expansion_room: p_index out of range
2026-08-13 15:26:36.617 WARN   ItemAutorouteInfo.get_expansion_room: p_index out of range
2026-08-13 15:26:36.617 WARN   ItemAutorouteInfo.get_expansion_room: p_index out of range
2026-08-13 15:26:36.617 WARN   ItemAutorouteInfo.get_expansion_room: p_index out of range
2026-08-13 15:26:36.619 WARN   ItemAutorouteInfo.get_expansion_room: p_index out of range
2026-08-13 15:26:36.619 WARN   ItemAutorouteInfo.get_expansion_room: p_index out of range
2026-08-13 15:26:36.621 WARN   ItemAutorouteInfo.get_expansion_room: p_index out of range
2026-08-13 15:26:36.621 WARN   ItemAutorouteInfo.get_expansion_room: p_index out of range
2026-08-13 15:26:39.658 INFO   [0B550D\DCEEB2] Restoring an earlier board that has the score of 975,43 (3 unrouted).
2026-08-13 15:26:39.658 INFO   [0B550D\DCEEB2] Auto-router pass #116 on board '0c398d89894e1fab0edc757e4f18df2b' was completed in 4,97 seconds with the score of 976,85 (2 unrouted), using 53476,25 CPU seconds and 270476 MB memory.
2026-08-13 15:26:41.536 INFO   [0B550D\DCEEB2] Auto-router pass #117 on board '602b461345b8c7798f415d37daee260f' was completed in 1,87 seconds with the score of 972,63 (5 unrouted), using 53798,45 CPU seconds and 271376 MB memory.
2026-08-13 15:26:43.101 INFO   [0B550D\DCEEB2] Auto-router pass #118 on board '44c3d743144ad1c9117977e01dfbef74' was completed in 1,54 seconds with the score of 975,61 (3 unrouted), using 54445,73 CPU seconds and 273276 MB memory.
2026-08-13 15:26:44.229 INFO   [0B550D\DCEEB2] Auto-router pass #119 on board '6a7d933035a3be16968da9e62c17e97e' was completed in 1,10 seconds with the score of 975,59 (3 unrouted), using 54770,82 CPU seconds and 274169 MB memory.
2026-08-13 15:26:48.346 INFO   [0B550D\DCEEB2] Restoring an earlier board that has the score of 975,61 (3 unrouted).
2026-08-13 15:26:48.346 INFO   [0B550D\DCEEB2] Auto-router pass #120 on board '8faa0a4fdd40885580198c7d3ffbb175' was completed in 4,09 seconds with the score of 976,78 (2 unrouted), using 56080,95 CPU seconds and 277642 MB memory.
2026-08-13 15:26:51.309 INFO   [0B550D\DCEEB2] Auto-router pass #121 on board '6a7d933035a3be16968da9e62c17e97e' was completed in 2,95 seconds with the score of 974,11 (4 unrouted), using 57073,70 CPU seconds and 280343 MB memory.
2026-08-13 15:26:51.370 WARN   ItemAutorouteInfo.get_expansion_room: p_index out of range
2026-08-13 15:26:51.370 WARN   ItemAutorouteInfo.get_expansion_room: p_index out of range
2026-08-13 15:26:51.370 WARN   ItemAutorouteInfo.get_expansion_room: p_index out of range
2026-08-13 15:26:51.370 WARN   ItemAutorouteInfo.get_expansion_room: p_index out of range
2026-08-13 15:26:51.370 WARN   ItemAutorouteInfo.get_expansion_room: p_index out of range
2026-08-13 15:26:51.370 WARN   ItemAutorouteInfo.get_expansion_room: p_index out of range
2026-08-13 15:26:51.371 WARN   ItemAutorouteInfo.get_expansion_room: p_index out of range
2026-08-13 15:26:51.371 WARN   ItemAutorouteInfo.get_expansion_room: p_index out of range
2026-08-13 15:26:51.371 WARN   ItemAutorouteInfo.get_expansion_room: p_index out of range
2026-08-13 15:26:51.371 WARN   ItemAutorouteInfo.get_expansion_room: p_index out of range
2026-08-13 15:26:51.371 WARN   ItemAutorouteInfo.get_expansion_room: p_index out of range
2026-08-13 15:26:51.374 WARN   ItemAutorouteInfo.get_expansion_room: p_index out of range
2026-08-13 15:26:51.374 WARN   ItemAutorouteInfo.get_expansion_room: p_index out of range
2026-08-13 15:26:51.374 WARN   ItemAutorouteInfo.get_expansion_room: p_index out of range
2026-08-13 15:26:51.374 WARN   ItemAutorouteInfo.get_expansion_room: p_index out of range
2026-08-13 15:26:51.374 WARN   ItemAutorouteInfo.get_expansion_room: p_index out of range
2026-08-13 15:26:51.375 WARN   ItemAutorouteInfo.get_expansion_room: p_index out of range
2026-08-13 15:26:51.375 WARN   ItemAutorouteInfo.get_expansion_room: p_index out of range
2026-08-13 15:26:51.375 WARN   ItemAutorouteInfo.get_expansion_room: p_index out of range
2026-08-13 15:26:51.375 WARN   ItemAutorouteInfo.get_expansion_room: p_index out of range
2026-08-13 15:26:51.376 WARN   ItemAutorouteInfo.get_expansion_room: p_index out of range
2026-08-13 15:26:51.376 WARN   ItemAutorouteInfo.get_expansion_room: p_index out of range
2026-08-13 15:26:51.377 WARN   ItemAutorouteInfo.get_expansion_room: p_index out of range
2026-08-13 15:26:51.395 WARN   ItemAutorouteInfo.get_expansion_room: p_index out of range
2026-08-13 15:26:51.395 WARN   ItemAutorouteInfo.get_expansion_room: p_index out of range
2026-08-13 15:26:51.395 WARN   ItemAutorouteInfo.get_expansion_room: p_index out of range
2026-08-13 15:26:51.395 WARN   ItemAutorouteInfo.get_expansion_room: p_index out of range
2026-08-13 15:26:51.500 WARN   ItemAutorouteInfo.get_expansion_room: p_index out of range
2026-08-13 15:26:51.500 WARN   ItemAutorouteInfo.get_expansion_room: p_index out of range
2026-08-13 15:26:51.500 WARN   ItemAutorouteInfo.get_expansion_room: p_index out of range
2026-08-13 15:26:51.500 WARN   ItemAutorouteInfo.get_expansion_room: p_index out of range
2026-08-13 15:26:51.500 WARN   ItemAutorouteInfo.get_expansion_room: p_index out of range
2026-08-13 15:26:51.500 WARN   ItemAutorouteInfo.get_expansion_room: p_index out of range
2026-08-13 15:26:51.500 WARN   ItemAutorouteInfo.get_expansion_room: p_index out of range
2026-08-13 15:26:51.500 WARN   ItemAutorouteInfo.get_expansion_room: p_index out of range
2026-08-13 15:26:51.500 WARN   ItemAutorouteInfo.get_expansion_room: p_index out of range
2026-08-13 15:26:51.502 WARN   ItemAutorouteInfo.get_expansion_room: p_index out of range
2026-08-13 15:26:51.513 WARN   ItemAutorouteInfo.get_expansion_room: p_index out of range
2026-08-13 15:26:51.743 WARN   ItemAutorouteInfo.get_expansion_room: p_index out of range
2026-08-13 15:26:51.776 WARN   ItemAutorouteInfo.get_expansion_room: p_index out of range
2026-08-13 15:26:51.776 WARN   ItemAutorouteInfo.get_expansion_room: p_index out of range
2026-08-13 15:26:51.776 WARN   ItemAutorouteInfo.get_expansion_room: p_index out of range
2026-08-13 15:26:51.776 WARN   ItemAutorouteInfo.get_expansion_room: p_index out of range
2026-08-13 15:26:51.776 WARN   ItemAutorouteInfo.get_expansion_room: p_index out of range
2026-08-13 15:26:51.776 WARN   ItemAutorouteInfo.get_expansion_room: p_index out of range
2026-08-13 15:26:51.776 WARN   ItemAutorouteInfo.get_expansion_room: p_index out of range
2026-08-13 15:26:53.160 INFO   [0B550D\DCEEB2] Auto-router pass #122 on board '99df64d7e62b2bc32b636fe3acf19c87' was completed in 1,83 seconds with the score of 974,13 (4 unrouted), using 57740,38 CPU seconds and 282243 MB memory.
2026-08-13 15:26:53.929 INFO   [0B550D\DCEEB2] Auto-router pass #123 on board '4c8733efb6da30fa07e0bb7e12587bf8' was completed in 0,75 seconds with the score of 976,69 (2 unrouted), using 58075,17 CPU seconds and 283112 MB memory.
2026-08-13 15:26:57.798 INFO   [0B550D\DCEEB2] Restoring an earlier board that has the score of 976,69 (2 unrouted).
2026-08-13 15:26:57.799 INFO   [0B550D\DCEEB2] Auto-router pass #124 on board '7b07a21580f97faa96e58765555801bb' was completed in 3,85 seconds with the score of 976,75 (2 unrouted), using 59424,03 CPU seconds and 286742 MB memory.
2026-08-13 15:26:59.613 INFO   [0B550D\DCEEB2] Auto-router pass #125 on board '7b07a21580f97faa96e58765555801bb' was completed in 1,81 seconds with the score of 975,21 (3 unrouted), using 60104,21 CPU seconds and 288537 MB memory.
2026-08-13 15:27:00.704 INFO   [0B550D\DCEEB2] Auto-router pass #126 on board '098e4b7838aad0ea4c777ab465828bde' was completed in 1,07 seconds with the score of 976,69 (2 unrouted), using 60445,75 CPU seconds and 289469 MB memory.
2026-08-13 15:27:01.898 ERROR  AutorouteEngine.autoroute_connection: Exception in maze_search_algo.find_connection
java.lang.ArrayIndexOutOfBoundsException: null
2026-08-13 15:27:01.898 ERROR  AutorouteEngine.autoroute_connection: Exception in maze_search_algo.find_connection
java.lang.ArrayIndexOutOfBoundsException: null
2026-08-13 15:27:01.972 INFO   [0B550D\DCEEB2] Auto-router pass #127 on board '39275f359ac7ead0eecf854175a7eca8' was completed in 1,24 seconds with the score of 976,69 (2 unrouted), using 60788,24 CPU seconds and 290355 MB memory.
2026-08-13 15:27:06.477 INFO   [0B550D\DCEEB2] Restoring an earlier board that has the score of 976,69 (2 unrouted).
2026-08-13 15:27:06.477 INFO   [0B550D\DCEEB2] Auto-router pass #128 on board '39275f359ac7ead0eecf854175a7eca8' was completed in 4,50 seconds with the score of 975,18 (3 unrouted), using 62167,86 CPU seconds and 293929 MB memory.
2026-08-13 15:27:08.274 INFO   [0B550D\DCEEB2] Auto-router pass #129 on board '7b07a21580f97faa96e58765555801bb' was completed in 1,79 seconds with the score of 976,79 (2 unrouted), using 62863,46 CPU seconds and 295684 MB memory.
2026-08-13 15:27:08.361 WARN   ItemAutorouteInfo.get_expansion_room: p_index out of range
2026-08-13 15:27:08.361 WARN   ItemAutorouteInfo.get_expansion_room: p_index out of range
2026-08-13 15:27:08.361 WARN   ItemAutorouteInfo.get_expansion_room: p_index out of range
2026-08-13 15:27:08.361 WARN   ItemAutorouteInfo.get_expansion_room: p_index out of range
2026-08-13 15:27:08.361 WARN   ItemAutorouteInfo.get_expansion_room: p_index out of range
2026-08-13 15:27:08.361 WARN   ItemAutorouteInfo.get_expansion_room: p_index out of range
2026-08-13 15:27:08.361 WARN   ItemAutorouteInfo.get_expansion_room: p_index out of range
2026-08-13 15:27:08.374 WARN   ItemAutorouteInfo.get_expansion_room: p_index out of range
2026-08-13 15:27:08.374 WARN   ItemAutorouteInfo.get_expansion_room: p_index out of range
2026-08-13 15:27:08.374 WARN   ItemAutorouteInfo.get_expansion_room: p_index out of range
2026-08-13 15:27:08.374 WARN   ItemAutorouteInfo.get_expansion_room: p_index out of range
2026-08-13 15:27:08.500 WARN   ItemAutorouteInfo.get_expansion_room: p_index out of range
2026-08-13 15:27:08.500 WARN   ItemAutorouteInfo.get_expansion_room: p_index out of range
2026-08-13 15:27:08.500 WARN   ItemAutorouteInfo.get_expansion_room: p_index out of range
2026-08-13 15:27:08.502 WARN   ItemAutorouteInfo.get_expansion_room: p_index out of range
2026-08-13 15:27:08.502 WARN   ItemAutorouteInfo.get_expansion_room: p_index out of range
2026-08-13 15:27:08.502 WARN   ItemAutorouteInfo.get_expansion_room: p_index out of range
2026-08-13 15:27:08.502 WARN   ItemAutorouteInfo.get_expansion_room: p_index out of range
2026-08-13 15:27:08.502 WARN   ItemAutorouteInfo.get_expansion_room: p_index out of range
2026-08-13 15:27:08.502 WARN   ItemAutorouteInfo.get_expansion_room: p_index out of range
2026-08-13 15:27:08.502 WARN   ItemAutorouteInfo.get_expansion_room: p_index out of range
2026-08-13 15:27:08.502 WARN   ItemAutorouteInfo.get_expansion_room: p_index out of range
2026-08-13 15:27:08.502 WARN   ItemAutorouteInfo.get_expansion_room: p_index out of range
2026-08-13 15:27:08.503 WARN   ItemAutorouteInfo.get_expansion_room: p_index out of range
2026-08-13 15:27:08.503 WARN   ItemAutorouteInfo.get_expansion_room: p_index out of range
2026-08-13 15:27:08.503 WARN   ItemAutorouteInfo.get_expansion_room: p_index out of range
2026-08-13 15:27:08.503 WARN   ItemAutorouteInfo.get_expansion_room: p_index out of range
2026-08-13 15:27:08.503 WARN   ItemAutorouteInfo.get_expansion_room: p_index out of range
2026-08-13 15:27:08.504 WARN   ItemAutorouteInfo.get_expansion_room: p_index out of range
2026-08-13 15:27:08.504 WARN   ItemAutorouteInfo.get_expansion_room: p_index out of range
2026-08-13 15:27:08.504 WARN   ItemAutorouteInfo.get_expansion_room: p_index out of range
2026-08-13 15:27:08.504 WARN   ItemAutorouteInfo.get_expansion_room: p_index out of range
2026-08-13 15:27:08.504 WARN   ItemAutorouteInfo.get_expansion_room: p_index out of range
2026-08-13 15:27:08.508 WARN   ItemAutorouteInfo.get_expansion_room: p_index out of range
2026-08-13 15:27:08.509 WARN   ItemAutorouteInfo.get_expansion_room: p_index out of range
2026-08-13 15:27:08.509 WARN   ItemAutorouteInfo.get_expansion_room: p_index out of range
2026-08-13 15:27:08.530 WARN   ItemAutorouteInfo.get_expansion_room: p_index out of range
2026-08-13 15:27:08.562 WARN   ItemAutorouteInfo.get_expansion_room: p_index out of range
2026-08-13 15:27:08.971 INFO   [0B550D\DCEEB2] Auto-router pass #130 on board '1d011d79f0134529679988883ff86122' was completed in 0,67 seconds with the score of 976,71 (2 unrouted), using 63212,70 CPU seconds and 296691 MB memory.
2026-08-13 15:27:09.118 INFO   [0B550D\DCEEB2] Auto-router pass #131 on board 'ed8de0b9bb205de84946b55e0b98bc08' was completed in 0,12 seconds with the score of 976,63 (2 unrouted), using 63212,70 CPU seconds and 296691 MB memory.
2026-08-13 15:27:13.518 INFO   [0B550D\DCEEB2] Restoring an earlier board that has the score of 976,79 (2 unrouted).
2026-08-13 15:27:13.519 INFO   [0B550D\DCEEB2] Auto-router pass #132 on board '0c72ae3ad3d1c1d3023362a474f3db39' was completed in 4,38 seconds with the score of 975,29 (3 unrouted), using 64619,26 CPU seconds and 300232 MB memory.
2026-08-13 15:27:14.883 INFO   [0B550D\DCEEB2] Auto-router pass #133 on board '1d011d79f0134529679988883ff86122' was completed in 1,36 seconds with the score of 976,87 (2 unrouted), using 65328,31 CPU seconds and 302000 MB memory.
2026-08-13 15:27:14.979 WARN   ItemAutorouteInfo.get_expansion_room: p_index out of range
2026-08-13 15:27:14.980 WARN   ItemAutorouteInfo.get_expansion_room: p_index out of range
2026-08-13 15:27:14.980 WARN   ItemAutorouteInfo.get_expansion_room: p_index out of range
2026-08-13 15:27:14.980 WARN   ItemAutorouteInfo.get_expansion_room: p_index out of range
2026-08-13 15:27:14.980 WARN   ItemAutorouteInfo.get_expansion_room: p_index out of range
2026-08-13 15:27:14.980 WARN   ItemAutorouteInfo.get_expansion_room: p_index out of range
2026-08-13 15:27:14.980 WARN   ItemAutorouteInfo.get_expansion_room: p_index out of range
2026-08-13 15:27:14.980 WARN   ItemAutorouteInfo.get_expansion_room: p_index out of range
2026-08-13 15:27:14.980 WARN   ItemAutorouteInfo.get_expansion_room: p_index out of range
2026-08-13 15:27:14.980 WARN   ItemAutorouteInfo.get_expansion_room: p_index out of range
2026-08-13 15:27:14.980 WARN   ItemAutorouteInfo.get_expansion_room: p_index out of range
2026-08-13 15:27:14.980 WARN   ItemAutorouteInfo.get_expansion_room: p_index out of range
2026-08-13 15:27:14.980 WARN   ItemAutorouteInfo.get_expansion_room: p_index out of range
2026-08-13 15:27:14.981 WARN   ItemAutorouteInfo.get_expansion_room: p_index out of range
2026-08-13 15:27:14.981 WARN   ItemAutorouteInfo.get_expansion_room: p_index out of range
2026-08-13 15:27:14.981 WARN   ItemAutorouteInfo.get_expansion_room: p_index out of range
2026-08-13 15:27:14.981 WARN   ItemAutorouteInfo.get_expansion_room: p_index out of range
2026-08-13 15:27:14.981 WARN   ItemAutorouteInfo.get_expansion_room: p_index out of range
2026-08-13 15:27:14.981 WARN   ItemAutorouteInfo.get_expansion_room: p_index out of range
2026-08-13 15:27:14.981 WARN   ItemAutorouteInfo.get_expansion_room: p_index out of range
2026-08-13 15:27:14.981 WARN   ItemAutorouteInfo.get_expansion_room: p_index out of range
2026-08-13 15:27:14.981 WARN   ItemAutorouteInfo.get_expansion_room: p_index out of range
2026-08-13 15:27:14.981 WARN   ItemAutorouteInfo.get_expansion_room: p_index out of range
2026-08-13 15:27:14.981 WARN   ItemAutorouteInfo.get_expansion_room: p_index out of range
2026-08-13 15:27:14.981 WARN   ItemAutorouteInfo.get_expansion_room: p_index out of range
2026-08-13 15:27:14.982 WARN   ItemAutorouteInfo.get_expansion_room: p_index out of range
2026-08-13 15:27:14.984 WARN   ItemAutorouteInfo.get_expansion_room: p_index out of range
2026-08-13 15:27:14.984 WARN   ItemAutorouteInfo.get_expansion_room: p_index out of range
2026-08-13 15:27:14.985 WARN   ItemAutorouteInfo.get_expansion_room: p_index out of range
2026-08-13 15:27:14.985 WARN   ItemAutorouteInfo.get_expansion_room: p_index out of range
2026-08-13 15:27:14.985 WARN   ItemAutorouteInfo.get_expansion_room: p_index out of range
2026-08-13 15:27:14.985 WARN   ItemAutorouteInfo.get_expansion_room: p_index out of range
2026-08-13 15:27:14.985 WARN   ItemAutorouteInfo.get_expansion_room: p_index out of range
2026-08-13 15:27:14.985 WARN   ItemAutorouteInfo.get_expansion_room: p_index out of range
2026-08-13 15:27:14.985 WARN   ItemAutorouteInfo.get_expansion_room: p_index out of range
2026-08-13 15:27:14.985 WARN   ItemAutorouteInfo.get_expansion_room: p_index out of range
2026-08-13 15:27:14.985 WARN   ItemAutorouteInfo.get_expansion_room: p_index out of range
2026-08-13 15:27:14.985 WARN   ItemAutorouteInfo.get_expansion_room: p_index out of range
2026-08-13 15:27:14.986 WARN   ItemAutorouteInfo.get_expansion_room: p_index out of range
2026-08-13 15:27:14.986 WARN   ItemAutorouteInfo.get_expansion_room: p_index out of range
2026-08-13 15:27:14.988 WARN   ItemAutorouteInfo.get_expansion_room: p_index out of range
2026-08-13 15:27:14.990 WARN   ItemAutorouteInfo.get_expansion_room: p_index out of range
2026-08-13 15:27:14.990 WARN   ItemAutorouteInfo.get_expansion_room: p_index out of range
2026-08-13 15:27:14.990 WARN   ItemAutorouteInfo.get_expansion_room: p_index out of range
2026-08-13 15:27:14.990 WARN   ItemAutorouteInfo.get_expansion_room: p_index out of range
2026-08-13 15:27:14.990 WARN   ItemAutorouteInfo.get_expansion_room: p_index out of range
2026-08-13 15:27:14.990 WARN   ItemAutorouteInfo.get_expansion_room: p_index out of range
2026-08-13 15:27:14.990 WARN   ItemAutorouteInfo.get_expansion_room: p_index out of range
2026-08-13 15:27:14.990 WARN   ItemAutorouteInfo.get_expansion_room: p_index out of range
2026-08-13 15:27:14.990 WARN   ItemAutorouteInfo.get_expansion_room: p_index out of range
2026-08-13 15:27:14.990 WARN   ItemAutorouteInfo.get_expansion_room: p_index out of range
2026-08-13 15:27:14.990 WARN   ItemAutorouteInfo.get_expansion_room: p_index out of range
2026-08-13 15:27:14.991 WARN   ItemAutorouteInfo.get_expansion_room: p_index out of range
2026-08-13 15:27:14.992 WARN   ItemAutorouteInfo.get_expansion_room: p_index out of range
2026-08-13 15:27:14.992 WARN   ItemAutorouteInfo.get_expansion_room: p_index out of range
2026-08-13 15:27:14.992 WARN   ItemAutorouteInfo.get_expansion_room: p_index out of range
2026-08-13 15:27:14.992 WARN   ItemAutorouteInfo.get_expansion_room: p_index out of range
2026-08-13 15:27:14.992 WARN   ItemAutorouteInfo.get_expansion_room: p_index out of range
2026-08-13 15:27:14.992 WARN   ItemAutorouteInfo.get_expansion_room: p_index out of range
2026-08-13 15:27:14.992 WARN   ItemAutorouteInfo.get_expansion_room: p_index out of range
2026-08-13 15:27:14.993 WARN   ItemAutorouteInfo.get_expansion_room: p_index out of range
2026-08-13 15:27:14.993 WARN   ItemAutorouteInfo.get_expansion_room: p_index out of range
2026-08-13 15:27:14.993 WARN   ItemAutorouteInfo.get_expansion_room: p_index out of range
2026-08-13 15:27:14.993 WARN   ItemAutorouteInfo.get_expansion_room: p_index out of range
2026-08-13 15:27:14.993 WARN   ItemAutorouteInfo.get_expansion_room: p_index out of range
2026-08-13 15:27:14.993 WARN   ItemAutorouteInfo.get_expansion_room: p_index out of range
2026-08-13 15:27:14.993 WARN   ItemAutorouteInfo.get_expansion_room: p_index out of range
2026-08-13 15:27:14.994 WARN   ItemAutorouteInfo.get_expansion_room: p_index out of range
2026-08-13 15:27:14.995 WARN   ItemAutorouteInfo.get_expansion_room: p_index out of range
2026-08-13 15:27:14.995 WARN   ItemAutorouteInfo.get_expansion_room: p_index out of range
2026-08-13 15:27:14.995 WARN   ItemAutorouteInfo.get_expansion_room: p_index out of range
2026-08-13 15:27:14.995 WARN   ItemAutorouteInfo.get_expansion_room: p_index out of range
2026-08-13 15:27:14.995 WARN   ItemAutorouteInfo.get_expansion_room: p_index out of range
2026-08-13 15:27:14.995 WARN   ItemAutorouteInfo.get_expansion_room: p_index out of range
2026-08-13 15:27:14.995 WARN   ItemAutorouteInfo.get_expansion_room: p_index out of range
2026-08-13 15:27:14.995 WARN   ItemAutorouteInfo.get_expansion_room: p_index out of range
2026-08-13 15:27:14.995 WARN   ItemAutorouteInfo.get_expansion_room: p_index out of range
2026-08-13 15:27:14.995 WARN   ItemAutorouteInfo.get_expansion_room: p_index out of range
2026-08-13 15:27:14.995 WARN   ItemAutorouteInfo.get_expansion_room: p_index out of range
2026-08-13 15:27:14.996 WARN   ItemAutorouteInfo.get_expansion_room: p_index out of range
2026-08-13 15:27:14.996 WARN   ItemAutorouteInfo.get_expansion_room: p_index out of range
2026-08-13 15:27:14.997 WARN   ItemAutorouteInfo.get_expansion_room: p_index out of range
2026-08-13 15:27:14.997 WARN   ItemAutorouteInfo.get_expansion_room: p_index out of range
2026-08-13 15:27:14.997 WARN   ItemAutorouteInfo.get_expansion_room: p_index out of range
2026-08-13 15:27:14.997 WARN   ItemAutorouteInfo.get_expansion_room: p_index out of range
2026-08-13 15:27:14.997 WARN   ItemAutorouteInfo.get_expansion_room: p_index out of range
2026-08-13 15:27:14.997 WARN   ItemAutorouteInfo.get_expansion_room: p_index out of range
2026-08-13 15:27:15.001 WARN   ItemAutorouteInfo.get_expansion_room: p_index out of range
2026-08-13 15:27:15.001 WARN   ItemAutorouteInfo.get_expansion_room: p_index out of range
2026-08-13 15:27:15.001 WARN   ItemAutorouteInfo.get_expansion_room: p_index out of range
2026-08-13 15:27:15.001 WARN   ItemAutorouteInfo.get_expansion_room: p_index out of range
2026-08-13 15:27:15.001 WARN   ItemAutorouteInfo.get_expansion_room: p_index out of range
2026-08-13 15:27:15.001 WARN   ItemAutorouteInfo.get_expansion_room: p_index out of range
2026-08-13 15:27:15.001 WARN   ItemAutorouteInfo.get_expansion_room: p_index out of range
2026-08-13 15:27:15.002 WARN   ItemAutorouteInfo.get_expansion_room: p_index out of range
2026-08-13 15:27:15.002 WARN   ItemAutorouteInfo.get_expansion_room: p_index out of range
2026-08-13 15:27:15.002 WARN   ItemAutorouteInfo.get_expansion_room: p_index out of range
2026-08-13 15:27:15.002 WARN   ItemAutorouteInfo.get_expansion_room: p_index out of range
2026-08-13 15:27:15.002 WARN   ItemAutorouteInfo.get_expansion_room: p_index out of range
2026-08-13 15:27:15.002 WARN   ItemAutorouteInfo.get_expansion_room: p_index out of range
2026-08-13 15:27:15.002 WARN   ItemAutorouteInfo.get_expansion_room: p_index out of range
2026-08-13 15:27:15.003 WARN   ItemAutorouteInfo.get_expansion_room: p_index out of range
2026-08-13 15:27:15.003 WARN   ItemAutorouteInfo.get_expansion_room: p_index out of range
2026-08-13 15:27:15.003 WARN   ItemAutorouteInfo.get_expansion_room: p_index out of range
2026-08-13 15:27:15.003 WARN   ItemAutorouteInfo.get_expansion_room: p_index out of range
2026-08-13 15:27:15.003 WARN   ItemAutorouteInfo.get_expansion_room: p_index out of range
2026-08-13 15:27:15.004 WARN   ItemAutorouteInfo.get_expansion_room: p_index out of range
2026-08-13 15:27:15.008 WARN   ItemAutorouteInfo.get_expansion_room: p_index out of range
2026-08-13 15:27:15.008 WARN   ItemAutorouteInfo.get_expansion_room: p_index out of range
2026-08-13 15:27:15.008 WARN   ItemAutorouteInfo.get_expansion_room: p_index out of range
2026-08-13 15:27:15.008 WARN   ItemAutorouteInfo.get_expansion_room: p_index out of range
2026-08-13 15:27:15.010 WARN   ItemAutorouteInfo.get_expansion_room: p_index out of range
2026-08-13 15:27:15.010 WARN   ItemAutorouteInfo.get_expansion_room: p_index out of range
2026-08-13 15:27:15.010 WARN   ItemAutorouteInfo.get_expansion_room: p_index out of range
2026-08-13 15:27:15.017 WARN   ItemAutorouteInfo.get_expansion_room: p_index out of range
2026-08-13 15:27:15.017 WARN   ItemAutorouteInfo.get_expansion_room: p_index out of range
2026-08-13 15:27:15.017 WARN   ItemAutorouteInfo.get_expansion_room: p_index out of range
2026-08-13 15:27:15.021 WARN   ItemAutorouteInfo.get_expansion_room: p_index out of range
2026-08-13 15:27:15.021 WARN   ItemAutorouteInfo.get_expansion_room: p_index out of range
2026-08-13 15:27:15.022 WARN   ItemAutorouteInfo.get_expansion_room: p_index out of range
2026-08-13 15:27:15.022 WARN   ItemAutorouteInfo.get_expansion_room: p_index out of range
2026-08-13 15:27:15.023 WARN   ItemAutorouteInfo.get_expansion_room: p_index out of range
2026-08-13 15:27:15.028 WARN   ItemAutorouteInfo.get_expansion_room: p_index out of range
2026-08-13 15:27:15.100 WARN   ItemAutorouteInfo.get_expansion_room: p_index out of range
2026-08-13 15:27:15.100 WARN   ItemAutorouteInfo.get_expansion_room: p_index out of range
2026-08-13 15:27:15.100 WARN   ItemAutorouteInfo.get_expansion_room: p_index out of range
2026-08-13 15:27:15.100 WARN   ItemAutorouteInfo.get_expansion_room: p_index out of range
2026-08-13 15:27:15.437 WARN   ItemAutorouteInfo.get_expansion_room: p_index out of range
2026-08-13 15:27:15.438 WARN   ItemAutorouteInfo.get_expansion_room: p_index out of range
2026-08-13 15:27:15.459 WARN   ItemAutorouteInfo.get_expansion_room: p_index out of range
2026-08-13 15:27:15.460 WARN   ItemAutorouteInfo.get_expansion_room: p_index out of range
2026-08-13 15:27:15.465 WARN   ItemAutorouteInfo.get_expansion_room: p_index out of range
2026-08-13 15:27:15.465 WARN   ItemAutorouteInfo.get_expansion_room: p_index out of range
2026-08-13 15:27:15.466 WARN   ItemAutorouteInfo.get_expansion_room: p_index out of range
2026-08-13 15:27:15.466 WARN   ItemAutorouteInfo.get_expansion_room: p_index out of range
2026-08-13 15:27:15.466 WARN   ItemAutorouteInfo.get_expansion_room: p_index out of range
2026-08-13 15:27:15.466 WARN   ItemAutorouteInfo.get_expansion_room: p_index out of range
2026-08-13 15:27:15.466 WARN   ItemAutorouteInfo.get_expansion_room: p_index out of range
2026-08-13 15:27:15.466 WARN   ItemAutorouteInfo.get_expansion_room: p_index out of range
2026-08-13 15:27:15.466 WARN   ItemAutorouteInfo.get_expansion_room: p_index out of range
2026-08-13 15:27:15.466 WARN   ItemAutorouteInfo.get_expansion_room: p_index out of range
2026-08-13 15:27:15.466 WARN   ItemAutorouteInfo.get_expansion_room: p_index out of range
2026-08-13 15:27:15.466 WARN   ItemAutorouteInfo.get_expansion_room: p_index out of range
2026-08-13 15:27:15.466 WARN   ItemAutorouteInfo.get_expansion_room: p_index out of range
2026-08-13 15:27:15.466 WARN   ItemAutorouteInfo.get_expansion_room: p_index out of range
2026-08-13 15:27:15.466 WARN   ItemAutorouteInfo.get_expansion_room: p_index out of range
2026-08-13 15:27:15.466 WARN   ItemAutorouteInfo.get_expansion_room: p_index out of range
2026-08-13 15:27:15.467 WARN   ItemAutorouteInfo.get_expansion_room: p_index out of range
2026-08-13 15:27:15.468 WARN   ItemAutorouteInfo.get_expansion_room: p_index out of range
2026-08-13 15:27:15.468 WARN   ItemAutorouteInfo.get_expansion_room: p_index out of range
2026-08-13 15:27:15.468 WARN   ItemAutorouteInfo.get_expansion_room: p_index out of range
2026-08-13 15:27:15.468 WARN   ItemAutorouteInfo.get_expansion_room: p_index out of range
2026-08-13 15:27:15.468 WARN   ItemAutorouteInfo.get_expansion_room: p_index out of range
2026-08-13 15:27:15.468 WARN   ItemAutorouteInfo.get_expansion_room: p_index out of range
2026-08-13 15:27:15.468 WARN   ItemAutorouteInfo.get_expansion_room: p_index out of range
2026-08-13 15:27:15.518 INFO   [0B550D\DCEEB2] Auto-router pass #134 on board '7197c7714462ba3abbc87aa48ca54a96' was completed in 0,61 seconds with the score of 976,61 (2 unrouted), using 65328,31 CPU seconds and 302000 MB memory.
2026-08-13 15:27:16.523 INFO   [0B550D\DCEEB2] Auto-router pass #135 on board 'a3777e0c601a96468cd4e2c6034af9f5' was completed in 0,98 seconds with the score of 976,62 (2 unrouted), using 65684,28 CPU seconds and 303013 MB memory.
2026-08-13 15:27:21.475 INFO   [0B550D\DCEEB2] Restoring an earlier board that has the score of 976,87 (2 unrouted).
2026-08-13 15:27:21.475 INFO   [0B550D\DCEEB2] Auto-router pass #136 on board 'a2c6321a42e32a452250a24c27718902' was completed in 4,93 seconds with the score of 975,29 (3 unrouted), using 67478,56 CPU seconds and 307343 MB memory.
2026-08-13 15:27:22.629 INFO   [0B550D\DCEEB2] Auto-router pass #137 on board '7197c7714462ba3abbc87aa48ca54a96' was completed in 1,14 seconds with the score of 976,61 (2 unrouted), using 68203,02 CPU seconds and 309063 MB memory.
2026-08-13 15:27:23.374 INFO   [0B550D\DCEEB2] Auto-router pass #138 on board '1dc8d35169f6c12e2aab7786408bfe21' was completed in 0,72 seconds with the score of 976,68 (2 unrouted), using 68203,02 CPU seconds and 309063 MB memory.
2026-08-13 15:27:23.799 INFO   [0B550D\DCEEB2] Auto-router pass #139 on board 'b6928021e2ead81df496ff2b13e4e5b4' was completed in 0,40 seconds with the score of 976,82 (2 unrouted), using 68566,69 CPU seconds and 310046 MB memory.
2026-08-13 15:27:29.086 INFO   [0B550D\DCEEB2] Restoring an earlier board that has the score of 976,87 (2 unrouted).
2026-08-13 15:27:29.087 INFO   [0B550D\DCEEB2] Auto-router pass #140 on board '27365bbb537df1186b9fcb4860309144' was completed in 5,26 seconds with the score of 970,87 (6 unrouted), using 70399,51 CPU seconds and 314364 MB memory.
2026-08-13 15:27:30.715 INFO   [0B550D\DCEEB2] Auto-router pass #141 on board '7197c7714462ba3abbc87aa48ca54a96' was completed in 1,62 seconds with the score of 976,61 (2 unrouted), using 71139,41 CPU seconds and 316210 MB memory.
2026-08-13 15:27:31.988 INFO   [0B550D\DCEEB2] Auto-router pass #142 on board 'c695aa6d9cfedc2df816a65b842598d9' was completed in 1,25 seconds with the score of 975,29 (3 unrouted), using 71510,80 CPU seconds and 317117 MB memory.
2026-08-13 15:27:33.512 INFO   [0B550D\DCEEB2] Auto-router pass #143 on board '1640f7f95b0e031332b1635ff8204bc5' was completed in 1,50 seconds with the score of 976,71 (2 unrouted), using 71883,15 CPU seconds and 318050 MB memory.
2026-08-13 15:27:39.924 INFO   [0B550D\DCEEB2] Restoring an earlier board that has the score of 976,87 (2 unrouted).
2026-08-13 15:27:39.924 INFO   [0B550D\DCEEB2] Auto-router pass #144 on board '824c0ea2a8c56c36ecee78929516309c' was completed in 6,39 seconds with the score of 975,61 (3 unrouted), using 74516,81 CPU seconds and 324069 MB memory.
2026-08-13 15:27:41.629 INFO   [0B550D\DCEEB2] Auto-router pass #145 on board '7197c7714462ba3abbc87aa48ca54a96' was completed in 1,70 seconds with the score of 976,61 (2 unrouted), using 74896,93 CPU seconds and 324965 MB memory.
2026-08-13 15:27:42.676 INFO   [0B550D\DCEEB2] Auto-router pass #146 on board 'a5caebc3ef576a8d33905bec4bcceefd' was completed in 1,02 seconds with the score of 976,61 (2 unrouted), using 75660,05 CPU seconds and 327005 MB memory.
2026-08-13 15:27:42.798 INFO   [0B550D\DCEEB2] Auto-router pass #147 on board 'a5caebc3ef576a8d33905bec4bcceefd' was completed in 0,11 seconds with the score of 976,61 (2 unrouted), using 75660,05 CPU seconds and 327005 MB memory.
2026-08-13 15:27:46.740 INFO   [0B550D\DCEEB2] Restoring an earlier board that has the score of 976,87 (2 unrouted).
2026-08-13 15:27:46.740 INFO   [0B550D\DCEEB2] Auto-router pass #148 on board 'a5caebc3ef576a8d33905bec4bcceefd' was completed in 3,93 seconds with the score of 976,61 (2 unrouted), using 77197,80 CPU seconds and 330514 MB memory.
2026-08-13 15:27:48.603 INFO   [0B550D\DCEEB2] Auto-router pass #149 on board '7197c7714462ba3abbc87aa48ca54a96' was completed in 1,85 seconds with the score of 976,61 (2 unrouted), using 77584,62 CPU seconds and 331374 MB memory.
2026-08-13 15:27:49.616 INFO   [0B550D\DCEEB2] Auto-router pass #150 on board '0ccf3ceb91442b5ec82233cf40178e7b' was completed in 0,98 seconds with the score of 976,62 (2 unrouted), using 77972,41 CPU seconds and 332339 MB memory.
2026-08-13 15:27:49.989 INFO   [0B550D\DCEEB2] Auto-router pass #151 on board '657b5e369cffadfd82487b100ca2ba3b' was completed in 0,35 seconds with the score of 975,15 (3 unrouted), using 78361,16 CPU seconds and 333215 MB memory.
2026-08-13 15:27:54.881 INFO   [0B550D\DCEEB2] Restoring an earlier board that has the score of 976,82 (2 unrouted).
2026-08-13 15:27:54.881 INFO   [0B550D\DCEEB2] Auto-router pass #152 on board '1b19e5516e32d062b0eb3708eb153443' was completed in 4,87 seconds with the score of 974,03 (4 unrouted), using 80319,47 CPU seconds and 337453 MB memory.
2026-08-13 15:27:56.458 INFO   [0B550D\DCEEB2] Auto-router pass #153 on board '27365bbb537df1186b9fcb4860309144' was completed in 1,57 seconds with the score of 976,77 (2 unrouted), using 80714,04 CPU seconds and 338407 MB memory.
2026-08-13 15:27:56.503 WARN   ItemAutorouteInfo.get_expansion_room: p_index out of range
2026-08-13 15:27:56.503 WARN   ItemAutorouteInfo.get_expansion_room: p_index out of range
2026-08-13 15:27:56.503 WARN   ItemAutorouteInfo.get_expansion_room: p_index out of range
2026-08-13 15:27:56.504 WARN   ItemAutorouteInfo.get_expansion_room: p_index out of range
2026-08-13 15:27:56.504 WARN   ItemAutorouteInfo.get_expansion_room: p_index out of range
2026-08-13 15:27:56.504 WARN   ItemAutorouteInfo.get_expansion_room: p_index out of range
2026-08-13 15:27:56.504 WARN   ItemAutorouteInfo.get_expansion_room: p_index out of range
2026-08-13 15:27:56.504 WARN   ItemAutorouteInfo.get_expansion_room: p_index out of range
2026-08-13 15:27:56.504 WARN   ItemAutorouteInfo.get_expansion_room: p_index out of range
2026-08-13 15:27:56.504 WARN   ItemAutorouteInfo.get_expansion_room: p_index out of range
2026-08-13 15:27:56.504 WARN   ItemAutorouteInfo.get_expansion_room: p_index out of range
2026-08-13 15:27:56.504 WARN   ItemAutorouteInfo.get_expansion_room: p_index out of range
2026-08-13 15:27:56.504 WARN   ItemAutorouteInfo.get_expansion_room: p_index out of range
2026-08-13 15:27:56.504 WARN   ItemAutorouteInfo.get_expansion_room: p_index out of range
2026-08-13 15:27:56.504 WARN   ItemAutorouteInfo.get_expansion_room: p_index out of range
2026-08-13 15:27:56.504 WARN   ItemAutorouteInfo.get_expansion_room: p_index out of range
2026-08-13 15:27:56.504 WARN   ItemAutorouteInfo.get_expansion_room: p_index out of range
2026-08-13 15:27:56.505 WARN   ItemAutorouteInfo.get_expansion_room: p_index out of range
2026-08-13 15:27:56.505 WARN   ItemAutorouteInfo.get_expansion_room: p_index out of range
2026-08-13 15:27:56.505 WARN   ItemAutorouteInfo.get_expansion_room: p_index out of range
2026-08-13 15:27:56.506 WARN   ItemAutorouteInfo.get_expansion_room: p_index out of range
2026-08-13 15:27:56.506 WARN   ItemAutorouteInfo.get_expansion_room: p_index out of range
2026-08-13 15:27:56.507 WARN   ItemAutorouteInfo.get_expansion_room: p_index out of range
2026-08-13 15:27:56.507 WARN   ItemAutorouteInfo.get_expansion_room: p_index out of range
2026-08-13 15:27:56.507 WARN   ItemAutorouteInfo.get_expansion_room: p_index out of range
2026-08-13 15:27:56.507 WARN   ItemAutorouteInfo.get_expansion_room: p_index out of range
2026-08-13 15:27:56.508 WARN   ItemAutorouteInfo.get_expansion_room: p_index out of range
2026-08-13 15:27:56.508 WARN   ItemAutorouteInfo.get_expansion_room: p_index out of range
2026-08-13 15:27:56.508 WARN   ItemAutorouteInfo.get_expansion_room: p_index out of range
2026-08-13 15:27:56.508 WARN   ItemAutorouteInfo.get_expansion_room: p_index out of range
2026-08-13 15:27:56.508 WARN   ItemAutorouteInfo.get_expansion_room: p_index out of range
2026-08-13 15:27:56.508 WARN   ItemAutorouteInfo.get_expansion_room: p_index out of range
2026-08-13 15:27:56.508 WARN   ItemAutorouteInfo.get_expansion_room: p_index out of range
2026-08-13 15:27:56.509 WARN   ItemAutorouteInfo.get_expansion_room: p_index out of range
2026-08-13 15:27:56.509 WARN   ItemAutorouteInfo.get_expansion_room: p_index out of range
2026-08-13 15:27:56.509 WARN   ItemAutorouteInfo.get_expansion_room: p_index out of range
2026-08-13 15:27:56.509 WARN   ItemAutorouteInfo.get_expansion_room: p_index out of range
2026-08-13 15:27:56.509 WARN   ItemAutorouteInfo.get_expansion_room: p_index out of range
2026-08-13 15:27:56.509 WARN   ItemAutorouteInfo.get_expansion_room: p_index out of range
2026-08-13 15:27:56.509 WARN   ItemAutorouteInfo.get_expansion_room: p_index out of range
2026-08-13 15:27:56.509 WARN   ItemAutorouteInfo.get_expansion_room: p_index out of range
2026-08-13 15:27:56.509 WARN   ItemAutorouteInfo.get_expansion_room: p_index out of range
2026-08-13 15:27:56.509 WARN   ItemAutorouteInfo.get_expansion_room: p_index out of range
2026-08-13 15:27:56.509 WARN   ItemAutorouteInfo.get_expansion_room: p_index out of range
2026-08-13 15:27:56.509 WARN   ItemAutorouteInfo.get_expansion_room: p_index out of range
2026-08-13 15:27:56.509 WARN   ItemAutorouteInfo.get_expansion_room: p_index out of range
2026-08-13 15:27:56.510 WARN   ItemAutorouteInfo.get_expansion_room: p_index out of range
2026-08-13 15:27:56.510 WARN   ItemAutorouteInfo.get_expansion_room: p_index out of range
2026-08-13 15:27:56.510 WARN   ItemAutorouteInfo.get_expansion_room: p_index out of range
2026-08-13 15:27:56.510 WARN   ItemAutorouteInfo.get_expansion_room: p_index out of range
2026-08-13 15:27:56.510 WARN   ItemAutorouteInfo.get_expansion_room: p_index out of range
2026-08-13 15:27:56.510 WARN   ItemAutorouteInfo.get_expansion_room: p_index out of range
2026-08-13 15:27:56.510 WARN   ItemAutorouteInfo.get_expansion_room: p_index out of range
2026-08-13 15:27:56.510 WARN   ItemAutorouteInfo.get_expansion_room: p_index out of range
2026-08-13 15:27:56.511 WARN   ItemAutorouteInfo.get_expansion_room: p_index out of range
2026-08-13 15:27:56.511 WARN   ItemAutorouteInfo.get_expansion_room: p_index out of range
2026-08-13 15:27:56.511 WARN   ItemAutorouteInfo.get_expansion_room: p_index out of range
2026-08-13 15:27:56.511 WARN   ItemAutorouteInfo.get_expansion_room: p_index out of range
2026-08-13 15:27:56.511 WARN   ItemAutorouteInfo.get_expansion_room: p_index out of range
2026-08-13 15:27:56.511 WARN   ItemAutorouteInfo.get_expansion_room: p_index out of range
2026-08-13 15:27:56.511 WARN   ItemAutorouteInfo.get_expansion_room: p_index out of range
2026-08-13 15:27:56.515 WARN   ItemAutorouteInfo.get_expansion_room: p_index out of range
2026-08-13 15:27:56.515 WARN   ItemAutorouteInfo.get_expansion_room: p_index out of range
2026-08-13 15:27:56.515 WARN   ItemAutorouteInfo.get_expansion_room: p_index out of range
2026-08-13 15:27:56.515 WARN   ItemAutorouteInfo.get_expansion_room: p_index out of range
2026-08-13 15:27:56.517 WARN   ItemAutorouteInfo.get_expansion_room: p_index out of range
2026-08-13 15:27:56.517 WARN   ItemAutorouteInfo.get_expansion_room: p_index out of range
2026-08-13 15:27:56.517 WARN   ItemAutorouteInfo.get_expansion_room: p_index out of range
2026-08-13 15:27:56.517 WARN   ItemAutorouteInfo.get_expansion_room: p_index out of range
2026-08-13 15:27:56.518 WARN   ItemAutorouteInfo.get_expansion_room: p_index out of range
2026-08-13 15:27:56.519 WARN   ItemAutorouteInfo.get_expansion_room: p_index out of range
2026-08-13 15:27:56.519 WARN   ItemAutorouteInfo.get_expansion_room: p_index out of range
2026-08-13 15:27:56.519 WARN   ItemAutorouteInfo.get_expansion_room: p_index out of range
2026-08-13 15:27:56.519 WARN   ItemAutorouteInfo.get_expansion_room: p_index out of range
2026-08-13 15:27:56.519 WARN   ItemAutorouteInfo.get_expansion_room: p_index out of range
2026-08-13 15:27:56.520 WARN   ItemAutorouteInfo.get_expansion_room: p_index out of range
2026-08-13 15:27:56.520 WARN   ItemAutorouteInfo.get_expansion_room: p_index out of range
2026-08-13 15:27:56.534 WARN   ItemAutorouteInfo.get_expansion_room: p_index out of range
2026-08-13 15:27:56.534 WARN   ItemAutorouteInfo.get_expansion_room: p_index out of range
2026-08-13 15:27:56.534 WARN   ItemAutorouteInfo.get_expansion_room: p_index out of range
2026-08-13 15:27:56.535 WARN   ItemAutorouteInfo.get_expansion_room: p_index out of range
2026-08-13 15:27:56.535 WARN   ItemAutorouteInfo.get_expansion_room: p_index out of range
2026-08-13 15:27:56.535 WARN   ItemAutorouteInfo.get_expansion_room: p_index out of range
2026-08-13 15:27:56.535 WARN   ItemAutorouteInfo.get_expansion_room: p_index out of range
2026-08-13 15:27:56.535 WARN   ItemAutorouteInfo.get_expansion_room: p_index out of range
2026-08-13 15:27:56.535 WARN   ItemAutorouteInfo.get_expansion_room: p_index out of range
2026-08-13 15:27:56.535 WARN   ItemAutorouteInfo.get_expansion_room: p_index out of range
2026-08-13 15:27:56.535 WARN   ItemAutorouteInfo.get_expansion_room: p_index out of range
2026-08-13 15:27:56.536 WARN   ItemAutorouteInfo.get_expansion_room: p_index out of range
2026-08-13 15:27:56.536 WARN   ItemAutorouteInfo.get_expansion_room: p_index out of range
2026-08-13 15:27:56.536 WARN   ItemAutorouteInfo.get_expansion_room: p_index out of range
2026-08-13 15:27:56.536 WARN   ItemAutorouteInfo.get_expansion_room: p_index out of range
2026-08-13 15:27:56.536 WARN   ItemAutorouteInfo.get_expansion_room: p_index out of range
2026-08-13 15:27:56.536 WARN   ItemAutorouteInfo.get_expansion_room: p_index out of range
2026-08-13 15:27:56.537 WARN   ItemAutorouteInfo.get_expansion_room: p_index out of range
2026-08-13 15:27:56.537 WARN   ItemAutorouteInfo.get_expansion_room: p_index out of range
2026-08-13 15:27:56.537 WARN   ItemAutorouteInfo.get_expansion_room: p_index out of range
2026-08-13 15:27:56.537 WARN   ItemAutorouteInfo.get_expansion_room: p_index out of range
2026-08-13 15:27:56.537 WARN   ItemAutorouteInfo.get_expansion_room: p_index out of range
2026-08-13 15:27:56.537 WARN   ItemAutorouteInfo.get_expansion_room: p_index out of range
2026-08-13 15:27:56.537 WARN   ItemAutorouteInfo.get_expansion_room: p_index out of range
2026-08-13 15:27:56.537 WARN   ItemAutorouteInfo.get_expansion_room: p_index out of range
2026-08-13 15:27:56.537 WARN   ItemAutorouteInfo.get_expansion_room: p_index out of range
2026-08-13 15:27:56.537 WARN   ItemAutorouteInfo.get_expansion_room: p_index out of range
2026-08-13 15:27:56.537 WARN   ItemAutorouteInfo.get_expansion_room: p_index out of range
2026-08-13 15:27:56.537 WARN   ItemAutorouteInfo.get_expansion_room: p_index out of range
2026-08-13 15:27:56.538 WARN   ItemAutorouteInfo.get_expansion_room: p_index out of range
2026-08-13 15:27:56.538 WARN   ItemAutorouteInfo.get_expansion_room: p_index out of range
2026-08-13 15:27:56.538 WARN   ItemAutorouteInfo.get_expansion_room: p_index out of range
2026-08-13 15:27:56.539 WARN   ItemAutorouteInfo.get_expansion_room: p_index out of range
2026-08-13 15:27:56.539 WARN   ItemAutorouteInfo.get_expansion_room: p_index out of range
2026-08-13 15:27:56.539 WARN   ItemAutorouteInfo.get_expansion_room: p_index out of range
2026-08-13 15:27:56.542 WARN   ItemAutorouteInfo.get_expansion_room: p_index out of range
2026-08-13 15:27:56.542 WARN   ItemAutorouteInfo.get_expansion_room: p_index out of range
2026-08-13 15:27:56.542 WARN   ItemAutorouteInfo.get_expansion_room: p_index out of range
2026-08-13 15:27:56.542 WARN   ItemAutorouteInfo.get_expansion_room: p_index out of range
2026-08-13 15:27:56.542 WARN   ItemAutorouteInfo.get_expansion_room: p_index out of range
2026-08-13 15:27:56.542 WARN   ItemAutorouteInfo.get_expansion_room: p_index out of range
2026-08-13 15:27:56.542 WARN   ItemAutorouteInfo.get_expansion_room: p_index out of range
2026-08-13 15:27:56.542 WARN   ItemAutorouteInfo.get_expansion_room: p_index out of range
2026-08-13 15:27:56.544 WARN   ItemAutorouteInfo.get_expansion_room: p_index out of range
2026-08-13 15:27:56.544 WARN   ItemAutorouteInfo.get_expansion_room: p_index out of range
2026-08-13 15:27:56.545 WARN   ItemAutorouteInfo.get_expansion_room: p_index out of range
2026-08-13 15:27:56.545 WARN   ItemAutorouteInfo.get_expansion_room: p_index out of range
2026-08-13 15:27:56.545 WARN   ItemAutorouteInfo.get_expansion_room: p_index out of range
2026-08-13 15:27:56.545 WARN   ItemAutorouteInfo.get_expansion_room: p_index out of range
2026-08-13 15:27:56.549 WARN   ItemAutorouteInfo.get_expansion_room: p_index out of range
2026-08-13 15:27:56.562 WARN   ItemAutorouteInfo.get_expansion_room: p_index out of range
2026-08-13 15:27:56.563 WARN   ItemAutorouteInfo.get_expansion_room: p_index out of range
2026-08-13 15:27:56.570 WARN   ItemAutorouteInfo.get_expansion_room: p_index out of range
2026-08-13 15:27:56.570 WARN   ItemAutorouteInfo.get_expansion_room: p_index out of range
2026-08-13 15:27:56.570 WARN   ItemAutorouteInfo.get_expansion_room: p_index out of range
2026-08-13 15:27:56.570 WARN   ItemAutorouteInfo.get_expansion_room: p_index out of range
2026-08-13 15:27:56.570 WARN   ItemAutorouteInfo.get_expansion_room: p_index out of range
2026-08-13 15:27:56.570 WARN   ItemAutorouteInfo.get_expansion_room: p_index out of range
2026-08-13 15:27:56.570 WARN   ItemAutorouteInfo.get_expansion_room: p_index out of range
2026-08-13 15:27:56.570 WARN   ItemAutorouteInfo.get_expansion_room: p_index out of range
2026-08-13 15:27:56.570 WARN   ItemAutorouteInfo.get_expansion_room: p_index out of range
2026-08-13 15:27:56.571 WARN   ItemAutorouteInfo.get_expansion_room: p_index out of range
2026-08-13 15:27:56.571 WARN   ItemAutorouteInfo.get_expansion_room: p_index out of range
2026-08-13 15:27:56.573 WARN   ItemAutorouteInfo.get_expansion_room: p_index out of range
2026-08-13 15:27:56.573 WARN   ItemAutorouteInfo.get_expansion_room: p_index out of range
2026-08-13 15:27:56.573 WARN   ItemAutorouteInfo.get_expansion_room: p_index out of range
2026-08-13 15:27:56.574 WARN   ItemAutorouteInfo.get_expansion_room: p_index out of range
2026-08-13 15:27:56.574 WARN   ItemAutorouteInfo.get_expansion_room: p_index out of range
2026-08-13 15:27:56.574 WARN   ItemAutorouteInfo.get_expansion_room: p_index out of range
2026-08-13 15:27:56.574 WARN   ItemAutorouteInfo.get_expansion_room: p_index out of range
2026-08-13 15:27:56.576 WARN   ItemAutorouteInfo.get_expansion_room: p_index out of range
2026-08-13 15:27:56.576 WARN   ItemAutorouteInfo.get_expansion_room: p_index out of range
2026-08-13 15:27:56.576 WARN   ItemAutorouteInfo.get_expansion_room: p_index out of range
2026-08-13 15:27:56.576 WARN   ItemAutorouteInfo.get_expansion_room: p_index out of range
2026-08-13 15:27:56.576 WARN   ItemAutorouteInfo.get_expansion_room: p_index out of range
2026-08-13 15:27:56.576 WARN   ItemAutorouteInfo.get_expansion_room: p_index out of range
2026-08-13 15:27:56.589 WARN   ItemAutorouteInfo.get_expansion_room: p_index out of range
2026-08-13 15:27:56.589 WARN   ItemAutorouteInfo.get_expansion_room: p_index out of range
2026-08-13 15:27:56.589 WARN   ItemAutorouteInfo.get_expansion_room: p_index out of range
2026-08-13 15:27:56.589 WARN   ItemAutorouteInfo.get_expansion_room: p_index out of range
2026-08-13 15:27:56.589 WARN   ItemAutorouteInfo.get_expansion_room: p_index out of range
2026-08-13 15:27:56.590 WARN   ItemAutorouteInfo.get_expansion_room: p_index out of range
2026-08-13 15:27:56.590 WARN   ItemAutorouteInfo.get_expansion_room: p_index out of range
2026-08-13 15:27:56.590 WARN   ItemAutorouteInfo.get_expansion_room: p_index out of range
2026-08-13 15:27:56.590 WARN   ItemAutorouteInfo.get_expansion_room: p_index out of range
2026-08-13 15:27:56.590 WARN   ItemAutorouteInfo.get_expansion_room: p_index out of range
2026-08-13 15:27:56.594 WARN   ItemAutorouteInfo.get_expansion_room: p_index out of range
2026-08-13 15:27:56.609 WARN   ItemAutorouteInfo.get_expansion_room: p_index out of range
2026-08-13 15:27:56.609 WARN   ItemAutorouteInfo.get_expansion_room: p_index out of range
2026-08-13 15:27:56.609 WARN   ItemAutorouteInfo.get_expansion_room: p_index out of range
2026-08-13 15:27:56.612 WARN   ItemAutorouteInfo.get_expansion_room: p_index out of range
2026-08-13 15:27:56.612 WARN   ItemAutorouteInfo.get_expansion_room: p_index out of range
2026-08-13 15:27:56.612 WARN   ItemAutorouteInfo.get_expansion_room: p_index out of range
2026-08-13 15:27:56.612 WARN   ItemAutorouteInfo.get_expansion_room: p_index out of range
2026-08-13 15:27:56.613 WARN   ItemAutorouteInfo.get_expansion_room: p_index out of range
2026-08-13 15:27:56.615 WARN   ItemAutorouteInfo.get_expansion_room: p_index out of range
2026-08-13 15:27:56.615 WARN   ItemAutorouteInfo.get_expansion_room: p_index out of range
2026-08-13 15:27:56.615 WARN   ItemAutorouteInfo.get_expansion_room: p_index out of range
2026-08-13 15:27:56.615 WARN   ItemAutorouteInfo.get_expansion_room: p_index out of range
2026-08-13 15:27:56.615 WARN   ItemAutorouteInfo.get_expansion_room: p_index out of range
2026-08-13 15:27:56.616 WARN   ItemAutorouteInfo.get_expansion_room: p_index out of range
2026-08-13 15:27:56.621 WARN   ItemAutorouteInfo.get_expansion_room: p_index out of range
2026-08-13 15:27:56.621 WARN   ItemAutorouteInfo.get_expansion_room: p_index out of range
2026-08-13 15:27:56.621 WARN   ItemAutorouteInfo.get_expansion_room: p_index out of range
2026-08-13 15:27:56.622 WARN   ItemAutorouteInfo.get_expansion_room: p_index out of range
2026-08-13 15:27:56.622 WARN   ItemAutorouteInfo.get_expansion_room: p_index out of range
2026-08-13 15:27:56.622 WARN   ItemAutorouteInfo.get_expansion_room: p_index out of range
2026-08-13 15:27:56.622 WARN   ItemAutorouteInfo.get_expansion_room: p_index out of range
2026-08-13 15:27:56.628 WARN   ItemAutorouteInfo.get_expansion_room: p_index out of range
2026-08-13 15:27:56.628 WARN   ItemAutorouteInfo.get_expansion_room: p_index out of range
2026-08-13 15:27:56.630 WARN   ItemAutorouteInfo.get_expansion_room: p_index out of range
2026-08-13 15:27:56.630 WARN   ItemAutorouteInfo.get_expansion_room: p_index out of range
2026-08-13 15:27:56.630 WARN   ItemAutorouteInfo.get_expansion_room: p_index out of range
2026-08-13 15:27:56.630 WARN   ItemAutorouteInfo.get_expansion_room: p_index out of range
2026-08-13 15:27:56.630 WARN   ItemAutorouteInfo.get_expansion_room: p_index out of range
2026-08-13 15:27:56.630 WARN   ItemAutorouteInfo.get_expansion_room: p_index out of range
2026-08-13 15:27:56.633 WARN   ItemAutorouteInfo.get_expansion_room: p_index out of range
2026-08-13 15:27:56.635 WARN   ItemAutorouteInfo.get_expansion_room: p_index out of range
2026-08-13 15:27:56.635 WARN   ItemAutorouteInfo.get_expansion_room: p_index out of range
2026-08-13 15:27:56.635 WARN   ItemAutorouteInfo.get_expansion_room: p_index out of range
2026-08-13 15:27:56.635 WARN   ItemAutorouteInfo.get_expansion_room: p_index out of range
2026-08-13 15:27:56.636 WARN   ItemAutorouteInfo.get_expansion_room: p_index out of range
2026-08-13 15:27:56.636 WARN   ItemAutorouteInfo.get_expansion_room: p_index out of range
2026-08-13 15:27:56.636 WARN   ItemAutorouteInfo.get_expansion_room: p_index out of range
2026-08-13 15:27:57.526 INFO   [0B550D\DCEEB2] Auto-router pass #154 on board '4568f8af52f4b592aea745db944fac2a' was completed in 1,04 seconds with the score of 975,66 (3 unrouted), using 81109,58 CPU seconds and 339415 MB memory.
2026-08-13 15:27:58.905 INFO   [0B550D\DCEEB2] Auto-router pass #155 on board '7953f640ca67ba03ce4de3c3ab922d4e' was completed in 1,36 seconds with the score of 973,75 (4 unrouted), using 81903,55 CPU seconds and 341236 MB memory.
2026-08-13 15:28:05.531 INFO   [0B550D\DCEEB2] Restoring an earlier board that has the score of 976,82 (2 unrouted).
2026-08-13 15:28:05.532 INFO   [0B550D\DCEEB2] Auto-router pass #156 on board 'f12e4bd0296d528e0c4de291c0df6189' was completed in 6,61 seconds with the score of 975,29 (3 unrouted), using 84308,88 CPU seconds and 346517 MB memory.
2026-08-13 15:28:07.207 INFO   [0B550D\DCEEB2] Auto-router pass #157 on board '27365bbb537df1186b9fcb4860309144' was completed in 1,67 seconds with the score of 976,77 (2 unrouted), using 85118,41 CPU seconds and 348338 MB memory.
2026-08-13 15:28:07.297 WARN   ItemAutorouteInfo.get_expansion_room: p_index out of range
2026-08-13 15:28:07.297 WARN   ItemAutorouteInfo.get_expansion_room: p_index out of range
2026-08-13 15:28:07.297 WARN   ItemAutorouteInfo.get_expansion_room: p_index out of range
2026-08-13 15:28:07.297 WARN   ItemAutorouteInfo.get_expansion_room: p_index out of range
2026-08-13 15:28:07.297 WARN   ItemAutorouteInfo.get_expansion_room: p_index out of range
2026-08-13 15:28:07.297 WARN   ItemAutorouteInfo.get_expansion_room: p_index out of range
2026-08-13 15:28:07.297 WARN   ItemAutorouteInfo.get_expansion_room: p_index out of range
2026-08-13 15:28:07.297 WARN   ItemAutorouteInfo.get_expansion_room: p_index out of range
2026-08-13 15:28:07.297 WARN   ItemAutorouteInfo.get_expansion_room: p_index out of range
2026-08-13 15:28:07.297 WARN   ItemAutorouteInfo.get_expansion_room: p_index out of range
2026-08-13 15:28:07.297 WARN   ItemAutorouteInfo.get_expansion_room: p_index out of range
2026-08-13 15:28:07.297 WARN   ItemAutorouteInfo.get_expansion_room: p_index out of range
2026-08-13 15:28:07.297 WARN   ItemAutorouteInfo.get_expansion_room: p_index out of range
2026-08-13 15:28:07.297 WARN   ItemAutorouteInfo.get_expansion_room: p_index out of range
2026-08-13 15:28:07.298 WARN   ItemAutorouteInfo.get_expansion_room: p_index out of range
2026-08-13 15:28:07.298 WARN   ItemAutorouteInfo.get_expansion_room: p_index out of range
2026-08-13 15:28:07.298 WARN   ItemAutorouteInfo.get_expansion_room: p_index out of range
2026-08-13 15:28:07.299 WARN   ItemAutorouteInfo.get_expansion_room: p_index out of range
2026-08-13 15:28:07.299 WARN   ItemAutorouteInfo.get_expansion_room: p_index out of range
2026-08-13 15:28:07.299 WARN   ItemAutorouteInfo.get_expansion_room: p_index out of range
2026-08-13 15:28:07.299 WARN   ItemAutorouteInfo.get_expansion_room: p_index out of range
2026-08-13 15:28:07.299 WARN   ItemAutorouteInfo.get_expansion_room: p_index out of range
2026-08-13 15:28:07.300 WARN   ItemAutorouteInfo.get_expansion_room: p_index out of range
2026-08-13 15:28:07.300 WARN   ItemAutorouteInfo.get_expansion_room: p_index out of range
2026-08-13 15:28:07.300 WARN   ItemAutorouteInfo.get_expansion_room: p_index out of range
2026-08-13 15:28:07.300 WARN   ItemAutorouteInfo.get_expansion_room: p_index out of range
2026-08-13 15:28:07.301 WARN   ItemAutorouteInfo.get_expansion_room: p_index out of range
2026-08-13 15:28:07.301 WARN   ItemAutorouteInfo.get_expansion_room: p_index out of range
2026-08-13 15:28:07.301 WARN   ItemAutorouteInfo.get_expansion_room: p_index out of range
2026-08-13 15:28:07.301 WARN   ItemAutorouteInfo.get_expansion_room: p_index out of range
2026-08-13 15:28:07.301 WARN   ItemAutorouteInfo.get_expansion_room: p_index out of range
2026-08-13 15:28:07.301 WARN   ItemAutorouteInfo.get_expansion_room: p_index out of range
2026-08-13 15:28:07.302 WARN   ItemAutorouteInfo.get_expansion_room: p_index out of range
2026-08-13 15:28:07.302 WARN   ItemAutorouteInfo.get_expansion_room: p_index out of range
2026-08-13 15:28:07.302 WARN   ItemAutorouteInfo.get_expansion_room: p_index out of range
2026-08-13 15:28:07.302 WARN   ItemAutorouteInfo.get_expansion_room: p_index out of range
2026-08-13 15:28:07.303 WARN   ItemAutorouteInfo.get_expansion_room: p_index out of range
2026-08-13 15:28:07.303 WARN   ItemAutorouteInfo.get_expansion_room: p_index out of range
2026-08-13 15:28:07.303 WARN   ItemAutorouteInfo.get_expansion_room: p_index out of range
2026-08-13 15:28:07.303 WARN   ItemAutorouteInfo.get_expansion_room: p_index out of range
2026-08-13 15:28:07.303 WARN   ItemAutorouteInfo.get_expansion_room: p_index out of range
2026-08-13 15:28:07.303 WARN   ItemAutorouteInfo.get_expansion_room: p_index out of range
2026-08-13 15:28:07.303 WARN   ItemAutorouteInfo.get_expansion_room: p_index out of range
2026-08-13 15:28:07.303 WARN   ItemAutorouteInfo.get_expansion_room: p_index out of range
2026-08-13 15:28:07.303 WARN   ItemAutorouteInfo.get_expansion_room: p_index out of range
2026-08-13 15:28:07.303 WARN   ItemAutorouteInfo.get_expansion_room: p_index out of range
2026-08-13 15:28:07.304 WARN   ItemAutorouteInfo.get_expansion_room: p_index out of range
2026-08-13 15:28:07.304 WARN   ItemAutorouteInfo.get_expansion_room: p_index out of range
2026-08-13 15:28:07.304 WARN   ItemAutorouteInfo.get_expansion_room: p_index out of range
2026-08-13 15:28:07.304 WARN   ItemAutorouteInfo.get_expansion_room: p_index out of range
2026-08-13 15:28:07.304 WARN   ItemAutorouteInfo.get_expansion_room: p_index out of range
2026-08-13 15:28:07.304 WARN   ItemAutorouteInfo.get_expansion_room: p_index out of range
2026-08-13 15:28:07.304 WARN   ItemAutorouteInfo.get_expansion_room: p_index out of range
2026-08-13 15:28:07.304 WARN   ItemAutorouteInfo.get_expansion_room: p_index out of range
2026-08-13 15:28:07.304 WARN   ItemAutorouteInfo.get_expansion_room: p_index out of range
2026-08-13 15:28:07.305 WARN   ItemAutorouteInfo.get_expansion_room: p_index out of range
2026-08-13 15:28:07.305 WARN   ItemAutorouteInfo.get_expansion_room: p_index out of range
2026-08-13 15:28:07.305 WARN   ItemAutorouteInfo.get_expansion_room: p_index out of range
2026-08-13 15:28:07.305 WARN   ItemAutorouteInfo.get_expansion_room: p_index out of range
2026-08-13 15:28:07.305 WARN   ItemAutorouteInfo.get_expansion_room: p_index out of range
2026-08-13 15:28:07.305 WARN   ItemAutorouteInfo.get_expansion_room: p_index out of range
2026-08-13 15:28:07.309 WARN   ItemAutorouteInfo.get_expansion_room: p_index out of range
2026-08-13 15:28:07.309 WARN   ItemAutorouteInfo.get_expansion_room: p_index out of range
2026-08-13 15:28:07.309 WARN   ItemAutorouteInfo.get_expansion_room: p_index out of range
2026-08-13 15:28:07.309 WARN   ItemAutorouteInfo.get_expansion_room: p_index out of range
2026-08-13 15:28:07.311 WARN   ItemAutorouteInfo.get_expansion_room: p_index out of range
2026-08-13 15:28:07.311 WARN   ItemAutorouteInfo.get_expansion_room: p_index out of range
2026-08-13 15:28:07.311 WARN   ItemAutorouteInfo.get_expansion_room: p_index out of range
2026-08-13 15:28:07.311 WARN   ItemAutorouteInfo.get_expansion_room: p_index out of range
2026-08-13 15:28:07.312 WARN   ItemAutorouteInfo.get_expansion_room: p_index out of range
2026-08-13 15:28:07.313 WARN   ItemAutorouteInfo.get_expansion_room: p_index out of range
2026-08-13 15:28:07.313 WARN   ItemAutorouteInfo.get_expansion_room: p_index out of range
2026-08-13 15:28:07.313 WARN   ItemAutorouteInfo.get_expansion_room: p_index out of range
2026-08-13 15:28:07.313 WARN   ItemAutorouteInfo.get_expansion_room: p_index out of range
2026-08-13 15:28:07.313 WARN   ItemAutorouteInfo.get_expansion_room: p_index out of range
2026-08-13 15:28:07.314 WARN   ItemAutorouteInfo.get_expansion_room: p_index out of range
2026-08-13 15:28:07.314 WARN   ItemAutorouteInfo.get_expansion_room: p_index out of range
2026-08-13 15:28:07.329 WARN   ItemAutorouteInfo.get_expansion_room: p_index out of range
2026-08-13 15:28:07.329 WARN   ItemAutorouteInfo.get_expansion_room: p_index out of range
2026-08-13 15:28:07.330 WARN   ItemAutorouteInfo.get_expansion_room: p_index out of range
2026-08-13 15:28:07.330 WARN   ItemAutorouteInfo.get_expansion_room: p_index out of range
2026-08-13 15:28:07.330 WARN   ItemAutorouteInfo.get_expansion_room: p_index out of range
2026-08-13 15:28:07.330 WARN   ItemAutorouteInfo.get_expansion_room: p_index out of range
2026-08-13 15:28:07.330 WARN   ItemAutorouteInfo.get_expansion_room: p_index out of range
2026-08-13 15:28:07.330 WARN   ItemAutorouteInfo.get_expansion_room: p_index out of range
2026-08-13 15:28:07.330 WARN   ItemAutorouteInfo.get_expansion_room: p_index out of range
2026-08-13 15:28:07.331 WARN   ItemAutorouteInfo.get_expansion_room: p_index out of range
2026-08-13 15:28:07.331 WARN   ItemAutorouteInfo.get_expansion_room: p_index out of range
2026-08-13 15:28:07.332 WARN   ItemAutorouteInfo.get_expansion_room: p_index out of range
2026-08-13 15:28:07.332 WARN   ItemAutorouteInfo.get_expansion_room: p_index out of range
2026-08-13 15:28:07.332 WARN   ItemAutorouteInfo.get_expansion_room: p_index out of range
2026-08-13 15:28:07.332 WARN   ItemAutorouteInfo.get_expansion_room: p_index out of range
2026-08-13 15:28:07.332 WARN   ItemAutorouteInfo.get_expansion_room: p_index out of range
2026-08-13 15:28:07.332 WARN   ItemAutorouteInfo.get_expansion_room: p_index out of range
2026-08-13 15:28:07.333 WARN   ItemAutorouteInfo.get_expansion_room: p_index out of range
2026-08-13 15:28:07.333 WARN   ItemAutorouteInfo.get_expansion_room: p_index out of range
2026-08-13 15:28:07.333 WARN   ItemAutorouteInfo.get_expansion_room: p_index out of range
2026-08-13 15:28:07.333 WARN   ItemAutorouteInfo.get_expansion_room: p_index out of range
2026-08-13 15:28:07.333 WARN   ItemAutorouteInfo.get_expansion_room: p_index out of range
2026-08-13 15:28:07.333 WARN   ItemAutorouteInfo.get_expansion_room: p_index out of range
2026-08-13 15:28:07.333 WARN   ItemAutorouteInfo.get_expansion_room: p_index out of range
2026-08-13 15:28:07.333 WARN   ItemAutorouteInfo.get_expansion_room: p_index out of range
2026-08-13 15:28:07.333 WARN   ItemAutorouteInfo.get_expansion_room: p_index out of range
2026-08-13 15:28:07.333 WARN   ItemAutorouteInfo.get_expansion_room: p_index out of range
2026-08-13 15:28:07.333 WARN   ItemAutorouteInfo.get_expansion_room: p_index out of range
2026-08-13 15:28:07.333 WARN   ItemAutorouteInfo.get_expansion_room: p_index out of range
2026-08-13 15:28:07.334 WARN   ItemAutorouteInfo.get_expansion_room: p_index out of range
2026-08-13 15:28:07.334 WARN   ItemAutorouteInfo.get_expansion_room: p_index out of range
2026-08-13 15:28:07.334 WARN   ItemAutorouteInfo.get_expansion_room: p_index out of range
2026-08-13 15:28:07.334 WARN   ItemAutorouteInfo.get_expansion_room: p_index out of range
2026-08-13 15:28:07.334 WARN   ItemAutorouteInfo.get_expansion_room: p_index out of range
2026-08-13 15:28:07.334 WARN   ItemAutorouteInfo.get_expansion_room: p_index out of range
2026-08-13 15:28:07.338 WARN   ItemAutorouteInfo.get_expansion_room: p_index out of range
2026-08-13 15:28:07.338 WARN   ItemAutorouteInfo.get_expansion_room: p_index out of range
2026-08-13 15:28:07.338 WARN   ItemAutorouteInfo.get_expansion_room: p_index out of range
2026-08-13 15:28:07.338 WARN   ItemAutorouteInfo.get_expansion_room: p_index out of range
2026-08-13 15:28:07.338 WARN   ItemAutorouteInfo.get_expansion_room: p_index out of range
2026-08-13 15:28:07.338 WARN   ItemAutorouteInfo.get_expansion_room: p_index out of range
2026-08-13 15:28:07.338 WARN   ItemAutorouteInfo.get_expansion_room: p_index out of range
2026-08-13 15:28:07.338 WARN   ItemAutorouteInfo.get_expansion_room: p_index out of range
2026-08-13 15:28:07.340 WARN   ItemAutorouteInfo.get_expansion_room: p_index out of range
2026-08-13 15:28:07.340 WARN   ItemAutorouteInfo.get_expansion_room: p_index out of range
2026-08-13 15:28:07.341 WARN   ItemAutorouteInfo.get_expansion_room: p_index out of range
2026-08-13 15:28:07.341 WARN   ItemAutorouteInfo.get_expansion_room: p_index out of range
2026-08-13 15:28:07.341 WARN   ItemAutorouteInfo.get_expansion_room: p_index out of range
2026-08-13 15:28:07.341 WARN   ItemAutorouteInfo.get_expansion_room: p_index out of range
2026-08-13 15:28:07.345 WARN   ItemAutorouteInfo.get_expansion_room: p_index out of range
2026-08-13 15:28:07.359 WARN   ItemAutorouteInfo.get_expansion_room: p_index out of range
2026-08-13 15:28:07.360 WARN   ItemAutorouteInfo.get_expansion_room: p_index out of range
2026-08-13 15:28:07.367 WARN   ItemAutorouteInfo.get_expansion_room: p_index out of range
2026-08-13 15:28:07.367 WARN   ItemAutorouteInfo.get_expansion_room: p_index out of range
2026-08-13 15:28:07.367 WARN   ItemAutorouteInfo.get_expansion_room: p_index out of range
2026-08-13 15:28:07.367 WARN   ItemAutorouteInfo.get_expansion_room: p_index out of range
2026-08-13 15:28:07.368 WARN   ItemAutorouteInfo.get_expansion_room: p_index out of range
2026-08-13 15:28:07.368 WARN   ItemAutorouteInfo.get_expansion_room: p_index out of range
2026-08-13 15:28:07.368 WARN   ItemAutorouteInfo.get_expansion_room: p_index out of range
2026-08-13 15:28:07.368 WARN   ItemAutorouteInfo.get_expansion_room: p_index out of range
2026-08-13 15:28:07.368 WARN   ItemAutorouteInfo.get_expansion_room: p_index out of range
2026-08-13 15:28:07.368 WARN   ItemAutorouteInfo.get_expansion_room: p_index out of range
2026-08-13 15:28:07.368 WARN   ItemAutorouteInfo.get_expansion_room: p_index out of range
2026-08-13 15:28:07.371 WARN   ItemAutorouteInfo.get_expansion_room: p_index out of range
2026-08-13 15:28:07.371 WARN   ItemAutorouteInfo.get_expansion_room: p_index out of range
2026-08-13 15:28:07.371 WARN   ItemAutorouteInfo.get_expansion_room: p_index out of range
2026-08-13 15:28:07.372 WARN   ItemAutorouteInfo.get_expansion_room: p_index out of range
2026-08-13 15:28:07.372 WARN   ItemAutorouteInfo.get_expansion_room: p_index out of range
2026-08-13 15:28:07.372 WARN   ItemAutorouteInfo.get_expansion_room: p_index out of range
2026-08-13 15:28:07.372 WARN   ItemAutorouteInfo.get_expansion_room: p_index out of range
2026-08-13 15:28:07.374 WARN   ItemAutorouteInfo.get_expansion_room: p_index out of range
2026-08-13 15:28:07.374 WARN   ItemAutorouteInfo.get_expansion_room: p_index out of range
2026-08-13 15:28:07.374 WARN   ItemAutorouteInfo.get_expansion_room: p_index out of range
2026-08-13 15:28:07.374 WARN   ItemAutorouteInfo.get_expansion_room: p_index out of range
2026-08-13 15:28:07.374 WARN   ItemAutorouteInfo.get_expansion_room: p_index out of range
2026-08-13 15:28:07.374 WARN   ItemAutorouteInfo.get_expansion_room: p_index out of range
2026-08-13 15:28:07.392 WARN   ItemAutorouteInfo.get_expansion_room: p_index out of range
2026-08-13 15:28:07.392 WARN   ItemAutorouteInfo.get_expansion_room: p_index out of range
2026-08-13 15:28:07.392 WARN   ItemAutorouteInfo.get_expansion_room: p_index out of range
2026-08-13 15:28:07.392 WARN   ItemAutorouteInfo.get_expansion_room: p_index out of range
2026-08-13 15:28:07.392 WARN   ItemAutorouteInfo.get_expansion_room: p_index out of range
2026-08-13 15:28:07.393 WARN   ItemAutorouteInfo.get_expansion_room: p_index out of range
2026-08-13 15:28:07.393 WARN   ItemAutorouteInfo.get_expansion_room: p_index out of range
2026-08-13 15:28:07.393 WARN   ItemAutorouteInfo.get_expansion_room: p_index out of range
2026-08-13 15:28:07.393 WARN   ItemAutorouteInfo.get_expansion_room: p_index out of range
2026-08-13 15:28:07.393 WARN   ItemAutorouteInfo.get_expansion_room: p_index out of range
2026-08-13 15:28:07.396 WARN   ItemAutorouteInfo.get_expansion_room: p_index out of range
2026-08-13 15:28:07.411 WARN   ItemAutorouteInfo.get_expansion_room: p_index out of range
2026-08-13 15:28:07.411 WARN   ItemAutorouteInfo.get_expansion_room: p_index out of range
2026-08-13 15:28:07.411 WARN   ItemAutorouteInfo.get_expansion_room: p_index out of range
2026-08-13 15:28:07.414 WARN   ItemAutorouteInfo.get_expansion_room: p_index out of range
2026-08-13 15:28:07.414 WARN   ItemAutorouteInfo.get_expansion_room: p_index out of range
2026-08-13 15:28:07.414 WARN   ItemAutorouteInfo.get_expansion_room: p_index out of range
2026-08-13 15:28:07.414 WARN   ItemAutorouteInfo.get_expansion_room: p_index out of range
2026-08-13 15:28:07.414 WARN   ItemAutorouteInfo.get_expansion_room: p_index out of range
2026-08-13 15:28:07.416 WARN   ItemAutorouteInfo.get_expansion_room: p_index out of range
2026-08-13 15:28:07.416 WARN   ItemAutorouteInfo.get_expansion_room: p_index out of range
2026-08-13 15:28:07.416 WARN   ItemAutorouteInfo.get_expansion_room: p_index out of range
2026-08-13 15:28:07.416 WARN   ItemAutorouteInfo.get_expansion_room: p_index out of range
2026-08-13 15:28:07.416 WARN   ItemAutorouteInfo.get_expansion_room: p_index out of range
2026-08-13 15:28:07.417 WARN   ItemAutorouteInfo.get_expansion_room: p_index out of range
2026-08-13 15:28:07.423 WARN   ItemAutorouteInfo.get_expansion_room: p_index out of range
2026-08-13 15:28:07.423 WARN   ItemAutorouteInfo.get_expansion_room: p_index out of range
2026-08-13 15:28:07.423 WARN   ItemAutorouteInfo.get_expansion_room: p_index out of range
2026-08-13 15:28:07.423 WARN   ItemAutorouteInfo.get_expansion_room: p_index out of range
2026-08-13 15:28:07.423 WARN   ItemAutorouteInfo.get_expansion_room: p_index out of range
2026-08-13 15:28:07.423 WARN   ItemAutorouteInfo.get_expansion_room: p_index out of range
2026-08-13 15:28:07.423 WARN   ItemAutorouteInfo.get_expansion_room: p_index out of range
2026-08-13 15:28:07.429 WARN   ItemAutorouteInfo.get_expansion_room: p_index out of range
2026-08-13 15:28:07.429 WARN   ItemAutorouteInfo.get_expansion_room: p_index out of range
2026-08-13 15:28:07.430 WARN   ItemAutorouteInfo.get_expansion_room: p_index out of range
2026-08-13 15:28:07.430 WARN   ItemAutorouteInfo.get_expansion_room: p_index out of range
2026-08-13 15:28:07.430 WARN   ItemAutorouteInfo.get_expansion_room: p_index out of range
2026-08-13 15:28:07.430 WARN   ItemAutorouteInfo.get_expansion_room: p_index out of range
2026-08-13 15:28:07.430 WARN   ItemAutorouteInfo.get_expansion_room: p_index out of range
2026-08-13 15:28:07.430 WARN   ItemAutorouteInfo.get_expansion_room: p_index out of range
2026-08-13 15:28:07.434 WARN   ItemAutorouteInfo.get_expansion_room: p_index out of range
2026-08-13 15:28:07.436 WARN   ItemAutorouteInfo.get_expansion_room: p_index out of range
2026-08-13 15:28:07.436 WARN   ItemAutorouteInfo.get_expansion_room: p_index out of range
2026-08-13 15:28:07.436 WARN   ItemAutorouteInfo.get_expansion_room: p_index out of range
2026-08-13 15:28:07.436 WARN   ItemAutorouteInfo.get_expansion_room: p_index out of range
2026-08-13 15:28:07.437 WARN   ItemAutorouteInfo.get_expansion_room: p_index out of range
2026-08-13 15:28:07.437 WARN   ItemAutorouteInfo.get_expansion_room: p_index out of range
2026-08-13 15:28:07.437 WARN   ItemAutorouteInfo.get_expansion_room: p_index out of range
2026-08-13 15:28:08.303 INFO   [0B550D\DCEEB2] Auto-router pass #158 on board '8609b25826ddd842f4aafd855c4265f1' was completed in 1,07 seconds with the score of 975,66 (3 unrouted), using 85524,63 CPU seconds and 349318 MB memory.
2026-08-13 15:28:09.695 INFO   [0B550D\DCEEB2] Auto-router pass #159 on board '19b109fcb7084a24b646a5c1c80fd0f4' was completed in 1,36 seconds with the score of 973,75 (4 unrouted), using 86339,96 CPU seconds and 351098 MB memory.
2026-08-13 15:28:15.125 INFO   [0B550D\DCEEB2] Restoring an earlier board that has the score of 976,82 (2 unrouted).
2026-08-13 15:28:15.125 INFO   [0B550D\DCEEB2] Auto-router pass #160 on board 'f087283cf5fe05e0cc91b56b8126bb19' was completed in 5,41 seconds with the score of 973,50 (4 unrouted), using 88395,36 CPU seconds and 355083 MB memory.
2026-08-13 15:28:17.311 INFO   [0B550D\DCEEB2] Auto-router pass #161 on board '27365bbb537df1186b9fcb4860309144' was completed in 2,18 seconds with the score of 975,31 (3 unrouted), using 89224,30 CPU seconds and 356832 MB memory.
2026-08-13 15:28:17.363 WARN   ItemAutorouteInfo.get_expansion_room: p_index out of range
2026-08-13 15:28:17.363 WARN   ItemAutorouteInfo.get_expansion_room: p_index out of range
2026-08-13 15:28:17.363 WARN   ItemAutorouteInfo.get_expansion_room: p_index out of range
2026-08-13 15:28:17.363 WARN   ItemAutorouteInfo.get_expansion_room: p_index out of range
2026-08-13 15:28:17.363 WARN   ItemAutorouteInfo.get_expansion_room: p_index out of range
2026-08-13 15:28:17.369 WARN   ItemAutorouteInfo.get_expansion_room: p_index out of range
2026-08-13 15:28:17.369 WARN   ItemAutorouteInfo.get_expansion_room: p_index out of range
2026-08-13 15:28:17.369 WARN   ItemAutorouteInfo.get_expansion_room: p_index out of range
2026-08-13 15:28:17.369 WARN   ItemAutorouteInfo.get_expansion_room: p_index out of range
2026-08-13 15:28:17.369 WARN   ItemAutorouteInfo.get_expansion_room: p_index out of range
2026-08-13 15:28:17.371 WARN   ItemAutorouteInfo.get_expansion_room: p_index out of range
2026-08-13 15:28:17.371 WARN   ItemAutorouteInfo.get_expansion_room: p_index out of range
2026-08-13 15:28:17.371 WARN   ItemAutorouteInfo.get_expansion_room: p_index out of range
2026-08-13 15:28:17.371 WARN   ItemAutorouteInfo.get_expansion_room: p_index out of range
2026-08-13 15:28:17.371 WARN   ItemAutorouteInfo.get_expansion_room: p_index out of range
2026-08-13 15:28:17.371 WARN   ItemAutorouteInfo.get_expansion_room: p_index out of range
2026-08-13 15:28:17.371 WARN   ItemAutorouteInfo.get_expansion_room: p_index out of range
2026-08-13 15:28:17.371 WARN   ItemAutorouteInfo.get_expansion_room: p_index out of range
2026-08-13 15:28:17.371 WARN   ItemAutorouteInfo.get_expansion_room: p_index out of range
2026-08-13 15:28:17.371 WARN   ItemAutorouteInfo.get_expansion_room: p_index out of range
2026-08-13 15:28:17.371 WARN   ItemAutorouteInfo.get_expansion_room: p_index out of range
2026-08-13 15:28:17.371 WARN   ItemAutorouteInfo.get_expansion_room: p_index out of range
2026-08-13 15:28:17.371 WARN   ItemAutorouteInfo.get_expansion_room: p_index out of range
2026-08-13 15:28:17.371 WARN   ItemAutorouteInfo.get_expansion_room: p_index out of range
2026-08-13 15:28:17.372 WARN   ItemAutorouteInfo.get_expansion_room: p_index out of range
2026-08-13 15:28:17.372 WARN   ItemAutorouteInfo.get_expansion_room: p_index out of range
2026-08-13 15:28:17.372 WARN   ItemAutorouteInfo.get_expansion_room: p_index out of range
2026-08-13 15:28:17.373 WARN   ItemAutorouteInfo.get_expansion_room: p_index out of range
2026-08-13 15:28:17.373 WARN   ItemAutorouteInfo.get_expansion_room: p_index out of range
2026-08-13 15:28:17.373 WARN   ItemAutorouteInfo.get_expansion_room: p_index out of range
2026-08-13 15:28:17.373 WARN   ItemAutorouteInfo.get_expansion_room: p_index out of range
2026-08-13 15:28:17.373 WARN   ItemAutorouteInfo.get_expansion_room: p_index out of range
2026-08-13 15:28:17.373 WARN   ItemAutorouteInfo.get_expansion_room: p_index out of range
2026-08-13 15:28:17.373 WARN   ItemAutorouteInfo.get_expansion_room: p_index out of range
2026-08-13 15:28:17.373 WARN   ItemAutorouteInfo.get_expansion_room: p_index out of range
2026-08-13 15:28:17.373 WARN   ItemAutorouteInfo.get_expansion_room: p_index out of range
2026-08-13 15:28:17.373 WARN   ItemAutorouteInfo.get_expansion_room: p_index out of range
2026-08-13 15:28:17.373 WARN   ItemAutorouteInfo.get_expansion_room: p_index out of range
2026-08-13 15:28:17.373 WARN   ItemAutorouteInfo.get_expansion_room: p_index out of range
2026-08-13 15:28:17.373 WARN   ItemAutorouteInfo.get_expansion_room: p_index out of range
2026-08-13 15:28:17.382 WARN   ItemAutorouteInfo.get_expansion_room: p_index out of range
2026-08-13 15:28:17.382 WARN   ItemAutorouteInfo.get_expansion_room: p_index out of range
2026-08-13 15:28:17.382 WARN   ItemAutorouteInfo.get_expansion_room: p_index out of range
2026-08-13 15:28:17.386 WARN   ItemAutorouteInfo.get_expansion_room: p_index out of range
2026-08-13 15:28:17.386 WARN   ItemAutorouteInfo.get_expansion_room: p_index out of range
2026-08-13 15:28:17.386 WARN   ItemAutorouteInfo.get_expansion_room: p_index out of range
2026-08-13 15:28:17.386 WARN   ItemAutorouteInfo.get_expansion_room: p_index out of range
2026-08-13 15:28:17.386 WARN   ItemAutorouteInfo.get_expansion_room: p_index out of range
2026-08-13 15:28:17.386 WARN   ItemAutorouteInfo.get_expansion_room: p_index out of range
2026-08-13 15:28:17.386 WARN   ItemAutorouteInfo.get_expansion_room: p_index out of range
2026-08-13 15:28:17.394 WARN   ItemAutorouteInfo.get_expansion_room: p_index out of range
2026-08-13 15:28:17.394 WARN   ItemAutorouteInfo.get_expansion_room: p_index out of range
2026-08-13 15:28:17.394 WARN   ItemAutorouteInfo.get_expansion_room: p_index out of range
2026-08-13 15:28:17.394 WARN   ItemAutorouteInfo.get_expansion_room: p_index out of range
2026-08-13 15:28:17.395 WARN   ItemAutorouteInfo.get_expansion_room: p_index out of range
2026-08-13 15:28:17.399 WARN   ItemAutorouteInfo.get_expansion_room: p_index out of range
2026-08-13 15:28:17.399 WARN   ItemAutorouteInfo.get_expansion_room: p_index out of range
2026-08-13 15:28:17.399 WARN   ItemAutorouteInfo.get_expansion_room: p_index out of range
2026-08-13 15:28:17.399 WARN   ItemAutorouteInfo.get_expansion_room: p_index out of range
2026-08-13 15:28:17.399 WARN   ItemAutorouteInfo.get_expansion_room: p_index out of range
2026-08-13 15:28:17.399 WARN   ItemAutorouteInfo.get_expansion_room: p_index out of range
2026-08-13 15:28:17.399 WARN   ItemAutorouteInfo.get_expansion_room: p_index out of range
2026-08-13 15:28:17.399 WARN   ItemAutorouteInfo.get_expansion_room: p_index out of range
2026-08-13 15:28:17.401 WARN   ItemAutorouteInfo.get_expansion_room: p_index out of range
2026-08-13 15:28:17.402 WARN   ItemAutorouteInfo.get_expansion_room: p_index out of range
2026-08-13 15:28:17.402 WARN   ItemAutorouteInfo.get_expansion_room: p_index out of range
2026-08-13 15:28:17.402 WARN   ItemAutorouteInfo.get_expansion_room: p_index out of range
2026-08-13 15:28:17.402 WARN   ItemAutorouteInfo.get_expansion_room: p_index out of range
2026-08-13 15:28:17.402 WARN   ItemAutorouteInfo.get_expansion_room: p_index out of range
2026-08-13 15:28:17.402 WARN   ItemAutorouteInfo.get_expansion_room: p_index out of range
2026-08-13 15:28:17.402 WARN   ItemAutorouteInfo.get_expansion_room: p_index out of range
2026-08-13 15:28:17.402 WARN   ItemAutorouteInfo.get_expansion_room: p_index out of range
2026-08-13 15:28:17.403 WARN   ItemAutorouteInfo.get_expansion_room: p_index out of range
2026-08-13 15:28:17.407 WARN   ItemAutorouteInfo.get_expansion_room: p_index out of range
2026-08-13 15:28:17.407 WARN   ItemAutorouteInfo.get_expansion_room: p_index out of range
2026-08-13 15:28:17.410 WARN   ItemAutorouteInfo.get_expansion_room: p_index out of range
2026-08-13 15:28:17.410 WARN   ItemAutorouteInfo.get_expansion_room: p_index out of range
2026-08-13 15:28:17.410 WARN   ItemAutorouteInfo.get_expansion_room: p_index out of range
2026-08-13 15:28:17.410 WARN   ItemAutorouteInfo.get_expansion_room: p_index out of range
2026-08-13 15:28:17.411 WARN   ItemAutorouteInfo.get_expansion_room: p_index out of range
2026-08-13 15:28:17.413 WARN   ItemAutorouteInfo.get_expansion_room: p_index out of range
2026-08-13 15:28:17.413 WARN   ItemAutorouteInfo.get_expansion_room: p_index out of range
2026-08-13 15:28:17.414 WARN   ItemAutorouteInfo.get_expansion_room: p_index out of range
2026-08-13 15:28:17.414 WARN   ItemAutorouteInfo.get_expansion_room: p_index out of range
2026-08-13 15:28:17.414 WARN   ItemAutorouteInfo.get_expansion_room: p_index out of range
2026-08-13 15:28:17.414 WARN   ItemAutorouteInfo.get_expansion_room: p_index out of range
2026-08-13 15:28:17.414 WARN   ItemAutorouteInfo.get_expansion_room: p_index out of range
2026-08-13 15:28:17.414 WARN   ItemAutorouteInfo.get_expansion_room: p_index out of range
2026-08-13 15:28:17.414 WARN   ItemAutorouteInfo.get_expansion_room: p_index out of range
2026-08-13 15:28:17.415 WARN   ItemAutorouteInfo.get_expansion_room: p_index out of range
2026-08-13 15:28:17.415 WARN   ItemAutorouteInfo.get_expansion_room: p_index out of range
2026-08-13 15:28:17.416 WARN   ItemAutorouteInfo.get_expansion_room: p_index out of range
2026-08-13 15:28:17.416 WARN   ItemAutorouteInfo.get_expansion_room: p_index out of range
2026-08-13 15:28:17.416 WARN   ItemAutorouteInfo.get_expansion_room: p_index out of range
2026-08-13 15:28:17.416 WARN   ItemAutorouteInfo.get_expansion_room: p_index out of range
2026-08-13 15:28:17.418 WARN   ItemAutorouteInfo.get_expansion_room: p_index out of range
2026-08-13 15:28:17.418 WARN   ItemAutorouteInfo.get_expansion_room: p_index out of range
2026-08-13 15:28:17.418 WARN   ItemAutorouteInfo.get_expansion_room: p_index out of range
2026-08-13 15:28:17.418 WARN   ItemAutorouteInfo.get_expansion_room: p_index out of range
2026-08-13 15:28:17.418 WARN   ItemAutorouteInfo.get_expansion_room: p_index out of range
2026-08-13 15:28:17.418 WARN   ItemAutorouteInfo.get_expansion_room: p_index out of range
2026-08-13 15:28:17.418 WARN   ItemAutorouteInfo.get_expansion_room: p_index out of range
2026-08-13 15:28:17.418 WARN   ItemAutorouteInfo.get_expansion_room: p_index out of range
2026-08-13 15:28:17.418 WARN   ItemAutorouteInfo.get_expansion_room: p_index out of range
2026-08-13 15:28:17.418 WARN   ItemAutorouteInfo.get_expansion_room: p_index out of range
2026-08-13 15:28:17.418 WARN   ItemAutorouteInfo.get_expansion_room: p_index out of range
2026-08-13 15:28:17.418 WARN   ItemAutorouteInfo.get_expansion_room: p_index out of range
2026-08-13 15:28:17.418 WARN   ItemAutorouteInfo.get_expansion_room: p_index out of range
2026-08-13 15:28:17.418 WARN   ItemAutorouteInfo.get_expansion_room: p_index out of range
2026-08-13 15:28:17.418 WARN   ItemAutorouteInfo.get_expansion_room: p_index out of range
2026-08-13 15:28:17.418 WARN   ItemAutorouteInfo.get_expansion_room: p_index out of range
2026-08-13 15:28:17.418 WARN   ItemAutorouteInfo.get_expansion_room: p_index out of range
2026-08-13 15:28:17.418 WARN   ItemAutorouteInfo.get_expansion_room: p_index out of range
2026-08-13 15:28:17.418 WARN   ItemAutorouteInfo.get_expansion_room: p_index out of range
2026-08-13 15:28:17.418 WARN   ItemAutorouteInfo.get_expansion_room: p_index out of range
2026-08-13 15:28:17.418 WARN   ItemAutorouteInfo.get_expansion_room: p_index out of range
2026-08-13 15:28:17.419 WARN   ItemAutorouteInfo.get_expansion_room: p_index out of range
2026-08-13 15:28:17.419 WARN   ItemAutorouteInfo.get_expansion_room: p_index out of range
2026-08-13 15:28:17.419 WARN   ItemAutorouteInfo.get_expansion_room: p_index out of range
2026-08-13 15:28:17.419 WARN   ItemAutorouteInfo.get_expansion_room: p_index out of range
2026-08-13 15:28:17.419 WARN   ItemAutorouteInfo.get_expansion_room: p_index out of range
2026-08-13 15:28:17.419 WARN   ItemAutorouteInfo.get_expansion_room: p_index out of range
2026-08-13 15:28:17.422 WARN   ItemAutorouteInfo.get_expansion_room: p_index out of range
2026-08-13 15:28:17.422 WARN   ItemAutorouteInfo.get_expansion_room: p_index out of range
2026-08-13 15:28:17.422 WARN   ItemAutorouteInfo.get_expansion_room: p_index out of range
2026-08-13 15:28:17.422 WARN   ItemAutorouteInfo.get_expansion_room: p_index out of range
2026-08-13 15:28:17.422 WARN   ItemAutorouteInfo.get_expansion_room: p_index out of range
2026-08-13 15:28:17.422 WARN   ItemAutorouteInfo.get_expansion_room: p_index out of range
2026-08-13 15:28:17.422 WARN   ItemAutorouteInfo.get_expansion_room: p_index out of range
2026-08-13 15:28:17.422 WARN   ItemAutorouteInfo.get_expansion_room: p_index out of range
2026-08-13 15:28:17.424 WARN   ItemAutorouteInfo.get_expansion_room: p_index out of range
2026-08-13 15:28:17.429 WARN   ItemAutorouteInfo.get_expansion_room: p_index out of range
2026-08-13 15:28:17.453 WARN   ItemAutorouteInfo.get_expansion_room: p_index out of range
2026-08-13 15:28:17.453 WARN   ItemAutorouteInfo.get_expansion_room: p_index out of range
2026-08-13 15:28:17.453 WARN   ItemAutorouteInfo.get_expansion_room: p_index out of range
2026-08-13 15:28:17.453 WARN   ItemAutorouteInfo.get_expansion_room: p_index out of range
2026-08-13 15:28:17.453 WARN   ItemAutorouteInfo.get_expansion_room: p_index out of range
2026-08-13 15:28:17.453 WARN   ItemAutorouteInfo.get_expansion_room: p_index out of range
2026-08-13 15:28:17.476 WARN   ItemAutorouteInfo.get_expansion_room: p_index out of range
2026-08-13 15:28:17.476 WARN   ItemAutorouteInfo.get_expansion_room: p_index out of range
2026-08-13 15:28:17.476 WARN   ItemAutorouteInfo.get_expansion_room: p_index out of range
2026-08-13 15:28:17.476 WARN   ItemAutorouteInfo.get_expansion_room: p_index out of range
2026-08-13 15:28:17.476 WARN   ItemAutorouteInfo.get_expansion_room: p_index out of range
2026-08-13 15:28:17.476 WARN   ItemAutorouteInfo.get_expansion_room: p_index out of range
2026-08-13 15:28:17.476 WARN   ItemAutorouteInfo.get_expansion_room: p_index out of range
2026-08-13 15:28:17.477 WARN   ItemAutorouteInfo.get_expansion_room: p_index out of range
2026-08-13 15:28:17.485 WARN   ItemAutorouteInfo.get_expansion_room: p_index out of range
2026-08-13 15:28:17.485 WARN   ItemAutorouteInfo.get_expansion_room: p_index out of range
2026-08-13 15:28:17.485 WARN   ItemAutorouteInfo.get_expansion_room: p_index out of range
2026-08-13 15:28:17.488 WARN   ItemAutorouteInfo.get_expansion_room: p_index out of range
2026-08-13 15:28:17.488 WARN   ItemAutorouteInfo.get_expansion_room: p_index out of range
2026-08-13 15:28:17.488 WARN   ItemAutorouteInfo.get_expansion_room: p_index out of range
2026-08-13 15:28:17.500 WARN   ItemAutorouteInfo.get_expansion_room: p_index out of range
2026-08-13 15:28:17.500 WARN   ItemAutorouteInfo.get_expansion_room: p_index out of range
2026-08-13 15:28:17.500 WARN   ItemAutorouteInfo.get_expansion_room: p_index out of range
2026-08-13 15:28:17.500 WARN   ItemAutorouteInfo.get_expansion_room: p_index out of range
2026-08-13 15:28:17.500 WARN   ItemAutorouteInfo.get_expansion_room: p_index out of range
2026-08-13 15:28:17.500 WARN   ItemAutorouteInfo.get_expansion_room: p_index out of range
2026-08-13 15:28:17.500 WARN   ItemAutorouteInfo.get_expansion_room: p_index out of range
2026-08-13 15:28:17.514 WARN   ItemAutorouteInfo.get_expansion_room: p_index out of range
2026-08-13 15:28:17.514 WARN   ItemAutorouteInfo.get_expansion_room: p_index out of range
2026-08-13 15:28:17.514 WARN   ItemAutorouteInfo.get_expansion_room: p_index out of range
2026-08-13 15:28:17.514 WARN   ItemAutorouteInfo.get_expansion_room: p_index out of range
2026-08-13 15:28:17.522 WARN   ItemAutorouteInfo.get_expansion_room: p_index out of range
2026-08-13 15:28:17.522 WARN   ItemAutorouteInfo.get_expansion_room: p_index out of range
2026-08-13 15:28:17.525 WARN   ItemAutorouteInfo.get_expansion_room: p_index out of range
2026-08-13 15:28:18.679 INFO   [0B550D\DCEEB2] Auto-router pass #162 on board 'c7493414fa8db5e44603d9fd02e4a4bb' was completed in 1,35 seconds with the score of 974,02 (4 unrouted), using 90057,10 CPU seconds and 358664 MB memory.
2026-08-13 15:28:21.107 INFO   [0B550D\DCEEB2] Auto-router pass #163 on board 'cc71b6b1ef666d9724fe716b15702dba' was completed in 2,41 seconds with the score of 974,14 (4 unrouted), using 90893,78 CPU seconds and 360529 MB memory.
2026-08-13 15:28:31.281 INFO   [0B550D\DCEEB2] Restoring an earlier board that has the score of 976,82 (2 unrouted).
2026-08-13 15:28:31.281 INFO   [0B550D\DCEEB2] Auto-router pass #164 on board '976e1084cc556ee10cc37ed3fbce96dc' was completed in 10,15 seconds with the score of 971,64 (6 unrouted), using 95135,74 CPU seconds and 369673 MB memory.
2026-08-13 15:28:33.283 INFO   [0B550D\DCEEB2] Auto-router pass #165 on board '27365bbb537df1186b9fcb4860309144' was completed in 1,99 seconds with the score of 975,31 (3 unrouted), using 95995,78 CPU seconds and 371616 MB memory.
2026-08-13 15:28:33.332 WARN   ItemAutorouteInfo.get_expansion_room: p_index out of range
2026-08-13 15:28:33.332 WARN   ItemAutorouteInfo.get_expansion_room: p_index out of range
2026-08-13 15:28:33.332 WARN   ItemAutorouteInfo.get_expansion_room: p_index out of range
2026-08-13 15:28:33.335 WARN   ItemAutorouteInfo.get_expansion_room: p_index out of range
2026-08-13 15:28:33.335 WARN   ItemAutorouteInfo.get_expansion_room: p_index out of range
2026-08-13 15:28:33.335 WARN   ItemAutorouteInfo.get_expansion_room: p_index out of range
2026-08-13 15:28:33.335 WARN   ItemAutorouteInfo.get_expansion_room: p_index out of range
2026-08-13 15:28:33.335 WARN   ItemAutorouteInfo.get_expansion_room: p_index out of range
2026-08-13 15:28:33.335 WARN   ItemAutorouteInfo.get_expansion_room: p_index out of range
2026-08-13 15:28:33.335 WARN   ItemAutorouteInfo.get_expansion_room: p_index out of range
2026-08-13 15:28:33.336 WARN   ItemAutorouteInfo.get_expansion_room: p_index out of range
2026-08-13 15:28:33.336 WARN   ItemAutorouteInfo.get_expansion_room: p_index out of range
2026-08-13 15:28:33.336 WARN   ItemAutorouteInfo.get_expansion_room: p_index out of range
2026-08-13 15:28:33.336 WARN   ItemAutorouteInfo.get_expansion_room: p_index out of range
2026-08-13 15:28:33.353 WARN   ItemAutorouteInfo.get_expansion_room: p_index out of range
2026-08-13 15:28:33.353 WARN   ItemAutorouteInfo.get_expansion_room: p_index out of range
2026-08-13 15:28:33.353 WARN   ItemAutorouteInfo.get_expansion_room: p_index out of range
2026-08-13 15:28:33.353 WARN   ItemAutorouteInfo.get_expansion_room: p_index out of range
2026-08-13 15:28:33.353 WARN   ItemAutorouteInfo.get_expansion_room: p_index out of range
2026-08-13 15:28:33.353 WARN   ItemAutorouteInfo.get_expansion_room: p_index out of range
2026-08-13 15:28:33.353 WARN   ItemAutorouteInfo.get_expansion_room: p_index out of range
2026-08-13 15:28:33.354 WARN   ItemAutorouteInfo.get_expansion_room: p_index out of range
2026-08-13 15:28:33.354 WARN   ItemAutorouteInfo.get_expansion_room: p_index out of range
2026-08-13 15:28:33.354 WARN   ItemAutorouteInfo.get_expansion_room: p_index out of range
2026-08-13 15:28:33.354 WARN   ItemAutorouteInfo.get_expansion_room: p_index out of range
2026-08-13 15:28:33.354 WARN   ItemAutorouteInfo.get_expansion_room: p_index out of range
2026-08-13 15:28:33.354 WARN   ItemAutorouteInfo.get_expansion_room: p_index out of range
2026-08-13 15:28:33.354 WARN   ItemAutorouteInfo.get_expansion_room: p_index out of range
2026-08-13 15:28:33.354 WARN   ItemAutorouteInfo.get_expansion_room: p_index out of range
2026-08-13 15:28:33.372 WARN   ItemAutorouteInfo.get_expansion_room: p_index out of range
2026-08-13 15:28:33.372 WARN   ItemAutorouteInfo.get_expansion_room: p_index out of range
2026-08-13 15:28:33.372 WARN   ItemAutorouteInfo.get_expansion_room: p_index out of range
2026-08-13 15:28:33.372 WARN   ItemAutorouteInfo.get_expansion_room: p_index out of range
2026-08-13 15:28:33.372 WARN   ItemAutorouteInfo.get_expansion_room: p_index out of range
2026-08-13 15:28:33.375 WARN   ItemAutorouteInfo.get_expansion_room: p_index out of range
2026-08-13 15:28:33.375 WARN   ItemAutorouteInfo.get_expansion_room: p_index out of range
2026-08-13 15:28:33.375 WARN   ItemAutorouteInfo.get_expansion_room: p_index out of range
2026-08-13 15:28:33.375 WARN   ItemAutorouteInfo.get_expansion_room: p_index out of range
2026-08-13 15:28:33.375 WARN   ItemAutorouteInfo.get_expansion_room: p_index out of range
2026-08-13 15:28:33.375 WARN   ItemAutorouteInfo.get_expansion_room: p_index out of range
2026-08-13 15:28:33.378 WARN   ItemAutorouteInfo.get_expansion_room: p_index out of range
2026-08-13 15:28:33.378 WARN   ItemAutorouteInfo.get_expansion_room: p_index out of range
2026-08-13 15:28:33.378 WARN   ItemAutorouteInfo.get_expansion_room: p_index out of range
2026-08-13 15:28:33.506 WARN   ItemAutorouteInfo.get_expansion_room: p_index out of range
2026-08-13 15:28:33.522 WARN   ItemAutorouteInfo.get_expansion_room: p_index out of range
2026-08-13 15:28:33.522 WARN   ItemAutorouteInfo.get_expansion_room: p_index out of range
2026-08-13 15:28:33.522 WARN   ItemAutorouteInfo.get_expansion_room: p_index out of range
2026-08-13 15:28:33.522 WARN   ItemAutorouteInfo.get_expansion_room: p_index out of range
2026-08-13 15:28:33.522 WARN   ItemAutorouteInfo.get_expansion_room: p_index out of range
2026-08-13 15:28:33.522 WARN   ItemAutorouteInfo.get_expansion_room: p_index out of range
2026-08-13 15:28:33.522 WARN   ItemAutorouteInfo.get_expansion_room: p_index out of range
2026-08-13 15:28:33.531 WARN   ItemAutorouteInfo.get_expansion_room: p_index out of range
2026-08-13 15:28:33.551 WARN   ItemAutorouteInfo.get_expansion_room: p_index out of range
2026-08-13 15:28:33.551 WARN   ItemAutorouteInfo.get_expansion_room: p_index out of range
2026-08-13 15:28:33.551 WARN   ItemAutorouteInfo.get_expansion_room: p_index out of range
2026-08-13 15:28:33.551 WARN   ItemAutorouteInfo.get_expansion_room: p_index out of range
2026-08-13 15:28:33.551 WARN   ItemAutorouteInfo.get_expansion_room: p_index out of range
2026-08-13 15:28:33.552 WARN   ItemAutorouteInfo.get_expansion_room: p_index out of range
2026-08-13 15:28:33.552 WARN   ItemAutorouteInfo.get_expansion_room: p_index out of range
2026-08-13 15:28:33.552 WARN   ItemAutorouteInfo.get_expansion_room: p_index out of range
2026-08-13 15:28:33.553 WARN   ItemAutorouteInfo.get_expansion_room: p_index out of range
2026-08-13 15:28:33.553 WARN   ItemAutorouteInfo.get_expansion_room: p_index out of range
2026-08-13 15:28:33.553 WARN   ItemAutorouteInfo.get_expansion_room: p_index out of range
2026-08-13 15:28:33.553 WARN   ItemAutorouteInfo.get_expansion_room: p_index out of range
2026-08-13 15:28:33.564 WARN   ItemAutorouteInfo.get_expansion_room: p_index out of range
2026-08-13 15:28:33.564 WARN   ItemAutorouteInfo.get_expansion_room: p_index out of range
2026-08-13 15:28:33.564 WARN   ItemAutorouteInfo.get_expansion_room: p_index out of range
2026-08-13 15:28:33.564 WARN   ItemAutorouteInfo.get_expansion_room: p_index out of range
2026-08-13 15:28:33.564 WARN   ItemAutorouteInfo.get_expansion_room: p_index out of range
2026-08-13 15:28:33.564 WARN   ItemAutorouteInfo.get_expansion_room: p_index out of range
2026-08-13 15:28:33.564 WARN   ItemAutorouteInfo.get_expansion_room: p_index out of range
2026-08-13 15:28:33.564 WARN   ItemAutorouteInfo.get_expansion_room: p_index out of range
2026-08-13 15:28:33.564 WARN   ItemAutorouteInfo.get_expansion_room: p_index out of range
2026-08-13 15:28:33.565 WARN   ItemAutorouteInfo.get_expansion_room: p_index out of range
2026-08-13 15:28:33.565 WARN   ItemAutorouteInfo.get_expansion_room: p_index out of range
2026-08-13 15:28:33.565 WARN   ItemAutorouteInfo.get_expansion_room: p_index out of range
2026-08-13 15:28:33.565 WARN   ItemAutorouteInfo.get_expansion_room: p_index out of range
2026-08-13 15:28:33.565 WARN   ItemAutorouteInfo.get_expansion_room: p_index out of range
2026-08-13 15:28:33.565 WARN   ItemAutorouteInfo.get_expansion_room: p_index out of range
2026-08-13 15:28:33.565 WARN   ItemAutorouteInfo.get_expansion_room: p_index out of range
2026-08-13 15:28:33.565 WARN   ItemAutorouteInfo.get_expansion_room: p_index out of range
2026-08-13 15:28:33.565 WARN   ItemAutorouteInfo.get_expansion_room: p_index out of range
2026-08-13 15:28:33.565 WARN   ItemAutorouteInfo.get_expansion_room: p_index out of range
2026-08-13 15:28:33.565 WARN   ItemAutorouteInfo.get_expansion_room: p_index out of range
2026-08-13 15:28:33.565 WARN   ItemAutorouteInfo.get_expansion_room: p_index out of range
2026-08-13 15:28:33.566 WARN   ItemAutorouteInfo.get_expansion_room: p_index out of range
2026-08-13 15:28:33.566 WARN   ItemAutorouteInfo.get_expansion_room: p_index out of range
2026-08-13 15:28:33.566 WARN   ItemAutorouteInfo.get_expansion_room: p_index out of range
2026-08-13 15:28:33.566 WARN   ItemAutorouteInfo.get_expansion_room: p_index out of range
2026-08-13 15:28:33.566 WARN   ItemAutorouteInfo.get_expansion_room: p_index out of range
2026-08-13 15:28:33.566 WARN   ItemAutorouteInfo.get_expansion_room: p_index out of range
2026-08-13 15:28:33.566 WARN   ItemAutorouteInfo.get_expansion_room: p_index out of range
2026-08-13 15:28:33.566 WARN   ItemAutorouteInfo.get_expansion_room: p_index out of range
2026-08-13 15:28:33.569 WARN   ItemAutorouteInfo.get_expansion_room: p_index out of range
2026-08-13 15:28:33.569 WARN   ItemAutorouteInfo.get_expansion_room: p_index out of range
2026-08-13 15:28:33.569 WARN   ItemAutorouteInfo.get_expansion_room: p_index out of range
2026-08-13 15:28:33.569 WARN   ItemAutorouteInfo.get_expansion_room: p_index out of range
2026-08-13 15:28:33.574 WARN   ItemAutorouteInfo.get_expansion_room: p_index out of range
2026-08-13 15:28:33.574 WARN   ItemAutorouteInfo.get_expansion_room: p_index out of range
2026-08-13 15:28:33.574 WARN   ItemAutorouteInfo.get_expansion_room: p_index out of range
2026-08-13 15:28:33.574 WARN   ItemAutorouteInfo.get_expansion_room: p_index out of range
2026-08-13 15:28:33.574 WARN   ItemAutorouteInfo.get_expansion_room: p_index out of range
2026-08-13 15:28:33.574 WARN   ItemAutorouteInfo.get_expansion_room: p_index out of range
2026-08-13 15:28:33.574 WARN   ItemAutorouteInfo.get_expansion_room: p_index out of range
2026-08-13 15:28:33.580 WARN   ItemAutorouteInfo.get_expansion_room: p_index out of range
2026-08-13 15:28:33.580 WARN   ItemAutorouteInfo.get_expansion_room: p_index out of range
2026-08-13 15:28:33.580 WARN   ItemAutorouteInfo.get_expansion_room: p_index out of range
2026-08-13 15:28:33.582 WARN   ItemAutorouteInfo.get_expansion_room: p_index out of range
2026-08-13 15:28:33.582 WARN   ItemAutorouteInfo.get_expansion_room: p_index out of range
2026-08-13 15:28:33.582 WARN   ItemAutorouteInfo.get_expansion_room: p_index out of range
2026-08-13 15:28:33.582 WARN   ItemAutorouteInfo.get_expansion_room: p_index out of range
2026-08-13 15:28:33.582 WARN   ItemAutorouteInfo.get_expansion_room: p_index out of range
2026-08-13 15:28:33.582 WARN   ItemAutorouteInfo.get_expansion_room: p_index out of range
2026-08-13 15:28:33.582 WARN   ItemAutorouteInfo.get_expansion_room: p_index out of range
2026-08-13 15:28:33.582 WARN   ItemAutorouteInfo.get_expansion_room: p_index out of range
2026-08-13 15:28:33.582 WARN   ItemAutorouteInfo.get_expansion_room: p_index out of range
2026-08-13 15:28:33.582 WARN   ItemAutorouteInfo.get_expansion_room: p_index out of range
2026-08-13 15:28:33.583 WARN   ItemAutorouteInfo.get_expansion_room: p_index out of range
2026-08-13 15:28:33.586 WARN   ItemAutorouteInfo.get_expansion_room: p_index out of range
2026-08-13 15:28:33.586 WARN   ItemAutorouteInfo.get_expansion_room: p_index out of range
2026-08-13 15:28:33.586 WARN   ItemAutorouteInfo.get_expansion_room: p_index out of range
2026-08-13 15:28:33.587 WARN   ItemAutorouteInfo.get_expansion_room: p_index out of range
2026-08-13 15:28:33.587 WARN   ItemAutorouteInfo.get_expansion_room: p_index out of range
2026-08-13 15:28:33.587 WARN   ItemAutorouteInfo.get_expansion_room: p_index out of range
2026-08-13 15:28:33.587 WARN   ItemAutorouteInfo.get_expansion_room: p_index out of range
2026-08-13 15:28:33.587 WARN   ItemAutorouteInfo.get_expansion_room: p_index out of range
2026-08-13 15:28:33.587 WARN   ItemAutorouteInfo.get_expansion_room: p_index out of range
2026-08-13 15:28:33.587 WARN   ItemAutorouteInfo.get_expansion_room: p_index out of range
2026-08-13 15:28:33.587 WARN   ItemAutorouteInfo.get_expansion_room: p_index out of range
2026-08-13 15:28:33.587 WARN   ItemAutorouteInfo.get_expansion_room: p_index out of range
2026-08-13 15:28:33.587 WARN   ItemAutorouteInfo.get_expansion_room: p_index out of range
2026-08-13 15:28:33.595 WARN   ItemAutorouteInfo.get_expansion_room: p_index out of range
2026-08-13 15:28:33.595 WARN   ItemAutorouteInfo.get_expansion_room: p_index out of range
2026-08-13 15:28:33.599 WARN   ItemAutorouteInfo.get_expansion_room: p_index out of range
2026-08-13 15:28:33.599 WARN   ItemAutorouteInfo.get_expansion_room: p_index out of range
2026-08-13 15:28:33.601 WARN   ItemAutorouteInfo.get_expansion_room: p_index out of range
2026-08-13 15:28:33.601 WARN   ItemAutorouteInfo.get_expansion_room: p_index out of range
2026-08-13 15:28:33.601 WARN   ItemAutorouteInfo.get_expansion_room: p_index out of range
2026-08-13 15:28:33.601 WARN   ItemAutorouteInfo.get_expansion_room: p_index out of range
2026-08-13 15:28:33.601 WARN   ItemAutorouteInfo.get_expansion_room: p_index out of range
2026-08-13 15:28:33.601 WARN   ItemAutorouteInfo.get_expansion_room: p_index out of range
2026-08-13 15:28:33.601 WARN   ItemAutorouteInfo.get_expansion_room: p_index out of range
2026-08-13 15:28:33.601 WARN   ItemAutorouteInfo.get_expansion_room: p_index out of range
2026-08-13 15:28:33.601 WARN   ItemAutorouteInfo.get_expansion_room: p_index out of range
2026-08-13 15:28:33.602 WARN   ItemAutorouteInfo.get_expansion_room: p_index out of range
2026-08-13 15:28:33.602 WARN   ItemAutorouteInfo.get_expansion_room: p_index out of range
2026-08-13 15:28:33.602 WARN   ItemAutorouteInfo.get_expansion_room: p_index out of range
2026-08-13 15:28:33.602 WARN   ItemAutorouteInfo.get_expansion_room: p_index out of range
2026-08-13 15:28:33.602 WARN   ItemAutorouteInfo.get_expansion_room: p_index out of range
2026-08-13 15:28:33.602 WARN   ItemAutorouteInfo.get_expansion_room: p_index out of range
2026-08-13 15:28:33.603 WARN   ItemAutorouteInfo.get_expansion_room: p_index out of range
2026-08-13 15:28:33.603 WARN   ItemAutorouteInfo.get_expansion_room: p_index out of range
2026-08-13 15:28:33.603 WARN   ItemAutorouteInfo.get_expansion_room: p_index out of range
2026-08-13 15:28:33.603 WARN   ItemAutorouteInfo.get_expansion_room: p_index out of range
2026-08-13 15:28:33.603 WARN   ItemAutorouteInfo.get_expansion_room: p_index out of range
2026-08-13 15:28:33.604 WARN   ItemAutorouteInfo.get_expansion_room: p_index out of range
2026-08-13 15:28:33.606 WARN   ItemAutorouteInfo.get_expansion_room: p_index out of range
2026-08-13 15:28:33.612 WARN   ItemAutorouteInfo.get_expansion_room: p_index out of range
2026-08-13 15:28:33.857 WARN   ItemAutorouteInfo.get_expansion_room: p_index out of range
2026-08-13 15:28:33.867 WARN   ItemAutorouteInfo.get_expansion_room: p_index out of range
2026-08-13 15:28:35.415 INFO   [0B550D\DCEEB2] Auto-router pass #166 on board 'e774cde79a53fb85ca4566c5b0ce8ebc' was completed in 2,11 seconds with the score of 974,04 (4 unrouted), using 96859,68 CPU seconds and 373700 MB memory.
2026-08-13 15:28:38.330 INFO   [0B550D\DCEEB2] Auto-router pass #167 on board '5c483a8433bac5bf6a646840e5b8065e' was completed in 2,90 seconds with the score of 972,23 (5 unrouted), using 98162,80 CPU seconds and 376506 MB memory.
2026-08-13 15:28:52.472 INFO   [0B550D\DCEEB2] Restoring an earlier board that has the score of 976,79 (2 unrouted).
2026-08-13 15:28:52.472 INFO   [0B550D\DCEEB2] Auto-router pass #168 on board '5b9a7138a5e861aaad58b359fb30f1c3' was completed in 14,12 seconds with the score of 969,66 (7 unrouted), using 104359,98 CPU seconds and 388826 MB memory.
2026-08-13 15:28:53.749 INFO   [0B550D\DCEEB2] Auto-router pass #169 on board '1d011d79f0134529679988883ff86122' was completed in 1,27 seconds with the score of 976,87 (2 unrouted), using 105260,80 CPU seconds and 390725 MB memory.
2026-08-13 15:28:53.803 WARN   ItemAutorouteInfo.get_expansion_room: p_index out of range
2026-08-13 15:28:53.803 WARN   ItemAutorouteInfo.get_expansion_room: p_index out of range
2026-08-13 15:28:53.803 WARN   ItemAutorouteInfo.get_expansion_room: p_index out of range
2026-08-13 15:28:53.803 WARN   ItemAutorouteInfo.get_expansion_room: p_index out of range
2026-08-13 15:28:53.803 WARN   ItemAutorouteInfo.get_expansion_room: p_index out of range
2026-08-13 15:28:53.803 WARN   ItemAutorouteInfo.get_expansion_room: p_index out of range
2026-08-13 15:28:53.803 WARN   ItemAutorouteInfo.get_expansion_room: p_index out of range
2026-08-13 15:28:53.803 WARN   ItemAutorouteInfo.get_expansion_room: p_index out of range
2026-08-13 15:28:53.803 WARN   ItemAutorouteInfo.get_expansion_room: p_index out of range
2026-08-13 15:28:53.803 WARN   ItemAutorouteInfo.get_expansion_room: p_index out of range
2026-08-13 15:28:53.803 WARN   ItemAutorouteInfo.get_expansion_room: p_index out of range
2026-08-13 15:28:53.804 WARN   ItemAutorouteInfo.get_expansion_room: p_index out of range
2026-08-13 15:28:53.804 WARN   ItemAutorouteInfo.get_expansion_room: p_index out of range
2026-08-13 15:28:53.804 WARN   ItemAutorouteInfo.get_expansion_room: p_index out of range
2026-08-13 15:28:53.804 WARN   ItemAutorouteInfo.get_expansion_room: p_index out of range
2026-08-13 15:28:53.804 WARN   ItemAutorouteInfo.get_expansion_room: p_index out of range
2026-08-13 15:28:53.804 WARN   ItemAutorouteInfo.get_expansion_room: p_index out of range
2026-08-13 15:28:53.804 WARN   ItemAutorouteInfo.get_expansion_room: p_index out of range
2026-08-13 15:28:53.804 WARN   ItemAutorouteInfo.get_expansion_room: p_index out of range
2026-08-13 15:28:53.804 WARN   ItemAutorouteInfo.get_expansion_room: p_index out of range
2026-08-13 15:28:53.804 WARN   ItemAutorouteInfo.get_expansion_room: p_index out of range
2026-08-13 15:28:53.804 WARN   ItemAutorouteInfo.get_expansion_room: p_index out of range
2026-08-13 15:28:53.804 WARN   ItemAutorouteInfo.get_expansion_room: p_index out of range
2026-08-13 15:28:53.804 WARN   ItemAutorouteInfo.get_expansion_room: p_index out of range
2026-08-13 15:28:53.804 WARN   ItemAutorouteInfo.get_expansion_room: p_index out of range
2026-08-13 15:28:53.804 WARN   ItemAutorouteInfo.get_expansion_room: p_index out of range
2026-08-13 15:28:53.805 WARN   ItemAutorouteInfo.get_expansion_room: p_index out of range
2026-08-13 15:28:53.805 WARN   ItemAutorouteInfo.get_expansion_room: p_index out of range
2026-08-13 15:28:53.805 WARN   ItemAutorouteInfo.get_expansion_room: p_index out of range
2026-08-13 15:28:53.805 WARN   ItemAutorouteInfo.get_expansion_room: p_index out of range
2026-08-13 15:28:53.805 WARN   ItemAutorouteInfo.get_expansion_room: p_index out of range
2026-08-13 15:28:53.805 WARN   ItemAutorouteInfo.get_expansion_room: p_index out of range
2026-08-13 15:28:53.806 WARN   ItemAutorouteInfo.get_expansion_room: p_index out of range
2026-08-13 15:28:53.807 WARN   ItemAutorouteInfo.get_expansion_room: p_index out of range
2026-08-13 15:28:53.808 WARN   ItemAutorouteInfo.get_expansion_room: p_index out of range
2026-08-13 15:28:53.808 WARN   ItemAutorouteInfo.get_expansion_room: p_index out of range
2026-08-13 15:28:53.814 WARN   ItemAutorouteInfo.get_expansion_room: p_index out of range
2026-08-13 15:28:53.814 WARN   ItemAutorouteInfo.get_expansion_room: p_index out of range
2026-08-13 15:28:53.814 WARN   ItemAutorouteInfo.get_expansion_room: p_index out of range
2026-08-13 15:28:53.814 WARN   ItemAutorouteInfo.get_expansion_room: p_index out of range
2026-08-13 15:28:53.814 WARN   ItemAutorouteInfo.get_expansion_room: p_index out of range
2026-08-13 15:28:53.814 WARN   ItemAutorouteInfo.get_expansion_room: p_index out of range
2026-08-13 15:28:53.814 WARN   ItemAutorouteInfo.get_expansion_room: p_index out of range
2026-08-13 15:28:53.814 WARN   ItemAutorouteInfo.get_expansion_room: p_index out of range
2026-08-13 15:28:53.814 WARN   ItemAutorouteInfo.get_expansion_room: p_index out of range
2026-08-13 15:28:53.814 WARN   ItemAutorouteInfo.get_expansion_room: p_index out of range
2026-08-13 15:28:53.814 WARN   ItemAutorouteInfo.get_expansion_room: p_index out of range
2026-08-13 15:28:53.814 WARN   ItemAutorouteInfo.get_expansion_room: p_index out of range
2026-08-13 15:28:53.814 WARN   ItemAutorouteInfo.get_expansion_room: p_index out of range
2026-08-13 15:28:53.814 WARN   ItemAutorouteInfo.get_expansion_room: p_index out of range
2026-08-13 15:28:53.814 WARN   ItemAutorouteInfo.get_expansion_room: p_index out of range
2026-08-13 15:28:53.814 WARN   ItemAutorouteInfo.get_expansion_room: p_index out of range
2026-08-13 15:28:53.815 WARN   ItemAutorouteInfo.get_expansion_room: p_index out of range
2026-08-13 15:28:53.815 WARN   ItemAutorouteInfo.get_expansion_room: p_index out of range
2026-08-13 15:28:53.816 WARN   ItemAutorouteInfo.get_expansion_room: p_index out of range
2026-08-13 15:28:53.816 WARN   ItemAutorouteInfo.get_expansion_room: p_index out of range
2026-08-13 15:28:53.816 WARN   ItemAutorouteInfo.get_expansion_room: p_index out of range
2026-08-13 15:28:53.816 WARN   ItemAutorouteInfo.get_expansion_room: p_index out of range
2026-08-13 15:28:53.816 WARN   ItemAutorouteInfo.get_expansion_room: p_index out of range
2026-08-13 15:28:53.820 WARN   ItemAutorouteInfo.get_expansion_room: p_index out of range
2026-08-13 15:28:53.820 WARN   ItemAutorouteInfo.get_expansion_room: p_index out of range
2026-08-13 15:28:53.820 WARN   ItemAutorouteInfo.get_expansion_room: p_index out of range
2026-08-13 15:28:53.820 WARN   ItemAutorouteInfo.get_expansion_room: p_index out of range
2026-08-13 15:28:53.821 WARN   ItemAutorouteInfo.get_expansion_room: p_index out of range
2026-08-13 15:28:53.821 WARN   ItemAutorouteInfo.get_expansion_room: p_index out of range
2026-08-13 15:28:53.821 WARN   ItemAutorouteInfo.get_expansion_room: p_index out of range
2026-08-13 15:28:53.823 WARN   ItemAutorouteInfo.get_expansion_room: p_index out of range
2026-08-13 15:28:53.914 INFO   [0B550D\DCEEB2] Auto-router pass #170 on board '7197c7714462ba3abbc87aa48ca54a96' was completed in 0,16 seconds with the score of 978,19 (1 unrouted), using 105260,80 CPU seconds and 390725 MB memory.
2026-08-13 15:28:54.011 INFO   [0B550D\DCEEB2] Auto-router pass #171 on board '675a1c8d97c90aefa8b846295bd27205' was completed in 0,07 seconds with the score of 978,19 (1 unrouted), using 105260,80 CPU seconds and 390725 MB memory.
2026-08-13 15:28:56.584 INFO   [0B550D\DCEEB2] Restoring an earlier board that has the score of 978,19 (1 unrouted).
2026-08-13 15:28:56.585 INFO   [0B550D\DCEEB2] Auto-router pass #172 on board '675a1c8d97c90aefa8b846295bd27205' was completed in 2,56 seconds with the score of 978,19 (1 unrouted), using 106165,46 CPU seconds and 392514 MB memory.
2026-08-13 15:28:57.625 INFO   [0B550D\DCEEB2] Auto-router pass #173 on board '675a1c8d97c90aefa8b846295bd27205' was completed in 1,03 seconds with the score of 978,19 (1 unrouted), using 106619,23 CPU seconds and 393472 MB memory.
2026-08-13 15:28:57.707 INFO   [0B550D\DCEEB2] Auto-router pass #174 on board '675a1c8d97c90aefa8b846295bd27205' was completed in 0,07 seconds with the score of 978,19 (1 unrouted), using 107073,96 CPU seconds and 394420 MB memory.
2026-08-13 15:28:57.786 INFO   [0B550D\DCEEB2] Auto-router pass #175 on board '675a1c8d97c90aefa8b846295bd27205' was completed in 0,07 seconds with the score of 978,19 (1 unrouted), using 107073,96 CPU seconds and 394420 MB memory.
2026-08-13 15:28:59.609 INFO   [0B550D\DCEEB2] Restoring an earlier board that has the score of 978,19 (1 unrouted).
2026-08-13 15:28:59.610 INFO   [0B550D\DCEEB2] Auto-router pass #176 on board '675a1c8d97c90aefa8b846295bd27205' was completed in 1,81 seconds with the score of 978,19 (1 unrouted), using 107529,66 CPU seconds and 395362 MB memory.
2026-08-13 15:29:00.688 INFO   [0B550D\DCEEB2] Auto-router pass #177 on board '675a1c8d97c90aefa8b846295bd27205' was completed in 1,07 seconds with the score of 978,19 (1 unrouted), using 108443,91 CPU seconds and 397263 MB memory.
2026-08-13 15:29:00.772 INFO   [0B550D\DCEEB2] Auto-router pass #178 on board '675a1c8d97c90aefa8b846295bd27205' was completed in 0,08 seconds with the score of 978,19 (1 unrouted), using 108443,91 CPU seconds and 397263 MB memory.
2026-08-13 15:29:00.857 INFO   [0B550D\DCEEB2] Auto-router pass #179 on board '675a1c8d97c90aefa8b846295bd27205' was completed in 0,08 seconds with the score of 978,19 (1 unrouted), using 108443,91 CPU seconds and 397263 MB memory.
2026-08-13 15:29:02.659 INFO   [0B550D\DCEEB2] Restoring an earlier board that has the score of 978,19 (1 unrouted).
2026-08-13 15:29:02.659 INFO   [0B550D\DCEEB2] Auto-router pass #180 on board '675a1c8d97c90aefa8b846295bd27205' was completed in 1,79 seconds with the score of 978,19 (1 unrouted), using 109361,99 CPU seconds and 399203 MB memory.
2026-08-13 15:29:03.794 INFO   [0B550D\DCEEB2] Auto-router pass #181 on board '675a1c8d97c90aefa8b846295bd27205' was completed in 1,13 seconds with the score of 978,19 (1 unrouted), using 109822,47 CPU seconds and 400054 MB memory.
2026-08-13 15:29:03.888 INFO   [0B550D\DCEEB2] Auto-router pass #182 on board '675a1c8d97c90aefa8b846295bd27205' was completed in 0,09 seconds with the score of 978,19 (1 unrouted), using 109822,47 CPU seconds and 400054 MB memory.
2026-08-13 15:29:03.979 INFO   [0B550D\DCEEB2] Auto-router pass #183 on board '675a1c8d97c90aefa8b846295bd27205' was completed in 0,08 seconds with the score of 978,19 (1 unrouted), using 109822,47 CPU seconds and 400054 MB memory.
2026-08-13 15:29:05.869 INFO   [0B550D\DCEEB2] Restoring an earlier board that has the score of 978,19 (1 unrouted).
2026-08-13 15:29:05.869 INFO   [0B550D\DCEEB2] Auto-router pass #184 on board '675a1c8d97c90aefa8b846295bd27205' was completed in 1,88 seconds with the score of 978,19 (1 unrouted), using 110746,30 CPU seconds and 401880 MB memory.
2026-08-13 15:29:06.922 INFO   [0B550D\DCEEB2] Auto-router pass #185 on board '675a1c8d97c90aefa8b846295bd27205' was completed in 1,04 seconds with the score of 978,19 (1 unrouted), using 111209,66 CPU seconds and 402791 MB memory.
2026-08-13 15:29:07.001 INFO   [0B550D\DCEEB2] Auto-router pass #186 on board '675a1c8d97c90aefa8b846295bd27205' was completed in 0,07 seconds with the score of 978,19 (1 unrouted), using 111209,66 CPU seconds and 402791 MB memory.
2026-08-13 15:29:07.085 INFO   [0B550D\DCEEB2] Auto-router pass #187 on board '675a1c8d97c90aefa8b846295bd27205' was completed in 0,08 seconds with the score of 978,19 (1 unrouted), using 111209,66 CPU seconds and 402791 MB memory.
2026-08-13 15:29:08.850 INFO   [0B550D\DCEEB2] Restoring an earlier board that has the score of 976,79 (2 unrouted).
2026-08-13 15:29:08.850 INFO   [0B550D\DCEEB2] Auto-router pass #188 on board '675a1c8d97c90aefa8b846295bd27205' was completed in 1,76 seconds with the score of 978,19 (1 unrouted), using 112139,27 CPU seconds and 404804 MB memory.
2026-08-13 15:29:10.455 INFO   [0B550D\DCEEB2] Auto-router pass #189 on board '1d011d79f0134529679988883ff86122' was completed in 1,60 seconds with the score of 975,38 (3 unrouted), using 112605,52 CPU seconds and 405738 MB memory.
2026-08-13 15:29:11.502 INFO   [0B550D\DCEEB2] Auto-router pass #190 on board 'f94bff0c21cf9a69a39334112cd988bd' was completed in 1,02 seconds with the score of 975,57 (3 unrouted), using 113072,71 CPU seconds and 406772 MB memory.
2026-08-13 15:29:13.039 INFO   [0B550D\DCEEB2] Auto-router pass #191 on board 'f0b2409b4d11b0fd267277969409c361' was completed in 1,51 seconds with the score of 975,41 (3 unrouted), using 114010,02 CPU seconds and 408637 MB memory.
2026-08-13 15:29:20.189 INFO   [0B550D\DCEEB2] Restoring an earlier board that has the score of 976,79 (2 unrouted).
2026-08-13 15:29:20.189 INFO   [0B550D\DCEEB2] Auto-router pass #192 on board '6f913082d2b1a4de601bae87b8be2bd7' was completed in 7,13 seconds with the score of 974,41 (4 unrouted), using 117321,12 CPU seconds and 414987 MB memory.
2026-08-13 15:29:21.471 INFO   [0B550D\DCEEB2] Auto-router pass #193 on board '1d011d79f0134529679988883ff86122' was completed in 1,27 seconds with the score of 976,87 (2 unrouted), using 117798,02 CPU seconds and 415959 MB memory.
2026-08-13 15:29:21.540 WARN   ItemAutorouteInfo.get_expansion_room: p_index out of range
2026-08-13 15:29:21.540 WARN   ItemAutorouteInfo.get_expansion_room: p_index out of range
2026-08-13 15:29:21.540 WARN   ItemAutorouteInfo.get_expansion_room: p_index out of range
2026-08-13 15:29:21.540 WARN   ItemAutorouteInfo.get_expansion_room: p_index out of range
2026-08-13 15:29:21.540 WARN   ItemAutorouteInfo.get_expansion_room: p_index out of range
2026-08-13 15:29:21.540 WARN   ItemAutorouteInfo.get_expansion_room: p_index out of range
2026-08-13 15:29:21.541 WARN   ItemAutorouteInfo.get_expansion_room: p_index out of range
2026-08-13 15:29:21.541 WARN   ItemAutorouteInfo.get_expansion_room: p_index out of range
2026-08-13 15:29:21.541 WARN   ItemAutorouteInfo.get_expansion_room: p_index out of range
2026-08-13 15:29:21.541 WARN   ItemAutorouteInfo.get_expansion_room: p_index out of range
2026-08-13 15:29:21.541 WARN   ItemAutorouteInfo.get_expansion_room: p_index out of range
2026-08-13 15:29:21.541 WARN   ItemAutorouteInfo.get_expansion_room: p_index out of range
2026-08-13 15:29:21.542 WARN   ItemAutorouteInfo.get_expansion_room: p_index out of range
2026-08-13 15:29:21.542 WARN   ItemAutorouteInfo.get_expansion_room: p_index out of range
2026-08-13 15:29:21.542 WARN   ItemAutorouteInfo.get_expansion_room: p_index out of range
2026-08-13 15:29:21.542 WARN   ItemAutorouteInfo.get_expansion_room: p_index out of range
2026-08-13 15:29:21.542 WARN   ItemAutorouteInfo.get_expansion_room: p_index out of range
2026-08-13 15:29:21.542 WARN   ItemAutorouteInfo.get_expansion_room: p_index out of range
2026-08-13 15:29:21.542 WARN   ItemAutorouteInfo.get_expansion_room: p_index out of range
2026-08-13 15:29:21.542 WARN   ItemAutorouteInfo.get_expansion_room: p_index out of range
2026-08-13 15:29:21.542 WARN   ItemAutorouteInfo.get_expansion_room: p_index out of range
2026-08-13 15:29:21.542 WARN   ItemAutorouteInfo.get_expansion_room: p_index out of range
2026-08-13 15:29:21.542 WARN   ItemAutorouteInfo.get_expansion_room: p_index out of range
2026-08-13 15:29:21.542 WARN   ItemAutorouteInfo.get_expansion_room: p_index out of range
2026-08-13 15:29:21.542 WARN   ItemAutorouteInfo.get_expansion_room: p_index out of range
2026-08-13 15:29:21.542 WARN   ItemAutorouteInfo.get_expansion_room: p_index out of range
2026-08-13 15:29:21.542 WARN   ItemAutorouteInfo.get_expansion_room: p_index out of range
2026-08-13 15:29:21.542 WARN   ItemAutorouteInfo.get_expansion_room: p_index out of range
2026-08-13 15:29:21.542 WARN   ItemAutorouteInfo.get_expansion_room: p_index out of range
2026-08-13 15:29:21.542 WARN   ItemAutorouteInfo.get_expansion_room: p_index out of range
2026-08-13 15:29:21.542 WARN   ItemAutorouteInfo.get_expansion_room: p_index out of range
2026-08-13 15:29:21.543 WARN   ItemAutorouteInfo.get_expansion_room: p_index out of range
2026-08-13 15:29:21.544 WARN   ItemAutorouteInfo.get_expansion_room: p_index out of range
2026-08-13 15:29:21.545 WARN   ItemAutorouteInfo.get_expansion_room: p_index out of range
2026-08-13 15:29:21.546 WARN   ItemAutorouteInfo.get_expansion_room: p_index out of range
2026-08-13 15:29:21.546 WARN   ItemAutorouteInfo.get_expansion_room: p_index out of range
2026-08-13 15:29:21.551 WARN   ItemAutorouteInfo.get_expansion_room: p_index out of range
2026-08-13 15:29:21.551 WARN   ItemAutorouteInfo.get_expansion_room: p_index out of range
2026-08-13 15:29:21.551 WARN   ItemAutorouteInfo.get_expansion_room: p_index out of range
2026-08-13 15:29:21.551 WARN   ItemAutorouteInfo.get_expansion_room: p_index out of range
2026-08-13 15:29:21.551 WARN   ItemAutorouteInfo.get_expansion_room: p_index out of range
2026-08-13 15:29:21.551 WARN   ItemAutorouteInfo.get_expansion_room: p_index out of range
2026-08-13 15:29:21.551 WARN   ItemAutorouteInfo.get_expansion_room: p_index out of range
2026-08-13 15:29:21.551 WARN   ItemAutorouteInfo.get_expansion_room: p_index out of range
2026-08-13 15:29:21.551 WARN   ItemAutorouteInfo.get_expansion_room: p_index out of range
2026-08-13 15:29:21.551 WARN   ItemAutorouteInfo.get_expansion_room: p_index out of range
2026-08-13 15:29:21.551 WARN   ItemAutorouteInfo.get_expansion_room: p_index out of range
2026-08-13 15:29:21.551 WARN   ItemAutorouteInfo.get_expansion_room: p_index out of range
2026-08-13 15:29:21.551 WARN   ItemAutorouteInfo.get_expansion_room: p_index out of range
2026-08-13 15:29:21.551 WARN   ItemAutorouteInfo.get_expansion_room: p_index out of range
2026-08-13 15:29:21.551 WARN   ItemAutorouteInfo.get_expansion_room: p_index out of range
2026-08-13 15:29:21.551 WARN   ItemAutorouteInfo.get_expansion_room: p_index out of range
2026-08-13 15:29:21.552 WARN   ItemAutorouteInfo.get_expansion_room: p_index out of range
2026-08-13 15:29:21.552 WARN   ItemAutorouteInfo.get_expansion_room: p_index out of range
2026-08-13 15:29:21.553 WARN   ItemAutorouteInfo.get_expansion_room: p_index out of range
2026-08-13 15:29:21.553 WARN   ItemAutorouteInfo.get_expansion_room: p_index out of range
2026-08-13 15:29:21.553 WARN   ItemAutorouteInfo.get_expansion_room: p_index out of range
2026-08-13 15:29:21.553 WARN   ItemAutorouteInfo.get_expansion_room: p_index out of range
2026-08-13 15:29:21.553 WARN   ItemAutorouteInfo.get_expansion_room: p_index out of range
2026-08-13 15:29:21.557 WARN   ItemAutorouteInfo.get_expansion_room: p_index out of range
2026-08-13 15:29:21.557 WARN   ItemAutorouteInfo.get_expansion_room: p_index out of range
2026-08-13 15:29:21.557 WARN   ItemAutorouteInfo.get_expansion_room: p_index out of range
2026-08-13 15:29:21.557 WARN   ItemAutorouteInfo.get_expansion_room: p_index out of range
2026-08-13 15:29:21.558 WARN   ItemAutorouteInfo.get_expansion_room: p_index out of range
2026-08-13 15:29:21.558 WARN   ItemAutorouteInfo.get_expansion_room: p_index out of range
2026-08-13 15:29:21.558 WARN   ItemAutorouteInfo.get_expansion_room: p_index out of range
2026-08-13 15:29:21.560 WARN   ItemAutorouteInfo.get_expansion_room: p_index out of range
2026-08-13 15:29:21.626 INFO   [0B550D\DCEEB2] Auto-router pass #194 on board '7197c7714462ba3abbc87aa48ca54a96' was completed in 0,15 seconds with the score of 978,19 (1 unrouted), using 117798,02 CPU seconds and 415959 MB memory.
2026-08-13 15:29:21.722 INFO   [0B550D\DCEEB2] Auto-router pass #195 on board 'f566ff0fa48051eb93495bd9e5534ed1' was completed in 0,07 seconds with the score of 978,19 (1 unrouted), using 118275,88 CPU seconds and 416924 MB memory.
2026-08-13 15:29:24.292 INFO   [0B550D\DCEEB2] Restoring an earlier board that has the score of 978,19 (1 unrouted).
2026-08-13 15:29:24.292 INFO   [0B550D\DCEEB2] Auto-router pass #196 on board 'f566ff0fa48051eb93495bd9e5534ed1' was completed in 2,56 seconds with the score of 978,19 (1 unrouted), using 119234,48 CPU seconds and 418703 MB memory.
2026-08-13 15:29:25.316 INFO   [0B550D\DCEEB2] Auto-router pass #197 on board 'f566ff0fa48051eb93495bd9e5534ed1' was completed in 1,01 seconds with the score of 978,19 (1 unrouted), using 119715,23 CPU seconds and 419652 MB memory.
2026-08-13 15:29:25.392 INFO   [0B550D\DCEEB2] Auto-router pass #198 on board 'f566ff0fa48051eb93495bd9e5534ed1' was completed in 0,07 seconds with the score of 978,19 (1 unrouted), using 119715,23 CPU seconds and 419652 MB memory.
2026-08-13 15:29:25.474 INFO   [0B550D\DCEEB2] Auto-router pass #199 on board 'f566ff0fa48051eb93495bd9e5534ed1' was completed in 0,07 seconds with the score of 978,19 (1 unrouted), using 119715,23 CPU seconds and 419652 MB memory.
2026-08-13 15:29:27.347 INFO   [0B550D\DCEEB2] Restoring an earlier board that has the score of 978,19 (1 unrouted).
2026-08-13 15:29:27.347 INFO   [0B550D\DCEEB2] Auto-router pass #200 on board 'f566ff0fa48051eb93495bd9e5534ed1' was completed in 1,86 seconds with the score of 978,19 (1 unrouted), using 120679,64 CPU seconds and 421503 MB memory.
2026-08-13 15:29:28.429 INFO   [0B550D\DCEEB2] Auto-router pass #201 on board 'f566ff0fa48051eb93495bd9e5534ed1' was completed in 1,07 seconds with the score of 978,19 (1 unrouted), using 121163,28 CPU seconds and 422489 MB memory.
2026-08-13 15:29:28.514 INFO   [0B550D\DCEEB2] Auto-router pass #202 on board 'f566ff0fa48051eb93495bd9e5534ed1' was completed in 0,08 seconds with the score of 978,19 (1 unrouted), using 121163,28 CPU seconds and 422489 MB memory.
2026-08-13 15:29:28.598 INFO   [0B550D\DCEEB2] Auto-router pass #203 on board 'f566ff0fa48051eb93495bd9e5534ed1' was completed in 0,08 seconds with the score of 978,19 (1 unrouted), using 121163,28 CPU seconds and 422489 MB memory.
2026-08-13 15:29:30.473 INFO   [0B550D\DCEEB2] Restoring an earlier board that has the score of 978,19 (1 unrouted).
2026-08-13 15:29:30.473 INFO   [0B550D\DCEEB2] Auto-router pass #204 on board 'f566ff0fa48051eb93495bd9e5534ed1' was completed in 1,87 seconds with the score of 978,19 (1 unrouted), using 122133,42 CPU seconds and 424324 MB memory.
2026-08-13 15:29:31.494 INFO   [0B550D\DCEEB2] Auto-router pass #205 on board 'f566ff0fa48051eb93495bd9e5534ed1' was completed in 1,01 seconds with the score of 978,19 (1 unrouted), using 122619,94 CPU seconds and 425300 MB memory.
2026-08-13 15:29:31.569 INFO   [0B550D\DCEEB2] Auto-router pass #206 on board 'f566ff0fa48051eb93495bd9e5534ed1' was completed in 0,07 seconds with the score of 978,19 (1 unrouted), using 122619,94 CPU seconds and 425300 MB memory.
2026-08-13 15:29:31.650 INFO   [0B550D\DCEEB2] Auto-router pass #207 on board 'f566ff0fa48051eb93495bd9e5534ed1' was completed in 0,07 seconds with the score of 978,19 (1 unrouted), using 122619,94 CPU seconds and 425300 MB memory.
2026-08-13 15:29:33.645 INFO   [0B550D\DCEEB2] Restoring an earlier board that has the score of 978,19 (1 unrouted).
2026-08-13 15:29:33.645 INFO   [0B550D\DCEEB2] Auto-router pass #208 on board 'f566ff0fa48051eb93495bd9e5534ed1' was completed in 1,99 seconds with the score of 978,19 (1 unrouted), using 123595,83 CPU seconds and 427154 MB memory.
2026-08-13 15:29:34.717 INFO   [0B550D\DCEEB2] Auto-router pass #209 on board 'f566ff0fa48051eb93495bd9e5534ed1' was completed in 1,06 seconds with the score of 978,19 (1 unrouted), using 124575,57 CPU seconds and 428953 MB memory.
2026-08-13 15:29:34.799 INFO   [0B550D\DCEEB2] Auto-router pass #210 on board 'f566ff0fa48051eb93495bd9e5534ed1' was completed in 0,07 seconds with the score of 978,19 (1 unrouted), using 124575,57 CPU seconds and 428953 MB memory.
2026-08-13 15:29:34.882 INFO   [0B550D\DCEEB2] Auto-router pass #211 on board 'f566ff0fa48051eb93495bd9e5534ed1' was completed in 0,07 seconds with the score of 978,19 (1 unrouted), using 124575,57 CPU seconds and 428953 MB memory.
2026-08-13 15:29:36.798 INFO   [0B550D\DCEEB2] Restoring an earlier board that has the score of 976,77 (2 unrouted).
2026-08-13 15:29:36.798 INFO   [0B550D\DCEEB2] Auto-router pass #212 on board 'f566ff0fa48051eb93495bd9e5534ed1' was completed in 1,91 seconds with the score of 978,19 (1 unrouted), using 125559,16 CPU seconds and 430785 MB memory.
2026-08-13 15:29:38.690 INFO   [0B550D\DCEEB2] Auto-router pass #213 on board '4568f8af52f4b592aea745db944fac2a' was completed in 1,88 seconds with the score of 975,39 (3 unrouted), using 126546,55 CPU seconds and 432796 MB memory.
2026-08-13 15:29:39.954 INFO   [0B550D\DCEEB2] Auto-router pass #214 on board 'd4c4194397ef823c52490a5f966defb6' was completed in 1,24 seconds with the score of 975,19 (3 unrouted), using 127041,70 CPU seconds and 433718 MB memory.
2026-08-13 15:29:41.848 INFO   [0B550D\DCEEB2] Auto-router pass #215 on board '7cf6267616cc83e8c69ea5d96a7e89f7' was completed in 1,87 seconds with the score of 975,20 (3 unrouted), using 128034,89 CPU seconds and 435563 MB memory.
2026-08-13 15:29:46.848 INFO   [0B550D\DCEEB2] Restoring an earlier board that has the score of 976,77 (2 unrouted).
2026-08-13 15:29:46.848 INFO   [0B550D\DCEEB2] Auto-router pass #216 on board '6330f87f216b5245fd74e971a9be2aee' was completed in 4,98 seconds with the score of 976,72 (2 unrouted), using 130534,91 CPU seconds and 440065 MB memory.
2026-08-13 15:29:49.090 INFO   [0B550D\DCEEB2] Auto-router pass #217 on board '4568f8af52f4b592aea745db944fac2a' was completed in 2,23 seconds with the score of 975,49 (3 unrouted), using 131541,69 CPU seconds and 441713 MB memory.
2026-08-13 15:29:50.509 INFO   [0B550D\DCEEB2] Auto-router pass #218 on board '332c55d3d9be11c3d3cafb38116b71b0' was completed in 1,40 seconds with the score of 974,87 (3 unrouted), using 132046,53 CPU seconds and 442732 MB memory.
2026-08-13 15:29:53.143 INFO   [0B550D\DCEEB2] Auto-router pass #219 on board 'b97ac02deb4dd65ce85225038d45a122' was completed in 2,61 seconds with the score of 971,00 (6 unrouted), using 133566,89 CPU seconds and 445614 MB memory.
2026-08-13 15:29:59.602 INFO   [0B550D\DCEEB2] Restoring an earlier board that has the score of 976,77 (2 unrouted).
2026-08-13 15:29:59.602 INFO   [0B550D\DCEEB2] Auto-router pass #220 on board '9f94b1af5ff114fd0ed8d566f37b5bec' was completed in 6,44 seconds with the score of 975,59 (3 unrouted), using 136633,92 CPU seconds and 450997 MB memory.
2026-08-13 15:30:01.492 INFO   [0B550D\DCEEB2] Auto-router pass #221 on board '4568f8af52f4b592aea745db944fac2a' was completed in 1,88 seconds with the score of 975,39 (3 unrouted), using 137664,00 CPU seconds and 452800 MB memory.
2026-08-13 15:30:02.677 INFO   [0B550D\DCEEB2] Auto-router pass #222 on board '14824deafb97b9a58cf22b154d942074' was completed in 1,16 seconds with the score of 975,19 (3 unrouted), using 138697,91 CPU seconds and 454843 MB memory.
2026-08-13 15:30:04.525 INFO   [0B550D\DCEEB2] Auto-router pass #223 on board '64b89f48424420aac389454d44ff3c82' was completed in 1,82 seconds with the score of 973,89 (4 unrouted), using 139216,31 CPU seconds and 455825 MB memory.
2026-08-13 15:30:13.498 INFO   [0B550D\DCEEB2] Restoring an earlier board that has the score of 976,77 (2 unrouted).
2026-08-13 15:30:13.499 INFO   [0B550D\DCEEB2] Auto-router pass #224 on board '0bd8821a8062c9ddd57d8f226c6ccdaf' was completed in 8,95 seconds with the score of 973,95 (4 unrouted), using 143926,00 CPU seconds and 463807 MB memory.
2026-08-13 15:30:15.937 INFO   [0B550D\DCEEB2] Auto-router pass #225 on board '4568f8af52f4b592aea745db944fac2a' was completed in 2,43 seconds with the score of 975,66 (3 unrouted), using 145513,44 CPU seconds and 466303 MB memory.
2026-08-13 15:30:17.860 INFO   [0B550D\DCEEB2] Auto-router pass #226 on board 'db54ee2ed5f16d0c6face8e54ded5d01' was completed in 1,90 seconds with the score of 977,87 (1 unrouted), using 146576,55 CPU seconds and 467801 MB memory.
2026-08-13 15:30:17.972 INFO   [0B550D\DCEEB2] Auto-router pass #227 on board '0ee2431941382e14df40039959d65a0a' was completed in 0,08 seconds with the score of 977,87 (1 unrouted), using 146576,55 CPU seconds and 467801 MB memory.
2026-08-13 15:30:21.085 INFO   [0B550D\DCEEB2] Restoring an earlier board that has the score of 977,87 (1 unrouted).
2026-08-13 15:30:21.085 INFO   [0B550D\DCEEB2] Auto-router pass #228 on board '0ee2431941382e14df40039959d65a0a' was completed in 3,10 seconds with the score of 977,87 (1 unrouted), using 148178,55 CPU seconds and 470189 MB memory.
2026-08-13 15:30:22.200 INFO   [0B550D\DCEEB2] Auto-router pass #229 on board '0ee2431941382e14df40039959d65a0a' was completed in 1,11 seconds with the score of 977,87 (1 unrouted), using 148714,48 CPU seconds and 471053 MB memory.
2026-08-13 15:30:22.282 INFO   [0B550D\DCEEB2] Auto-router pass #230 on board '0ee2431941382e14df40039959d65a0a' was completed in 0,07 seconds with the score of 977,87 (1 unrouted), using 148714,48 CPU seconds and 471053 MB memory.
2026-08-13 15:30:22.361 INFO   [0B550D\DCEEB2] Auto-router pass #231 on board '0ee2431941382e14df40039959d65a0a' was completed in 0,07 seconds with the score of 977,87 (1 unrouted), using 148714,48 CPU seconds and 471053 MB memory.
2026-08-13 15:30:24.374 INFO   [0B550D\DCEEB2] Restoring an earlier board that has the score of 977,87 (1 unrouted).
2026-08-13 15:30:24.374 INFO   [0B550D\DCEEB2] Auto-router pass #232 on board '0ee2431941382e14df40039959d65a0a' was completed in 2,00 seconds with the score of 977,87 (1 unrouted), using 149789,23 CPU seconds and 472940 MB memory.
2026-08-13 15:30:25.542 INFO   [0B550D\DCEEB2] Auto-router pass #233 on board '0ee2431941382e14df40039959d65a0a' was completed in 1,16 seconds with the score of 977,87 (1 unrouted), using 150328,06 CPU seconds and 473895 MB memory.
2026-08-13 15:30:25.628 INFO   [0B550D\DCEEB2] Auto-router pass #234 on board '0ee2431941382e14df40039959d65a0a' was completed in 0,08 seconds with the score of 977,87 (1 unrouted), using 150328,06 CPU seconds and 473895 MB memory.
2026-08-13 15:30:25.709 INFO   [0B550D\DCEEB2] Auto-router pass #235 on board '0ee2431941382e14df40039959d65a0a' was completed in 0,07 seconds with the score of 977,87 (1 unrouted), using 150867,86 CPU seconds and 474800 MB memory.
2026-08-13 15:30:27.687 INFO   [0B550D\DCEEB2] Restoring an earlier board that has the score of 977,87 (1 unrouted).
2026-08-13 15:30:27.687 INFO   [0B550D\DCEEB2] Auto-router pass #236 on board '0ee2431941382e14df40039959d65a0a' was completed in 1,97 seconds with the score of 977,87 (1 unrouted), using 151950,31 CPU seconds and 476714 MB memory.
2026-08-13 15:30:28.861 INFO   [0B550D\DCEEB2] Auto-router pass #237 on board '0ee2431941382e14df40039959d65a0a' was completed in 1,17 seconds with the score of 977,87 (1 unrouted), using 152492,97 CPU seconds and 477593 MB memory.
2026-08-13 15:30:28.938 INFO   [0B550D\DCEEB2] Auto-router pass #238 on board '0ee2431941382e14df40039959d65a0a' was completed in 0,07 seconds with the score of 977,87 (1 unrouted), using 152492,97 CPU seconds and 477593 MB memory.
2026-08-13 15:30:29.014 INFO   [0B550D\DCEEB2] Auto-router pass #239 on board '0ee2431941382e14df40039959d65a0a' was completed in 0,07 seconds with the score of 977,87 (1 unrouted), using 152492,97 CPU seconds and 477593 MB memory.
2026-08-13 15:30:30.927 INFO   [0B550D\DCEEB2] Restoring an earlier board that has the score of 977,87 (1 unrouted).
2026-08-13 15:30:30.927 INFO   [0B550D\DCEEB2] Auto-router pass #240 on board '0ee2431941382e14df40039959d65a0a' was completed in 1,91 seconds with the score of 977,87 (1 unrouted), using 153581,17 CPU seconds and 479568 MB memory.
2026-08-13 15:30:32.063 INFO   [0B550D\DCEEB2] Auto-router pass #241 on board '0ee2431941382e14df40039959d65a0a' was completed in 1,13 seconds with the score of 977,87 (1 unrouted), using 154126,72 CPU seconds and 480468 MB memory.
2026-08-13 15:30:32.160 INFO   [0B550D\DCEEB2] Auto-router pass #242 on board '0ee2431941382e14df40039959d65a0a' was completed in 0,08 seconds with the score of 977,87 (1 unrouted), using 154126,72 CPU seconds and 480468 MB memory.
2026-08-13 15:30:32.254 INFO   [0B550D\DCEEB2] Auto-router pass #243 on board '0ee2431941382e14df40039959d65a0a' was completed in 0,08 seconds with the score of 977,87 (1 unrouted), using 154126,72 CPU seconds and 480468 MB memory.
2026-08-13 15:30:34.270 INFO   [0B550D\DCEEB2] Restoring an earlier board that has the score of 976,77 (2 unrouted).
2026-08-13 15:30:34.270 INFO   [0B550D\DCEEB2] Auto-router pass #244 on board '0ee2431941382e14df40039959d65a0a' was completed in 2,01 seconds with the score of 977,87 (1 unrouted), using 155220,69 CPU seconds and 482313 MB memory.
2026-08-13 15:30:36.312 INFO   [0B550D\DCEEB2] Auto-router pass #245 on board '8609b25826ddd842f4aafd855c4265f1' was completed in 2,03 seconds with the score of 975,39 (3 unrouted), using 156318,50 CPU seconds and 484183 MB memory.
2026-08-13 15:30:37.371 INFO   [0B550D\DCEEB2] Auto-router pass #246 on board '58d482b8aceb8f4fef1519368faca4a1' was completed in 1,03 seconds with the score of 977,81 (1 unrouted), using 156868,84 CPU seconds and 485181 MB memory.
2026-08-13 15:30:37.470 INFO   [0B550D\DCEEB2] Auto-router pass #247 on board '8ae478dea1b5b56c04e71381d83ad90a' was completed in 0,08 seconds with the score of 977,81 (1 unrouted), using 156868,84 CPU seconds and 485181 MB memory.
2026-08-13 15:30:40.092 INFO   [0B550D\DCEEB2] Restoring an earlier board that has the score of 977,81 (1 unrouted).
2026-08-13 15:30:40.092 INFO   [0B550D\DCEEB2] Auto-router pass #248 on board '8ae478dea1b5b56c04e71381d83ad90a' was completed in 2,61 seconds with the score of 977,81 (1 unrouted), using 158525,67 CPU seconds and 487910 MB memory.
2026-08-13 15:30:41.118 INFO   [0B550D\DCEEB2] Auto-router pass #249 on board '8ae478dea1b5b56c04e71381d83ad90a' was completed in 1,02 seconds with the score of 977,81 (1 unrouted), using 159079,88 CPU seconds and 488827 MB memory.
2026-08-13 15:30:41.196 INFO   [0B550D\DCEEB2] Auto-router pass #250 on board '8ae478dea1b5b56c04e71381d83ad90a' was completed in 0,07 seconds with the score of 977,81 (1 unrouted), using 159079,88 CPU seconds and 488827 MB memory.
2026-08-13 15:30:41.271 INFO   [0B550D\DCEEB2] Auto-router pass #251 on board '8ae478dea1b5b56c04e71381d83ad90a' was completed in 0,07 seconds with the score of 977,81 (1 unrouted), using 159079,88 CPU seconds and 488827 MB memory.
2026-08-13 15:30:43.246 INFO   [0B550D\DCEEB2] Restoring an earlier board that has the score of 977,81 (1 unrouted).
2026-08-13 15:30:43.246 INFO   [0B550D\DCEEB2] Auto-router pass #252 on board '8ae478dea1b5b56c04e71381d83ad90a' was completed in 1,97 seconds with the score of 977,81 (1 unrouted), using 160191,17 CPU seconds and 490639 MB memory.
2026-08-13 15:30:44.370 INFO   [0B550D\DCEEB2] Auto-router pass #253 on board '8ae478dea1b5b56c04e71381d83ad90a' was completed in 1,11 seconds with the score of 977,81 (1 unrouted), using 160748,25 CPU seconds and 491546 MB memory.
2026-08-13 15:30:44.447 INFO   [0B550D\DCEEB2] Auto-router pass #254 on board '8ae478dea1b5b56c04e71381d83ad90a' was completed in 0,07 seconds with the score of 977,81 (1 unrouted), using 160748,25 CPU seconds and 491546 MB memory.
2026-08-13 15:30:44.535 INFO   [0B550D\DCEEB2] Auto-router pass #255 on board '8ae478dea1b5b56c04e71381d83ad90a' was completed in 0,08 seconds with the score of 977,81 (1 unrouted), using 160748,25 CPU seconds and 491546 MB memory.
2026-08-13 15:30:46.458 INFO   [0B550D\DCEEB2] Restoring an earlier board that has the score of 977,81 (1 unrouted).
2026-08-13 15:30:46.458 INFO   [0B550D\DCEEB2] Auto-router pass #256 on board '8ae478dea1b5b56c04e71381d83ad90a' was completed in 1,91 seconds with the score of 977,81 (1 unrouted), using 161865,30 CPU seconds and 493365 MB memory.
2026-08-13 15:30:47.618 INFO   [0B550D\DCEEB2] Auto-router pass #257 on board '8ae478dea1b5b56c04e71381d83ad90a' was completed in 1,15 seconds with the score of 977,81 (1 unrouted), using 162425,25 CPU seconds and 494305 MB memory.
2026-08-13 15:30:47.699 INFO   [0B550D\DCEEB2] Auto-router pass #258 on board '8ae478dea1b5b56c04e71381d83ad90a' was completed in 0,07 seconds with the score of 977,81 (1 unrouted), using 162986,16 CPU seconds and 495186 MB memory.
2026-08-13 15:30:47.775 INFO   [0B550D\DCEEB2] Auto-router pass #259 on board '8ae478dea1b5b56c04e71381d83ad90a' was completed in 0,07 seconds with the score of 977,81 (1 unrouted), using 162986,16 CPU seconds and 495186 MB memory.
2026-08-13 15:30:49.674 INFO   [0B550D\DCEEB2] Restoring an earlier board that has the score of 977,81 (1 unrouted).
2026-08-13 15:30:49.674 INFO   [0B550D\DCEEB2] Auto-router pass #260 on board '8ae478dea1b5b56c04e71381d83ad90a' was completed in 1,89 seconds with the score of 977,81 (1 unrouted), using 163548,03 CPU seconds and 496078 MB memory.
2026-08-13 15:30:50.842 INFO   [0B550D\DCEEB2] Auto-router pass #261 on board '8ae478dea1b5b56c04e71381d83ad90a' was completed in 1,16 seconds with the score of 977,81 (1 unrouted), using 164674,66 CPU seconds and 497882 MB memory.
2026-08-13 15:30:50.920 INFO   [0B550D\DCEEB2] Auto-router pass #262 on board '8ae478dea1b5b56c04e71381d83ad90a' was completed in 0,07 seconds with the score of 977,81 (1 unrouted), using 164674,66 CPU seconds and 497882 MB memory.
2026-08-13 15:30:51.002 INFO   [0B550D\DCEEB2] Auto-router pass #263 on board '8ae478dea1b5b56c04e71381d83ad90a' was completed in 0,07 seconds with the score of 977,81 (1 unrouted), using 164674,66 CPU seconds and 497882 MB memory.
2026-08-13 15:30:52.910 INFO   [0B550D\DCEEB2] Restoring an earlier board that has the score of 976,77 (2 unrouted).
2026-08-13 15:30:52.910 INFO   [0B550D\DCEEB2] Auto-router pass #264 on board '8ae478dea1b5b56c04e71381d83ad90a' was completed in 1,90 seconds with the score of 977,81 (1 unrouted), using 165805,12 CPU seconds and 499741 MB memory.
2026-08-13 15:30:55.155 INFO   [0B550D\DCEEB2] Auto-router pass #265 on board '8609b25826ddd842f4aafd855c4265f1' was completed in 2,24 seconds with the score of 970,93 (6 unrouted), using 166939,39 CPU seconds and 501717 MB memory.
2026-08-13 15:30:59.890 INFO   [0B550D\DCEEB2] Auto-router pass #266 on board '1f0d290b67a23f47f7a50b12fe7134f2' was completed in 4,71 seconds with the score of 975,09 (3 unrouted), using 169791,94 CPU seconds and 506207 MB memory.
2026-08-13 15:31:02.824 INFO   [0B550D\DCEEB2] Auto-router pass #267 on board '6a1df1547bc3ee9d6e5ba8a52c42cbf0' was completed in 2,91 seconds with the score of 972,61 (5 unrouted), using 171515,17 CPU seconds and 508733 MB memory.
2026-08-13 15:31:14.986 INFO   [0B550D\DCEEB2] Restoring an earlier board that has the score of 976,77 (2 unrouted).
2026-08-13 15:31:14.986 INFO   [0B550D\DCEEB2] Auto-router pass #268 on board '67123bb73f0f80d7bfc8fc215c9dd82f' was completed in 12,14 seconds with the score of 972,80 (5 unrouted), using 178496,08 CPU seconds and 518879 MB memory.
2026-08-13 15:31:17.202 INFO   [0B550D\DCEEB2] Auto-router pass #269 on board '8609b25826ddd842f4aafd855c4265f1' was completed in 2,21 seconds with the score of 975,49 (3 unrouted), using 179673,17 CPU seconds and 520506 MB memory.
2026-08-13 15:31:18.895 INFO   [0B550D\DCEEB2] Auto-router pass #270 on board '6b81e9b27a5b25d0ddae9adbf3303f43' was completed in 1,67 seconds with the score of 977,51 (1 unrouted), using 180854,11 CPU seconds and 522340 MB memory.
2026-08-13 15:31:18.997 INFO   [0B550D\DCEEB2] Auto-router pass #271 on board 'ae3499a5b08955f14a97806387f60823' was completed in 0,08 seconds with the score of 977,51 (1 unrouted), using 180854,11 CPU seconds and 522340 MB memory.
2026-08-13 15:31:21.935 INFO   [0B550D\DCEEB2] Restoring an earlier board that has the score of 977,51 (1 unrouted).
2026-08-13 15:31:21.935 INFO   [0B550D\DCEEB2] Auto-router pass #272 on board 'ae3499a5b08955f14a97806387f60823' was completed in 2,93 seconds with the score of 977,51 (1 unrouted), using 182632,78 CPU seconds and 524875 MB memory.
2026-08-13 15:31:23.130 INFO   [0B550D\DCEEB2] Auto-router pass #273 on board 'ae3499a5b08955f14a97806387f60823' was completed in 1,19 seconds with the score of 977,51 (1 unrouted), using 183227,61 CPU seconds and 525700 MB memory.
2026-08-13 15:31:23.209 INFO   [0B550D\DCEEB2] Auto-router pass #274 on board 'ae3499a5b08955f14a97806387f60823' was completed in 0,07 seconds with the score of 977,51 (1 unrouted), using 183227,61 CPU seconds and 525700 MB memory.
2026-08-13 15:31:23.294 INFO   [0B550D\DCEEB2] Auto-router pass #275 on board 'ae3499a5b08955f14a97806387f60823' was completed in 0,08 seconds with the score of 977,51 (1 unrouted), using 183227,61 CPU seconds and 525700 MB memory.
2026-08-13 15:31:25.265 INFO   [0B550D\DCEEB2] Restoring an earlier board that has the score of 977,51 (1 unrouted).
2026-08-13 15:31:25.265 INFO   [0B550D\DCEEB2] Auto-router pass #276 on board 'ae3499a5b08955f14a97806387f60823' was completed in 1,96 seconds with the score of 977,51 (1 unrouted), using 184420,12 CPU seconds and 527593 MB memory.
2026-08-13 15:31:26.430 INFO   [0B550D\DCEEB2] Auto-router pass #277 on board 'ae3499a5b08955f14a97806387f60823' was completed in 1,16 seconds with the score of 977,51 (1 unrouted), using 185017,83 CPU seconds and 528541 MB memory.
2026-08-13 15:31:26.515 INFO   [0B550D\DCEEB2] Auto-router pass #278 on board 'ae3499a5b08955f14a97806387f60823' was completed in 0,08 seconds with the score of 977,51 (1 unrouted), using 185017,83 CPU seconds and 528541 MB memory.
2026-08-13 15:31:26.593 INFO   [0B550D\DCEEB2] Auto-router pass #279 on board 'ae3499a5b08955f14a97806387f60823' was completed in 0,07 seconds with the score of 977,51 (1 unrouted), using 185017,83 CPU seconds and 528541 MB memory.
2026-08-13 15:31:28.573 INFO   [0B550D\DCEEB2] Restoring an earlier board that has the score of 977,51 (1 unrouted).
2026-08-13 15:31:28.573 INFO   [0B550D\DCEEB2] Auto-router pass #280 on board 'ae3499a5b08955f14a97806387f60823' was completed in 1,97 seconds with the score of 977,51 (1 unrouted), using 186216,12 CPU seconds and 530463 MB memory.
2026-08-13 15:31:29.768 INFO   [0B550D\DCEEB2] Auto-router pass #281 on board 'ae3499a5b08955f14a97806387f60823' was completed in 1,19 seconds with the score of 977,51 (1 unrouted), using 187418,27 CPU seconds and 532313 MB memory.
2026-08-13 15:31:29.858 INFO   [0B550D\DCEEB2] Auto-router pass #282 on board 'ae3499a5b08955f14a97806387f60823' was completed in 0,08 seconds with the score of 977,51 (1 unrouted), using 187418,27 CPU seconds and 532313 MB memory.
2026-08-13 15:31:29.942 INFO   [0B550D\DCEEB2] Auto-router pass #283 on board 'ae3499a5b08955f14a97806387f60823' was completed in 0,07 seconds with the score of 977,51 (1 unrouted), using 187418,27 CPU seconds and 532313 MB memory.
2026-08-13 15:31:32.079 INFO   [0B550D\DCEEB2] Restoring an earlier board that has the score of 977,51 (1 unrouted).
2026-08-13 15:31:32.079 INFO   [0B550D\DCEEB2] Auto-router pass #284 on board 'ae3499a5b08955f14a97806387f60823' was completed in 2,13 seconds with the score of 977,51 (1 unrouted), using 188624,22 CPU seconds and 534010 MB memory.
2026-08-13 15:31:33.279 INFO   [0B550D\DCEEB2] Auto-router pass #285 on board 'ae3499a5b08955f14a97806387f60823' was completed in 1,19 seconds with the score of 977,51 (1 unrouted), using 189228,64 CPU seconds and 534915 MB memory.
2026-08-13 15:31:33.379 INFO   [0B550D\DCEEB2] Auto-router pass #286 on board 'ae3499a5b08955f14a97806387f60823' was completed in 0,09 seconds with the score of 977,51 (1 unrouted), using 189228,64 CPU seconds and 534915 MB memory.
2026-08-13 15:31:33.457 INFO   [0B550D\DCEEB2] Auto-router pass #287 on board 'ae3499a5b08955f14a97806387f60823' was completed in 0,07 seconds with the score of 977,51 (1 unrouted), using 189228,64 CPU seconds and 534915 MB memory.
2026-08-13 15:31:35.363 INFO   [0B550D\DCEEB2] Restoring an earlier board that has the score of 976,77 (2 unrouted).
2026-08-13 15:31:35.363 INFO   [0B550D\DCEEB2] Auto-router pass #288 on board 'ae3499a5b08955f14a97806387f60823' was completed in 1,90 seconds with the score of 977,51 (1 unrouted), using 190440,38 CPU seconds and 536783 MB memory.
2026-08-13 15:31:37.572 INFO   [0B550D\DCEEB2] Auto-router pass #289 on board '8609b25826ddd842f4aafd855c4265f1' was completed in 2,20 seconds with the score of 970,93 (6 unrouted), using 191655,94 CPU seconds and 538826 MB memory.
2026-08-13 15:31:42.246 INFO   [0B550D\DCEEB2] Auto-router pass #290 on board '12dc4034a6fded5387219e9133cc7c8f' was completed in 4,65 seconds with the score of 971,02 (6 unrouted), using 194711,64 CPU seconds and 543490 MB memory.
2026-08-13 15:31:46.400 INFO   [0B550D\DCEEB2] Auto-router pass #291 on board 'e406a4f742616897a79d0276035df10c' was completed in 4,13 seconds with the score of 971,95 (5 unrouted), using 197173,77 CPU seconds and 547066 MB memory.
2026-08-13 15:31:55.203 INFO   [0B550D\DCEEB2] Restoring an earlier board that has the score of 976,71 (2 unrouted).
2026-08-13 15:31:55.203 INFO   [0B550D\DCEEB2] Auto-router pass #292 on board '1aaae0f922a1b593a3ebf16cf8f8f995' was completed in 8,78 seconds with the score of 971,96 (5 unrouted), using 202770,70 CPU seconds and 555264 MB memory.
2026-08-13 15:31:57.711 INFO   [0B550D\DCEEB2] Auto-router pass #293 on board '824c0ea2a8c56c36ecee78929516309c' was completed in 2,50 seconds with the score of 976,46 (2 unrouted), using 204653,83 CPU seconds and 557875 MB memory.
2026-08-13 15:31:58.291 INFO   [0B550D\DCEEB2] Auto-router pass #294 on board '516280348d5620569bd0ef0ae46aa4ce' was completed in 0,56 seconds with the score of 976,55 (2 unrouted), using 204653,83 CPU seconds and 557875 MB memory.
2026-08-13 15:31:59.278 INFO   [0B550D\DCEEB2] Auto-router pass #295 on board '55c3dd7cce60e1b179749284d029c3dd' was completed in 0,96 seconds with the score of 976,73 (2 unrouted), using 205283,45 CPU seconds and 558726 MB memory.
2026-08-13 15:32:03.780 INFO   [0B550D\DCEEB2] Restoring an earlier board that has the score of 976,73 (2 unrouted).
2026-08-13 15:32:03.780 INFO   [0B550D\DCEEB2] Auto-router pass #296 on board 'd601497108f177e3c22682b0f95304e0' was completed in 4,47 seconds with the score of 976,60 (2 unrouted), using 208446,05 CPU seconds and 562894 MB memory.
2026-08-13 15:32:05.509 INFO   [0B550D\DCEEB2] Auto-router pass #297 on board 'd601497108f177e3c22682b0f95304e0' was completed in 1,72 seconds with the score of 976,63 (2 unrouted), using 209081,47 CPU seconds and 563770 MB memory.
2026-08-13 15:32:05.840 WARN   ItemAutorouteInfo.get_expansion_room: p_index out of range
2026-08-13 15:32:05.840 WARN   ItemAutorouteInfo.get_expansion_room: p_index out of range
2026-08-13 15:32:05.840 WARN   ItemAutorouteInfo.get_expansion_room: p_index out of range
2026-08-13 15:32:05.840 WARN   ItemAutorouteInfo.get_expansion_room: p_index out of range
2026-08-13 15:32:05.840 WARN   ItemAutorouteInfo.get_expansion_room: p_index out of range
2026-08-13 15:32:05.840 WARN   ItemAutorouteInfo.get_expansion_room: p_index out of range
2026-08-13 15:32:05.840 WARN   ItemAutorouteInfo.get_expansion_room: p_index out of range
2026-08-13 15:32:05.840 WARN   ItemAutorouteInfo.get_expansion_room: p_index out of range
2026-08-13 15:32:05.841 WARN   ItemAutorouteInfo.get_expansion_room: p_index out of range
2026-08-13 15:32:05.841 WARN   ItemAutorouteInfo.get_expansion_room: p_index out of range
2026-08-13 15:32:05.841 WARN   ItemAutorouteInfo.get_expansion_room: p_index out of range
2026-08-13 15:32:05.841 WARN   ItemAutorouteInfo.get_expansion_room: p_index out of range
2026-08-13 15:32:05.841 WARN   ItemAutorouteInfo.get_expansion_room: p_index out of range
2026-08-13 15:32:05.841 WARN   ItemAutorouteInfo.get_expansion_room: p_index out of range
2026-08-13 15:32:05.841 WARN   ItemAutorouteInfo.get_expansion_room: p_index out of range
2026-08-13 15:32:05.842 WARN   ItemAutorouteInfo.get_expansion_room: p_index out of range
2026-08-13 15:32:05.842 WARN   ItemAutorouteInfo.get_expansion_room: p_index out of range
2026-08-13 15:32:05.842 WARN   ItemAutorouteInfo.get_expansion_room: p_index out of range
2026-08-13 15:32:05.842 WARN   ItemAutorouteInfo.get_expansion_room: p_index out of range
2026-08-13 15:32:05.842 WARN   ItemAutorouteInfo.get_expansion_room: p_index out of range
2026-08-13 15:32:05.842 WARN   ItemAutorouteInfo.get_expansion_room: p_index out of range
2026-08-13 15:32:05.842 WARN   ItemAutorouteInfo.get_expansion_room: p_index out of range
2026-08-13 15:32:05.842 WARN   ItemAutorouteInfo.get_expansion_room: p_index out of range
2026-08-13 15:32:05.842 WARN   ItemAutorouteInfo.get_expansion_room: p_index out of range
2026-08-13 15:32:05.842 WARN   ItemAutorouteInfo.get_expansion_room: p_index out of range
2026-08-13 15:32:05.842 WARN   ItemAutorouteInfo.get_expansion_room: p_index out of range
2026-08-13 15:32:05.842 WARN   ItemAutorouteInfo.get_expansion_room: p_index out of range
2026-08-13 15:32:05.842 WARN   ItemAutorouteInfo.get_expansion_room: p_index out of range
2026-08-13 15:32:05.842 WARN   ItemAutorouteInfo.get_expansion_room: p_index out of range
2026-08-13 15:32:05.843 WARN   ItemAutorouteInfo.get_expansion_room: p_index out of range
2026-08-13 15:32:05.843 WARN   ItemAutorouteInfo.get_expansion_room: p_index out of range
2026-08-13 15:32:05.843 WARN   ItemAutorouteInfo.get_expansion_room: p_index out of range
2026-08-13 15:32:05.843 WARN   ItemAutorouteInfo.get_expansion_room: p_index out of range
2026-08-13 15:32:05.843 WARN   ItemAutorouteInfo.get_expansion_room: p_index out of range
2026-08-13 15:32:05.843 WARN   ItemAutorouteInfo.get_expansion_room: p_index out of range
2026-08-13 15:32:05.843 WARN   ItemAutorouteInfo.get_expansion_room: p_index out of range
2026-08-13 15:32:05.843 WARN   ItemAutorouteInfo.get_expansion_room: p_index out of range
2026-08-13 15:32:05.843 WARN   ItemAutorouteInfo.get_expansion_room: p_index out of range
2026-08-13 15:32:05.844 WARN   ItemAutorouteInfo.get_expansion_room: p_index out of range
2026-08-13 15:32:05.844 WARN   ItemAutorouteInfo.get_expansion_room: p_index out of range
2026-08-13 15:32:06.027 WARN   ItemAutorouteInfo.get_expansion_room: p_index out of range
2026-08-13 15:32:06.027 WARN   ItemAutorouteInfo.get_expansion_room: p_index out of range
2026-08-13 15:32:06.682 INFO   [0B550D\DCEEB2] Auto-router pass #298 on board 'add10d12d94c72913879505a141d9128' was completed in 1,15 seconds with the score of 975,43 (3 unrouted), using 209717,86 CPU seconds and 564721 MB memory.
2026-08-13 15:32:09.022 INFO   [0B550D\DCEEB2] Auto-router pass #299 on board '6de9d1503d8a4751c8b7c15b6d0aaca8' was completed in 2,32 seconds with the score of 972,73 (5 unrouted), using 211632,80 CPU seconds and 567535 MB memory.
2026-08-13 15:32:13.334 INFO   [0B550D\DCEEB2] Restoring an earlier board that has the score of 976,73 (2 unrouted).
2026-08-13 15:32:13.334 INFO   [0B550D\DCEEB2] Auto-router pass #300 on board 'd5679d2922d383d17d9566812875da65' was completed in 4,29 seconds with the score of 973,49 (4 unrouted), using 214199,67 CPU seconds and 570844 MB memory.
2026-08-13 15:32:15.083 INFO   [0B550D\DCEEB2] Auto-router pass #301 on board 'd601497108f177e3c22682b0f95304e0' was completed in 1,74 seconds with the score of 976,63 (2 unrouted), using 215488,91 CPU seconds and 572594 MB memory.
2026-08-13 15:32:15.166 WARN   ItemAutorouteInfo.get_expansion_room: p_index out of range
2026-08-13 15:32:15.166 WARN   ItemAutorouteInfo.get_expansion_room: p_index out of range
2026-08-13 15:32:15.166 WARN   ItemAutorouteInfo.get_expansion_room: p_index out of range
2026-08-13 15:32:15.166 WARN   ItemAutorouteInfo.get_expansion_room: p_index out of range
2026-08-13 15:32:15.166 WARN   ItemAutorouteInfo.get_expansion_room: p_index out of range
2026-08-13 15:32:15.167 WARN   ItemAutorouteInfo.get_expansion_room: p_index out of range
2026-08-13 15:32:15.167 WARN   ItemAutorouteInfo.get_expansion_room: p_index out of range
2026-08-13 15:32:15.167 WARN   ItemAutorouteInfo.get_expansion_room: p_index out of range
2026-08-13 15:32:15.167 WARN   ItemAutorouteInfo.get_expansion_room: p_index out of range
2026-08-13 15:32:15.172 WARN   ItemAutorouteInfo.get_expansion_room: p_index out of range
2026-08-13 15:32:15.172 WARN   ItemAutorouteInfo.get_expansion_room: p_index out of range
2026-08-13 15:32:15.173 WARN   ItemAutorouteInfo.get_expansion_room: p_index out of range
2026-08-13 15:32:15.173 WARN   ItemAutorouteInfo.get_expansion_room: p_index out of range
2026-08-13 15:32:15.173 WARN   ItemAutorouteInfo.get_expansion_room: p_index out of range
2026-08-13 15:32:15.173 WARN   ItemAutorouteInfo.get_expansion_room: p_index out of range
2026-08-13 15:32:15.173 WARN   ItemAutorouteInfo.get_expansion_room: p_index out of range
2026-08-13 15:32:15.173 WARN   ItemAutorouteInfo.get_expansion_room: p_index out of range
2026-08-13 15:32:15.173 WARN   ItemAutorouteInfo.get_expansion_room: p_index out of range
2026-08-13 15:32:15.173 WARN   ItemAutorouteInfo.get_expansion_room: p_index out of range
2026-08-13 15:32:15.173 WARN   ItemAutorouteInfo.get_expansion_room: p_index out of range
2026-08-13 15:32:15.173 WARN   ItemAutorouteInfo.get_expansion_room: p_index out of range
2026-08-13 15:32:15.173 WARN   ItemAutorouteInfo.get_expansion_room: p_index out of range
2026-08-13 15:32:15.174 WARN   ItemAutorouteInfo.get_expansion_room: p_index out of range
2026-08-13 15:32:15.174 WARN   ItemAutorouteInfo.get_expansion_room: p_index out of range
2026-08-13 15:32:15.174 WARN   ItemAutorouteInfo.get_expansion_room: p_index out of range
2026-08-13 15:32:15.174 WARN   ItemAutorouteInfo.get_expansion_room: p_index out of range
2026-08-13 15:32:15.174 WARN   ItemAutorouteInfo.get_expansion_room: p_index out of range
2026-08-13 15:32:15.174 WARN   ItemAutorouteInfo.get_expansion_room: p_index out of range
2026-08-13 15:32:15.174 WARN   ItemAutorouteInfo.get_expansion_room: p_index out of range
2026-08-13 15:32:15.174 WARN   ItemAutorouteInfo.get_expansion_room: p_index out of range
2026-08-13 15:32:15.179 WARN   ItemAutorouteInfo.get_expansion_room: p_index out of range
2026-08-13 15:32:15.179 WARN   ItemAutorouteInfo.get_expansion_room: p_index out of range
2026-08-13 15:32:15.215 WARN   ItemAutorouteInfo.get_expansion_room: p_index out of range
2026-08-13 15:32:15.215 WARN   ItemAutorouteInfo.get_expansion_room: p_index out of range
2026-08-13 15:32:15.215 WARN   ItemAutorouteInfo.get_expansion_room: p_index out of range
2026-08-13 15:32:15.215 WARN   ItemAutorouteInfo.get_expansion_room: p_index out of range
2026-08-13 15:32:15.215 WARN   ItemAutorouteInfo.get_expansion_room: p_index out of range
2026-08-13 15:32:15.215 WARN   ItemAutorouteInfo.get_expansion_room: p_index out of range
2026-08-13 15:32:15.215 WARN   ItemAutorouteInfo.get_expansion_room: p_index out of range
2026-08-13 15:32:15.250 WARN   ItemAutorouteInfo.get_expansion_room: p_index out of range
2026-08-13 15:32:15.250 WARN   ItemAutorouteInfo.get_expansion_room: p_index out of range
2026-08-13 15:32:15.251 WARN   ItemAutorouteInfo.get_expansion_room: p_index out of range
2026-08-13 15:32:15.251 WARN   ItemAutorouteInfo.get_expansion_room: p_index out of range
2026-08-13 15:32:15.252 WARN   ItemAutorouteInfo.get_expansion_room: p_index out of range
2026-08-13 15:32:15.673 INFO   [0B550D\DCEEB2] Auto-router pass #302 on board 'add10d12d94c72913879505a141d9128' was completed in 0,58 seconds with the score of 976,50 (2 unrouted), using 215488,91 CPU seconds and 572594 MB memory.
2026-08-13 15:32:16.194 INFO   [0B550D\DCEEB2] Auto-router pass #303 on board 'f4b96ea4c4ef4a73056e248112b0cef5' was completed in 0,50 seconds with the score of 976,63 (2 unrouted), using 216134,97 CPU seconds and 573598 MB memory.
2026-08-13 15:32:20.374 INFO   [0B550D\DCEEB2] Restoring an earlier board that has the score of 976,73 (2 unrouted).
2026-08-13 15:32:20.374 INFO   [0B550D\DCEEB2] Auto-router pass #304 on board '25796ca6e87c0ff45ca215ddff660248' was completed in 4,16 seconds with the score of 973,60 (4 unrouted), using 218728,81 CPU seconds and 576968 MB memory.
2026-08-13 15:32:21.746 INFO   [0B550D\DCEEB2] Auto-router pass #305 on board 'd601497108f177e3c22682b0f95304e0' was completed in 1,36 seconds with the score of 976,62 (2 unrouted), using 220031,52 CPU seconds and 578643 MB memory.
2026-08-13 15:32:23.176 INFO   [0B550D\DCEEB2] Auto-router pass #306 on board '1d59d46342f7b976afb784ce9b71e9a6' was completed in 1,41 seconds with the score of 974,04 (4 unrouted), using 220684,30 CPU seconds and 579660 MB memory.
2026-08-13 15:32:27.238 INFO   [0B550D\DCEEB2] Auto-router pass #307 on board 'fa1133cd644a8bff725e097cec4fc087' was completed in 4,04 seconds with the score of 973,83 (4 unrouted), using 223305,05 CPU seconds and 583313 MB memory.
2026-08-13 15:32:36.975 INFO   [0B550D\DCEEB2] Restoring an earlier board that has the score of 976,73 (2 unrouted).
2026-08-13 15:32:36.975 INFO   [0B550D\DCEEB2] Auto-router pass #308 on board '9f4ff6ab289ad88c1c92162443d5df6c' was completed in 9,72 seconds with the score of 974,98 (3 unrouted), using 229924,81 CPU seconds and 591742 MB memory.
2026-08-13 15:32:38.878 INFO   [0B550D\DCEEB2] Auto-router pass #309 on board 'd601497108f177e3c22682b0f95304e0' was completed in 1,89 seconds with the score of 976,63 (2 unrouted), using 231260,44 CPU seconds and 593374 MB memory.
2026-08-13 15:32:38.940 WARN   ItemAutorouteInfo.get_expansion_room: p_index out of range
2026-08-13 15:32:38.940 WARN   ItemAutorouteInfo.get_expansion_room: p_index out of range
2026-08-13 15:32:38.940 WARN   ItemAutorouteInfo.get_expansion_room: p_index out of range
2026-08-13 15:32:38.940 WARN   ItemAutorouteInfo.get_expansion_room: p_index out of range
2026-08-13 15:32:38.940 WARN   ItemAutorouteInfo.get_expansion_room: p_index out of range
2026-08-13 15:32:38.940 WARN   ItemAutorouteInfo.get_expansion_room: p_index out of range
2026-08-13 15:32:38.940 WARN   ItemAutorouteInfo.get_expansion_room: p_index out of range
2026-08-13 15:32:38.940 WARN   ItemAutorouteInfo.get_expansion_room: p_index out of range
2026-08-13 15:32:38.940 WARN   ItemAutorouteInfo.get_expansion_room: p_index out of range
2026-08-13 15:32:38.946 WARN   ItemAutorouteInfo.get_expansion_room: p_index out of range
2026-08-13 15:32:38.946 WARN   ItemAutorouteInfo.get_expansion_room: p_index out of range
2026-08-13 15:32:38.946 WARN   ItemAutorouteInfo.get_expansion_room: p_index out of range
2026-08-13 15:32:38.946 WARN   ItemAutorouteInfo.get_expansion_room: p_index out of range
2026-08-13 15:32:38.946 WARN   ItemAutorouteInfo.get_expansion_room: p_index out of range
2026-08-13 15:32:38.946 WARN   ItemAutorouteInfo.get_expansion_room: p_index out of range
2026-08-13 15:32:38.946 WARN   ItemAutorouteInfo.get_expansion_room: p_index out of range
2026-08-13 15:32:38.946 WARN   ItemAutorouteInfo.get_expansion_room: p_index out of range
2026-08-13 15:32:38.946 WARN   ItemAutorouteInfo.get_expansion_room: p_index out of range
2026-08-13 15:32:38.946 WARN   ItemAutorouteInfo.get_expansion_room: p_index out of range
2026-08-13 15:32:38.947 WARN   ItemAutorouteInfo.get_expansion_room: p_index out of range
2026-08-13 15:32:38.947 WARN   ItemAutorouteInfo.get_expansion_room: p_index out of range
2026-08-13 15:32:38.947 WARN   ItemAutorouteInfo.get_expansion_room: p_index out of range
2026-08-13 15:32:38.947 WARN   ItemAutorouteInfo.get_expansion_room: p_index out of range
2026-08-13 15:32:38.947 WARN   ItemAutorouteInfo.get_expansion_room: p_index out of range
2026-08-13 15:32:38.947 WARN   ItemAutorouteInfo.get_expansion_room: p_index out of range
2026-08-13 15:32:38.947 WARN   ItemAutorouteInfo.get_expansion_room: p_index out of range
2026-08-13 15:32:38.948 WARN   ItemAutorouteInfo.get_expansion_room: p_index out of range
2026-08-13 15:32:38.948 WARN   ItemAutorouteInfo.get_expansion_room: p_index out of range
2026-08-13 15:32:38.948 WARN   ItemAutorouteInfo.get_expansion_room: p_index out of range
2026-08-13 15:32:38.948 WARN   ItemAutorouteInfo.get_expansion_room: p_index out of range
2026-08-13 15:32:38.953 WARN   ItemAutorouteInfo.get_expansion_room: p_index out of range
2026-08-13 15:32:38.953 WARN   ItemAutorouteInfo.get_expansion_room: p_index out of range
2026-08-13 15:32:38.989 WARN   ItemAutorouteInfo.get_expansion_room: p_index out of range
2026-08-13 15:32:38.989 WARN   ItemAutorouteInfo.get_expansion_room: p_index out of range
2026-08-13 15:32:38.989 WARN   ItemAutorouteInfo.get_expansion_room: p_index out of range
2026-08-13 15:32:38.989 WARN   ItemAutorouteInfo.get_expansion_room: p_index out of range
2026-08-13 15:32:38.989 WARN   ItemAutorouteInfo.get_expansion_room: p_index out of range
2026-08-13 15:32:38.989 WARN   ItemAutorouteInfo.get_expansion_room: p_index out of range
2026-08-13 15:32:38.989 WARN   ItemAutorouteInfo.get_expansion_room: p_index out of range
2026-08-13 15:32:39.026 WARN   ItemAutorouteInfo.get_expansion_room: p_index out of range
2026-08-13 15:32:39.026 WARN   ItemAutorouteInfo.get_expansion_room: p_index out of range
2026-08-13 15:32:39.027 WARN   ItemAutorouteInfo.get_expansion_room: p_index out of range
2026-08-13 15:32:39.027 WARN   ItemAutorouteInfo.get_expansion_room: p_index out of range
2026-08-13 15:32:39.028 WARN   ItemAutorouteInfo.get_expansion_room: p_index out of range
2026-08-13 15:32:39.450 INFO   [0B550D\DCEEB2] Auto-router pass #310 on board 'add10d12d94c72913879505a141d9128' was completed in 0,56 seconds with the score of 976,50 (2 unrouted), using 231260,44 CPU seconds and 593374 MB memory.
2026-08-13 15:32:39.953 INFO   [0B550D\DCEEB2] Auto-router pass #311 on board 'f4b96ea4c4ef4a73056e248112b0cef5' was completed in 0,49 seconds with the score of 976,63 (2 unrouted), using 231929,69 CPU seconds and 594388 MB memory.
2026-08-13 15:32:45.732 INFO   [0B550D\DCEEB2] Restoring an earlier board that has the score of 976,71 (2 unrouted).
2026-08-13 15:32:45.732 INFO   [0B550D\DCEEB2] Auto-router pass #312 on board '25796ca6e87c0ff45ca215ddff660248' was completed in 5,77 seconds with the score of 974,87 (3 unrouted), using 235965,42 CPU seconds and 599707 MB memory.
2026-08-13 15:32:48.159 INFO   [0B550D\DCEEB2] Auto-router pass #313 on board '824c0ea2a8c56c36ecee78929516309c' was completed in 2,42 seconds with the score of 976,46 (2 unrouted), using 237318,36 CPU seconds and 601494 MB memory.
2026-08-13 15:32:48.809 INFO   [0B550D\DCEEB2] Auto-router pass #314 on board 'c5e0a4bedfcfb268e2bd370ddfe65b6a' was completed in 0,63 seconds with the score of 976,55 (2 unrouted), using 237996,28 CPU seconds and 602329 MB memory.
2026-08-13 15:32:50.473 INFO   [0B550D\DCEEB2] Auto-router pass #315 on board 'f4c68b667159934ab8ea2985afb46657' was completed in 1,64 seconds with the score of 974,03 (4 unrouted), using 238675,17 CPU seconds and 603133 MB memory.
2026-08-13 15:33:01.041 INFO   [0B550D\DCEEB2] Restoring an earlier board that has the score of 976,71 (2 unrouted).
2026-08-13 15:33:01.041 INFO   [0B550D\DCEEB2] Auto-router pass #316 on board '8274762c4dd98cb0f3103b913a03a046' was completed in 10,55 seconds with the score of 973,76 (4 unrouted), using 246207,09 CPU seconds and 612927 MB memory.
2026-08-13 15:33:03.464 INFO   [0B550D\DCEEB2] Auto-router pass #317 on board '824c0ea2a8c56c36ecee78929516309c' was completed in 2,41 seconds with the score of 973,32 (4 unrouted), using 247589,11 CPU seconds and 614801 MB memory.
2026-08-13 15:33:06.285 INFO   [0B550D\DCEEB2] Auto-router pass #318 on board '114e0fb87fd7b98ecb433c6bbc134499' was completed in 2,80 seconds with the score of 971,30 (6 unrouted), using 249669,39 CPU seconds and 617338 MB memory.
2026-08-13 15:33:09.534 INFO   [0B550D\DCEEB2] Auto-router pass #319 on board '37b05a0f2883802c53146f9cc13047aa' was completed in 3,23 seconds with the score of 973,99 (4 unrouted), using 251758,44 CPU seconds and 620193 MB memory.
2026-08-13 15:33:16.318 INFO   [0B550D\DCEEB2] Restoring an earlier board that has the score of 976,71 (2 unrouted).
2026-08-13 15:33:16.318 INFO   [0B550D\DCEEB2] Auto-router pass #320 on board '7bde89395ccfe6b15486c5b45b86bffd' was completed in 6,76 seconds with the score of 976,27 (2 unrouted), using 256666,88 CPU seconds and 625794 MB memory.
2026-08-13 15:33:18.641 INFO   [0B550D\DCEEB2] Auto-router pass #321 on board '824c0ea2a8c56c36ecee78929516309c' was completed in 2,31 seconds with the score of 975,75 (3 unrouted), using 258077,98 CPU seconds and 627667 MB memory.
2026-08-13 15:33:20.525 INFO   [0B550D\DCEEB2] Auto-router pass #322 on board '17ef579219db815a15650f7f75eca4bd' was completed in 1,86 seconds with the score of 974,05 (4 unrouted), using 259492,95 CPU seconds and 629526 MB memory.
2026-08-13 15:33:22.016 INFO   [0B550D\DCEEB2] Auto-router pass #323 on board 'cdf77796c2098f8c6d899084eda94fb1' was completed in 1,47 seconds with the score of 970,67 (6 unrouted), using 260911,80 CPU seconds and 631260 MB memory.
2026-08-13 15:33:32.346 INFO   [0B550D\DCEEB2] Restoring an earlier board that has the score of 976,71 (2 unrouted).
2026-08-13 15:33:32.346 INFO   [0B550D\DCEEB2] Auto-router pass #324 on board '68f6de8a1f82a46ef6d4b26cd7c7d42a' was completed in 10,31 seconds with the score of 967,87 (8 unrouted), using 268064,62 CPU seconds and 639942 MB memory.
2026-08-13 15:33:33.509 INFO   [0B550D\DCEEB2] Auto-router pass #325 on board 'ed8de0b9bb205de84946b55e0b98bc08' was completed in 1,16 seconds with the score of 978,03 (1 unrouted), using 268785,25 CPU seconds and 640803 MB memory.
2026-08-13 15:33:33.609 INFO   [0B550D\DCEEB2] Auto-router pass #326 on board '658ea9b617a38e26eec3ff36116f9934' was completed in 0,08 seconds with the score of 978,03 (1 unrouted), using 268785,25 CPU seconds and 640803 MB memory.
2026-08-13 15:33:33.692 INFO   [0B550D\DCEEB2] Auto-router pass #327 on board '658ea9b617a38e26eec3ff36116f9934' was completed in 0,07 seconds with the score of 978,03 (1 unrouted), using 268785,25 CPU seconds and 640803 MB memory.
2026-08-13 15:33:36.309 INFO   [0B550D\DCEEB2] Restoring an earlier board that has the score of 978,03 (1 unrouted).
2026-08-13 15:33:36.309 INFO   [0B550D\DCEEB2] Auto-router pass #328 on board '658ea9b617a38e26eec3ff36116f9934' was completed in 2,61 seconds with the score of 978,03 (1 unrouted), using 270952,84 CPU seconds and 643428 MB memory.
2026-08-13 15:33:37.390 INFO   [0B550D\DCEEB2] Auto-router pass #329 on board '658ea9b617a38e26eec3ff36116f9934' was completed in 1,07 seconds with the score of 978,03 (1 unrouted), using 271677,31 CPU seconds and 644286 MB memory.
2026-08-13 15:33:37.473 INFO   [0B550D\DCEEB2] Auto-router pass #330 on board '658ea9b617a38e26eec3ff36116f9934' was completed in 0,07 seconds with the score of 978,03 (1 unrouted), using 271677,31 CPU seconds and 644286 MB memory.
2026-08-13 15:33:37.555 INFO   [0B550D\DCEEB2] Auto-router pass #331 on board '658ea9b617a38e26eec3ff36116f9934' was completed in 0,07 seconds with the score of 978,03 (1 unrouted), using 271677,31 CPU seconds and 644286 MB memory.
2026-08-13 15:33:39.276 INFO   [0B550D\DCEEB2] Restoring an earlier board that has the score of 978,03 (1 unrouted).
2026-08-13 15:33:39.276 INFO   [0B550D\DCEEB2] Auto-router pass #332 on board '658ea9b617a38e26eec3ff36116f9934' was completed in 1,71 seconds with the score of 978,03 (1 unrouted), using 273129,09 CPU seconds and 646155 MB memory.
2026-08-13 15:33:40.345 INFO   [0B550D\DCEEB2] Auto-router pass #333 on board '658ea9b617a38e26eec3ff36116f9934' was completed in 1,06 seconds with the score of 978,03 (1 unrouted), using 273856,41 CPU seconds and 647139 MB memory.
2026-08-13 15:33:40.425 INFO   [0B550D\DCEEB2] Auto-router pass #334 on board '658ea9b617a38e26eec3ff36116f9934' was completed in 0,07 seconds with the score of 978,03 (1 unrouted), using 273856,41 CPU seconds and 647139 MB memory.
2026-08-13 15:33:40.504 INFO   [0B550D\DCEEB2] Auto-router pass #335 on board '658ea9b617a38e26eec3ff36116f9934' was completed in 0,07 seconds with the score of 978,03 (1 unrouted), using 273856,41 CPU seconds and 647139 MB memory.
2026-08-13 15:33:42.682 INFO   [0B550D\DCEEB2] Restoring an earlier board that has the score of 978,03 (1 unrouted).
2026-08-13 15:33:42.682 INFO   [0B550D\DCEEB2] Auto-router pass #336 on board '658ea9b617a38e26eec3ff36116f9934' was completed in 2,17 seconds with the score of 978,03 (1 unrouted), using 275313,91 CPU seconds and 648811 MB memory.
2026-08-13 15:33:43.818 INFO   [0B550D\DCEEB2] Auto-router pass #337 on board '658ea9b617a38e26eec3ff36116f9934' was completed in 1,12 seconds with the score of 978,03 (1 unrouted), using 276775,25 CPU seconds and 650447 MB memory.
2026-08-13 15:33:43.899 INFO   [0B550D\DCEEB2] Auto-router pass #338 on board '658ea9b617a38e26eec3ff36116f9934' was completed in 0,07 seconds with the score of 978,03 (1 unrouted), using 276775,25 CPU seconds and 650447 MB memory.
2026-08-13 15:33:43.980 INFO   [0B550D\DCEEB2] Auto-router pass #339 on board '658ea9b617a38e26eec3ff36116f9934' was completed in 0,07 seconds with the score of 978,03 (1 unrouted), using 276775,25 CPU seconds and 650447 MB memory.
2026-08-13 15:33:45.714 INFO   [0B550D\DCEEB2] Restoring an earlier board that has the score of 978,03 (1 unrouted).
2026-08-13 15:33:45.715 INFO   [0B550D\DCEEB2] Auto-router pass #340 on board '658ea9b617a38e26eec3ff36116f9934' was completed in 1,73 seconds with the score of 978,03 (1 unrouted), using 277507,34 CPU seconds and 651380 MB memory.
2026-08-13 15:33:46.771 INFO   [0B550D\DCEEB2] Auto-router pass #341 on board '658ea9b617a38e26eec3ff36116f9934' was completed in 1,04 seconds with the score of 978,03 (1 unrouted), using 278974,44 CPU seconds and 653305 MB memory.
2026-08-13 15:33:46.852 INFO   [0B550D\DCEEB2] Auto-router pass #342 on board '658ea9b617a38e26eec3ff36116f9934' was completed in 0,07 seconds with the score of 978,03 (1 unrouted), using 278974,44 CPU seconds and 653305 MB memory.
2026-08-13 15:33:46.928 INFO   [0B550D\DCEEB2] Auto-router pass #343 on board '658ea9b617a38e26eec3ff36116f9934' was completed in 0,07 seconds with the score of 978,03 (1 unrouted), using 278974,44 CPU seconds and 653305 MB memory.
2026-08-13 15:33:48.655 INFO   [0B550D\DCEEB2] Restoring an earlier board that has the score of 976,71 (2 unrouted).
2026-08-13 15:33:48.655 INFO   [0B550D\DCEEB2] Auto-router pass #344 on board '658ea9b617a38e26eec3ff36116f9934' was completed in 1,71 seconds with the score of 978,03 (1 unrouted), using 279709,41 CPU seconds and 654211 MB memory.
2026-08-13 15:33:49.708 INFO   [0B550D\DCEEB2] Auto-router pass #345 on board 'ed8de0b9bb205de84946b55e0b98bc08' was completed in 1,04 seconds with the score of 976,63 (2 unrouted), using 280445,34 CPU seconds and 655235 MB memory.
2026-08-13 15:33:50.709 INFO   [0B550D\DCEEB2] Auto-router pass #346 on board '0c72ae3ad3d1c1d3023362a474f3db39' was completed in 0,99 seconds with the score of 976,63 (2 unrouted), using 281182,25 CPU seconds and 656198 MB memory.
2026-08-13 15:33:50.831 INFO   [0B550D\DCEEB2] Auto-router pass #347 on board '0c72ae3ad3d1c1d3023362a474f3db39' was completed in 0,11 seconds with the score of 976,63 (2 unrouted), using 281920,09 CPU seconds and 657314 MB memory.
2026-08-13 15:33:54.950 INFO   [0B550D\DCEEB2] Restoring an earlier board that has the score of 976,71 (2 unrouted).
2026-08-13 15:33:54.950 INFO   [0B550D\DCEEB2] Auto-router pass #348 on board '0c72ae3ad3d1c1d3023362a474f3db39' was completed in 4,11 seconds with the score of 976,63 (2 unrouted), using 284881,03 CPU seconds and 661175 MB memory.
2026-08-13 15:33:56.050 INFO   [0B550D\DCEEB2] Auto-router pass #349 on board 'ed8de0b9bb205de84946b55e0b98bc08' was completed in 1,09 seconds with the score of 976,63 (2 unrouted), using 285623,66 CPU seconds and 662027 MB memory.
2026-08-13 15:33:56.912 INFO   [0B550D\DCEEB2] Auto-router pass #350 on board '0c72ae3ad3d1c1d3023362a474f3db39' was completed in 0,85 seconds with the score of 973,76 (4 unrouted), using 286367,25 CPU seconds and 663102 MB memory.
2026-08-13 15:33:58.550 INFO   [0B550D\DCEEB2] Auto-router pass #351 on board '3611a1d8a223abf1a42368fcb7c53bb3' was completed in 1,62 seconds with the score of 972,45 (5 unrouted), using 287111,81 CPU seconds and 664030 MB memory.
2026-08-13 15:34:10.839 INFO   [0B550D\DCEEB2] Restoring an earlier board that has the score of 976,71 (2 unrouted).
2026-08-13 15:34:10.839 INFO   [0B550D\DCEEB2] Auto-router pass #352 on board '8edf67501abc915b8e005be04d9f346e' was completed in 12,27 seconds with the score of 971,62 (5 unrouted), using 296879,34 CPU seconds and 674996 MB memory.
2026-08-13 15:34:12.356 INFO   [0B550D\DCEEB2] Auto-router pass #353 on board 'ed8de0b9bb205de84946b55e0b98bc08' was completed in 1,51 seconds with the score of 976,58 (2 unrouted), using 297637,50 CPU seconds and 675985 MB memory.
2026-08-13 15:34:14.079 INFO   [0B550D\DCEEB2] Auto-router pass #354 on board '25b64da6e24d962116bc59c6b4ca532d' was completed in 1,70 seconds with the score of 973,80 (4 unrouted), using 299156,66 CPU seconds and 677927 MB memory.
2026-08-13 15:34:16.453 INFO   [0B550D\DCEEB2] Auto-router pass #355 on board '3a9a654a858ff67b3b5e847a2ebb1be3' was completed in 2,35 seconds with the score of 976,74 (2 unrouted), using 300679,69 CPU seconds and 679796 MB memory.
2026-08-13 15:34:22.205 INFO   [0B550D\DCEEB2] Restoring an earlier board that has the score of 976,74 (2 unrouted).
2026-08-13 15:34:22.205 INFO   [0B550D\DCEEB2] Auto-router pass #356 on board 'e39694eb396b39be1cd7630b60a1a4e9' was completed in 5,73 seconds with the score of 975,40 (3 unrouted), using 305272,06 CPU seconds and 684339 MB memory.
2026-08-13 15:34:24.270 INFO   [0B550D\DCEEB2] Auto-router pass #357 on board 'e39694eb396b39be1cd7630b60a1a4e9' was completed in 2,06 seconds with the score of 976,81 (2 unrouted), using 306810,59 CPU seconds and 686058 MB memory.
2026-08-13 15:34:25.712 INFO   [0B550D\DCEEB2] Auto-router pass #358 on board '802295f66b94cd8659ff3c4635009ea3' was completed in 1,42 seconds with the score of 975,40 (3 unrouted), using 307581,31 CPU seconds and 686918 MB memory.
2026-08-13 15:34:26.601 INFO   [0B550D\DCEEB2] Auto-router pass #359 on board '79666eae40112da638b6cdd13e3e0cd0' was completed in 0,86 seconds with the score of 976,80 (2 unrouted), using 308352,97 CPU seconds and 687716 MB memory.
2026-08-13 15:34:31.730 INFO   [0B550D\DCEEB2] Restoring an earlier board that has the score of 976,81 (2 unrouted).
2026-08-13 15:34:31.730 INFO   [0B550D\DCEEB2] Auto-router pass #360 on board '41dd69d221348901f1427a8539850f0f' was completed in 5,10 seconds with the score of 976,84 (2 unrouted), using 312225,88 CPU seconds and 691877 MB memory.
2026-08-13 15:34:33.617 INFO   [0B550D\DCEEB2] Auto-router pass #361 on board '802295f66b94cd8659ff3c4635009ea3' was completed in 1,88 seconds with the score of 976,88 (2 unrouted), using 313781,78 CPU seconds and 693504 MB memory.
2026-08-13 15:34:34.927 INFO   [0B550D\DCEEB2] Auto-router pass #362 on board 'fac1f5679352ddfdd6663f6f55740191' was completed in 1,29 seconds with the score of 976,84 (2 unrouted), using 315341,50 CPU seconds and 695302 MB memory.
2026-08-13 15:34:35.497 INFO   [0B550D\DCEEB2] Auto-router pass #363 on board '3f374a5df3fe2c93a725ada7d62c716a' was completed in 0,55 seconds with the score of 975,48 (3 unrouted), using 315341,50 CPU seconds and 695302 MB memory.
2026-08-13 15:34:41.222 INFO   [0B550D\DCEEB2] Restoring an earlier board that has the score of 976,88 (2 unrouted).
2026-08-13 15:34:41.222 INFO   [0B550D\DCEEB2] Auto-router pass #364 on board '73bbd4cb015a15f49c5d12fefc2d9261' was completed in 5,70 seconds with the score of 975,61 (3 unrouted), using 320044,06 CPU seconds and 700484 MB memory.
2026-08-13 15:34:43.392 INFO   [0B550D\DCEEB2] Auto-router pass #365 on board 'fac1f5679352ddfdd6663f6f55740191' was completed in 2,16 seconds with the score of 976,92 (2 unrouted), using 321619,28 CPU seconds and 702233 MB memory.
2026-08-13 15:34:43.475 WARN   ItemAutorouteInfo.get_expansion_room: p_index out of range
2026-08-13 15:34:43.475 WARN   ItemAutorouteInfo.get_expansion_room: p_index out of range
2026-08-13 15:34:43.479 WARN   ItemAutorouteInfo.get_expansion_room: p_index out of range
2026-08-13 15:34:43.494 WARN   ItemAutorouteInfo.get_expansion_room: p_index out of range
2026-08-13 15:34:43.495 WARN   ItemAutorouteInfo.get_expansion_room: p_index out of range
2026-08-13 15:34:43.495 WARN   ItemAutorouteInfo.get_expansion_room: p_index out of range
2026-08-13 15:34:43.495 WARN   ItemAutorouteInfo.get_expansion_room: p_index out of range
2026-08-13 15:34:43.495 WARN   ItemAutorouteInfo.get_expansion_room: p_index out of range
2026-08-13 15:34:43.495 WARN   ItemAutorouteInfo.get_expansion_room: p_index out of range
2026-08-13 15:34:43.495 WARN   ItemAutorouteInfo.get_expansion_room: p_index out of range
2026-08-13 15:34:43.495 WARN   ItemAutorouteInfo.get_expansion_room: p_index out of range
2026-08-13 15:34:43.495 WARN   ItemAutorouteInfo.get_expansion_room: p_index out of range
2026-08-13 15:34:43.495 WARN   ItemAutorouteInfo.get_expansion_room: p_index out of range
2026-08-13 15:34:43.497 WARN   ItemAutorouteInfo.get_expansion_room: p_index out of range
2026-08-13 15:34:43.497 WARN   ItemAutorouteInfo.get_expansion_room: p_index out of range
2026-08-13 15:34:43.506 WARN   ItemAutorouteInfo.get_expansion_room: p_index out of range
2026-08-13 15:34:43.506 WARN   ItemAutorouteInfo.get_expansion_room: p_index out of range
2026-08-13 15:34:43.506 WARN   ItemAutorouteInfo.get_expansion_room: p_index out of range
2026-08-13 15:34:43.506 WARN   ItemAutorouteInfo.get_expansion_room: p_index out of range
2026-08-13 15:34:43.506 WARN   ItemAutorouteInfo.get_expansion_room: p_index out of range
2026-08-13 15:34:43.507 WARN   ItemAutorouteInfo.get_expansion_room: p_index out of range
2026-08-13 15:34:43.507 WARN   ItemAutorouteInfo.get_expansion_room: p_index out of range
2026-08-13 15:34:43.507 WARN   ItemAutorouteInfo.get_expansion_room: p_index out of range
2026-08-13 15:34:43.516 WARN   ItemAutorouteInfo.get_expansion_room: p_index out of range
2026-08-13 15:34:43.516 WARN   ItemAutorouteInfo.get_expansion_room: p_index out of range
2026-08-13 15:34:43.517 WARN   ItemAutorouteInfo.get_expansion_room: p_index out of range
2026-08-13 15:34:43.517 WARN   ItemAutorouteInfo.get_expansion_room: p_index out of range
2026-08-13 15:34:43.517 WARN   ItemAutorouteInfo.get_expansion_room: p_index out of range
2026-08-13 15:34:43.517 WARN   ItemAutorouteInfo.get_expansion_room: p_index out of range
2026-08-13 15:34:43.517 WARN   ItemAutorouteInfo.get_expansion_room: p_index out of range
2026-08-13 15:34:43.517 WARN   ItemAutorouteInfo.get_expansion_room: p_index out of range
2026-08-13 15:34:43.517 WARN   ItemAutorouteInfo.get_expansion_room: p_index out of range
2026-08-13 15:34:43.517 WARN   ItemAutorouteInfo.get_expansion_room: p_index out of range
2026-08-13 15:34:43.517 WARN   ItemAutorouteInfo.get_expansion_room: p_index out of range
2026-08-13 15:34:43.517 WARN   ItemAutorouteInfo.get_expansion_room: p_index out of range
2026-08-13 15:34:43.517 WARN   ItemAutorouteInfo.get_expansion_room: p_index out of range
2026-08-13 15:34:43.517 WARN   ItemAutorouteInfo.get_expansion_room: p_index out of range
2026-08-13 15:34:43.517 WARN   ItemAutorouteInfo.get_expansion_room: p_index out of range
2026-08-13 15:34:43.517 WARN   ItemAutorouteInfo.get_expansion_room: p_index out of range
2026-08-13 15:34:43.518 WARN   ItemAutorouteInfo.get_expansion_room: p_index out of range
2026-08-13 15:34:43.518 WARN   ItemAutorouteInfo.get_expansion_room: p_index out of range
2026-08-13 15:34:43.518 WARN   ItemAutorouteInfo.get_expansion_room: p_index out of range
2026-08-13 15:34:43.518 WARN   ItemAutorouteInfo.get_expansion_room: p_index out of range
2026-08-13 15:34:43.518 WARN   ItemAutorouteInfo.get_expansion_room: p_index out of range
2026-08-13 15:34:43.518 WARN   ItemAutorouteInfo.get_expansion_room: p_index out of range
2026-08-13 15:34:43.518 WARN   ItemAutorouteInfo.get_expansion_room: p_index out of range
2026-08-13 15:34:43.518 WARN   ItemAutorouteInfo.get_expansion_room: p_index out of range
2026-08-13 15:34:43.518 WARN   ItemAutorouteInfo.get_expansion_room: p_index out of range
2026-08-13 15:34:43.518 WARN   ItemAutorouteInfo.get_expansion_room: p_index out of range
2026-08-13 15:34:43.518 WARN   ItemAutorouteInfo.get_expansion_room: p_index out of range
2026-08-13 15:34:43.518 WARN   ItemAutorouteInfo.get_expansion_room: p_index out of range
2026-08-13 15:34:43.518 WARN   ItemAutorouteInfo.get_expansion_room: p_index out of range
2026-08-13 15:34:43.518 WARN   ItemAutorouteInfo.get_expansion_room: p_index out of range
2026-08-13 15:34:43.518 WARN   ItemAutorouteInfo.get_expansion_room: p_index out of range
2026-08-13 15:34:43.518 WARN   ItemAutorouteInfo.get_expansion_room: p_index out of range
2026-08-13 15:34:43.519 WARN   ItemAutorouteInfo.get_expansion_room: p_index out of range
2026-08-13 15:34:43.519 WARN   ItemAutorouteInfo.get_expansion_room: p_index out of range
2026-08-13 15:34:43.519 WARN   ItemAutorouteInfo.get_expansion_room: p_index out of range
2026-08-13 15:34:43.519 WARN   ItemAutorouteInfo.get_expansion_room: p_index out of range
2026-08-13 15:34:43.519 WARN   ItemAutorouteInfo.get_expansion_room: p_index out of range
2026-08-13 15:34:43.519 WARN   ItemAutorouteInfo.get_expansion_room: p_index out of range
2026-08-13 15:34:43.519 WARN   ItemAutorouteInfo.get_expansion_room: p_index out of range
2026-08-13 15:34:43.519 WARN   ItemAutorouteInfo.get_expansion_room: p_index out of range
2026-08-13 15:34:43.519 WARN   ItemAutorouteInfo.get_expansion_room: p_index out of range
2026-08-13 15:34:43.519 WARN   ItemAutorouteInfo.get_expansion_room: p_index out of range
2026-08-13 15:34:43.519 WARN   ItemAutorouteInfo.get_expansion_room: p_index out of range
2026-08-13 15:34:43.580 WARN   ItemAutorouteInfo.get_expansion_room: p_index out of range
2026-08-13 15:34:43.580 WARN   ItemAutorouteInfo.get_expansion_room: p_index out of range
2026-08-13 15:34:43.580 WARN   ItemAutorouteInfo.get_expansion_room: p_index out of range
2026-08-13 15:34:43.580 WARN   ItemAutorouteInfo.get_expansion_room: p_index out of range
2026-08-13 15:34:43.580 WARN   ItemAutorouteInfo.get_expansion_room: p_index out of range
2026-08-13 15:34:43.581 WARN   ItemAutorouteInfo.get_expansion_room: p_index out of range
2026-08-13 15:34:43.581 WARN   ItemAutorouteInfo.get_expansion_room: p_index out of range
2026-08-13 15:34:43.581 WARN   ItemAutorouteInfo.get_expansion_room: p_index out of range
2026-08-13 15:34:43.581 WARN   ItemAutorouteInfo.get_expansion_room: p_index out of range
2026-08-13 15:34:43.581 WARN   ItemAutorouteInfo.get_expansion_room: p_index out of range
2026-08-13 15:34:43.581 WARN   ItemAutorouteInfo.get_expansion_room: p_index out of range
2026-08-13 15:34:43.581 WARN   ItemAutorouteInfo.get_expansion_room: p_index out of range
2026-08-13 15:34:43.581 WARN   ItemAutorouteInfo.get_expansion_room: p_index out of range
2026-08-13 15:34:43.581 WARN   ItemAutorouteInfo.get_expansion_room: p_index out of range
2026-08-13 15:34:43.581 WARN   ItemAutorouteInfo.get_expansion_room: p_index out of range
2026-08-13 15:34:43.581 WARN   ItemAutorouteInfo.get_expansion_room: p_index out of range
2026-08-13 15:34:43.581 WARN   ItemAutorouteInfo.get_expansion_room: p_index out of range
2026-08-13 15:34:43.581 WARN   ItemAutorouteInfo.get_expansion_room: p_index out of range
2026-08-13 15:34:43.581 WARN   ItemAutorouteInfo.get_expansion_room: p_index out of range
2026-08-13 15:34:43.581 WARN   ItemAutorouteInfo.get_expansion_room: p_index out of range
2026-08-13 15:34:43.583 WARN   ItemAutorouteInfo.get_expansion_room: p_index out of range
2026-08-13 15:34:43.583 WARN   ItemAutorouteInfo.get_expansion_room: p_index out of range
2026-08-13 15:34:43.583 WARN   ItemAutorouteInfo.get_expansion_room: p_index out of range
2026-08-13 15:34:43.583 WARN   ItemAutorouteInfo.get_expansion_room: p_index out of range
2026-08-13 15:34:44.107 WARN   ItemAutorouteInfo.get_expansion_room: p_index out of range
2026-08-13 15:34:44.107 WARN   ItemAutorouteInfo.get_expansion_room: p_index out of range
2026-08-13 15:34:44.107 WARN   ItemAutorouteInfo.get_expansion_room: p_index out of range
2026-08-13 15:34:44.422 INFO   [0B550D\DCEEB2] Auto-router pass #366 on board '144203caa913deac66add00d5fd55405' was completed in 1,00 seconds with the score of 974,03 (4 unrouted), using 322408,34 CPU seconds and 703051 MB memory.
2026-08-13 15:34:48.506 INFO   [0B550D\DCEEB2] Auto-router pass #367 on board 'b64ca0070fba0d797f74b88140baa2b2' was completed in 4,06 seconds with the score of 971,33 (6 unrouted), using 325574,31 CPU seconds and 706439 MB memory.
2026-08-13 15:34:48.576 WARN   ItemAutorouteInfo.get_expansion_room: p_index out of range
2026-08-13 15:34:48.576 WARN   ItemAutorouteInfo.get_expansion_room: p_index out of range
2026-08-13 15:34:48.576 WARN   ItemAutorouteInfo.get_expansion_room: p_index out of range
2026-08-13 15:34:48.577 WARN   ItemAutorouteInfo.get_expansion_room: p_index out of range
2026-08-13 15:34:48.585 WARN   ItemAutorouteInfo.get_expansion_room: p_index out of range
2026-08-13 15:34:48.585 WARN   ItemAutorouteInfo.get_expansion_room: p_index out of range
2026-08-13 15:34:48.585 WARN   ItemAutorouteInfo.get_expansion_room: p_index out of range
2026-08-13 15:34:48.597 WARN   ItemAutorouteInfo.get_expansion_room: p_index out of range
2026-08-13 15:34:48.597 WARN   ItemAutorouteInfo.get_expansion_room: p_index out of range
2026-08-13 15:34:48.597 WARN   ItemAutorouteInfo.get_expansion_room: p_index out of range
2026-08-13 15:34:48.597 WARN   ItemAutorouteInfo.get_expansion_room: p_index out of range
2026-08-13 15:34:48.620 WARN   ItemAutorouteInfo.get_expansion_room: p_index out of range
2026-08-13 15:34:48.620 WARN   ItemAutorouteInfo.get_expansion_room: p_index out of range
2026-08-13 15:34:48.622 WARN   ItemAutorouteInfo.get_expansion_room: p_index out of range
2026-08-13 15:34:48.623 WARN   ItemAutorouteInfo.get_expansion_room: p_index out of range
2026-08-13 15:34:48.623 WARN   ItemAutorouteInfo.get_expansion_room: p_index out of range
2026-08-13 15:34:48.623 WARN   ItemAutorouteInfo.get_expansion_room: p_index out of range
2026-08-13 15:34:48.630 WARN   ItemAutorouteInfo.get_expansion_room: p_index out of range
2026-08-13 15:34:48.630 WARN   ItemAutorouteInfo.get_expansion_room: p_index out of range
2026-08-13 15:34:48.630 WARN   ItemAutorouteInfo.get_expansion_room: p_index out of range
2026-08-13 15:34:48.630 WARN   ItemAutorouteInfo.get_expansion_room: p_index out of range
2026-08-13 15:34:48.634 WARN   ItemAutorouteInfo.get_expansion_room: p_index out of range
2026-08-13 15:34:48.658 WARN   ItemAutorouteInfo.get_expansion_room: p_index out of range
2026-08-13 15:34:48.670 WARN   ItemAutorouteInfo.get_expansion_room: p_index out of range
2026-08-13 15:34:48.670 WARN   ItemAutorouteInfo.get_expansion_room: p_index out of range
2026-08-13 15:34:48.671 WARN   ItemAutorouteInfo.get_expansion_room: p_index out of range
2026-08-13 15:34:48.671 WARN   ItemAutorouteInfo.get_expansion_room: p_index out of range
2026-08-13 15:34:48.680 WARN   ItemAutorouteInfo.get_expansion_room: p_index out of range
2026-08-13 15:34:48.684 WARN   ItemAutorouteInfo.get_expansion_room: p_index out of range
2026-08-13 15:34:48.684 WARN   ItemAutorouteInfo.get_expansion_room: p_index out of range
2026-08-13 15:34:48.685 WARN   ItemAutorouteInfo.get_expansion_room: p_index out of range
2026-08-13 15:34:48.685 WARN   ItemAutorouteInfo.get_expansion_room: p_index out of range
2026-08-13 15:34:48.685 WARN   ItemAutorouteInfo.get_expansion_room: p_index out of range
2026-08-13 15:34:48.685 WARN   ItemAutorouteInfo.get_expansion_room: p_index out of range
2026-08-13 15:34:48.701 WARN   ItemAutorouteInfo.get_expansion_room: p_index out of range
2026-08-13 15:34:48.701 WARN   ItemAutorouteInfo.get_expansion_room: p_index out of range
2026-08-13 15:34:48.704 WARN   ItemAutorouteInfo.get_expansion_room: p_index out of range
2026-08-13 15:34:48.704 WARN   ItemAutorouteInfo.get_expansion_room: p_index out of range
2026-08-13 15:34:48.705 WARN   ItemAutorouteInfo.get_expansion_room: p_index out of range
2026-08-13 15:34:48.705 WARN   ItemAutorouteInfo.get_expansion_room: p_index out of range
2026-08-13 15:34:48.705 WARN   ItemAutorouteInfo.get_expansion_room: p_index out of range
2026-08-13 15:34:48.705 WARN   ItemAutorouteInfo.get_expansion_room: p_index out of range
2026-08-13 15:34:48.705 WARN   ItemAutorouteInfo.get_expansion_room: p_index out of range
2026-08-13 15:34:48.705 WARN   ItemAutorouteInfo.get_expansion_room: p_index out of range
2026-08-13 15:34:48.706 WARN   ItemAutorouteInfo.get_expansion_room: p_index out of range
2026-08-13 15:34:48.706 WARN   ItemAutorouteInfo.get_expansion_room: p_index out of range
2026-08-13 15:34:48.706 WARN   ItemAutorouteInfo.get_expansion_room: p_index out of range
2026-08-13 15:34:48.707 WARN   ItemAutorouteInfo.get_expansion_room: p_index out of range
2026-08-13 15:34:48.707 WARN   ItemAutorouteInfo.get_expansion_room: p_index out of range
2026-08-13 15:34:48.774 WARN   ItemAutorouteInfo.get_expansion_room: p_index out of range
2026-08-13 15:34:48.774 WARN   ItemAutorouteInfo.get_expansion_room: p_index out of range
2026-08-13 15:34:48.774 WARN   ItemAutorouteInfo.get_expansion_room: p_index out of range
2026-08-13 15:34:48.775 WARN   ItemAutorouteInfo.get_expansion_room: p_index out of range
2026-08-13 15:34:48.775 WARN   ItemAutorouteInfo.get_expansion_room: p_index out of range
2026-08-13 15:34:48.775 WARN   ItemAutorouteInfo.get_expansion_room: p_index out of range
2026-08-13 15:34:48.775 WARN   ItemAutorouteInfo.get_expansion_room: p_index out of range
2026-08-13 15:34:48.803 WARN   ItemAutorouteInfo.get_expansion_room: p_index out of range
2026-08-13 15:34:48.804 WARN   ItemAutorouteInfo.get_expansion_room: p_index out of range
2026-08-13 15:34:48.898 WARN   ItemAutorouteInfo.get_expansion_room: p_index out of range
2026-08-13 15:34:48.898 WARN   ItemAutorouteInfo.get_expansion_room: p_index out of range
2026-08-13 15:34:48.903 WARN   ItemAutorouteInfo.get_expansion_room: p_index out of range
2026-08-13 15:34:48.903 WARN   ItemAutorouteInfo.get_expansion_room: p_index out of range
2026-08-13 15:34:48.905 WARN   ItemAutorouteInfo.get_expansion_room: p_index out of range
2026-08-13 15:34:48.905 WARN   ItemAutorouteInfo.get_expansion_room: p_index out of range
2026-08-13 15:34:48.955 WARN   ItemAutorouteInfo.get_expansion_room: p_index out of range
2026-08-13 15:34:48.960 WARN   ItemAutorouteInfo.get_expansion_room: p_index out of range
2026-08-13 15:34:49.125 WARN   ItemAutorouteInfo.get_expansion_room: p_index out of range
2026-08-13 15:34:49.132 WARN   ItemAutorouteInfo.get_expansion_room: p_index out of range
2026-08-13 15:34:49.133 WARN   ItemAutorouteInfo.get_expansion_room: p_index out of range
2026-08-13 15:34:49.133 WARN   ItemAutorouteInfo.get_expansion_room: p_index out of range
2026-08-13 15:34:49.133 WARN   ItemAutorouteInfo.get_expansion_room: p_index out of range
2026-08-13 15:34:49.145 WARN   ItemAutorouteInfo.get_expansion_room: p_index out of range
2026-08-13 15:34:49.145 WARN   ItemAutorouteInfo.get_expansion_room: p_index out of range
2026-08-13 15:34:49.145 WARN   ItemAutorouteInfo.get_expansion_room: p_index out of range
2026-08-13 15:34:49.145 WARN   ItemAutorouteInfo.get_expansion_room: p_index out of range
2026-08-13 15:34:49.146 WARN   ItemAutorouteInfo.get_expansion_room: p_index out of range
2026-08-13 15:34:49.146 WARN   ItemAutorouteInfo.get_expansion_room: p_index out of range
2026-08-13 15:34:49.146 WARN   ItemAutorouteInfo.get_expansion_room: p_index out of range
2026-08-13 15:34:49.146 WARN   ItemAutorouteInfo.get_expansion_room: p_index out of range
2026-08-13 15:34:49.147 WARN   ItemAutorouteInfo.get_expansion_room: p_index out of range
2026-08-13 15:34:49.147 WARN   ItemAutorouteInfo.get_expansion_room: p_index out of range
2026-08-13 15:34:49.147 WARN   ItemAutorouteInfo.get_expansion_room: p_index out of range
2026-08-13 15:34:49.148 WARN   ItemAutorouteInfo.get_expansion_room: p_index out of range
2026-08-13 15:34:49.148 WARN   ItemAutorouteInfo.get_expansion_room: p_index out of range
2026-08-13 15:34:49.149 WARN   ItemAutorouteInfo.get_expansion_room: p_index out of range
2026-08-13 15:34:49.149 WARN   ItemAutorouteInfo.get_expansion_room: p_index out of range
2026-08-13 15:34:49.162 WARN   ItemAutorouteInfo.get_expansion_room: p_index out of range
2026-08-13 15:34:49.162 WARN   ItemAutorouteInfo.get_expansion_room: p_index out of range
2026-08-13 15:34:49.169 WARN   ItemAutorouteInfo.get_expansion_room: p_index out of range
2026-08-13 15:34:49.169 WARN   ItemAutorouteInfo.get_expansion_room: p_index out of range
2026-08-13 15:34:49.172 WARN   ItemAutorouteInfo.get_expansion_room: p_index out of range
2026-08-13 15:34:49.172 WARN   ItemAutorouteInfo.get_expansion_room: p_index out of range
2026-08-13 15:34:49.172 WARN   ItemAutorouteInfo.get_expansion_room: p_index out of range
2026-08-13 15:34:49.172 WARN   ItemAutorouteInfo.get_expansion_room: p_index out of range
2026-08-13 15:34:49.172 WARN   ItemAutorouteInfo.get_expansion_room: p_index out of range
2026-08-13 15:34:49.172 WARN   ItemAutorouteInfo.get_expansion_room: p_index out of range
2026-08-13 15:34:49.172 WARN   ItemAutorouteInfo.get_expansion_room: p_index out of range
2026-08-13 15:34:49.173 WARN   ItemAutorouteInfo.get_expansion_room: p_index out of range
2026-08-13 15:34:49.173 WARN   ItemAutorouteInfo.get_expansion_room: p_index out of range
2026-08-13 15:34:49.173 WARN   ItemAutorouteInfo.get_expansion_room: p_index out of range
2026-08-13 15:34:49.173 WARN   ItemAutorouteInfo.get_expansion_room: p_index out of range
2026-08-13 15:34:49.173 WARN   ItemAutorouteInfo.get_expansion_room: p_index out of range
2026-08-13 15:34:49.173 WARN   ItemAutorouteInfo.get_expansion_room: p_index out of range
2026-08-13 15:34:49.173 WARN   ItemAutorouteInfo.get_expansion_room: p_index out of range
2026-08-13 15:34:49.178 WARN   ItemAutorouteInfo.get_expansion_room: p_index out of range
2026-08-13 15:34:49.178 WARN   ItemAutorouteInfo.get_expansion_room: p_index out of range
2026-08-13 15:34:49.179 WARN   ItemAutorouteInfo.get_expansion_room: p_index out of range
2026-08-13 15:34:49.260 WARN   ItemAutorouteInfo.get_expansion_room: p_index out of range
2026-08-13 15:34:49.260 WARN   ItemAutorouteInfo.get_expansion_room: p_index out of range
2026-08-13 15:34:49.261 WARN   ItemAutorouteInfo.get_expansion_room: p_index out of range
2026-08-13 15:34:49.261 WARN   ItemAutorouteInfo.get_expansion_room: p_index out of range
2026-08-13 15:34:49.261 WARN   ItemAutorouteInfo.get_expansion_room: p_index out of range
2026-08-13 15:34:49.261 WARN   ItemAutorouteInfo.get_expansion_room: p_index out of range
2026-08-13 15:34:49.261 WARN   ItemAutorouteInfo.get_expansion_room: p_index out of range
2026-08-13 15:34:49.261 WARN   ItemAutorouteInfo.get_expansion_room: p_index out of range
2026-08-13 15:34:49.261 WARN   ItemAutorouteInfo.get_expansion_room: p_index out of range
2026-08-13 15:34:49.261 WARN   ItemAutorouteInfo.get_expansion_room: p_index out of range
2026-08-13 15:34:49.261 WARN   ItemAutorouteInfo.get_expansion_room: p_index out of range
2026-08-13 15:34:49.261 WARN   ItemAutorouteInfo.get_expansion_room: p_index out of range
2026-08-13 15:34:49.261 WARN   ItemAutorouteInfo.get_expansion_room: p_index out of range
2026-08-13 15:34:49.261 WARN   ItemAutorouteInfo.get_expansion_room: p_index out of range
2026-08-13 15:34:49.261 WARN   ItemAutorouteInfo.get_expansion_room: p_index out of range
2026-08-13 15:34:49.261 WARN   ItemAutorouteInfo.get_expansion_room: p_index out of range
2026-08-13 15:34:49.269 WARN   ItemAutorouteInfo.get_expansion_room: p_index out of range
2026-08-13 15:34:49.269 WARN   ItemAutorouteInfo.get_expansion_room: p_index out of range
2026-08-13 15:34:49.277 WARN   ItemAutorouteInfo.get_expansion_room: p_index out of range
2026-08-13 15:34:49.277 WARN   ItemAutorouteInfo.get_expansion_room: p_index out of range
2026-08-13 15:34:49.277 WARN   ItemAutorouteInfo.get_expansion_room: p_index out of range
2026-08-13 15:34:49.277 WARN   ItemAutorouteInfo.get_expansion_room: p_index out of range
2026-08-13 15:34:49.277 WARN   ItemAutorouteInfo.get_expansion_room: p_index out of range
2026-08-13 15:34:49.277 WARN   ItemAutorouteInfo.get_expansion_room: p_index out of range
2026-08-13 15:34:49.277 WARN   ItemAutorouteInfo.get_expansion_room: p_index out of range
2026-08-13 15:34:49.277 WARN   ItemAutorouteInfo.get_expansion_room: p_index out of range
2026-08-13 15:34:49.277 WARN   ItemAutorouteInfo.get_expansion_room: p_index out of range
2026-08-13 15:34:49.296 WARN   ItemAutorouteInfo.get_expansion_room: p_index out of range
2026-08-13 15:34:49.296 WARN   ItemAutorouteInfo.get_expansion_room: p_index out of range
2026-08-13 15:35:01.553 INFO   [0B550D\DCEEB2] Restoring an earlier board that has the score of 976,92 (2 unrouted).
2026-08-13 15:35:01.553 INFO   [0B550D\DCEEB2] Auto-router pass #368 on board '03341459818e3c0dd125fc3c88ecc05e' was completed in 13,03 seconds with the score of 973,12 (5 unrouted), using 335971,16 CPU seconds and 717955 MB memory.
2026-08-13 15:35:03.502 INFO   [0B550D\DCEEB2] Auto-router pass #369 on board '144203caa913deac66add00d5fd55405' was completed in 1,94 seconds with the score of 976,91 (2 unrouted), using 337585,25 CPU seconds and 719728 MB memory.
2026-08-13 15:35:03.558 WARN   ItemAutorouteInfo.get_expansion_room: p_index out of range
2026-08-13 15:35:03.564 WARN   ItemAutorouteInfo.get_expansion_room: p_index out of range
2026-08-13 15:35:03.564 WARN   ItemAutorouteInfo.get_expansion_room: p_index out of range
2026-08-13 15:35:03.564 WARN   ItemAutorouteInfo.get_expansion_room: p_index out of range
2026-08-13 15:35:03.564 WARN   ItemAutorouteInfo.get_expansion_room: p_index out of range
2026-08-13 15:35:03.564 WARN   ItemAutorouteInfo.get_expansion_room: p_index out of range
2026-08-13 15:35:03.564 WARN   ItemAutorouteInfo.get_expansion_room: p_index out of range
2026-08-13 15:35:03.564 WARN   ItemAutorouteInfo.get_expansion_room: p_index out of range
2026-08-13 15:35:03.564 WARN   ItemAutorouteInfo.get_expansion_room: p_index out of range
2026-08-13 15:35:03.564 WARN   ItemAutorouteInfo.get_expansion_room: p_index out of range
2026-08-13 15:35:03.564 WARN   ItemAutorouteInfo.get_expansion_room: p_index out of range
2026-08-13 15:35:03.577 WARN   ItemAutorouteInfo.get_expansion_room: p_index out of range
2026-08-13 15:35:04.711 INFO   [0B550D\DCEEB2] Auto-router pass #370 on board '1a99dded737a3c186387d78db115064b' was completed in 1,19 seconds with the score of 974,07 (4 unrouted), using 338393,75 CPU seconds and 720695 MB memory.
2026-08-13 15:35:04.910 WARN   ItemAutorouteInfo.get_expansion_room: p_index out of range
2026-08-13 15:35:04.913 WARN   ItemAutorouteInfo.get_expansion_room: p_index out of range
2026-08-13 15:35:04.913 WARN   ItemAutorouteInfo.get_expansion_room: p_index out of range
2026-08-13 15:35:04.913 WARN   ItemAutorouteInfo.get_expansion_room: p_index out of range
2026-08-13 15:35:04.913 WARN   ItemAutorouteInfo.get_expansion_room: p_index out of range
2026-08-13 15:35:04.928 WARN   ItemAutorouteInfo.get_expansion_room: p_index out of range
2026-08-13 15:35:04.928 WARN   ItemAutorouteInfo.get_expansion_room: p_index out of range
2026-08-13 15:35:04.928 WARN   ItemAutorouteInfo.get_expansion_room: p_index out of range
2026-08-13 15:35:04.928 WARN   ItemAutorouteInfo.get_expansion_room: p_index out of range
2026-08-13 15:35:04.928 WARN   ItemAutorouteInfo.get_expansion_room: p_index out of range
2026-08-13 15:35:04.928 WARN   ItemAutorouteInfo.get_expansion_room: p_index out of range
2026-08-13 15:35:04.928 WARN   ItemAutorouteInfo.get_expansion_room: p_index out of range
2026-08-13 15:35:04.929 WARN   ItemAutorouteInfo.get_expansion_room: p_index out of range
2026-08-13 15:35:04.929 WARN   ItemAutorouteInfo.get_expansion_room: p_index out of range
2026-08-13 15:35:04.929 WARN   ItemAutorouteInfo.get_expansion_room: p_index out of range
2026-08-13 15:35:04.929 WARN   ItemAutorouteInfo.get_expansion_room: p_index out of range
2026-08-13 15:35:04.929 WARN   ItemAutorouteInfo.get_expansion_room: p_index out of range
2026-08-13 15:35:04.929 WARN   ItemAutorouteInfo.get_expansion_room: p_index out of range
2026-08-13 15:35:04.939 WARN   ItemAutorouteInfo.get_expansion_room: p_index out of range
2026-08-13 15:35:04.939 ERROR  AutorouteEngine.autoroute_connection: Exception in maze_search_algo.find_connection
java.lang.NullPointerException: Cannot read field "item" because "p_other" is null
	at app.freerouting.autoroute.ObstacleExpansionRoom.create_overlap_door(ObstacleExpansionRoom.java:98) ~[freerouting.jar:unspecified]
	at app.freerouting.autoroute.Sorted45DegreeRoomNeighbours.calculate_neighbours(Sorted45DegreeRoomNeighbours.java:131) ~[freerouting.jar:unspecified]
	at app.freerouting.autoroute.Sorted45DegreeRoomNeighbours.calculate(Sorted45DegreeRoomNeighbours.java:46) ~[freerouting.jar:unspecified]
	at app.freerouting.autoroute.AutorouteEngine.calculate_doors(AutorouteEngine.java:516) ~[freerouting.jar:unspecified]
	at app.freerouting.autoroute.AutorouteEngine.complete_neighbour_rooms(AutorouteEngine.java:560) ~[freerouting.jar:unspecified]
	at app.freerouting.autoroute.MazeSearchAlgo.expand_to_room_doors(MazeSearchAlgo.java:335) ~[freerouting.jar:unspecified]
	at app.freerouting.autoroute.MazeSearchAlgo.occupy_next_element(MazeSearchAlgo.java:286) ~[freerouting.jar:unspecified]
	at app.freerouting.autoroute.MazeSearchAlgo.find_connection(MazeSearchAlgo.java:206) ~[freerouting.jar:unspecified]
	at app.freerouting.autoroute.AutorouteEngine.autoroute_connection(AutorouteEngine.java:155) [freerouting.jar:unspecified]
	at app.freerouting.autoroute.BatchAutorouter.autoroute_item(BatchAutorouter.java:610) [freerouting.jar:unspecified]
	at app.freerouting.autoroute.BatchAutorouter.autoroute_pass(BatchAutorouter.java:332) [freerouting.jar:unspecified]
	at app.freerouting.autoroute.BatchAutorouter.runBatchLoop(BatchAutorouter.java:447) [freerouting.jar:unspecified]
	at app.freerouting.management.RoutingJobSchedulerActionThread.thread_action(RoutingJobSchedulerActionThread.java:131) [freerouting.jar:unspecified]
	at app.freerouting.core.StoppableThread.run(StoppableThread.java:26) [freerouting.jar:unspecified]
2026-08-13 15:35:04.939 ERROR  AutorouteEngine.autoroute_connection: Exception in maze_search_algo.find_connection
java.lang.NullPointerException: Cannot read field "item" because "p_other" is null
	at app.freerouting.autoroute.ObstacleExpansionRoom.create_overlap_door(ObstacleExpansionRoom.java:98) ~[freerouting.jar:unspecified]
	at app.freerouting.autoroute.Sorted45DegreeRoomNeighbours.calculate_neighbours(Sorted45DegreeRoomNeighbours.java:131) ~[freerouting.jar:unspecified]
	at app.freerouting.autoroute.Sorted45DegreeRoomNeighbours.calculate(Sorted45DegreeRoomNeighbours.java:46) ~[freerouting.jar:unspecified]
	at app.freerouting.autoroute.AutorouteEngine.calculate_doors(AutorouteEngine.java:516) ~[freerouting.jar:unspecified]
	at app.freerouting.autoroute.AutorouteEngine.complete_neighbour_rooms(AutorouteEngine.java:560) ~[freerouting.jar:unspecified]
	at app.freerouting.autoroute.MazeSearchAlgo.expand_to_room_doors(MazeSearchAlgo.java:335) ~[freerouting.jar:unspecified]
	at app.freerouting.autoroute.MazeSearchAlgo.occupy_next_element(MazeSearchAlgo.java:286) ~[freerouting.jar:unspecified]
	at app.freerouting.autoroute.MazeSearchAlgo.find_connection(MazeSearchAlgo.java:206) ~[freerouting.jar:unspecified]
	at app.freerouting.autoroute.AutorouteEngine.autoroute_connection(AutorouteEngine.java:155) [freerouting.jar:unspecified]
	at app.freerouting.autoroute.BatchAutorouter.autoroute_item(BatchAutorouter.java:610) [freerouting.jar:unspecified]
	at app.freerouting.autoroute.BatchAutorouter.autoroute_pass(BatchAutorouter.java:332) [freerouting.jar:unspecified]
	at app.freerouting.autoroute.BatchAutorouter.runBatchLoop(BatchAutorouter.java:447) [freerouting.jar:unspecified]
	at app.freerouting.management.RoutingJobSchedulerActionThread.thread_action(RoutingJobSchedulerActionThread.java:131) [freerouting.jar:unspecified]
	at app.freerouting.core.StoppableThread.run(StoppableThread.java:26) [freerouting.jar:unspecified]
2026-08-13 15:35:04.969 WARN   ItemAutorouteInfo.get_expansion_room: p_index out of range
2026-08-13 15:35:04.969 WARN   ItemAutorouteInfo.get_expansion_room: p_index out of range
2026-08-13 15:35:04.970 WARN   ItemAutorouteInfo.get_expansion_room: p_index out of range
2026-08-13 15:35:04.970 WARN   ItemAutorouteInfo.get_expansion_room: p_index out of range
2026-08-13 15:35:04.970 WARN   ItemAutorouteInfo.get_expansion_room: p_index out of range
2026-08-13 15:35:04.970 WARN   ItemAutorouteInfo.get_expansion_room: p_index out of range
2026-08-13 15:35:04.970 WARN   ItemAutorouteInfo.get_expansion_room: p_index out of range
2026-08-13 15:35:04.970 WARN   ItemAutorouteInfo.get_expansion_room: p_index out of range
2026-08-13 15:35:04.970 WARN   ItemAutorouteInfo.get_expansion_room: p_index out of range
2026-08-13 15:35:04.970 WARN   ItemAutorouteInfo.get_expansion_room: p_index out of range
2026-08-13 15:35:04.970 WARN   ItemAutorouteInfo.get_expansion_room: p_index out of range
2026-08-13 15:35:04.971 WARN   ItemAutorouteInfo.get_expansion_room: p_index out of range
2026-08-13 15:35:04.971 WARN   ItemAutorouteInfo.get_expansion_room: p_index out of range
2026-08-13 15:35:04.981 WARN   ItemAutorouteInfo.get_expansion_room: p_index out of range
2026-08-13 15:35:04.981 WARN   ItemAutorouteInfo.get_expansion_room: p_index out of range
2026-08-13 15:35:04.981 WARN   ItemAutorouteInfo.get_expansion_room: p_index out of range
2026-08-13 15:35:04.981 WARN   ItemAutorouteInfo.get_expansion_room: p_index out of range
2026-08-13 15:35:04.996 WARN   ItemAutorouteInfo.get_expansion_room: p_index out of range
2026-08-13 15:35:04.997 WARN   ItemAutorouteInfo.get_expansion_room: p_index out of range
2026-08-13 15:35:04.997 WARN   ItemAutorouteInfo.get_expansion_room: p_index out of range
2026-08-13 15:35:05.001 WARN   ItemAutorouteInfo.get_expansion_room: p_index out of range
2026-08-13 15:35:05.028 WARN   ItemAutorouteInfo.get_expansion_room: p_index out of range
2026-08-13 15:35:05.028 WARN   ItemAutorouteInfo.get_expansion_room: p_index out of range
2026-08-13 15:35:05.028 WARN   ItemAutorouteInfo.get_expansion_room: p_index out of range
2026-08-13 15:35:05.029 WARN   ItemAutorouteInfo.get_expansion_room: p_index out of range
2026-08-13 15:35:05.038 WARN   ItemAutorouteInfo.get_expansion_room: p_index out of range
2026-08-13 15:35:05.038 WARN   ItemAutorouteInfo.get_expansion_room: p_index out of range
2026-08-13 15:35:05.038 WARN   ItemAutorouteInfo.get_expansion_room: p_index out of range
2026-08-13 15:35:05.038 WARN   ItemAutorouteInfo.get_expansion_room: p_index out of range
2026-08-13 15:35:05.038 WARN   ItemAutorouteInfo.get_expansion_room: p_index out of range
2026-08-13 15:35:05.038 WARN   ItemAutorouteInfo.get_expansion_room: p_index out of range
2026-08-13 15:35:05.038 WARN   ItemAutorouteInfo.get_expansion_room: p_index out of range
2026-08-13 15:35:05.038 WARN   ItemAutorouteInfo.get_expansion_room: p_index out of range
2026-08-13 15:35:05.038 WARN   ItemAutorouteInfo.get_expansion_room: p_index out of range
2026-08-13 15:35:05.038 WARN   ItemAutorouteInfo.get_expansion_room: p_index out of range
2026-08-13 15:35:05.038 WARN   ItemAutorouteInfo.get_expansion_room: p_index out of range
2026-08-13 15:35:05.038 WARN   ItemAutorouteInfo.get_expansion_room: p_index out of range
2026-08-13 15:35:05.063 WARN   ItemAutorouteInfo.get_expansion_room: p_index out of range
2026-08-13 15:35:05.063 ERROR  AutorouteEngine.autoroute_connection: Exception in maze_search_algo.find_connection
java.lang.NullPointerException: Cannot read field "item" because "p_other" is null
	at app.freerouting.autoroute.ObstacleExpansionRoom.create_overlap_door(ObstacleExpansionRoom.java:98) ~[freerouting.jar:unspecified]
	at app.freerouting.autoroute.Sorted45DegreeRoomNeighbours.calculate_neighbours(Sorted45DegreeRoomNeighbours.java:131) ~[freerouting.jar:unspecified]
	at app.freerouting.autoroute.Sorted45DegreeRoomNeighbours.calculate(Sorted45DegreeRoomNeighbours.java:46) ~[freerouting.jar:unspecified]
	at app.freerouting.autoroute.AutorouteEngine.calculate_doors(AutorouteEngine.java:516) ~[freerouting.jar:unspecified]
	at app.freerouting.autoroute.AutorouteEngine.complete_neighbour_rooms(AutorouteEngine.java:560) ~[freerouting.jar:unspecified]
	at app.freerouting.autoroute.MazeSearchAlgo.expand_to_room_doors(MazeSearchAlgo.java:335) ~[freerouting.jar:unspecified]
	at app.freerouting.autoroute.MazeSearchAlgo.occupy_next_element(MazeSearchAlgo.java:286) ~[freerouting.jar:unspecified]
	at app.freerouting.autoroute.MazeSearchAlgo.find_connection(MazeSearchAlgo.java:206) ~[freerouting.jar:unspecified]
	at app.freerouting.autoroute.AutorouteEngine.autoroute_connection(AutorouteEngine.java:155) [freerouting.jar:unspecified]
	at app.freerouting.autoroute.BatchAutorouter.autoroute_item(BatchAutorouter.java:610) [freerouting.jar:unspecified]
	at app.freerouting.autoroute.BatchAutorouter.autoroute_pass(BatchAutorouter.java:332) [freerouting.jar:unspecified]
	at app.freerouting.autoroute.BatchAutorouter.runBatchLoop(BatchAutorouter.java:447) [freerouting.jar:unspecified]
	at app.freerouting.management.RoutingJobSchedulerActionThread.thread_action(RoutingJobSchedulerActionThread.java:131) [freerouting.jar:unspecified]
	at app.freerouting.core.StoppableThread.run(StoppableThread.java:26) [freerouting.jar:unspecified]
2026-08-13 15:35:05.063 ERROR  AutorouteEngine.autoroute_connection: Exception in maze_search_algo.find_connection
java.lang.NullPointerException: Cannot read field "item" because "p_other" is null
	at app.freerouting.autoroute.ObstacleExpansionRoom.create_overlap_door(ObstacleExpansionRoom.java:98) ~[freerouting.jar:unspecified]
	at app.freerouting.autoroute.Sorted45DegreeRoomNeighbours.calculate_neighbours(Sorted45DegreeRoomNeighbours.java:131) ~[freerouting.jar:unspecified]
	at app.freerouting.autoroute.Sorted45DegreeRoomNeighbours.calculate(Sorted45DegreeRoomNeighbours.java:46) ~[freerouting.jar:unspecified]
	at app.freerouting.autoroute.AutorouteEngine.calculate_doors(AutorouteEngine.java:516) ~[freerouting.jar:unspecified]
	at app.freerouting.autoroute.AutorouteEngine.complete_neighbour_rooms(AutorouteEngine.java:560) ~[freerouting.jar:unspecified]
	at app.freerouting.autoroute.MazeSearchAlgo.expand_to_room_doors(MazeSearchAlgo.java:335) ~[freerouting.jar:unspecified]
	at app.freerouting.autoroute.MazeSearchAlgo.occupy_next_element(MazeSearchAlgo.java:286) ~[freerouting.jar:unspecified]
	at app.freerouting.autoroute.MazeSearchAlgo.find_connection(MazeSearchAlgo.java:206) ~[freerouting.jar:unspecified]
	at app.freerouting.autoroute.AutorouteEngine.autoroute_connection(AutorouteEngine.java:155) [freerouting.jar:unspecified]
	at app.freerouting.autoroute.BatchAutorouter.autoroute_item(BatchAutorouter.java:610) [freerouting.jar:unspecified]
	at app.freerouting.autoroute.BatchAutorouter.autoroute_pass(BatchAutorouter.java:332) [freerouting.jar:unspecified]
	at app.freerouting.autoroute.BatchAutorouter.runBatchLoop(BatchAutorouter.java:447) [freerouting.jar:unspecified]
	at app.freerouting.management.RoutingJobSchedulerActionThread.thread_action(RoutingJobSchedulerActionThread.java:131) [freerouting.jar:unspecified]
	at app.freerouting.core.StoppableThread.run(StoppableThread.java:26) [freerouting.jar:unspecified]
2026-08-13 15:35:06.124 INFO   [0B550D\DCEEB2] Auto-router pass #371 on board '510ba7922eb75f0acd22d1780aef76df' was completed in 1,39 seconds with the score of 972,33 (5 unrouted), using 340013,66 CPU seconds and 722713 MB memory.
2026-08-13 15:35:12.071 INFO   [0B550D\DCEEB2] Restoring an earlier board that has the score of 976,92 (2 unrouted).
2026-08-13 15:35:12.071 INFO   [0B550D\DCEEB2] Auto-router pass #372 on board '12993dc54a3e0d39a68287a0f0c3ca0b' was completed in 5,93 seconds with the score of 975,20 (3 unrouted), using 344896,56 CPU seconds and 728304 MB memory.
2026-08-13 15:35:13.966 INFO   [0B550D\DCEEB2] Auto-router pass #373 on board '144203caa913deac66add00d5fd55405' was completed in 1,89 seconds with the score of 976,91 (2 unrouted), using 346531,94 CPU seconds and 730183 MB memory.
2026-08-13 15:35:14.049 WARN   ItemAutorouteInfo.get_expansion_room: p_index out of range
2026-08-13 15:35:14.054 WARN   ItemAutorouteInfo.get_expansion_room: p_index out of range
2026-08-13 15:35:14.054 WARN   ItemAutorouteInfo.get_expansion_room: p_index out of range
2026-08-13 15:35:14.054 WARN   ItemAutorouteInfo.get_expansion_room: p_index out of range
2026-08-13 15:35:14.054 WARN   ItemAutorouteInfo.get_expansion_room: p_index out of range
2026-08-13 15:35:14.054 WARN   ItemAutorouteInfo.get_expansion_room: p_index out of range
2026-08-13 15:35:14.055 WARN   ItemAutorouteInfo.get_expansion_room: p_index out of range
2026-08-13 15:35:14.055 WARN   ItemAutorouteInfo.get_expansion_room: p_index out of range
2026-08-13 15:35:14.055 WARN   ItemAutorouteInfo.get_expansion_room: p_index out of range
2026-08-13 15:35:14.055 WARN   ItemAutorouteInfo.get_expansion_room: p_index out of range
2026-08-13 15:35:14.055 WARN   ItemAutorouteInfo.get_expansion_room: p_index out of range
2026-08-13 15:35:14.068 WARN   ItemAutorouteInfo.get_expansion_room: p_index out of range
2026-08-13 15:35:15.165 INFO   [0B550D\DCEEB2] Auto-router pass #374 on board '1a99dded737a3c186387d78db115064b' was completed in 1,19 seconds with the score of 974,07 (4 unrouted), using 347351,06 CPU seconds and 731224 MB memory.
2026-08-13 15:35:18.987 INFO   [0B550D\DCEEB2] Auto-router pass #375 on board '0d17f9d4b106a5b8e30a65765adf22fe' was completed in 3,80 seconds with the score of 975,32 (3 unrouted), using 350637,25 CPU seconds and 734382 MB memory.
2026-08-13 15:35:27.174 INFO   [0B550D\DCEEB2] Restoring an earlier board that has the score of 976,92 (2 unrouted).
2026-08-13 15:35:27.175 INFO   [0B550D\DCEEB2] Auto-router pass #376 on board '2126e869f38d9d6817e22d3a28b6ca3b' was completed in 8,16 seconds with the score of 971,32 (6 unrouted), using 357256,19 CPU seconds and 741278 MB memory.
2026-08-13 15:35:29.074 INFO   [0B550D\DCEEB2] Auto-router pass #377 on board '144203caa913deac66add00d5fd55405' was completed in 1,89 seconds with the score of 976,91 (2 unrouted), using 358920,59 CPU seconds and 743062 MB memory.
2026-08-13 15:35:29.309 WARN   ItemAutorouteInfo.get_expansion_room: p_index out of range
2026-08-13 15:35:29.309 WARN   ItemAutorouteInfo.get_expansion_room: p_index out of range
2026-08-13 15:35:29.309 WARN   ItemAutorouteInfo.get_expansion_room: p_index out of range
2026-08-13 15:35:29.317 WARN   ItemAutorouteInfo.get_expansion_room: p_index out of range
2026-08-13 15:35:29.317 WARN   ItemAutorouteInfo.get_expansion_room: p_index out of range
2026-08-13 15:35:29.495 INFO   [0B550D\DCEEB2] Auto-router pass #378 on board '1a99dded737a3c186387d78db115064b' was completed in 0,41 seconds with the score of 975,75 (3 unrouted), using 358920,59 CPU seconds and 743062 MB memory.
2026-08-13 15:35:30.626 INFO   [0B550D\DCEEB2] Auto-router pass #379 on board '1372a9bdaf1ab0a40f7daed760384908' was completed in 1,11 seconds with the score of 977,06 (2 unrouted), using 359754,25 CPU seconds and 744058 MB memory.
2026-08-13 15:35:33.816 INFO   [0B550D\DCEEB2] Restoring an earlier board that has the score of 977,06 (2 unrouted).
2026-08-13 15:35:33.816 INFO   [0B550D\DCEEB2] Auto-router pass #380 on board 'f340f75e0a64cc34cfcb7342cb022f12' was completed in 3,17 seconds with the score of 975,73 (3 unrouted), using 363098,56 CPU seconds and 747586 MB memory.
2026-08-13 15:35:35.165 INFO   [0B550D\DCEEB2] Auto-router pass #381 on board 'f340f75e0a64cc34cfcb7342cb022f12' was completed in 1,34 seconds with the score of 977,12 (2 unrouted), using 363937,06 CPU seconds and 748440 MB memory.
2026-08-13 15:35:35.256 WARN   ItemAutorouteInfo.get_expansion_room: p_index out of range
2026-08-13 15:35:35.280 WARN   ItemAutorouteInfo.get_expansion_room: p_index out of range
2026-08-13 15:35:35.280 WARN   ItemAutorouteInfo.get_expansion_room: p_index out of range
2026-08-13 15:35:35.281 WARN   ItemAutorouteInfo.get_expansion_room: p_index out of range
2026-08-13 15:35:35.281 WARN   ItemAutorouteInfo.get_expansion_room: p_index out of range
2026-08-13 15:35:35.301 WARN   ItemAutorouteInfo.get_expansion_room: p_index out of range
2026-08-13 15:35:36.752 INFO   [0B550D\DCEEB2] Auto-router pass #382 on board 'ca55441ccd6f50a304805604ed352c90' was completed in 1,56 seconds with the score of 973,11 (5 unrouted), using 364776,50 CPU seconds and 749468 MB memory.
2026-08-13 15:35:39.290 INFO   [0B550D\DCEEB2] Auto-router pass #383 on board '5d563d79a4691a8f6ffc07121128cacf' was completed in 2,52 seconds with the score of 975,49 (3 unrouted), using 367300,62 CPU seconds and 752112 MB memory.
2026-08-13 15:35:47.432 INFO   [0B550D\DCEEB2] Restoring an earlier board that has the score of 977,12 (2 unrouted).
2026-08-13 15:35:47.432 INFO   [0B550D\DCEEB2] Auto-router pass #384 on board 'fab0cc8b1baaec02426a84a10438ccc5' was completed in 8,12 seconds with the score of 974,21 (4 unrouted), using 374074,31 CPU seconds and 759304 MB memory.
2026-08-13 15:35:49.443 INFO   [0B550D\DCEEB2] Auto-router pass #385 on board 'ca55441ccd6f50a304805604ed352c90' was completed in 2,00 seconds with the score of 976,46 (2 unrouted), using 375777,47 CPU seconds and 761034 MB memory.
2026-08-13 15:35:49.530 WARN   ItemAutorouteInfo.get_expansion_room: p_index out of range
2026-08-13 15:35:49.530 WARN   ItemAutorouteInfo.get_expansion_room: p_index out of range
2026-08-13 15:35:49.530 WARN   ItemAutorouteInfo.get_expansion_room: p_index out of range
2026-08-13 15:35:49.530 WARN   ItemAutorouteInfo.get_expansion_room: p_index out of range
2026-08-13 15:35:49.530 WARN   ItemAutorouteInfo.get_expansion_room: p_index out of range
2026-08-13 15:35:49.530 WARN   ItemAutorouteInfo.get_expansion_room: p_index out of range
2026-08-13 15:35:49.530 WARN   ItemAutorouteInfo.get_expansion_room: p_index out of range
2026-08-13 15:35:49.530 WARN   ItemAutorouteInfo.get_expansion_room: p_index out of range
2026-08-13 15:35:49.530 WARN   ItemAutorouteInfo.get_expansion_room: p_index out of range
2026-08-13 15:35:49.530 WARN   ItemAutorouteInfo.get_expansion_room: p_index out of range
2026-08-13 15:35:49.530 WARN   ItemAutorouteInfo.get_expansion_room: p_index out of range
2026-08-13 15:35:49.530 WARN   ItemAutorouteInfo.get_expansion_room: p_index out of range
2026-08-13 15:35:49.530 WARN   ItemAutorouteInfo.get_expansion_room: p_index out of range
2026-08-13 15:35:49.530 WARN   ItemAutorouteInfo.get_expansion_room: p_index out of range
2026-08-13 15:35:49.530 WARN   ItemAutorouteInfo.get_expansion_room: p_index out of range
2026-08-13 15:35:49.530 WARN   ItemAutorouteInfo.get_expansion_room: p_index out of range
2026-08-13 15:35:49.531 WARN   ItemAutorouteInfo.get_expansion_room: p_index out of range
2026-08-13 15:35:49.531 WARN   ItemAutorouteInfo.get_expansion_room: p_index out of range
2026-08-13 15:35:49.531 WARN   ItemAutorouteInfo.get_expansion_room: p_index out of range
2026-08-13 15:35:49.531 WARN   ItemAutorouteInfo.get_expansion_room: p_index out of range
2026-08-13 15:35:49.531 WARN   ItemAutorouteInfo.get_expansion_room: p_index out of range
2026-08-13 15:35:49.531 WARN   ItemAutorouteInfo.get_expansion_room: p_index out of range
2026-08-13 15:35:49.532 WARN   ItemAutorouteInfo.get_expansion_room: p_index out of range
2026-08-13 15:35:49.541 WARN   ItemAutorouteInfo.get_expansion_room: p_index out of range
2026-08-13 15:35:49.542 WARN   ItemAutorouteInfo.get_expansion_room: p_index out of range
2026-08-13 15:35:49.542 WARN   ItemAutorouteInfo.get_expansion_room: p_index out of range
2026-08-13 15:35:49.542 WARN   ItemAutorouteInfo.get_expansion_room: p_index out of range
2026-08-13 15:35:49.542 WARN   ItemAutorouteInfo.get_expansion_room: p_index out of range
2026-08-13 15:35:49.549 WARN   ItemAutorouteInfo.get_expansion_room: p_index out of range
2026-08-13 15:35:49.549 WARN   ItemAutorouteInfo.get_expansion_room: p_index out of range
2026-08-13 15:35:49.551 WARN   ItemAutorouteInfo.get_expansion_room: p_index out of range
2026-08-13 15:35:49.551 WARN   ItemAutorouteInfo.get_expansion_room: p_index out of range
2026-08-13 15:35:49.551 WARN   ItemAutorouteInfo.get_expansion_room: p_index out of range
2026-08-13 15:35:49.551 WARN   ItemAutorouteInfo.get_expansion_room: p_index out of range
2026-08-13 15:35:49.551 WARN   ItemAutorouteInfo.get_expansion_room: p_index out of range
2026-08-13 15:35:49.551 WARN   ItemAutorouteInfo.get_expansion_room: p_index out of range
2026-08-13 15:35:49.563 WARN   ItemAutorouteInfo.get_expansion_room: p_index out of range
2026-08-13 15:35:49.566 WARN   ItemAutorouteInfo.get_expansion_room: p_index out of range
2026-08-13 15:35:49.566 WARN   ItemAutorouteInfo.get_expansion_room: p_index out of range
2026-08-13 15:35:49.568 WARN   ItemAutorouteInfo.get_expansion_room: p_index out of range
2026-08-13 15:35:49.568 WARN   ItemAutorouteInfo.get_expansion_room: p_index out of range
2026-08-13 15:35:49.569 WARN   ItemAutorouteInfo.get_expansion_room: p_index out of range
2026-08-13 15:35:49.569 WARN   ItemAutorouteInfo.get_expansion_room: p_index out of range
2026-08-13 15:35:49.569 WARN   ItemAutorouteInfo.get_expansion_room: p_index out of range
2026-08-13 15:35:49.569 WARN   ItemAutorouteInfo.get_expansion_room: p_index out of range
2026-08-13 15:35:49.583 WARN   ItemAutorouteInfo.get_expansion_room: p_index out of range
2026-08-13 15:35:49.583 WARN   ItemAutorouteInfo.get_expansion_room: p_index out of range
2026-08-13 15:35:49.584 WARN   ItemAutorouteInfo.get_expansion_room: p_index out of range
2026-08-13 15:35:49.584 WARN   ItemAutorouteInfo.get_expansion_room: p_index out of range
2026-08-13 15:35:49.584 WARN   ItemAutorouteInfo.get_expansion_room: p_index out of range
2026-08-13 15:35:49.584 WARN   ItemAutorouteInfo.get_expansion_room: p_index out of range
2026-08-13 15:35:49.584 WARN   ItemAutorouteInfo.get_expansion_room: p_index out of range
2026-08-13 15:35:49.588 WARN   ItemAutorouteInfo.get_expansion_room: p_index out of range
2026-08-13 15:35:49.589 WARN   ItemAutorouteInfo.get_expansion_room: p_index out of range
2026-08-13 15:35:49.595 WARN   ItemAutorouteInfo.get_expansion_room: p_index out of range
2026-08-13 15:35:49.595 WARN   ItemAutorouteInfo.get_expansion_room: p_index out of range
2026-08-13 15:35:49.595 WARN   ItemAutorouteInfo.get_expansion_room: p_index out of range
2026-08-13 15:35:49.595 WARN   ItemAutorouteInfo.get_expansion_room: p_index out of range
2026-08-13 15:35:49.595 WARN   ItemAutorouteInfo.get_expansion_room: p_index out of range
2026-08-13 15:35:49.595 WARN   ItemAutorouteInfo.get_expansion_room: p_index out of range
2026-08-13 15:35:49.732 ERROR  AutorouteEngine.autoroute_connection: Exception in maze_search_algo.find_connection
java.lang.ArrayIndexOutOfBoundsException: null
2026-08-13 15:35:49.732 ERROR  AutorouteEngine.autoroute_connection: Exception in maze_search_algo.find_connection
java.lang.ArrayIndexOutOfBoundsException: null
2026-08-13 15:35:49.828 WARN   ItemAutorouteInfo.get_expansion_room: p_index out of range
2026-08-13 15:35:49.828 WARN   ItemAutorouteInfo.get_expansion_room: p_index out of range
2026-08-13 15:35:49.828 WARN   ItemAutorouteInfo.get_expansion_room: p_index out of range
2026-08-13 15:35:49.828 WARN   ItemAutorouteInfo.get_expansion_room: p_index out of range
2026-08-13 15:35:49.828 WARN   ItemAutorouteInfo.get_expansion_room: p_index out of range
2026-08-13 15:35:49.846 WARN   ItemAutorouteInfo.get_expansion_room: p_index out of range
2026-08-13 15:35:50.158 ERROR  AutorouteEngine.autoroute_connection: Exception in maze_search_algo.find_connection
java.lang.ArrayIndexOutOfBoundsException: null
2026-08-13 15:35:50.158 ERROR  AutorouteEngine.autoroute_connection: Exception in maze_search_algo.find_connection
java.lang.ArrayIndexOutOfBoundsException: null
2026-08-13 15:35:50.234 INFO   [0B550D\DCEEB2] Auto-router pass #386 on board '6075169eca05322df5ebf46401693a62' was completed in 0,77 seconds with the score of 976,46 (2 unrouted), using 376630,50 CPU seconds and 761889 MB memory.
2026-08-13 15:35:50.369 INFO   [0B550D\DCEEB2] Auto-router pass #387 on board '6075169eca05322df5ebf46401693a62' was completed in 0,13 seconds with the score of 976,46 (2 unrouted), using 376630,50 CPU seconds and 761889 MB memory.
2026-08-13 15:35:50.601 WARN   ItemAutorouteInfo.get_expansion_room: p_index out of range
2026-08-13 15:35:50.602 WARN   ItemAutorouteInfo.get_expansion_room: p_index out of range
2026-08-13 15:35:50.662 WARN   ItemAutorouteInfo.get_expansion_room: p_index out of range
2026-08-13 15:35:50.662 WARN   ItemAutorouteInfo.get_expansion_room: p_index out of range
2026-08-13 15:35:50.796 WARN   ItemAutorouteInfo.get_expansion_room: p_index out of range
2026-08-13 15:35:50.796 WARN   ItemAutorouteInfo.get_expansion_room: p_index out of range
2026-08-13 15:35:50.796 WARN   ItemAutorouteInfo.get_expansion_room: p_index out of range
2026-08-13 15:35:50.796 WARN   ItemAutorouteInfo.get_expansion_room: p_index out of range
2026-08-13 15:35:54.622 INFO   [0B550D\DCEEB2] Restoring an earlier board that has the score of 977,12 (2 unrouted).
2026-08-13 15:35:54.622 INFO   [0B550D\DCEEB2] Auto-router pass #388 on board '6075169eca05322df5ebf46401693a62' was completed in 4,24 seconds with the score of 976,39 (2 unrouted), using 380052,19 CPU seconds and 765223 MB memory.
2026-08-13 15:35:57.338 INFO   [0B550D\DCEEB2] Auto-router pass #389 on board 'ca55441ccd6f50a304805604ed352c90' was completed in 2,71 seconds with the score of 975,61 (3 unrouted), using 382628,56 CPU seconds and 767800 MB memory.
2026-08-13 15:35:57.400 WARN   ItemAutorouteInfo.get_expansion_room: p_index out of range
2026-08-13 15:35:57.400 WARN   ItemAutorouteInfo.get_expansion_room: p_index out of range
2026-08-13 15:35:57.400 WARN   ItemAutorouteInfo.get_expansion_room: p_index out of range
2026-08-13 15:35:57.400 WARN   ItemAutorouteInfo.get_expansion_room: p_index out of range
2026-08-13 15:35:57.400 WARN   ItemAutorouteInfo.get_expansion_room: p_index out of range
2026-08-13 15:35:57.400 WARN   ItemAutorouteInfo.get_expansion_room: p_index out of range
2026-08-13 15:35:57.400 WARN   ItemAutorouteInfo.get_expansion_room: p_index out of range
2026-08-13 15:35:57.404 WARN   ItemAutorouteInfo.get_expansion_room: p_index out of range
2026-08-13 15:35:57.407 WARN   ItemAutorouteInfo.get_expansion_room: p_index out of range
2026-08-13 15:35:57.407 WARN   ItemAutorouteInfo.get_expansion_room: p_index out of range
2026-08-13 15:35:57.407 WARN   ItemAutorouteInfo.get_expansion_room: p_index out of range
2026-08-13 15:35:57.408 WARN   ItemAutorouteInfo.get_expansion_room: p_index out of range
2026-08-13 15:35:57.408 WARN   ItemAutorouteInfo.get_expansion_room: p_index out of range
2026-08-13 15:35:57.408 WARN   ItemAutorouteInfo.get_expansion_room: p_index out of range
2026-08-13 15:35:57.408 WARN   ItemAutorouteInfo.get_expansion_room: p_index out of range
2026-08-13 15:35:57.410 WARN   ItemAutorouteInfo.get_expansion_room: p_index out of range
2026-08-13 15:35:57.410 WARN   ItemAutorouteInfo.get_expansion_room: p_index out of range
2026-08-13 15:35:57.410 WARN   ItemAutorouteInfo.get_expansion_room: p_index out of range
2026-08-13 15:35:57.410 WARN   ItemAutorouteInfo.get_expansion_room: p_index out of range
2026-08-13 15:35:57.410 WARN   ItemAutorouteInfo.get_expansion_room: p_index out of range
2026-08-13 15:35:57.410 WARN   ItemAutorouteInfo.get_expansion_room: p_index out of range
2026-08-13 15:35:57.454 WARN   ItemAutorouteInfo.get_expansion_room: p_index out of range
2026-08-13 15:35:57.454 WARN   ItemAutorouteInfo.get_expansion_room: p_index out of range
2026-08-13 15:35:57.454 WARN   ItemAutorouteInfo.get_expansion_room: p_index out of range
2026-08-13 15:35:57.454 WARN   ItemAutorouteInfo.get_expansion_room: p_index out of range
2026-08-13 15:35:57.454 WARN   ItemAutorouteInfo.get_expansion_room: p_index out of range
2026-08-13 15:35:57.454 WARN   ItemAutorouteInfo.get_expansion_room: p_index out of range
2026-08-13 15:35:57.454 WARN   ItemAutorouteInfo.get_expansion_room: p_index out of range
2026-08-13 15:35:57.454 WARN   ItemAutorouteInfo.get_expansion_room: p_index out of range
2026-08-13 15:35:57.454 WARN   ItemAutorouteInfo.get_expansion_room: p_index out of range
2026-08-13 15:35:57.454 WARN   ItemAutorouteInfo.get_expansion_room: p_index out of range
2026-08-13 15:35:57.454 WARN   ItemAutorouteInfo.get_expansion_room: p_index out of range
2026-08-13 15:35:57.454 WARN   ItemAutorouteInfo.get_expansion_room: p_index out of range
2026-08-13 15:35:57.455 WARN   ItemAutorouteInfo.get_expansion_room: p_index out of range
2026-08-13 15:35:57.455 WARN   ItemAutorouteInfo.get_expansion_room: p_index out of range
2026-08-13 15:35:57.469 WARN   ItemAutorouteInfo.get_expansion_room: p_index out of range
2026-08-13 15:35:57.469 WARN   ItemAutorouteInfo.get_expansion_room: p_index out of range
2026-08-13 15:35:57.469 WARN   ItemAutorouteInfo.get_expansion_room: p_index out of range
2026-08-13 15:35:57.469 WARN   ItemAutorouteInfo.get_expansion_room: p_index out of range
2026-08-13 15:35:57.478 WARN   ItemAutorouteInfo.get_expansion_room: p_index out of range
2026-08-13 15:35:57.553 WARN   ItemAutorouteInfo.get_expansion_room: p_index out of range
2026-08-13 15:35:57.553 WARN   ItemAutorouteInfo.get_expansion_room: p_index out of range
2026-08-13 15:35:57.553 WARN   ItemAutorouteInfo.get_expansion_room: p_index out of range
2026-08-13 15:35:57.553 WARN   ItemAutorouteInfo.get_expansion_room: p_index out of range
2026-08-13 15:35:57.553 WARN   ItemAutorouteInfo.get_expansion_room: p_index out of range
2026-08-13 15:35:57.553 WARN   ItemAutorouteInfo.get_expansion_room: p_index out of range
2026-08-13 15:35:57.553 WARN   ItemAutorouteInfo.get_expansion_room: p_index out of range
2026-08-13 15:35:57.553 WARN   ItemAutorouteInfo.get_expansion_room: p_index out of range
2026-08-13 15:35:57.553 WARN   ItemAutorouteInfo.get_expansion_room: p_index out of range
2026-08-13 15:35:57.553 WARN   ItemAutorouteInfo.get_expansion_room: p_index out of range
2026-08-13 15:35:57.553 WARN   ItemAutorouteInfo.get_expansion_room: p_index out of range
2026-08-13 15:35:57.553 WARN   ItemAutorouteInfo.get_expansion_room: p_index out of range
2026-08-13 15:35:57.553 WARN   ItemAutorouteInfo.get_expansion_room: p_index out of range
2026-08-13 15:35:57.553 WARN   ItemAutorouteInfo.get_expansion_room: p_index out of range
2026-08-13 15:35:57.553 WARN   ItemAutorouteInfo.get_expansion_room: p_index out of range
2026-08-13 15:35:57.553 WARN   ItemAutorouteInfo.get_expansion_room: p_index out of range
2026-08-13 15:35:57.553 WARN   ItemAutorouteInfo.get_expansion_room: p_index out of range
2026-08-13 15:35:57.553 WARN   ItemAutorouteInfo.get_expansion_room: p_index out of range
2026-08-13 15:35:57.553 WARN   ItemAutorouteInfo.get_expansion_room: p_index out of range
2026-08-13 15:35:57.554 WARN   ItemAutorouteInfo.get_expansion_room: p_index out of range
2026-08-13 15:35:57.554 WARN   ItemAutorouteInfo.get_expansion_room: p_index out of range
2026-08-13 15:35:57.554 WARN   ItemAutorouteInfo.get_expansion_room: p_index out of range
2026-08-13 15:35:57.554 WARN   ItemAutorouteInfo.get_expansion_room: p_index out of range
2026-08-13 15:35:57.554 WARN   ItemAutorouteInfo.get_expansion_room: p_index out of range
2026-08-13 15:35:57.554 WARN   ItemAutorouteInfo.get_expansion_room: p_index out of range
2026-08-13 15:35:57.554 WARN   ItemAutorouteInfo.get_expansion_room: p_index out of range
2026-08-13 15:35:57.554 WARN   ItemAutorouteInfo.get_expansion_room: p_index out of range
2026-08-13 15:35:57.555 WARN   ItemAutorouteInfo.get_expansion_room: p_index out of range
2026-08-13 15:35:57.555 WARN   ItemAutorouteInfo.get_expansion_room: p_index out of range
2026-08-13 15:35:57.556 WARN   ItemAutorouteInfo.get_expansion_room: p_index out of range
2026-08-13 15:35:57.556 WARN   ItemAutorouteInfo.get_expansion_room: p_index out of range
2026-08-13 15:35:57.556 WARN   ItemAutorouteInfo.get_expansion_room: p_index out of range
2026-08-13 15:35:57.556 WARN   ItemAutorouteInfo.get_expansion_room: p_index out of range
2026-08-13 15:35:57.556 WARN   ItemAutorouteInfo.get_expansion_room: p_index out of range
2026-08-13 15:35:57.556 WARN   ItemAutorouteInfo.get_expansion_room: p_index out of range
2026-08-13 15:35:57.556 WARN   ItemAutorouteInfo.get_expansion_room: p_index out of range
2026-08-13 15:35:57.556 WARN   ItemAutorouteInfo.get_expansion_room: p_index out of range
2026-08-13 15:35:57.557 WARN   ItemAutorouteInfo.get_expansion_room: p_index out of range
2026-08-13 15:35:57.557 WARN   ItemAutorouteInfo.get_expansion_room: p_index out of range
2026-08-13 15:35:57.557 WARN   ItemAutorouteInfo.get_expansion_room: p_index out of range
2026-08-13 15:35:57.557 WARN   ItemAutorouteInfo.get_expansion_room: p_index out of range
2026-08-13 15:35:59.350 INFO   [0B550D\DCEEB2] Auto-router pass #390 on board 'e4939e8e6b94de53b938975f13cc852c' was completed in 1,99 seconds with the score of 974,85 (3 unrouted), using 384351,03 CPU seconds and 769526 MB memory.
2026-08-13 15:36:00.426 INFO   [0B550D\DCEEB2] Auto-router pass #391 on board 'd0864e853b148ec559030eb311bc63ba' was completed in 1,05 seconds with the score of 976,53 (2 unrouted), using 385213,72 CPU seconds and 770324 MB memory.
2026-08-13 15:36:04.260 INFO   [0B550D\DCEEB2] Restoring an earlier board that has the score of 977,12 (2 unrouted).
2026-08-13 15:36:04.260 INFO   [0B550D\DCEEB2] Auto-router pass #392 on board '13575929c449bc52009a7a12436ead92' was completed in 3,81 seconds with the score of 976,59 (2 unrouted), using 388674,16 CPU seconds and 773761 MB memory.
2026-08-13 15:36:06.380 INFO   [0B550D\DCEEB2] Auto-router pass #393 on board 'ca55441ccd6f50a304805604ed352c90' was completed in 2,11 seconds with the score of 974,15 (4 unrouted), using 390410,16 CPU seconds and 775548 MB memory.
2026-08-13 15:36:08.364 INFO   [0B550D\DCEEB2] Auto-router pass #394 on board 'eb98752bcf31b0341a896688164fefa2' was completed in 1,96 seconds with the score of 974,08 (4 unrouted), using 392150,00 CPU seconds and 777346 MB memory.
2026-08-13 15:36:10.542 INFO   [0B550D\DCEEB2] Auto-router pass #395 on board 'd41c342107567bed8658971d2dbbde2e' was completed in 2,15 seconds with the score of 972,42 (5 unrouted), using 393893,75 CPU seconds and 778965 MB memory.
2026-08-13 15:36:19.548 INFO   [0B550D\DCEEB2] Restoring an earlier board that has the score of 977,12 (2 unrouted).
2026-08-13 15:36:19.548 INFO   [0B550D\DCEEB2] Auto-router pass #396 on board '56f1477d5ba7c75b61694cd8509815dd' was completed in 8,98 seconds with the score of 975,42 (3 unrouted), using 401788,81 CPU seconds and 786162 MB memory.
2026-08-13 15:36:21.943 INFO   [0B550D\DCEEB2] Auto-router pass #397 on board 'ca55441ccd6f50a304805604ed352c90' was completed in 2,38 seconds with the score of 974,02 (4 unrouted), using 404438,09 CPU seconds and 788698 MB memory.
2026-08-13 15:36:23.579 INFO   [0B550D\DCEEB2] Auto-router pass #398 on board '25db84f811196b97f65f38819ba2e445' was completed in 1,61 seconds with the score of 975,44 (3 unrouted), using 405323,12 CPU seconds and 789627 MB memory.
2026-08-13 15:36:25.369 INFO   [0B550D\DCEEB2] Auto-router pass #399 on board '42f61fa046adfc9cf955fcf4fae5dbe5' was completed in 1,76 seconds with the score of 972,48 (5 unrouted), using 407096,06 CPU seconds and 791121 MB memory.
2026-08-13 15:36:34.070 INFO   [0B550D\DCEEB2] Restoring an earlier board that has the score of 977,06 (2 unrouted).
2026-08-13 15:36:34.070 INFO   [0B550D\DCEEB2] Auto-router pass #400 on board 'cb5d606812d338e11371e91804b4a6d2' was completed in 8,68 seconds with the score of 976,15 (2 unrouted), using 415122,47 CPU seconds and 798318 MB memory.
2026-08-13 15:36:35.536 INFO   [0B550D\DCEEB2] Auto-router pass #401 on board 'f340f75e0a64cc34cfcb7342cb022f12' was completed in 1,46 seconds with the score of 977,15 (2 unrouted), using 416019,16 CPU seconds and 799106 MB memory.
2026-08-13 15:36:36.098 WARN   ItemAutorouteInfo.get_expansion_room: p_index out of range
2026-08-13 15:36:36.099 WARN   ItemAutorouteInfo.get_expansion_room: p_index out of range
2026-08-13 15:36:36.102 WARN   ItemAutorouteInfo.get_expansion_room: p_index out of range
2026-08-13 15:36:36.158 WARN   ItemAutorouteInfo.get_expansion_room: p_index out of range
2026-08-13 15:36:36.158 WARN   ItemAutorouteInfo.get_expansion_room: p_index out of range
2026-08-13 15:36:36.159 WARN   ItemAutorouteInfo.get_expansion_room: p_index out of range
2026-08-13 15:36:36.159 WARN   ItemAutorouteInfo.get_expansion_room: p_index out of range
2026-08-13 15:36:36.159 WARN   ItemAutorouteInfo.get_expansion_room: p_index out of range
2026-08-13 15:36:36.159 WARN   ItemAutorouteInfo.get_expansion_room: p_index out of range
2026-08-13 15:36:36.187 WARN   ItemAutorouteInfo.get_expansion_room: p_index out of range
2026-08-13 15:36:36.188 WARN   ItemAutorouteInfo.get_expansion_room: p_index out of range
2026-08-13 15:36:36.188 WARN   ItemAutorouteInfo.get_expansion_room: p_index out of range
2026-08-13 15:36:36.188 WARN   ItemAutorouteInfo.get_expansion_room: p_index out of range
2026-08-13 15:36:36.188 WARN   ItemAutorouteInfo.get_expansion_room: p_index out of range
2026-08-13 15:36:36.337 INFO   [0B550D\DCEEB2] Auto-router pass #402 on board '6c47ab908b05e9648dc416ca10fb784c' was completed in 0,78 seconds with the score of 977,19 (2 unrouted), using 416916,78 CPU seconds and 799980 MB memory.
2026-08-13 15:36:36.653 INFO   [0B550D\DCEEB2] Auto-router pass #403 on board 'dedfe5adb10d43fd31be075d3660d6ef' was completed in 0,28 seconds with the score of 977,19 (2 unrouted), using 416916,78 CPU seconds and 799980 MB memory.
2026-08-13 15:36:40.791 INFO   [0B550D\DCEEB2] Restoring an earlier board that has the score of 977,19 (2 unrouted).
2026-08-13 15:36:40.791 INFO   [0B550D\DCEEB2] Auto-router pass #404 on board '5eb92115ccd3d0cfa79c02d852c01e88' was completed in 4,11 seconds with the score of 972,69 (5 unrouted), using 420516,97 CPU seconds and 803420 MB memory.
2026-08-13 15:36:42.033 INFO   [0B550D\DCEEB2] Auto-router pass #405 on board 'dedfe5adb10d43fd31be075d3660d6ef' was completed in 1,23 seconds with the score of 977,18 (2 unrouted), using 422322,88 CPU seconds and 805163 MB memory.
2026-08-13 15:36:42.766 INFO   [0B550D\DCEEB2] Auto-router pass #406 on board 'a284e3a4e475763b98f502fadb1af84d' was completed in 0,71 seconds with the score of 977,18 (2 unrouted), using 422322,88 CPU seconds and 805163 MB memory.
2026-08-13 15:36:43.391 INFO   [0B550D\DCEEB2] Auto-router pass #407 on board '2535cf74eb24c81ca16beae1db495f0e' was completed in 0,60 seconds with the score of 974,38 (4 unrouted), using 423227,25 CPU seconds and 806178 MB memory.
2026-08-13 15:36:50.180 INFO   [0B550D\DCEEB2] Restoring an earlier board that has the score of 977,19 (2 unrouted).
2026-08-13 15:36:50.180 INFO   [0B550D\DCEEB2] Auto-router pass #408 on board '2f550c27d62b4856af4debb48d06bd90' was completed in 6,77 seconds with the score of 974,32 (4 unrouted), using 429585,19 CPU seconds and 812121 MB memory.
2026-08-13 15:36:51.387 INFO   [0B550D\DCEEB2] Auto-router pass #409 on board 'dedfe5adb10d43fd31be075d3660d6ef' was completed in 1,20 seconds with the score of 977,19 (2 unrouted), using 430497,38 CPU seconds and 813044 MB memory.
2026-08-13 15:36:51.806 INFO   [0B550D\DCEEB2] Auto-router pass #410 on board '38e1dd07222700a927fb53d5fea4f316' was completed in 0,40 seconds with the score of 977,20 (2 unrouted), using 431410,50 CPU seconds and 814053 MB memory.
2026-08-13 15:36:52.784 INFO   [0B550D\DCEEB2] Auto-router pass #411 on board 'df337ac6d7a653654b762d258623204a' was completed in 0,96 seconds with the score of 977,21 (2 unrouted), using 431410,50 CPU seconds and 814053 MB memory.
2026-08-13 15:36:57.292 INFO   [0B550D\DCEEB2] Restoring an earlier board that has the score of 977,21 (2 unrouted).
2026-08-13 15:36:57.292 INFO   [0B550D\DCEEB2] Auto-router pass #412 on board '517bf11e534339a5a703a9b90e967b32' was completed in 4,49 seconds with the score of 975,93 (3 unrouted), using 435990,66 CPU seconds and 818503 MB memory.
2026-08-13 15:36:59.456 INFO   [0B550D\DCEEB2] Auto-router pass #413 on board '517bf11e534339a5a703a9b90e967b32' was completed in 2,16 seconds with the score of 974,79 (4 unrouted), using 437829,50 CPU seconds and 820303 MB memory.
2026-08-13 15:37:01.943 INFO   [0B550D\DCEEB2] Auto-router pass #414 on board 'd31ee38ca0a08c1517c45fde3675a280' was completed in 2,46 seconds with the score of 970,52 (7 unrouted), using 440594,97 CPU seconds and 823045 MB memory.
2026-08-13 15:37:04.958 INFO   [0B550D\DCEEB2] Auto-router pass #415 on board '7db0494c5fd5e9052f4866775325ce48' was completed in 2,99 seconds with the score of 972,91 (5 unrouted), using 443369,28 CPU seconds and 825815 MB memory.
2026-08-13 15:37:14.904 INFO   [0B550D\DCEEB2] Restoring an earlier board that has the score of 977,21 (2 unrouted).
2026-08-13 15:37:14.904 INFO   [0B550D\DCEEB2] Auto-router pass #416 on board '4f88c194c143efacd816e347e42dcc18' was completed in 9,92 seconds with the score of 974,44 (4 unrouted), using 452680,19 CPU seconds and 834348 MB memory.
2026-08-13 15:37:17.484 INFO   [0B550D\DCEEB2] Auto-router pass #417 on board '517bf11e534339a5a703a9b90e967b32' was completed in 2,57 seconds with the score of 974,79 (4 unrouted), using 454554,03 CPU seconds and 835939 MB memory.
2026-08-13 15:37:19.503 INFO   [0B550D\DCEEB2] Auto-router pass #418 on board 'd31ee38ca0a08c1517c45fde3675a280' was completed in 2,00 seconds with the score of 974,42 (4 unrouted), using 456431,75 CPU seconds and 837421 MB memory.
2026-08-13 15:37:21.762 INFO   [0B550D\DCEEB2] Auto-router pass #419 on board '229af6b48223adc406734a0caec6dc1f' was completed in 2,24 seconds with the score of 972,99 (5 unrouted), using 458313,38 CPU seconds and 839243 MB memory.
2026-08-13 15:37:26.418 WARN   MazeShoveTraceAlgo.check_shove_trace_line: trace_corner_no to big
2026-08-13 15:37:26.418 WARN   MazeShoveTraceAlgo.check_shove_trace_line: trace_corner_no to big
2026-08-13 15:37:30.589 INFO   [0B550D\DCEEB2] Restoring an earlier board that has the score of 977,21 (2 unrouted).
2026-08-13 15:37:30.589 INFO   [0B550D\DCEEB2] Auto-router pass #420 on board 'b1d40580340a0c8a59b0de04ddc089e7' was completed in 8,80 seconds with the score of 972,51 (5 unrouted), using 466828,78 CPU seconds and 846587 MB memory.
2026-08-13 15:37:32.803 INFO   [0B550D\DCEEB2] Auto-router pass #421 on board '517bf11e534339a5a703a9b90e967b32' was completed in 2,20 seconds with the score of 975,85 (3 unrouted), using 468731,78 CPU seconds and 847938 MB memory.
2026-08-13 15:37:32.892 WARN   ItemAutorouteInfo.get_expansion_room: p_index out of range
2026-08-13 15:37:32.894 WARN   ItemAutorouteInfo.get_expansion_room: p_index out of range
2026-08-13 15:37:32.905 WARN   ItemAutorouteInfo.get_expansion_room: p_index out of range
2026-08-13 15:37:32.907 WARN   ItemAutorouteInfo.get_expansion_room: p_index out of range
2026-08-13 15:37:32.907 WARN   ItemAutorouteInfo.get_expansion_room: p_index out of range
2026-08-13 15:37:32.910 WARN   ItemAutorouteInfo.get_expansion_room: p_index out of range
2026-08-13 15:37:32.911 WARN   ItemAutorouteInfo.get_expansion_room: p_index out of range
2026-08-13 15:37:32.911 WARN   ItemAutorouteInfo.get_expansion_room: p_index out of range
2026-08-13 15:37:32.916 WARN   ItemAutorouteInfo.get_expansion_room: p_index out of range
2026-08-13 15:37:32.916 WARN   ItemAutorouteInfo.get_expansion_room: p_index out of range
2026-08-13 15:37:32.924 WARN   ItemAutorouteInfo.get_expansion_room: p_index out of range
2026-08-13 15:37:32.924 WARN   ItemAutorouteInfo.get_expansion_room: p_index out of range
2026-08-13 15:37:32.924 WARN   ItemAutorouteInfo.get_expansion_room: p_index out of range
2026-08-13 15:37:32.924 WARN   ItemAutorouteInfo.get_expansion_room: p_index out of range
2026-08-13 15:37:32.924 WARN   ItemAutorouteInfo.get_expansion_room: p_index out of range
2026-08-13 15:37:32.924 WARN   ItemAutorouteInfo.get_expansion_room: p_index out of range
2026-08-13 15:37:32.924 WARN   ItemAutorouteInfo.get_expansion_room: p_index out of range
2026-08-13 15:37:32.924 WARN   ItemAutorouteInfo.get_expansion_room: p_index out of range
2026-08-13 15:37:33.003 WARN   ItemAutorouteInfo.get_expansion_room: p_index out of range
2026-08-13 15:37:33.003 WARN   ItemAutorouteInfo.get_expansion_room: p_index out of range
2026-08-13 15:37:33.003 WARN   ItemAutorouteInfo.get_expansion_room: p_index out of range
2026-08-13 15:37:33.003 WARN   ItemAutorouteInfo.get_expansion_room: p_index out of range
2026-08-13 15:37:33.014 WARN   ItemAutorouteInfo.get_expansion_room: p_index out of range
2026-08-13 15:37:33.015 WARN   ItemAutorouteInfo.get_expansion_room: p_index out of range
2026-08-13 15:37:33.015 WARN   ItemAutorouteInfo.get_expansion_room: p_index out of range
2026-08-13 15:37:33.015 WARN   ItemAutorouteInfo.get_expansion_room: p_index out of range
2026-08-13 15:37:33.015 WARN   ItemAutorouteInfo.get_expansion_room: p_index out of range
2026-08-13 15:37:33.015 WARN   ItemAutorouteInfo.get_expansion_room: p_index out of range
2026-08-13 15:37:33.015 WARN   ItemAutorouteInfo.get_expansion_room: p_index out of range
2026-08-13 15:37:33.016 WARN   ItemAutorouteInfo.get_expansion_room: p_index out of range
2026-08-13 15:37:33.016 WARN   ItemAutorouteInfo.get_expansion_room: p_index out of range
2026-08-13 15:37:33.017 WARN   ItemAutorouteInfo.get_expansion_room: p_index out of range
2026-08-13 15:37:33.017 WARN   ItemAutorouteInfo.get_expansion_room: p_index out of range
2026-08-13 15:37:33.017 WARN   ItemAutorouteInfo.get_expansion_room: p_index out of range
2026-08-13 15:37:33.017 WARN   ItemAutorouteInfo.get_expansion_room: p_index out of range
2026-08-13 15:37:33.017 WARN   ItemAutorouteInfo.get_expansion_room: p_index out of range
2026-08-13 15:37:33.017 WARN   ItemAutorouteInfo.get_expansion_room: p_index out of range
2026-08-13 15:37:33.017 WARN   ItemAutorouteInfo.get_expansion_room: p_index out of range
2026-08-13 15:37:33.017 WARN   ItemAutorouteInfo.get_expansion_room: p_index out of range
2026-08-13 15:37:33.017 WARN   ItemAutorouteInfo.get_expansion_room: p_index out of range
2026-08-13 15:37:33.017 WARN   ItemAutorouteInfo.get_expansion_room: p_index out of range
2026-08-13 15:37:33.017 WARN   ItemAutorouteInfo.get_expansion_room: p_index out of range
2026-08-13 15:37:33.017 WARN   ItemAutorouteInfo.get_expansion_room: p_index out of range
2026-08-13 15:37:33.018 WARN   ItemAutorouteInfo.get_expansion_room: p_index out of range
2026-08-13 15:37:33.018 WARN   ItemAutorouteInfo.get_expansion_room: p_index out of range
2026-08-13 15:37:33.018 WARN   ItemAutorouteInfo.get_expansion_room: p_index out of range
2026-08-13 15:37:33.141 WARN   ItemAutorouteInfo.get_expansion_room: p_index out of range
2026-08-13 15:37:33.141 WARN   ItemAutorouteInfo.get_expansion_room: p_index out of range
2026-08-13 15:37:33.142 WARN   ItemAutorouteInfo.get_expansion_room: p_index out of range
2026-08-13 15:37:33.143 WARN   ItemAutorouteInfo.get_expansion_room: p_index out of range
2026-08-13 15:37:33.144 WARN   ItemAutorouteInfo.get_expansion_room: p_index out of range
2026-08-13 15:37:34.318 INFO   [0B550D\DCEEB2] Auto-router pass #422 on board '213d9a18df54e69409cca27cc849c18b' was completed in 1,49 seconds with the score of 975,66 (3 unrouted), using 470638,62 CPU seconds and 849573 MB memory.
2026-08-13 15:37:37.257 INFO   [0B550D\DCEEB2] Auto-router pass #423 on board '6f68394b642be7cc4e1b0de64df4a2c6' was completed in 2,92 seconds with the score of 972,95 (5 unrouted), using 473506,22 CPU seconds and 851947 MB memory.
2026-08-13 15:37:49.019 INFO   [0B550D\DCEEB2] Restoring an earlier board that has the score of 977,21 (2 unrouted).
2026-08-13 15:37:49.019 INFO   [0B550D\DCEEB2] Auto-router pass #424 on board '95482e9b5f249ccb72a23e9af06a8c74' was completed in 11,73 seconds with the score of 975,59 (3 unrouted), using 485064,50 CPU seconds and 861982 MB memory.
2026-08-13 15:37:50.634 INFO   [0B550D\DCEEB2] Auto-router pass #425 on board '517bf11e534339a5a703a9b90e967b32' was completed in 1,61 seconds with the score of 977,11 (2 unrouted), using 486034,03 CPU seconds and 862914 MB memory.
2026-08-13 15:37:51.136 INFO   [0B550D\DCEEB2] Auto-router pass #426 on board '163381f6f9b295d2867f153a6bf4a298' was completed in 0,48 seconds with the score of 976,86 (2 unrouted), using 487004,53 CPU seconds and 863811 MB memory.
2026-08-13 15:37:52.395 INFO   [0B550D\DCEEB2] Auto-router pass #427 on board 'afdee423c09c6fa6243a5dde5bdbb8b4' was completed in 1,24 seconds with the score of 971,14 (6 unrouted), using 487976,00 CPU seconds and 864791 MB memory.
2026-08-13 15:37:52.582 WARN   ItemAutorouteInfo.get_expansion_room: p_index out of range
2026-08-13 15:37:52.582 WARN   ItemAutorouteInfo.get_expansion_room: p_index out of range
2026-08-13 15:37:52.586 WARN   ItemAutorouteInfo.get_expansion_room: p_index out of range
2026-08-13 15:37:52.586 WARN   ItemAutorouteInfo.get_expansion_room: p_index out of range
2026-08-13 15:37:52.587 WARN   ItemAutorouteInfo.get_expansion_room: p_index out of range
2026-08-13 15:37:52.588 WARN   ItemAutorouteInfo.get_expansion_room: p_index out of range
2026-08-13 15:37:52.588 WARN   ItemAutorouteInfo.get_expansion_room: p_index out of range
2026-08-13 15:37:52.588 WARN   ItemAutorouteInfo.get_expansion_room: p_index out of range
2026-08-13 15:37:52.588 WARN   ItemAutorouteInfo.get_expansion_room: p_index out of range
2026-08-13 15:37:52.588 WARN   ItemAutorouteInfo.get_expansion_room: p_index out of range
2026-08-13 15:37:59.909 INFO   [0B550D\DCEEB2] Restoring an earlier board that has the score of 977,20 (2 unrouted).
2026-08-13 15:37:59.909 INFO   [0B550D\DCEEB2] Auto-router pass #428 on board '934ad01e028622fd0111b196fdd998c0' was completed in 7,49 seconds with the score of 972,18 (5 unrouted), using 495782,88 CPU seconds and 871945 MB memory.
2026-08-13 15:38:01.949 INFO   [0B550D\DCEEB2] Auto-router pass #429 on board 'df337ac6d7a653654b762d258623204a' was completed in 2,03 seconds with the score of 974,72 (4 unrouted), using 497744,28 CPU seconds and 873925 MB memory.
2026-08-13 15:38:04.099 INFO   [0B550D\DCEEB2] Auto-router pass #430 on board '8f04f0836466f33722762d0706b71f27' was completed in 2,13 seconds with the score of 974,58 (4 unrouted), using 499709,56 CPU seconds and 875780 MB memory.
2026-08-13 15:38:06.372 INFO   [0B550D\DCEEB2] Auto-router pass #431 on board 'ecfd43de1f1c22ecbe3484fcb242f3e6' was completed in 2,25 seconds with the score of 973,67 (4 unrouted), using 501678,75 CPU seconds and 877452 MB memory.
2026-08-13 15:38:13.873 INFO   [0B550D\DCEEB2] Restoring an earlier board that has the score of 977,20 (2 unrouted).
2026-08-13 15:38:13.874 INFO   [0B550D\DCEEB2] Auto-router pass #432 on board 'ff199653f2e9c236c614776754651001' was completed in 7,48 seconds with the score of 972,95 (5 unrouted), using 509594,62 CPU seconds and 884646 MB memory.
2026-08-13 15:38:15.138 INFO   [0B550D\DCEEB2] Auto-router pass #433 on board 'df337ac6d7a653654b762d258623204a' was completed in 1,26 seconds with the score of 977,11 (2 unrouted), using 510588,50 CPU seconds and 885482 MB memory.
2026-08-13 15:38:17.174 INFO   [0B550D\DCEEB2] Auto-router pass #434 on board '2ab4e068fd9d4357976ddaf5ed1288ed' was completed in 2,00 seconds with the score of 971,82 (6 unrouted), using 512579,09 CPU seconds and 887016 MB memory.
2026-08-13 15:38:17.664 WARN   PolylineTrace.get_trace_connection_shape p_index out of range
2026-08-13 15:38:17.664 ERROR  AutorouteEngine.autoroute_connection: Exception in maze_search_algo.find_connection
java.lang.NullPointerException: null
2026-08-13 15:38:17.664 ERROR  AutorouteEngine.autoroute_connection: Exception in maze_search_algo.find_connection
java.lang.NullPointerException: null
2026-08-13 15:38:22.982 INFO   [0B550D\DCEEB2] Auto-router pass #435 on board '61af321c0cbcfd21ab6e0e95642af257' was completed in 5,79 seconds with the score of 971,41 (6 unrouted), using 518574,38 CPU seconds and 892013 MB memory.
2026-08-13 15:38:36.476 INFO   [0B550D\DCEEB2] Restoring an earlier board that has the score of 977,20 (2 unrouted).
2026-08-13 15:38:36.476 INFO   [0B550D\DCEEB2] Auto-router pass #436 on board 'e7b809d1cf0a2031a8fb6d0d1e36a3fd' was completed in 13,47 seconds with the score of 969,43 (8 unrouted), using 531684,75 CPU seconds and 902914 MB memory.
2026-08-13 15:38:37.757 INFO   [0B550D\DCEEB2] Auto-router pass #437 on board 'df337ac6d7a653654b762d258623204a' was completed in 1,27 seconds with the score of 977,11 (2 unrouted), using 532700,06 CPU seconds and 903757 MB memory.
2026-08-13 15:38:39.393 INFO   [0B550D\DCEEB2] Auto-router pass #438 on board '2ab4e068fd9d4357976ddaf5ed1288ed' was completed in 1,63 seconds with the score of 971,82 (6 unrouted), using 534733,50 CPU seconds and 905501 MB memory.
2026-08-13 15:38:40.533 WARN   PolylineTrace.get_trace_connection_shape p_index out of range
2026-08-13 15:38:40.533 ERROR  AutorouteEngine.autoroute_connection: Exception in maze_search_algo.find_connection
java.lang.NullPointerException: null
2026-08-13 15:38:40.533 ERROR  AutorouteEngine.autoroute_connection: Exception in maze_search_algo.find_connection
java.lang.NullPointerException: null
2026-08-13 15:38:42.225 INFO   [0B550D\DCEEB2] Auto-router pass #439 on board '8f3e463a62ee6ba1ec07c41b5ef3ec6c' was completed in 2,81 seconds with the score of 974,92 (4 unrouted), using 537791,00 CPU seconds and 908137 MB memory.
2026-08-13 15:38:48.953 INFO   [0B550D\DCEEB2] Restoring an earlier board that has the score of 977,20 (2 unrouted).
2026-08-13 15:38:48.953 INFO   [0B550D\DCEEB2] Auto-router pass #440 on board 'e5c3bacf9243d1f82b00db74c849194d' was completed in 6,71 seconds with the score of 973,19 (5 unrouted), using 544959,19 CPU seconds and 914395 MB memory.
2026-08-13 15:38:50.770 INFO   [0B550D\DCEEB2] Auto-router pass #441 on board 'df337ac6d7a653654b762d258623204a' was completed in 1,81 seconds with the score of 977,21 (2 unrouted), using 545987,12 CPU seconds and 915307 MB memory.
2026-08-13 15:38:51.989 INFO   [0B550D\DCEEB2] Auto-router pass #442 on board '621f70ae68a7ac62064fd4f118391b6e' was completed in 1,19 seconds with the score of 974,79 (4 unrouted), using 548045,88 CPU seconds and 917135 MB memory.
2026-08-13 15:38:54.442 INFO   [0B550D\DCEEB2] Auto-router pass #443 on board 'ef29d8ba26c9791fae7a8e12deac9b3c' was completed in 2,42 seconds with the score of 974,24 (4 unrouted), using 550108,50 CPU seconds and 918855 MB memory.
2026-08-13 15:39:03.334 INFO   [0B550D\DCEEB2] Restoring an earlier board that has the score of 977,21 (2 unrouted).
2026-08-13 15:39:03.335 INFO   [0B550D\DCEEB2] Auto-router pass #444 on board 'f17e1cc81c41d7392d48a36520d187d5' was completed in 8,87 seconds with the score of 973,55 (4 unrouted), using 559438,69 CPU seconds and 926685 MB memory.
2026-08-13 15:39:05.214 INFO   [0B550D\DCEEB2] Auto-router pass #445 on board '621f70ae68a7ac62064fd4f118391b6e' was completed in 1,87 seconds with the score of 975,87 (3 unrouted), using 561522,75 CPU seconds and 928350 MB memory.
2026-08-13 15:39:06.699 INFO   [0B550D\DCEEB2] Auto-router pass #446 on board '7c0fbfdf8a56fe7961b54a3c24cad20f' was completed in 1,46 seconds with the score of 974,72 (4 unrouted), using 562566,19 CPU seconds and 929369 MB memory.
2026-08-13 15:39:08.708 INFO   [0B550D\DCEEB2] Auto-router pass #447 on board '85ae13423522542c906e60446b61dc87' was completed in 1,99 seconds with the score of 975,38 (3 unrouted), using 564656,00 CPU seconds and 931239 MB memory.
2026-08-13 15:39:15.082 INFO   [0B550D\DCEEB2] Restoring an earlier board that has the score of 977,21 (2 unrouted).
2026-08-13 15:39:15.082 INFO   [0B550D\DCEEB2] Auto-router pass #448 on board 'bf64f42e90a0fe8759d72a618fbe269b' was completed in 6,35 seconds with the score of 975,48 (3 unrouted), using 572001,06 CPU seconds and 937305 MB memory.
2026-08-13 15:39:16.603 INFO   [0B550D\DCEEB2] Auto-router pass #449 on board '621f70ae68a7ac62064fd4f118391b6e' was completed in 1,51 seconds with the score of 977,11 (2 unrouted), using 573054,25 CPU seconds and 938178 MB memory.
2026-08-13 15:39:17.813 INFO   [0B550D\DCEEB2] Auto-router pass #450 on board '0959f2ba3ce0cd01bddc03b4f10565e1' was completed in 1,19 seconds with the score of 971,78 (6 unrouted), using 574108,38 CPU seconds and 939056 MB memory.
2026-08-13 15:39:20.432 WARN   MazeShoveTraceAlgo.check_shove_trace_line: trace_corner_no to big
2026-08-13 15:39:20.432 WARN   MazeShoveTraceAlgo.check_shove_trace_line: trace_corner_no to big
2026-08-13 15:39:20.432 WARN   MazeShoveTraceAlgo.check_shove_trace_line: trace_corner_no to big
2026-08-13 15:39:20.432 WARN   MazeShoveTraceAlgo.check_shove_trace_line: trace_corner_no to big
2026-08-13 15:39:21.693 INFO   [0B550D\DCEEB2] Auto-router pass #451 on board '36cb3c544642b35b988ae5b29c6c89ed' was completed in 3,86 seconds with the score of 973,32 (5 unrouted), using 578334,50 CPU seconds and 942786 MB memory.
2026-08-13 15:39:33.794 INFO   [0B550D\DCEEB2] Restoring an earlier board that has the score of 977,21 (2 unrouted).
2026-08-13 15:39:33.795 INFO   [0B550D\DCEEB2] Auto-router pass #452 on board 'f58a51d2393677bf7560769f33716d32' was completed in 12,08 seconds with the score of 975,48 (3 unrouted), using 591101,88 CPU seconds and 950598 MB memory.
2026-08-13 15:39:35.729 INFO   [0B550D\DCEEB2] Auto-router pass #453 on board '621f70ae68a7ac62064fd4f118391b6e' was completed in 1,93 seconds with the score of 975,87 (3 unrouted), using 593242,56 CPU seconds and 952363 MB memory.
2026-08-13 15:39:37.512 INFO   [0B550D\DCEEB2] Auto-router pass #454 on board 'c6f000f3d9f4020321965c3b2de4cdb7' was completed in 1,76 seconds with the score of 975,75 (3 unrouted), using 595387,12 CPU seconds and 954044 MB memory.
2026-08-13 15:39:38.729 INFO   [0B550D\DCEEB2] Auto-router pass #455 on board '2dde41a3468400bb5eb0684a528bf7bb' was completed in 1,19 seconds with the score of 975,15 (3 unrouted), using 596460,88 CPU seconds and 954917 MB memory.
2026-08-13 15:39:48.108 INFO   [0B550D\DCEEB2] Restoring an earlier board that has the score of 977,21 (2 unrouted).
2026-08-13 15:39:48.108 INFO   [0B550D\DCEEB2] Auto-router pass #456 on board '7b87d1775cbecc1a3043cb5774d9e73b' was completed in 9,35 seconds with the score of 973,13 (5 unrouted), using 607252,06 CPU seconds and 962328 MB memory.
2026-08-13 15:39:50.314 INFO   [0B550D\DCEEB2] Auto-router pass #457 on board '621f70ae68a7ac62064fd4f118391b6e' was completed in 2,20 seconds with the score of 975,87 (3 unrouted), using 609422,00 CPU seconds and 963838 MB memory.
2026-08-13 15:39:51.956 INFO   [0B550D\DCEEB2] Auto-router pass #458 on board 'c6f000f3d9f4020321965c3b2de4cdb7' was completed in 1,63 seconds with the score of 974,72 (4 unrouted), using 611595,75 CPU seconds and 965556 MB memory.
2026-08-13 15:39:54.123 INFO   [0B550D\DCEEB2] Auto-router pass #459 on board '36d2326521bf2e4de4f20ccdb3257d45' was completed in 2,13 seconds with the score of 973,94 (4 unrouted), using 613773,44 CPU seconds and 967224 MB memory.
2026-08-13 15:40:03.236 INFO   [0B550D\DCEEB2] Restoring an earlier board that has the score of 977,19 (2 unrouted).
2026-08-13 15:40:03.236 INFO   [0B550D\DCEEB2] Auto-router pass #460 on board '289e224d783e4a98cdbb3434c4ccae64' was completed in 9,09 seconds with the score of 971,96 (5 unrouted), using 623621,44 CPU seconds and 974466 MB memory.
2026-08-13 15:40:04.565 INFO   [0B550D\DCEEB2] Auto-router pass #461 on board 'dedfe5adb10d43fd31be075d3660d6ef' was completed in 1,32 seconds with the score of 977,18 (2 unrouted), using 624720,56 CPU seconds and 975326 MB memory.
2026-08-13 15:40:05.287 INFO   [0B550D\DCEEB2] Auto-router pass #462 on board 'a284e3a4e475763b98f502fadb1af84d' was completed in 0,71 seconds with the score of 977,18 (2 unrouted), using 625820,62 CPU seconds and 976248 MB memory.
2026-08-13 15:40:06.166 INFO   [0B550D\DCEEB2] Auto-router pass #463 on board 'b27c4ca397638c6b384e137778f44770' was completed in 0,85 seconds with the score of 974,38 (4 unrouted), using 626921,62 CPU seconds and 977046 MB memory.
2026-08-13 15:40:14.246 INFO   [0B550D\DCEEB2] Restoring an earlier board that has the score of 977,19 (2 unrouted).
2026-08-13 15:40:14.246 INFO   [0B550D\DCEEB2] Auto-router pass #464 on board '9b83ee479b544e57c197bfd6731349f2' was completed in 8,05 seconds with the score of 975,64 (3 unrouted), using 635765,00 CPU seconds and 983721 MB memory.
2026-08-13 15:40:15.586 INFO   [0B550D\DCEEB2] Auto-router pass #465 on board 'dedfe5adb10d43fd31be075d3660d6ef' was completed in 1,33 seconds with the score of 977,19 (2 unrouted), using 636874,81 CPU seconds and 984622 MB memory.
2026-08-13 15:40:16.921 INFO   [0B550D\DCEEB2] Auto-router pass #466 on board '7ec091aa14bd45bf316d12376bec23a0' was completed in 1,31 seconds with the score of 974,54 (4 unrouted), using 639097,25 CPU seconds and 986438 MB memory.
2026-08-13 15:40:19.193 INFO   [0B550D\DCEEB2] Auto-router pass #467 on board 'ac3a62516f1bd0b2cc038e57d3513e33' was completed in 2,25 seconds with the score of 974,68 (4 unrouted), using 641323,62 CPU seconds and 988165 MB memory.
2026-08-13 15:40:28.400 INFO   [0B550D\DCEEB2] Restoring an earlier board that has the score of 977,19 (2 unrouted).
2026-08-13 15:40:28.400 INFO   [0B550D\DCEEB2] Auto-router pass #468 on board 'f58f0efe2333cdbe915a0d1247bf4a3c' was completed in 9,18 seconds with the score of 974,28 (4 unrouted), using 651390,69 CPU seconds and 995824 MB memory.
2026-08-13 15:40:30.434 INFO   [0B550D\DCEEB2] Auto-router pass #469 on board '7ec091aa14bd45bf316d12376bec23a0' was completed in 2,02 seconds with the score of 977,07 (2 unrouted), using 653638,50 CPU seconds and 997511 MB memory.
2026-08-13 15:40:30.811 INFO   [0B550D\DCEEB2] Auto-router pass #470 on board '0b7fef72c1d395a605c9068e451bcdda' was completed in 0,35 seconds with the score of 977,03 (2 unrouted), using 653638,50 CPU seconds and 997511 MB memory.
2026-08-13 15:40:31.928 INFO   [0B550D\DCEEB2] Auto-router pass #471 on board 'eda222d04d50cbe6efcac3bf6cc09ac5' was completed in 1,09 seconds with the score of 977,26 (2 unrouted), using 655890,19 CPU seconds and 999238 MB memory.
2026-08-13 15:40:35.554 INFO   [0B550D\DCEEB2] Restoring an earlier board that has the score of 977,26 (2 unrouted).
2026-08-13 15:40:35.554 INFO   [0B550D\DCEEB2] Auto-router pass #472 on board '9665fd8f85c2aa40ca090943cd22b0f2' was completed in 3,60 seconds with the score of 977,24 (2 unrouted), using 659275,06 CPU seconds and 1001371 MB memory.
2026-08-13 15:40:36.781 INFO   [0B550D\DCEEB2] Auto-router pass #473 on board '9665fd8f85c2aa40ca090943cd22b0f2' was completed in 1,22 seconds with the score of 977,23 (2 unrouted), using 660405,31 CPU seconds and 1002138 MB memory.
2026-08-13 15:40:37.875 INFO   [0B550D\DCEEB2] Auto-router pass #474 on board '36ae81e5e8cd246c6150757b257cc3fc' was completed in 1,07 seconds with the score of 972,92 (5 unrouted), using 661536,50 CPU seconds and 1003065 MB memory.
2026-08-13 15:40:40.578 INFO   [0B550D\DCEEB2] Auto-router pass #475 on board '14c50bfe8d1d1062a5690b8b710e400b' was completed in 2,68 seconds with the score of 975,55 (3 unrouted), using 664935,81 CPU seconds and 1005751 MB memory.
2026-08-13 15:40:45.297 INFO   [0B550D\DCEEB2] Restoring an earlier board that has the score of 977,26 (2 unrouted).
2026-08-13 15:40:45.297 INFO   [0B550D\DCEEB2] Auto-router pass #476 on board '90f27cefd0f76d1d9b27fd76113f8c65' was completed in 4,70 seconds with the score of 976,39 (2 unrouted), using 670620,75 CPU seconds and 1010143 MB memory.
2026-08-13 15:40:46.567 INFO   [0B550D\DCEEB2] Auto-router pass #477 on board '9665fd8f85c2aa40ca090943cd22b0f2' was completed in 1,26 seconds with the score of 977,25 (2 unrouted), using 671760,62 CPU seconds and 1010987 MB memory.
2026-08-13 15:40:47.075 INFO   [0B550D\DCEEB2] Auto-router pass #478 on board 'f03c8f3c86889683fe56a81206b90cb1' was completed in 0,48 seconds with the score of 977,26 (2 unrouted), using 672901,44 CPU seconds and 1011887 MB memory.
2026-08-13 15:40:47.274 INFO   [0B550D\DCEEB2] Auto-router pass #479 on board '7c3c24a34d744916e395f8db05abacef' was completed in 0,18 seconds with the score of 977,23 (2 unrouted), using 672901,44 CPU seconds and 1011887 MB memory.
2026-08-13 15:40:52.502 INFO   [0B550D\DCEEB2] Restoring an earlier board that has the score of 977,26 (2 unrouted).
2026-08-13 15:40:52.502 INFO   [0B550D\DCEEB2] Auto-router pass #480 on board '0cfa786762d7db0e062e88998bca5d9c' was completed in 5,21 seconds with the score of 977,14 (2 unrouted), using 678620,00 CPU seconds and 1016044 MB memory.
2026-08-13 15:40:53.952 INFO   [0B550D\DCEEB2] Auto-router pass #481 on board '9665fd8f85c2aa40ca090943cd22b0f2' was completed in 1,44 seconds with the score of 977,13 (2 unrouted), using 680914,19 CPU seconds and 1017606 MB memory.
2026-08-13 15:40:54.110 WARN   ItemAutorouteInfo.get_expansion_room: p_index out of range
2026-08-13 15:40:54.110 WARN   ItemAutorouteInfo.get_expansion_room: p_index out of range
2026-08-13 15:40:54.111 WARN   ItemAutorouteInfo.get_expansion_room: p_index out of range
2026-08-13 15:40:54.112 WARN   ItemAutorouteInfo.get_expansion_room: p_index out of range
2026-08-13 15:40:54.112 WARN   ItemAutorouteInfo.get_expansion_room: p_index out of range
2026-08-13 15:40:54.114 WARN   ItemAutorouteInfo.get_expansion_room: p_index out of range
2026-08-13 15:40:54.114 WARN   ItemAutorouteInfo.get_expansion_room: p_index out of range
2026-08-13 15:40:54.114 WARN   ItemAutorouteInfo.get_expansion_room: p_index out of range
2026-08-13 15:40:54.114 WARN   ItemAutorouteInfo.get_expansion_room: p_index out of range
2026-08-13 15:40:54.136 WARN   ItemAutorouteInfo.get_expansion_room: p_index out of range
2026-08-13 15:40:54.137 WARN   ItemAutorouteInfo.get_expansion_room: p_index out of range
2026-08-13 15:40:54.137 WARN   ItemAutorouteInfo.get_expansion_room: p_index out of range
2026-08-13 15:40:54.137 WARN   ItemAutorouteInfo.get_expansion_room: p_index out of range
2026-08-13 15:40:54.138 WARN   ItemAutorouteInfo.get_expansion_room: p_index out of range
2026-08-13 15:40:54.138 WARN   ItemAutorouteInfo.get_expansion_room: p_index out of range
2026-08-13 15:40:54.138 WARN   ItemAutorouteInfo.get_expansion_room: p_index out of range
2026-08-13 15:40:54.138 WARN   ItemAutorouteInfo.get_expansion_room: p_index out of range
2026-08-13 15:40:54.138 WARN   ItemAutorouteInfo.get_expansion_room: p_index out of range
2026-08-13 15:40:54.138 WARN   ItemAutorouteInfo.get_expansion_room: p_index out of range
2026-08-13 15:40:54.138 WARN   ItemAutorouteInfo.get_expansion_room: p_index out of range
2026-08-13 15:40:54.139 WARN   ItemAutorouteInfo.get_expansion_room: p_index out of range
2026-08-13 15:40:54.139 WARN   ItemAutorouteInfo.get_expansion_room: p_index out of range
2026-08-13 15:40:54.139 WARN   ItemAutorouteInfo.get_expansion_room: p_index out of range
2026-08-13 15:40:54.139 WARN   ItemAutorouteInfo.get_expansion_room: p_index out of range
2026-08-13 15:40:54.139 WARN   ItemAutorouteInfo.get_expansion_room: p_index out of range
2026-08-13 15:40:54.139 WARN   ItemAutorouteInfo.get_expansion_room: p_index out of range
2026-08-13 15:40:54.139 WARN   ItemAutorouteInfo.get_expansion_room: p_index out of range
2026-08-13 15:40:54.139 WARN   ItemAutorouteInfo.get_expansion_room: p_index out of range
2026-08-13 15:40:54.139 WARN   ItemAutorouteInfo.get_expansion_room: p_index out of range
2026-08-13 15:40:54.139 WARN   ItemAutorouteInfo.get_expansion_room: p_index out of range
2026-08-13 15:40:54.225 WARN   ItemAutorouteInfo.get_expansion_room: p_index out of range
2026-08-13 15:40:54.225 WARN   ItemAutorouteInfo.get_expansion_room: p_index out of range
2026-08-13 15:40:54.225 WARN   ItemAutorouteInfo.get_expansion_room: p_index out of range
2026-08-13 15:40:54.437 WARN   ItemAutorouteInfo.get_expansion_room: p_index out of range
2026-08-13 15:40:54.437 WARN   ItemAutorouteInfo.get_expansion_room: p_index out of range
2026-08-13 15:40:54.437 WARN   ItemAutorouteInfo.get_expansion_room: p_index out of range
2026-08-13 15:40:54.437 WARN   ItemAutorouteInfo.get_expansion_room: p_index out of range
2026-08-13 15:40:54.437 WARN   ItemAutorouteInfo.get_expansion_room: p_index out of range
2026-08-13 15:40:54.437 WARN   ItemAutorouteInfo.get_expansion_room: p_index out of range
2026-08-13 15:40:54.437 WARN   ItemAutorouteInfo.get_expansion_room: p_index out of range
2026-08-13 15:40:54.437 WARN   ItemAutorouteInfo.get_expansion_room: p_index out of range
2026-08-13 15:40:54.437 WARN   ItemAutorouteInfo.get_expansion_room: p_index out of range
2026-08-13 15:40:54.437 WARN   ItemAutorouteInfo.get_expansion_room: p_index out of range
2026-08-13 15:40:54.437 WARN   ItemAutorouteInfo.get_expansion_room: p_index out of range
2026-08-13 15:40:54.437 WARN   ItemAutorouteInfo.get_expansion_room: p_index out of range
2026-08-13 15:40:54.447 WARN   ItemAutorouteInfo.get_expansion_room: p_index out of range
2026-08-13 15:40:54.447 WARN   ItemAutorouteInfo.get_expansion_room: p_index out of range
2026-08-13 15:40:54.503 WARN   ItemAutorouteInfo.get_expansion_room: p_index out of range
2026-08-13 15:40:54.503 WARN   ItemAutorouteInfo.get_expansion_room: p_index out of range
2026-08-13 15:40:54.504 WARN   ItemAutorouteInfo.get_expansion_room: p_index out of range
2026-08-13 15:40:54.504 WARN   ItemAutorouteInfo.get_expansion_room: p_index out of range
2026-08-13 15:40:54.504 WARN   ItemAutorouteInfo.get_expansion_room: p_index out of range
2026-08-13 15:40:54.504 WARN   ItemAutorouteInfo.get_expansion_room: p_index out of range
2026-08-13 15:40:54.504 WARN   ItemAutorouteInfo.get_expansion_room: p_index out of range
2026-08-13 15:40:54.504 WARN   ItemAutorouteInfo.get_expansion_room: p_index out of range
2026-08-13 15:40:54.504 WARN   ItemAutorouteInfo.get_expansion_room: p_index out of range
2026-08-13 15:40:54.504 WARN   ItemAutorouteInfo.get_expansion_room: p_index out of range
2026-08-13 15:40:54.504 WARN   ItemAutorouteInfo.get_expansion_room: p_index out of range
2026-08-13 15:40:54.504 WARN   ItemAutorouteInfo.get_expansion_room: p_index out of range
2026-08-13 15:40:54.504 WARN   ItemAutorouteInfo.get_expansion_room: p_index out of range
2026-08-13 15:40:54.505 WARN   ItemAutorouteInfo.get_expansion_room: p_index out of range
2026-08-13 15:40:54.505 WARN   ItemAutorouteInfo.get_expansion_room: p_index out of range
2026-08-13 15:40:54.510 WARN   ItemAutorouteInfo.get_expansion_room: p_index out of range
2026-08-13 15:40:54.510 WARN   ItemAutorouteInfo.get_expansion_room: p_index out of range
2026-08-13 15:40:54.510 WARN   ItemAutorouteInfo.get_expansion_room: p_index out of range
2026-08-13 15:40:54.511 WARN   ItemAutorouteInfo.get_expansion_room: p_index out of range
2026-08-13 15:40:54.511 WARN   ItemAutorouteInfo.get_expansion_room: p_index out of range
2026-08-13 15:40:54.511 WARN   ItemAutorouteInfo.get_expansion_room: p_index out of range
2026-08-13 15:40:54.511 WARN   ItemAutorouteInfo.get_expansion_room: p_index out of range
2026-08-13 15:40:54.511 WARN   ItemAutorouteInfo.get_expansion_room: p_index out of range
2026-08-13 15:40:54.515 WARN   ItemAutorouteInfo.get_expansion_room: p_index out of range
2026-08-13 15:40:54.516 WARN   ItemAutorouteInfo.get_expansion_room: p_index out of range
2026-08-13 15:40:55.284 INFO   [0B550D\DCEEB2] Auto-router pass #482 on board '787de06bbe353a1fc6912e85763c279c' was completed in 1,31 seconds with the score of 972,88 (5 unrouted), using 682062,75 CPU seconds and 1018503 MB memory.
2026-08-13 15:40:58.571 INFO   [0B550D\DCEEB2] Auto-router pass #483 on board 'f361d2c280433bddb728ba0cf4f1f02b' was completed in 3,26 seconds with the score of 974,88 (3 unrouted), using 685514,12 CPU seconds and 1021035 MB memory.
2026-08-13 15:41:01.971 INFO   [0B550D\DCEEB2] Restoring an earlier board that has the score of 977,26 (2 unrouted).
2026-08-13 15:41:01.971 INFO   [0B550D\DCEEB2] Auto-router pass #484 on board '8d40331c7cf6cdeae2bf0a19ec1af17f' was completed in 3,38 seconds with the score of 977,63 (1 unrouted), using 690129,69 CPU seconds and 1024610 MB memory.
2026-08-13 15:41:03.181 INFO   [0B550D\DCEEB2] Auto-router pass #485 on board '9665fd8f85c2aa40ca090943cd22b0f2' was completed in 1,20 seconds with the score of 977,13 (2 unrouted), using 691286,00 CPU seconds and 1025466 MB memory.
2026-08-13 15:41:03.307 WARN   ItemAutorouteInfo.get_expansion_room: p_index out of range
2026-08-13 15:41:03.308 WARN   ItemAutorouteInfo.get_expansion_room: p_index out of range
2026-08-13 15:41:03.308 WARN   ItemAutorouteInfo.get_expansion_room: p_index out of range
2026-08-13 15:41:03.309 WARN   ItemAutorouteInfo.get_expansion_room: p_index out of range
2026-08-13 15:41:03.309 WARN   ItemAutorouteInfo.get_expansion_room: p_index out of range
2026-08-13 15:41:03.310 WARN   ItemAutorouteInfo.get_expansion_room: p_index out of range
2026-08-13 15:41:03.310 WARN   ItemAutorouteInfo.get_expansion_room: p_index out of range
2026-08-13 15:41:03.311 WARN   ItemAutorouteInfo.get_expansion_room: p_index out of range
2026-08-13 15:41:03.311 WARN   ItemAutorouteInfo.get_expansion_room: p_index out of range
2026-08-13 15:41:03.331 WARN   ItemAutorouteInfo.get_expansion_room: p_index out of range
2026-08-13 15:41:03.331 WARN   ItemAutorouteInfo.get_expansion_room: p_index out of range
2026-08-13 15:41:03.331 WARN   ItemAutorouteInfo.get_expansion_room: p_index out of range
2026-08-13 15:41:03.331 WARN   ItemAutorouteInfo.get_expansion_room: p_index out of range
2026-08-13 15:41:03.332 WARN   ItemAutorouteInfo.get_expansion_room: p_index out of range
2026-08-13 15:41:03.332 WARN   ItemAutorouteInfo.get_expansion_room: p_index out of range
2026-08-13 15:41:03.332 WARN   ItemAutorouteInfo.get_expansion_room: p_index out of range
2026-08-13 15:41:03.332 WARN   ItemAutorouteInfo.get_expansion_room: p_index out of range
2026-08-13 15:41:03.332 WARN   ItemAutorouteInfo.get_expansion_room: p_index out of range
2026-08-13 15:41:03.332 WARN   ItemAutorouteInfo.get_expansion_room: p_index out of range
2026-08-13 15:41:03.332 WARN   ItemAutorouteInfo.get_expansion_room: p_index out of range
2026-08-13 15:41:03.333 WARN   ItemAutorouteInfo.get_expansion_room: p_index out of range
2026-08-13 15:41:03.333 WARN   ItemAutorouteInfo.get_expansion_room: p_index out of range
2026-08-13 15:41:03.333 WARN   ItemAutorouteInfo.get_expansion_room: p_index out of range
2026-08-13 15:41:03.333 WARN   ItemAutorouteInfo.get_expansion_room: p_index out of range
2026-08-13 15:41:03.333 WARN   ItemAutorouteInfo.get_expansion_room: p_index out of range
2026-08-13 15:41:03.333 WARN   ItemAutorouteInfo.get_expansion_room: p_index out of range
2026-08-13 15:41:03.333 WARN   ItemAutorouteInfo.get_expansion_room: p_index out of range
2026-08-13 15:41:03.333 WARN   ItemAutorouteInfo.get_expansion_room: p_index out of range
2026-08-13 15:41:03.333 WARN   ItemAutorouteInfo.get_expansion_room: p_index out of range
2026-08-13 15:41:03.333 WARN   ItemAutorouteInfo.get_expansion_room: p_index out of range
2026-08-13 15:41:03.407 WARN   ItemAutorouteInfo.get_expansion_room: p_index out of range
2026-08-13 15:41:03.407 WARN   ItemAutorouteInfo.get_expansion_room: p_index out of range
2026-08-13 15:41:03.408 WARN   ItemAutorouteInfo.get_expansion_room: p_index out of range
2026-08-13 15:41:03.592 WARN   ItemAutorouteInfo.get_expansion_room: p_index out of range
2026-08-13 15:41:03.592 WARN   ItemAutorouteInfo.get_expansion_room: p_index out of range
2026-08-13 15:41:03.592 WARN   ItemAutorouteInfo.get_expansion_room: p_index out of range
2026-08-13 15:41:03.592 WARN   ItemAutorouteInfo.get_expansion_room: p_index out of range
2026-08-13 15:41:03.592 WARN   ItemAutorouteInfo.get_expansion_room: p_index out of range
2026-08-13 15:41:03.592 WARN   ItemAutorouteInfo.get_expansion_room: p_index out of range
2026-08-13 15:41:03.592 WARN   ItemAutorouteInfo.get_expansion_room: p_index out of range
2026-08-13 15:41:03.592 WARN   ItemAutorouteInfo.get_expansion_room: p_index out of range
2026-08-13 15:41:03.592 WARN   ItemAutorouteInfo.get_expansion_room: p_index out of range
2026-08-13 15:41:03.592 WARN   ItemAutorouteInfo.get_expansion_room: p_index out of range
2026-08-13 15:41:03.592 WARN   ItemAutorouteInfo.get_expansion_room: p_index out of range
2026-08-13 15:41:03.592 WARN   ItemAutorouteInfo.get_expansion_room: p_index out of range
2026-08-13 15:41:03.600 WARN   ItemAutorouteInfo.get_expansion_room: p_index out of range
2026-08-13 15:41:03.600 WARN   ItemAutorouteInfo.get_expansion_room: p_index out of range
2026-08-13 15:41:03.649 WARN   ItemAutorouteInfo.get_expansion_room: p_index out of range
2026-08-13 15:41:03.649 WARN   ItemAutorouteInfo.get_expansion_room: p_index out of range
2026-08-13 15:41:03.649 WARN   ItemAutorouteInfo.get_expansion_room: p_index out of range
2026-08-13 15:41:03.649 WARN   ItemAutorouteInfo.get_expansion_room: p_index out of range
2026-08-13 15:41:03.649 WARN   ItemAutorouteInfo.get_expansion_room: p_index out of range
2026-08-13 15:41:03.649 WARN   ItemAutorouteInfo.get_expansion_room: p_index out of range
2026-08-13 15:41:03.649 WARN   ItemAutorouteInfo.get_expansion_room: p_index out of range
2026-08-13 15:41:03.649 WARN   ItemAutorouteInfo.get_expansion_room: p_index out of range
2026-08-13 15:41:03.649 WARN   ItemAutorouteInfo.get_expansion_room: p_index out of range
2026-08-13 15:41:03.649 WARN   ItemAutorouteInfo.get_expansion_room: p_index out of range
2026-08-13 15:41:03.649 WARN   ItemAutorouteInfo.get_expansion_room: p_index out of range
2026-08-13 15:41:03.649 WARN   ItemAutorouteInfo.get_expansion_room: p_index out of range
2026-08-13 15:41:03.650 WARN   ItemAutorouteInfo.get_expansion_room: p_index out of range
2026-08-13 15:41:03.650 WARN   ItemAutorouteInfo.get_expansion_room: p_index out of range
2026-08-13 15:41:03.650 WARN   ItemAutorouteInfo.get_expansion_room: p_index out of range
2026-08-13 15:41:03.655 WARN   ItemAutorouteInfo.get_expansion_room: p_index out of range
2026-08-13 15:41:03.655 WARN   ItemAutorouteInfo.get_expansion_room: p_index out of range
2026-08-13 15:41:03.655 WARN   ItemAutorouteInfo.get_expansion_room: p_index out of range
2026-08-13 15:41:03.655 WARN   ItemAutorouteInfo.get_expansion_room: p_index out of range
2026-08-13 15:41:03.656 WARN   ItemAutorouteInfo.get_expansion_room: p_index out of range
2026-08-13 15:41:03.656 WARN   ItemAutorouteInfo.get_expansion_room: p_index out of range
2026-08-13 15:41:03.656 WARN   ItemAutorouteInfo.get_expansion_room: p_index out of range
2026-08-13 15:41:03.656 WARN   ItemAutorouteInfo.get_expansion_room: p_index out of range
2026-08-13 15:41:03.659 WARN   ItemAutorouteInfo.get_expansion_room: p_index out of range
2026-08-13 15:41:03.660 WARN   ItemAutorouteInfo.get_expansion_room: p_index out of range
2026-08-13 15:41:04.396 INFO   [0B550D\DCEEB2] Auto-router pass #486 on board '787de06bbe353a1fc6912e85763c279c' was completed in 1,21 seconds with the score of 972,88 (5 unrouted), using 692443,25 CPU seconds and 1026507 MB memory.
2026-08-13 15:41:06.822 INFO   [0B550D\DCEEB2] Auto-router pass #487 on board '815ea19c731546f5643dfec9d719c865' was completed in 2,39 seconds with the score of 974,06 (4 unrouted), using 694760,69 CPU seconds and 1028283 MB memory.
2026-08-13 15:41:10.978 INFO   [0B550D\DCEEB2] Restoring an earlier board that has the score of 977,26 (2 unrouted).
2026-08-13 15:41:10.978 INFO   [0B550D\DCEEB2] Auto-router pass #488 on board '6815d2f01256b66d9d02dbe98d4035dc' was completed in 4,13 seconds with the score of 977,80 (1 unrouted), using 700571,31 CPU seconds and 1032662 MB memory.
2026-08-13 15:41:12.965 INFO   [0B550D\DCEEB2] Auto-router pass #489 on board '7c3c24a34d744916e395f8db05abacef' was completed in 1,97 seconds with the score of 976,05 (3 unrouted), using 702902,31 CPU seconds and 1034153 MB memory.
2026-08-13 15:41:15.020 INFO   [0B550D\DCEEB2] Auto-router pass #490 on board 'cb164f3b9b879aec28205215b6402002' was completed in 2,02 seconds with the score of 974,67 (4 unrouted), using 705237,19 CPU seconds and 1035534 MB memory.
2026-08-13 15:41:19.561 INFO   [0B550D\DCEEB2] Auto-router pass #491 on board '6293fa998c53ec064118636441823f3c' was completed in 4,51 seconds with the score of 971,55 (6 unrouted), using 709918,69 CPU seconds and 1038325 MB memory.
2026-08-13 15:41:29.272 INFO   [0B550D\DCEEB2] Restoring an earlier board that has the score of 977,26 (2 unrouted).
2026-08-13 15:41:29.272 INFO   [0B550D\DCEEB2] Auto-router pass #492 on board 'a6081b3af66d19a03527eb9818de0ddf' was completed in 9,68 seconds with the score of 975,46 (3 unrouted), using 721690,81 CPU seconds and 1046610 MB memory.
2026-08-13 15:41:30.434 INFO   [0B550D\DCEEB2] Auto-router pass #493 on board '7c3c24a34d744916e395f8db05abacef' was completed in 1,15 seconds with the score of 977,12 (2 unrouted), using 722873,44 CPU seconds and 1047490 MB memory.
2026-08-13 15:41:30.533 WARN   ItemAutorouteInfo.get_expansion_room: p_index out of range
2026-08-13 15:41:30.533 WARN   ItemAutorouteInfo.get_expansion_room: p_index out of range
2026-08-13 15:41:30.533 WARN   ItemAutorouteInfo.get_expansion_room: p_index out of range
2026-08-13 15:41:30.534 WARN   ItemAutorouteInfo.get_expansion_room: p_index out of range
2026-08-13 15:41:30.534 WARN   ItemAutorouteInfo.get_expansion_room: p_index out of range
2026-08-13 15:41:30.535 WARN   ItemAutorouteInfo.get_expansion_room: p_index out of range
2026-08-13 15:41:30.536 WARN   ItemAutorouteInfo.get_expansion_room: p_index out of range
2026-08-13 15:41:30.553 WARN   ItemAutorouteInfo.get_expansion_room: p_index out of range
2026-08-13 15:41:30.553 WARN   ItemAutorouteInfo.get_expansion_room: p_index out of range
2026-08-13 15:41:30.553 WARN   ItemAutorouteInfo.get_expansion_room: p_index out of range
2026-08-13 15:41:30.554 WARN   ItemAutorouteInfo.get_expansion_room: p_index out of range
2026-08-13 15:41:30.564 WARN   ItemAutorouteInfo.get_expansion_room: p_index out of range
2026-08-13 15:41:30.565 WARN   ItemAutorouteInfo.get_expansion_room: p_index out of range
2026-08-13 15:41:30.565 WARN   ItemAutorouteInfo.get_expansion_room: p_index out of range
2026-08-13 15:41:30.565 WARN   ItemAutorouteInfo.get_expansion_room: p_index out of range
2026-08-13 15:41:30.565 WARN   ItemAutorouteInfo.get_expansion_room: p_index out of range
2026-08-13 15:41:30.565 WARN   ItemAutorouteInfo.get_expansion_room: p_index out of range
2026-08-13 15:41:30.566 WARN   ItemAutorouteInfo.get_expansion_room: p_index out of range
2026-08-13 15:41:30.566 WARN   ItemAutorouteInfo.get_expansion_room: p_index out of range
2026-08-13 15:41:30.566 WARN   ItemAutorouteInfo.get_expansion_room: p_index out of range
2026-08-13 15:41:30.566 WARN   ItemAutorouteInfo.get_expansion_room: p_index out of range
2026-08-13 15:41:31.759 INFO   [0B550D\DCEEB2] Auto-router pass #494 on board 'db01293ed5d7217362b1860e9ee4f995' was completed in 1,30 seconds with the score of 971,39 (6 unrouted), using 724057,00 CPU seconds and 1048487 MB memory.
2026-08-13 15:41:34.675 INFO   [0B550D\DCEEB2] Auto-router pass #495 on board '65b8f2bb458f39228d9a846c2bb154a8' was completed in 2,90 seconds with the score of 967,75 (8 unrouted), using 727613,50 CPU seconds and 1051188 MB memory.
2026-08-13 15:41:49.371 INFO   [0B550D\DCEEB2] Restoring an earlier board that has the score of 977,26 (2 unrouted).
2026-08-13 15:41:49.372 INFO   [0B550D\DCEEB2] Auto-router pass #496 on board 'def91b2661b6faa809861fc357a0bd2c' was completed in 14,67 seconds with the score of 963,26 (11 unrouted), using 745527,69 CPU seconds and 1063978 MB memory.
2026-08-13 15:41:51.416 INFO   [0B550D\DCEEB2] Auto-router pass #497 on board '7c3c24a34d744916e395f8db05abacef' was completed in 2,04 seconds with the score of 976,13 (3 unrouted), using 747932,81 CPU seconds and 1065762 MB memory.
2026-08-13 15:41:52.607 INFO   [0B550D\DCEEB2] Auto-router pass #498 on board '4f05feeb74bb8a0452d153bd5277e1c3' was completed in 1,17 seconds with the score of 974,89 (4 unrouted), using 749136,81 CPU seconds and 1066642 MB memory.
2026-08-13 15:41:53.508 INFO   [0B550D\DCEEB2] Auto-router pass #499 on board 'f390dfe5f2ddf2602d917e9393ff40ae' was completed in 0,88 seconds with the score of 975,83 (3 unrouted), using 750341,81 CPU seconds and 1067587 MB memory.
2026-08-13 15:41:59.873 INFO   [0B550D\DCEEB2] Restoring an earlier board that has the score of 977,26 (2 unrouted).
2026-08-13 15:41:59.873 INFO   [0B550D\DCEEB2] Auto-router pass #500 on board '5cfa53bbd90e55e8414829a0c2edc545' was completed in 6,34 seconds with the score of 974,80 (4 unrouted), using 757592,25 CPU seconds and 1072659 MB memory.
2026-08-13 15:42:01.081 INFO   [0B550D\DCEEB2] Auto-router pass #501 on board '7c3c24a34d744916e395f8db05abacef' was completed in 1,20 seconds with the score of 977,12 (2 unrouted), using 760016,81 CPU seconds and 1074387 MB memory.
2026-08-13 15:42:01.213 WARN   ItemAutorouteInfo.get_expansion_room: p_index out of range
2026-08-13 15:42:01.214 WARN   ItemAutorouteInfo.get_expansion_room: p_index out of range
2026-08-13 15:42:01.214 WARN   ItemAutorouteInfo.get_expansion_room: p_index out of range
2026-08-13 15:42:01.214 WARN   ItemAutorouteInfo.get_expansion_room: p_index out of range
2026-08-13 15:42:01.214 WARN   ItemAutorouteInfo.get_expansion_room: p_index out of range
2026-08-13 15:42:01.216 WARN   ItemAutorouteInfo.get_expansion_room: p_index out of range
2026-08-13 15:42:01.216 WARN   ItemAutorouteInfo.get_expansion_room: p_index out of range
2026-08-13 15:42:01.234 WARN   ItemAutorouteInfo.get_expansion_room: p_index out of range
2026-08-13 15:42:01.234 WARN   ItemAutorouteInfo.get_expansion_room: p_index out of range
2026-08-13 15:42:01.234 WARN   ItemAutorouteInfo.get_expansion_room: p_index out of range
2026-08-13 15:42:01.234 WARN   ItemAutorouteInfo.get_expansion_room: p_index out of range
2026-08-13 15:42:01.246 WARN   ItemAutorouteInfo.get_expansion_room: p_index out of range
2026-08-13 15:42:01.246 WARN   ItemAutorouteInfo.get_expansion_room: p_index out of range
2026-08-13 15:42:01.246 WARN   ItemAutorouteInfo.get_expansion_room: p_index out of range
2026-08-13 15:42:01.246 WARN   ItemAutorouteInfo.get_expansion_room: p_index out of range
2026-08-13 15:42:01.246 WARN   ItemAutorouteInfo.get_expansion_room: p_index out of range
2026-08-13 15:42:01.247 WARN   ItemAutorouteInfo.get_expansion_room: p_index out of range
2026-08-13 15:42:01.247 WARN   ItemAutorouteInfo.get_expansion_room: p_index out of range
2026-08-13 15:42:01.247 WARN   ItemAutorouteInfo.get_expansion_room: p_index out of range
2026-08-13 15:42:01.247 WARN   ItemAutorouteInfo.get_expansion_room: p_index out of range
2026-08-13 15:42:01.247 WARN   ItemAutorouteInfo.get_expansion_room: p_index out of range
2026-08-13 15:42:02.754 INFO   [0B550D\DCEEB2] Auto-router pass #502 on board 'db01293ed5d7217362b1860e9ee4f995' was completed in 1,66 seconds with the score of 971,39 (6 unrouted), using 761230,56 CPU seconds and 1075289 MB memory.
2026-08-13 15:42:05.954 INFO   [0B550D\DCEEB2] Auto-router pass #503 on board '1b13c06977f62e9283e070f59842fc4b' was completed in 3,16 seconds with the score of 963,03 (11 unrouted), using 766095,12 CPU seconds and 1078448 MB memory.
2026-08-13 15:42:19.639 INFO   [0B550D\DCEEB2] Restoring an earlier board that has the score of 977,25 (2 unrouted).
2026-08-13 15:42:19.639 INFO   [0B550D\DCEEB2] Auto-router pass #504 on board 'f44b3731a3bfcb74db6d122358f07d0f' was completed in 13,66 seconds with the score of 967,73 (8 unrouted), using 782012,81 CPU seconds and 1089094 MB memory.
2026-08-13 15:42:22.172 INFO   [0B550D\DCEEB2] Auto-router pass #505 on board 'f03c8f3c86889683fe56a81206b90cb1' was completed in 2,52 seconds with the score of 976,06 (3 unrouted), using 785709,56 CPU seconds and 1091603 MB memory.
2026-08-13 15:42:22.216 WARN   ItemAutorouteInfo.get_expansion_room: p_index out of range
2026-08-13 15:42:22.216 WARN   ItemAutorouteInfo.get_expansion_room: p_index out of range
2026-08-13 15:42:22.216 WARN   ItemAutorouteInfo.get_expansion_room: p_index out of range
2026-08-13 15:42:22.220 WARN   ItemAutorouteInfo.get_expansion_room: p_index out of range
2026-08-13 15:42:22.220 WARN   ItemAutorouteInfo.get_expansion_room: p_index out of range
2026-08-13 15:42:22.220 WARN   ItemAutorouteInfo.get_expansion_room: p_index out of range
2026-08-13 15:42:22.220 WARN   ItemAutorouteInfo.get_expansion_room: p_index out of range
2026-08-13 15:42:22.220 WARN   ItemAutorouteInfo.get_expansion_room: p_index out of range
2026-08-13 15:42:22.220 WARN   ItemAutorouteInfo.get_expansion_room: p_index out of range
2026-08-13 15:42:22.220 WARN   ItemAutorouteInfo.get_expansion_room: p_index out of range
2026-08-13 15:42:22.220 WARN   ItemAutorouteInfo.get_expansion_room: p_index out of range
2026-08-13 15:42:22.220 WARN   ItemAutorouteInfo.get_expansion_room: p_index out of range
2026-08-13 15:42:22.220 WARN   ItemAutorouteInfo.get_expansion_room: p_index out of range
2026-08-13 15:42:22.220 WARN   ItemAutorouteInfo.get_expansion_room: p_index out of range
2026-08-13 15:42:22.220 WARN   ItemAutorouteInfo.get_expansion_room: p_index out of range
2026-08-13 15:42:22.220 WARN   ItemAutorouteInfo.get_expansion_room: p_index out of range
2026-08-13 15:42:22.220 WARN   ItemAutorouteInfo.get_expansion_room: p_index out of range
2026-08-13 15:42:22.220 WARN   ItemAutorouteInfo.get_expansion_room: p_index out of range
2026-08-13 15:42:22.221 WARN   ItemAutorouteInfo.get_expansion_room: p_index out of range
2026-08-13 15:42:22.221 WARN   ItemAutorouteInfo.get_expansion_room: p_index out of range
2026-08-13 15:42:22.221 WARN   ItemAutorouteInfo.get_expansion_room: p_index out of range
2026-08-13 15:42:22.221 WARN   ItemAutorouteInfo.get_expansion_room: p_index out of range
2026-08-13 15:42:22.221 WARN   ItemAutorouteInfo.get_expansion_room: p_index out of range
2026-08-13 15:42:22.221 WARN   ItemAutorouteInfo.get_expansion_room: p_index out of range
2026-08-13 15:42:22.221 WARN   ItemAutorouteInfo.get_expansion_room: p_index out of range
2026-08-13 15:42:22.221 WARN   ItemAutorouteInfo.get_expansion_room: p_index out of range
2026-08-13 15:42:22.221 WARN   ItemAutorouteInfo.get_expansion_room: p_index out of range
2026-08-13 15:42:22.222 WARN   ItemAutorouteInfo.get_expansion_room: p_index out of range
2026-08-13 15:42:22.223 WARN   ItemAutorouteInfo.get_expansion_room: p_index out of range
2026-08-13 15:42:22.223 WARN   ItemAutorouteInfo.get_expansion_room: p_index out of range
2026-08-13 15:42:22.228 WARN   ItemAutorouteInfo.get_expansion_room: p_index out of range
2026-08-13 15:42:22.236 WARN   ItemAutorouteInfo.get_expansion_room: p_index out of range
2026-08-13 15:42:22.236 WARN   ItemAutorouteInfo.get_expansion_room: p_index out of range
2026-08-13 15:42:22.236 WARN   ItemAutorouteInfo.get_expansion_room: p_index out of range
2026-08-13 15:42:22.236 WARN   ItemAutorouteInfo.get_expansion_room: p_index out of range
2026-08-13 15:42:22.240 WARN   ItemAutorouteInfo.get_expansion_room: p_index out of range
2026-08-13 15:42:22.240 WARN   ItemAutorouteInfo.get_expansion_room: p_index out of range
2026-08-13 15:42:22.240 WARN   ItemAutorouteInfo.get_expansion_room: p_index out of range
2026-08-13 15:42:22.242 WARN   ItemAutorouteInfo.get_expansion_room: p_index out of range
2026-08-13 15:42:22.242 WARN   ItemAutorouteInfo.get_expansion_room: p_index out of range
2026-08-13 15:42:22.388 WARN   ItemAutorouteInfo.get_expansion_room: p_index out of range
2026-08-13 15:42:22.452 WARN   ItemAutorouteInfo.get_expansion_room: p_index out of range
2026-08-13 15:42:22.452 WARN   ItemAutorouteInfo.get_expansion_room: p_index out of range
2026-08-13 15:42:22.452 WARN   ItemAutorouteInfo.get_expansion_room: p_index out of range
2026-08-13 15:42:22.462 WARN   ItemAutorouteInfo.get_expansion_room: p_index out of range
2026-08-13 15:42:22.465 WARN   ItemAutorouteInfo.get_expansion_room: p_index out of range
2026-08-13 15:42:22.465 WARN   ItemAutorouteInfo.get_expansion_room: p_index out of range
2026-08-13 15:42:22.466 WARN   ItemAutorouteInfo.get_expansion_room: p_index out of range
2026-08-13 15:42:22.466 WARN   ItemAutorouteInfo.get_expansion_room: p_index out of range
2026-08-13 15:42:22.466 WARN   ItemAutorouteInfo.get_expansion_room: p_index out of range
2026-08-13 15:42:22.466 WARN   ItemAutorouteInfo.get_expansion_room: p_index out of range
2026-08-13 15:42:22.466 WARN   ItemAutorouteInfo.get_expansion_room: p_index out of range
2026-08-13 15:42:22.466 WARN   ItemAutorouteInfo.get_expansion_room: p_index out of range
2026-08-13 15:42:22.466 WARN   ItemAutorouteInfo.get_expansion_room: p_index out of range
2026-08-13 15:42:22.466 WARN   ItemAutorouteInfo.get_expansion_room: p_index out of range
2026-08-13 15:42:22.466 WARN   ItemAutorouteInfo.get_expansion_room: p_index out of range
2026-08-13 15:42:22.466 WARN   ItemAutorouteInfo.get_expansion_room: p_index out of range
2026-08-13 15:42:22.466 WARN   ItemAutorouteInfo.get_expansion_room: p_index out of range
2026-08-13 15:42:22.478 WARN   ItemAutorouteInfo.get_expansion_room: p_index out of range
2026-08-13 15:42:22.493 WARN   ItemAutorouteInfo.get_expansion_room: p_index out of range
2026-08-13 15:42:22.494 WARN   ItemAutorouteInfo.get_expansion_room: p_index out of range
2026-08-13 15:42:22.495 WARN   ItemAutorouteInfo.get_expansion_room: p_index out of range
2026-08-13 15:42:22.495 WARN   ItemAutorouteInfo.get_expansion_room: p_index out of range
2026-08-13 15:42:22.500 WARN   ItemAutorouteInfo.get_expansion_room: p_index out of range
2026-08-13 15:42:22.500 WARN   ItemAutorouteInfo.get_expansion_room: p_index out of range
2026-08-13 15:42:22.500 WARN   ItemAutorouteInfo.get_expansion_room: p_index out of range
2026-08-13 15:42:22.500 WARN   ItemAutorouteInfo.get_expansion_room: p_index out of range
2026-08-13 15:42:22.500 WARN   ItemAutorouteInfo.get_expansion_room: p_index out of range
2026-08-13 15:42:22.501 WARN   ItemAutorouteInfo.get_expansion_room: p_index out of range
2026-08-13 15:42:22.501 WARN   ItemAutorouteInfo.get_expansion_room: p_index out of range
2026-08-13 15:42:22.501 WARN   ItemAutorouteInfo.get_expansion_room: p_index out of range
2026-08-13 15:42:22.501 WARN   ItemAutorouteInfo.get_expansion_room: p_index out of range
2026-08-13 15:42:22.510 WARN   ItemAutorouteInfo.get_expansion_room: p_index out of range
2026-08-13 15:42:22.518 WARN   ItemAutorouteInfo.get_expansion_room: p_index out of range
2026-08-13 15:42:22.518 WARN   ItemAutorouteInfo.get_expansion_room: p_index out of range
2026-08-13 15:42:22.518 WARN   ItemAutorouteInfo.get_expansion_room: p_index out of range
2026-08-13 15:42:22.518 WARN   ItemAutorouteInfo.get_expansion_room: p_index out of range
2026-08-13 15:42:22.518 WARN   ItemAutorouteInfo.get_expansion_room: p_index out of range
2026-08-13 15:42:22.518 WARN   ItemAutorouteInfo.get_expansion_room: p_index out of range
2026-08-13 15:42:22.519 WARN   ItemAutorouteInfo.get_expansion_room: p_index out of range
2026-08-13 15:42:22.519 WARN   ItemAutorouteInfo.get_expansion_room: p_index out of range
2026-08-13 15:42:22.519 WARN   ItemAutorouteInfo.get_expansion_room: p_index out of range
2026-08-13 15:42:22.519 WARN   ItemAutorouteInfo.get_expansion_room: p_index out of range
2026-08-13 15:42:22.519 WARN   ItemAutorouteInfo.get_expansion_room: p_index out of range
2026-08-13 15:42:22.519 WARN   ItemAutorouteInfo.get_expansion_room: p_index out of range
2026-08-13 15:42:22.519 WARN   ItemAutorouteInfo.get_expansion_room: p_index out of range
2026-08-13 15:42:22.519 WARN   ItemAutorouteInfo.get_expansion_room: p_index out of range
2026-08-13 15:42:22.519 WARN   ItemAutorouteInfo.get_expansion_room: p_index out of range
2026-08-13 15:42:22.519 WARN   ItemAutorouteInfo.get_expansion_room: p_index out of range
2026-08-13 15:42:22.519 WARN   ItemAutorouteInfo.get_expansion_room: p_index out of range
2026-08-13 15:42:22.519 WARN   ItemAutorouteInfo.get_expansion_room: p_index out of range
2026-08-13 15:42:22.519 WARN   ItemAutorouteInfo.get_expansion_room: p_index out of range
2026-08-13 15:42:22.519 WARN   ItemAutorouteInfo.get_expansion_room: p_index out of range
2026-08-13 15:42:22.519 WARN   ItemAutorouteInfo.get_expansion_room: p_index out of range
2026-08-13 15:42:22.520 WARN   ItemAutorouteInfo.get_expansion_room: p_index out of range
2026-08-13 15:42:22.520 WARN   ItemAutorouteInfo.get_expansion_room: p_index out of range
2026-08-13 15:42:22.520 WARN   ItemAutorouteInfo.get_expansion_room: p_index out of range
2026-08-13 15:42:22.521 WARN   ItemAutorouteInfo.get_expansion_room: p_index out of range
2026-08-13 15:42:22.521 WARN   ItemAutorouteInfo.get_expansion_room: p_index out of range
2026-08-13 15:42:22.521 WARN   ItemAutorouteInfo.get_expansion_room: p_index out of range
2026-08-13 15:42:22.521 WARN   ItemAutorouteInfo.get_expansion_room: p_index out of range
2026-08-13 15:42:22.526 WARN   ItemAutorouteInfo.get_expansion_room: p_index out of range
2026-08-13 15:42:22.528 WARN   ItemAutorouteInfo.get_expansion_room: p_index out of range
2026-08-13 15:42:22.532 WARN   ItemAutorouteInfo.get_expansion_room: p_index out of range
2026-08-13 15:42:22.532 WARN   ItemAutorouteInfo.get_expansion_room: p_index out of range
2026-08-13 15:42:22.532 WARN   ItemAutorouteInfo.get_expansion_room: p_index out of range
2026-08-13 15:42:22.533 WARN   ItemAutorouteInfo.get_expansion_room: p_index out of range
2026-08-13 15:42:22.534 WARN   ItemAutorouteInfo.get_expansion_room: p_index out of range
2026-08-13 15:42:22.535 WARN   ItemAutorouteInfo.get_expansion_room: p_index out of range
2026-08-13 15:42:22.535 WARN   ItemAutorouteInfo.get_expansion_room: p_index out of range
2026-08-13 15:42:22.540 WARN   ItemAutorouteInfo.get_expansion_room: p_index out of range
2026-08-13 15:42:22.540 WARN   ItemAutorouteInfo.get_expansion_room: p_index out of range
2026-08-13 15:42:22.540 WARN   ItemAutorouteInfo.get_expansion_room: p_index out of range
2026-08-13 15:42:22.540 WARN   ItemAutorouteInfo.get_expansion_room: p_index out of range
2026-08-13 15:42:22.546 WARN   ItemAutorouteInfo.get_expansion_room: p_index out of range
2026-08-13 15:42:22.546 WARN   ItemAutorouteInfo.get_expansion_room: p_index out of range
2026-08-13 15:42:22.546 WARN   ItemAutorouteInfo.get_expansion_room: p_index out of range
2026-08-13 15:42:22.548 WARN   ItemAutorouteInfo.get_expansion_room: p_index out of range
2026-08-13 15:42:22.559 WARN   ItemAutorouteInfo.get_expansion_room: p_index out of range
2026-08-13 15:42:22.559 WARN   ItemAutorouteInfo.get_expansion_room: p_index out of range
2026-08-13 15:42:22.559 WARN   ItemAutorouteInfo.get_expansion_room: p_index out of range
2026-08-13 15:42:22.559 WARN   ItemAutorouteInfo.get_expansion_room: p_index out of range
2026-08-13 15:42:22.559 WARN   ItemAutorouteInfo.get_expansion_room: p_index out of range
2026-08-13 15:42:22.560 WARN   ItemAutorouteInfo.get_expansion_room: p_index out of range
2026-08-13 15:42:22.560 WARN   ItemAutorouteInfo.get_expansion_room: p_index out of range
2026-08-13 15:42:22.560 WARN   ItemAutorouteInfo.get_expansion_room: p_index out of range
2026-08-13 15:42:22.560 WARN   ItemAutorouteInfo.get_expansion_room: p_index out of range
2026-08-13 15:42:22.560 WARN   ItemAutorouteInfo.get_expansion_room: p_index out of range
2026-08-13 15:42:22.560 WARN   ItemAutorouteInfo.get_expansion_room: p_index out of range
2026-08-13 15:42:22.565 WARN   ItemAutorouteInfo.get_expansion_room: p_index out of range
2026-08-13 15:42:22.565 WARN   ItemAutorouteInfo.get_expansion_room: p_index out of range
2026-08-13 15:42:22.565 WARN   ItemAutorouteInfo.get_expansion_room: p_index out of range
2026-08-13 15:42:22.565 WARN   ItemAutorouteInfo.get_expansion_room: p_index out of range
2026-08-13 15:42:22.565 WARN   ItemAutorouteInfo.get_expansion_room: p_index out of range
2026-08-13 15:42:22.565 WARN   ItemAutorouteInfo.get_expansion_room: p_index out of range
2026-08-13 15:42:22.567 WARN   ItemAutorouteInfo.get_expansion_room: p_index out of range
2026-08-13 15:42:22.575 WARN   ItemAutorouteInfo.get_expansion_room: p_index out of range
2026-08-13 15:42:22.575 WARN   ItemAutorouteInfo.get_expansion_room: p_index out of range
2026-08-13 15:42:22.575 WARN   ItemAutorouteInfo.get_expansion_room: p_index out of range
2026-08-13 15:42:22.575 WARN   ItemAutorouteInfo.get_expansion_room: p_index out of range
2026-08-13 15:42:22.575 WARN   ItemAutorouteInfo.get_expansion_room: p_index out of range
2026-08-13 15:42:22.575 WARN   ItemAutorouteInfo.get_expansion_room: p_index out of range
2026-08-13 15:42:22.575 WARN   ItemAutorouteInfo.get_expansion_room: p_index out of range
2026-08-13 15:42:22.576 WARN   ItemAutorouteInfo.get_expansion_room: p_index out of range
2026-08-13 15:42:22.576 WARN   ItemAutorouteInfo.get_expansion_room: p_index out of range
2026-08-13 15:42:22.576 WARN   ItemAutorouteInfo.get_expansion_room: p_index out of range
2026-08-13 15:42:22.576 WARN   ItemAutorouteInfo.get_expansion_room: p_index out of range
2026-08-13 15:42:22.590 WARN   ItemAutorouteInfo.get_expansion_room: p_index out of range
2026-08-13 15:42:22.599 WARN   ItemAutorouteInfo.get_expansion_room: p_index out of range
2026-08-13 15:42:22.616 WARN   ItemAutorouteInfo.get_expansion_room: p_index out of range
2026-08-13 15:42:22.617 WARN   ItemAutorouteInfo.get_expansion_room: p_index out of range
2026-08-13 15:42:22.617 WARN   ItemAutorouteInfo.get_expansion_room: p_index out of range
2026-08-13 15:42:22.672 WARN   ItemAutorouteInfo.get_expansion_room: p_index out of range
2026-08-13 15:42:22.672 WARN   ItemAutorouteInfo.get_expansion_room: p_index out of range
2026-08-13 15:42:22.683 WARN   ItemAutorouteInfo.get_expansion_room: p_index out of range
2026-08-13 15:42:22.683 WARN   ItemAutorouteInfo.get_expansion_room: p_index out of range
2026-08-13 15:42:22.684 WARN   ItemAutorouteInfo.get_expansion_room: p_index out of range
2026-08-13 15:42:22.684 WARN   ItemAutorouteInfo.get_expansion_room: p_index out of range
2026-08-13 15:42:22.684 WARN   ItemAutorouteInfo.get_expansion_room: p_index out of range
2026-08-13 15:42:22.685 WARN   ItemAutorouteInfo.get_expansion_room: p_index out of range
2026-08-13 15:42:22.685 WARN   ItemAutorouteInfo.get_expansion_room: p_index out of range
2026-08-13 15:42:22.686 WARN   ItemAutorouteInfo.get_expansion_room: p_index out of range
2026-08-13 15:42:22.687 WARN   ItemAutorouteInfo.get_expansion_room: p_index out of range
2026-08-13 15:42:22.687 WARN   ItemAutorouteInfo.get_expansion_room: p_index out of range
2026-08-13 15:42:22.688 WARN   ItemAutorouteInfo.get_expansion_room: p_index out of range
2026-08-13 15:42:22.688 WARN   ItemAutorouteInfo.get_expansion_room: p_index out of range
2026-08-13 15:42:22.688 WARN   ItemAutorouteInfo.get_expansion_room: p_index out of range
2026-08-13 15:42:24.453 INFO   [0B550D\DCEEB2] Auto-router pass #506 on board '7543d5bf9e8911ae166f29527b9410c6' was completed in 2,26 seconds with the score of 974,19 (4 unrouted), using 788178,94 CPU seconds and 1093413 MB memory.
2026-08-13 15:42:26.388 INFO   [0B550D\DCEEB2] Auto-router pass #507 on board '7370b612db8e85e7a4c72471932edb7a' was completed in 1,91 seconds with the score of 971,83 (6 unrouted), using 790652,19 CPU seconds and 1095239 MB memory.
2026-08-13 15:42:38.149 INFO   [0B550D\DCEEB2] Restoring an earlier board that has the score of 977,25 (2 unrouted).
2026-08-13 15:42:38.149 INFO   [0B550D\DCEEB2] Auto-router pass #508 on board '332ffd173f6ff4a006c818eb35c4eeba' was completed in 11,74 seconds with the score of 969,60 (7 unrouted), using 805573,75 CPU seconds and 1105436 MB memory.
2026-08-13 15:42:40.404 INFO   [0B550D\DCEEB2] Auto-router pass #509 on board 'f03c8f3c86889683fe56a81206b90cb1' was completed in 2,25 seconds with the score of 974,71 (4 unrouted), using 808074,44 CPU seconds and 1107281 MB memory.
2026-08-13 15:42:42.243 INFO   [0B550D\DCEEB2] Auto-router pass #510 on board 'b62c1ef80b9d5f7b5df2d2923b6fcc3b' was completed in 1,82 seconds with the score of 977,13 (2 unrouted), using 810578,94 CPU seconds and 1109024 MB memory.
2026-08-13 15:42:43.347 INFO   [0B550D\DCEEB2] Auto-router pass #511 on board 'd00bd6d490a51bcb50f5a5f710b216bc' was completed in 1,08 seconds with the score of 975,61 (3 unrouted), using 811832,62 CPU seconds and 1109904 MB memory.
2026-08-13 15:42:50.168 INFO   [0B550D\DCEEB2] Restoring an earlier board that has the score of 977,25 (2 unrouted).
2026-08-13 15:42:50.168 INFO   [0B550D\DCEEB2] Auto-router pass #512 on board 'ad0ae2a0f9ee79a80fee195e9a7540b4' was completed in 6,80 seconds with the score of 977,02 (2 unrouted), using 820636,00 CPU seconds and 1115932 MB memory.
2026-08-13 15:42:52.624 INFO   [0B550D\DCEEB2] Auto-router pass #513 on board 'f03c8f3c86889683fe56a81206b90cb1' was completed in 2,45 seconds with the score of 976,06 (3 unrouted), using 823160,00 CPU seconds and 1117685 MB memory.
2026-08-13 15:42:52.679 WARN   ItemAutorouteInfo.get_expansion_room: p_index out of range
2026-08-13 15:42:52.679 WARN   ItemAutorouteInfo.get_expansion_room: p_index out of range
2026-08-13 15:42:52.679 WARN   ItemAutorouteInfo.get_expansion_room: p_index out of range
2026-08-13 15:42:52.683 WARN   ItemAutorouteInfo.get_expansion_room: p_index out of range
2026-08-13 15:42:52.684 WARN   ItemAutorouteInfo.get_expansion_room: p_index out of range
2026-08-13 15:42:52.684 WARN   ItemAutorouteInfo.get_expansion_room: p_index out of range
2026-08-13 15:42:52.684 WARN   ItemAutorouteInfo.get_expansion_room: p_index out of range
2026-08-13 15:42:52.684 WARN   ItemAutorouteInfo.get_expansion_room: p_index out of range
2026-08-13 15:42:52.684 WARN   ItemAutorouteInfo.get_expansion_room: p_index out of range
2026-08-13 15:42:52.684 WARN   ItemAutorouteInfo.get_expansion_room: p_index out of range
2026-08-13 15:42:52.684 WARN   ItemAutorouteInfo.get_expansion_room: p_index out of range
2026-08-13 15:42:52.684 WARN   ItemAutorouteInfo.get_expansion_room: p_index out of range
2026-08-13 15:42:52.684 WARN   ItemAutorouteInfo.get_expansion_room: p_index out of range
2026-08-13 15:42:52.684 WARN   ItemAutorouteInfo.get_expansion_room: p_index out of range
2026-08-13 15:42:52.684 WARN   ItemAutorouteInfo.get_expansion_room: p_index out of range
2026-08-13 15:42:52.684 WARN   ItemAutorouteInfo.get_expansion_room: p_index out of range
2026-08-13 15:42:52.684 WARN   ItemAutorouteInfo.get_expansion_room: p_index out of range
2026-08-13 15:42:52.684 WARN   ItemAutorouteInfo.get_expansion_room: p_index out of range
2026-08-13 15:42:52.684 WARN   ItemAutorouteInfo.get_expansion_room: p_index out of range
2026-08-13 15:42:52.684 WARN   ItemAutorouteInfo.get_expansion_room: p_index out of range
2026-08-13 15:42:52.684 WARN   ItemAutorouteInfo.get_expansion_room: p_index out of range
2026-08-13 15:42:52.684 WARN   ItemAutorouteInfo.get_expansion_room: p_index out of range
2026-08-13 15:42:52.684 WARN   ItemAutorouteInfo.get_expansion_room: p_index out of range
2026-08-13 15:42:52.684 WARN   ItemAutorouteInfo.get_expansion_room: p_index out of range
2026-08-13 15:42:52.684 WARN   ItemAutorouteInfo.get_expansion_room: p_index out of range
2026-08-13 15:42:52.684 WARN   ItemAutorouteInfo.get_expansion_room: p_index out of range
2026-08-13 15:42:52.684 WARN   ItemAutorouteInfo.get_expansion_room: p_index out of range
2026-08-13 15:42:52.686 WARN   ItemAutorouteInfo.get_expansion_room: p_index out of range
2026-08-13 15:42:52.687 WARN   ItemAutorouteInfo.get_expansion_room: p_index out of range
2026-08-13 15:42:52.687 WARN   ItemAutorouteInfo.get_expansion_room: p_index out of range
2026-08-13 15:42:52.692 WARN   ItemAutorouteInfo.get_expansion_room: p_index out of range
2026-08-13 15:42:52.706 WARN   ItemAutorouteInfo.get_expansion_room: p_index out of range
2026-08-13 15:42:52.706 WARN   ItemAutorouteInfo.get_expansion_room: p_index out of range
2026-08-13 15:42:52.706 WARN   ItemAutorouteInfo.get_expansion_room: p_index out of range
2026-08-13 15:42:52.706 WARN   ItemAutorouteInfo.get_expansion_room: p_index out of range
2026-08-13 15:42:52.710 WARN   ItemAutorouteInfo.get_expansion_room: p_index out of range
2026-08-13 15:42:52.711 WARN   ItemAutorouteInfo.get_expansion_room: p_index out of range
2026-08-13 15:42:52.711 WARN   ItemAutorouteInfo.get_expansion_room: p_index out of range
2026-08-13 15:42:52.713 WARN   ItemAutorouteInfo.get_expansion_room: p_index out of range
2026-08-13 15:42:52.713 WARN   ItemAutorouteInfo.get_expansion_room: p_index out of range
2026-08-13 15:42:52.841 WARN   ItemAutorouteInfo.get_expansion_room: p_index out of range
2026-08-13 15:42:52.896 WARN   ItemAutorouteInfo.get_expansion_room: p_index out of range
2026-08-13 15:42:52.896 WARN   ItemAutorouteInfo.get_expansion_room: p_index out of range
2026-08-13 15:42:52.896 WARN   ItemAutorouteInfo.get_expansion_room: p_index out of range
2026-08-13 15:42:52.913 WARN   ItemAutorouteInfo.get_expansion_room: p_index out of range
2026-08-13 15:42:52.916 WARN   ItemAutorouteInfo.get_expansion_room: p_index out of range
2026-08-13 15:42:52.916 WARN   ItemAutorouteInfo.get_expansion_room: p_index out of range
2026-08-13 15:42:52.916 WARN   ItemAutorouteInfo.get_expansion_room: p_index out of range
2026-08-13 15:42:52.916 WARN   ItemAutorouteInfo.get_expansion_room: p_index out of range
2026-08-13 15:42:52.916 WARN   ItemAutorouteInfo.get_expansion_room: p_index out of range
2026-08-13 15:42:52.916 WARN   ItemAutorouteInfo.get_expansion_room: p_index out of range
2026-08-13 15:42:52.917 WARN   ItemAutorouteInfo.get_expansion_room: p_index out of range
2026-08-13 15:42:52.917 WARN   ItemAutorouteInfo.get_expansion_room: p_index out of range
2026-08-13 15:42:52.917 WARN   ItemAutorouteInfo.get_expansion_room: p_index out of range
2026-08-13 15:42:52.917 WARN   ItemAutorouteInfo.get_expansion_room: p_index out of range
2026-08-13 15:42:52.917 WARN   ItemAutorouteInfo.get_expansion_room: p_index out of range
2026-08-13 15:42:52.917 WARN   ItemAutorouteInfo.get_expansion_room: p_index out of range
2026-08-13 15:42:52.917 WARN   ItemAutorouteInfo.get_expansion_room: p_index out of range
2026-08-13 15:42:52.927 WARN   ItemAutorouteInfo.get_expansion_room: p_index out of range
2026-08-13 15:42:52.940 WARN   ItemAutorouteInfo.get_expansion_room: p_index out of range
2026-08-13 15:42:52.941 WARN   ItemAutorouteInfo.get_expansion_room: p_index out of range
2026-08-13 15:42:52.941 WARN   ItemAutorouteInfo.get_expansion_room: p_index out of range
2026-08-13 15:42:52.941 WARN   ItemAutorouteInfo.get_expansion_room: p_index out of range
2026-08-13 15:42:52.946 WARN   ItemAutorouteInfo.get_expansion_room: p_index out of range
2026-08-13 15:42:52.946 WARN   ItemAutorouteInfo.get_expansion_room: p_index out of range
2026-08-13 15:42:52.946 WARN   ItemAutorouteInfo.get_expansion_room: p_index out of range
2026-08-13 15:42:52.946 WARN   ItemAutorouteInfo.get_expansion_room: p_index out of range
2026-08-13 15:42:52.946 WARN   ItemAutorouteInfo.get_expansion_room: p_index out of range
2026-08-13 15:42:52.946 WARN   ItemAutorouteInfo.get_expansion_room: p_index out of range
2026-08-13 15:42:52.946 WARN   ItemAutorouteInfo.get_expansion_room: p_index out of range
2026-08-13 15:42:52.946 WARN   ItemAutorouteInfo.get_expansion_room: p_index out of range
2026-08-13 15:42:52.946 WARN   ItemAutorouteInfo.get_expansion_room: p_index out of range
2026-08-13 15:42:52.952 WARN   ItemAutorouteInfo.get_expansion_room: p_index out of range
2026-08-13 15:42:52.958 WARN   ItemAutorouteInfo.get_expansion_room: p_index out of range
2026-08-13 15:42:52.958 WARN   ItemAutorouteInfo.get_expansion_room: p_index out of range
2026-08-13 15:42:52.958 WARN   ItemAutorouteInfo.get_expansion_room: p_index out of range
2026-08-13 15:42:52.958 WARN   ItemAutorouteInfo.get_expansion_room: p_index out of range
2026-08-13 15:42:52.958 WARN   ItemAutorouteInfo.get_expansion_room: p_index out of range
2026-08-13 15:42:52.958 WARN   ItemAutorouteInfo.get_expansion_room: p_index out of range
2026-08-13 15:42:52.958 WARN   ItemAutorouteInfo.get_expansion_room: p_index out of range
2026-08-13 15:42:52.958 WARN   ItemAutorouteInfo.get_expansion_room: p_index out of range
2026-08-13 15:42:52.958 WARN   ItemAutorouteInfo.get_expansion_room: p_index out of range
2026-08-13 15:42:52.958 WARN   ItemAutorouteInfo.get_expansion_room: p_index out of range
2026-08-13 15:42:52.958 WARN   ItemAutorouteInfo.get_expansion_room: p_index out of range
2026-08-13 15:42:52.958 WARN   ItemAutorouteInfo.get_expansion_room: p_index out of range
2026-08-13 15:42:52.958 WARN   ItemAutorouteInfo.get_expansion_room: p_index out of range
2026-08-13 15:42:52.958 WARN   ItemAutorouteInfo.get_expansion_room: p_index out of range
2026-08-13 15:42:52.958 WARN   ItemAutorouteInfo.get_expansion_room: p_index out of range
2026-08-13 15:42:52.958 WARN   ItemAutorouteInfo.get_expansion_room: p_index out of range
2026-08-13 15:42:52.958 WARN   ItemAutorouteInfo.get_expansion_room: p_index out of range
2026-08-13 15:42:52.958 WARN   ItemAutorouteInfo.get_expansion_room: p_index out of range
2026-08-13 15:42:52.958 WARN   ItemAutorouteInfo.get_expansion_room: p_index out of range
2026-08-13 15:42:52.958 WARN   ItemAutorouteInfo.get_expansion_room: p_index out of range
2026-08-13 15:42:52.959 WARN   ItemAutorouteInfo.get_expansion_room: p_index out of range
2026-08-13 15:42:52.959 WARN   ItemAutorouteInfo.get_expansion_room: p_index out of range
2026-08-13 15:42:52.959 WARN   ItemAutorouteInfo.get_expansion_room: p_index out of range
2026-08-13 15:42:52.959 WARN   ItemAutorouteInfo.get_expansion_room: p_index out of range
2026-08-13 15:42:52.959 WARN   ItemAutorouteInfo.get_expansion_room: p_index out of range
2026-08-13 15:42:52.959 WARN   ItemAutorouteInfo.get_expansion_room: p_index out of range
2026-08-13 15:42:52.960 WARN   ItemAutorouteInfo.get_expansion_room: p_index out of range
2026-08-13 15:42:52.960 WARN   ItemAutorouteInfo.get_expansion_room: p_index out of range
2026-08-13 15:42:52.964 WARN   ItemAutorouteInfo.get_expansion_room: p_index out of range
2026-08-13 15:42:52.965 WARN   ItemAutorouteInfo.get_expansion_room: p_index out of range
2026-08-13 15:42:52.969 WARN   ItemAutorouteInfo.get_expansion_room: p_index out of range
2026-08-13 15:42:52.969 WARN   ItemAutorouteInfo.get_expansion_room: p_index out of range
2026-08-13 15:42:52.970 WARN   ItemAutorouteInfo.get_expansion_room: p_index out of range
2026-08-13 15:42:52.970 WARN   ItemAutorouteInfo.get_expansion_room: p_index out of range
2026-08-13 15:42:52.971 WARN   ItemAutorouteInfo.get_expansion_room: p_index out of range
2026-08-13 15:42:52.972 WARN   ItemAutorouteInfo.get_expansion_room: p_index out of range
2026-08-13 15:42:52.972 WARN   ItemAutorouteInfo.get_expansion_room: p_index out of range
2026-08-13 15:42:52.977 WARN   ItemAutorouteInfo.get_expansion_room: p_index out of range
2026-08-13 15:42:52.977 WARN   ItemAutorouteInfo.get_expansion_room: p_index out of range
2026-08-13 15:42:52.977 WARN   ItemAutorouteInfo.get_expansion_room: p_index out of range
2026-08-13 15:42:52.977 WARN   ItemAutorouteInfo.get_expansion_room: p_index out of range
2026-08-13 15:42:52.981 WARN   ItemAutorouteInfo.get_expansion_room: p_index out of range
2026-08-13 15:42:52.981 WARN   ItemAutorouteInfo.get_expansion_room: p_index out of range
2026-08-13 15:42:52.981 WARN   ItemAutorouteInfo.get_expansion_room: p_index out of range
2026-08-13 15:42:52.983 WARN   ItemAutorouteInfo.get_expansion_room: p_index out of range
2026-08-13 15:42:52.990 WARN   ItemAutorouteInfo.get_expansion_room: p_index out of range
2026-08-13 15:42:52.990 WARN   ItemAutorouteInfo.get_expansion_room: p_index out of range
2026-08-13 15:42:52.990 WARN   ItemAutorouteInfo.get_expansion_room: p_index out of range
2026-08-13 15:42:52.990 WARN   ItemAutorouteInfo.get_expansion_room: p_index out of range
2026-08-13 15:42:52.990 WARN   ItemAutorouteInfo.get_expansion_room: p_index out of range
2026-08-13 15:42:52.991 WARN   ItemAutorouteInfo.get_expansion_room: p_index out of range
2026-08-13 15:42:52.991 WARN   ItemAutorouteInfo.get_expansion_room: p_index out of range
2026-08-13 15:42:52.991 WARN   ItemAutorouteInfo.get_expansion_room: p_index out of range
2026-08-13 15:42:52.991 WARN   ItemAutorouteInfo.get_expansion_room: p_index out of range
2026-08-13 15:42:52.991 WARN   ItemAutorouteInfo.get_expansion_room: p_index out of range
2026-08-13 15:42:52.991 WARN   ItemAutorouteInfo.get_expansion_room: p_index out of range
2026-08-13 15:42:52.995 WARN   ItemAutorouteInfo.get_expansion_room: p_index out of range
2026-08-13 15:42:52.995 WARN   ItemAutorouteInfo.get_expansion_room: p_index out of range
2026-08-13 15:42:52.995 WARN   ItemAutorouteInfo.get_expansion_room: p_index out of range
2026-08-13 15:42:52.995 WARN   ItemAutorouteInfo.get_expansion_room: p_index out of range
2026-08-13 15:42:52.995 WARN   ItemAutorouteInfo.get_expansion_room: p_index out of range
2026-08-13 15:42:52.995 WARN   ItemAutorouteInfo.get_expansion_room: p_index out of range
2026-08-13 15:42:52.997 WARN   ItemAutorouteInfo.get_expansion_room: p_index out of range
2026-08-13 15:42:53.004 WARN   ItemAutorouteInfo.get_expansion_room: p_index out of range
2026-08-13 15:42:53.004 WARN   ItemAutorouteInfo.get_expansion_room: p_index out of range
2026-08-13 15:42:53.004 WARN   ItemAutorouteInfo.get_expansion_room: p_index out of range
2026-08-13 15:42:53.004 WARN   ItemAutorouteInfo.get_expansion_room: p_index out of range
2026-08-13 15:42:53.004 WARN   ItemAutorouteInfo.get_expansion_room: p_index out of range
2026-08-13 15:42:53.004 WARN   ItemAutorouteInfo.get_expansion_room: p_index out of range
2026-08-13 15:42:53.004 WARN   ItemAutorouteInfo.get_expansion_room: p_index out of range
2026-08-13 15:42:53.004 WARN   ItemAutorouteInfo.get_expansion_room: p_index out of range
2026-08-13 15:42:53.004 WARN   ItemAutorouteInfo.get_expansion_room: p_index out of range
2026-08-13 15:42:53.004 WARN   ItemAutorouteInfo.get_expansion_room: p_index out of range
2026-08-13 15:42:53.004 WARN   ItemAutorouteInfo.get_expansion_room: p_index out of range
2026-08-13 15:42:53.012 WARN   ItemAutorouteInfo.get_expansion_room: p_index out of range
2026-08-13 15:42:53.019 WARN   ItemAutorouteInfo.get_expansion_room: p_index out of range
2026-08-13 15:42:53.034 WARN   ItemAutorouteInfo.get_expansion_room: p_index out of range
2026-08-13 15:42:53.034 WARN   ItemAutorouteInfo.get_expansion_room: p_index out of range
2026-08-13 15:42:53.034 WARN   ItemAutorouteInfo.get_expansion_room: p_index out of range
2026-08-13 15:42:53.078 WARN   ItemAutorouteInfo.get_expansion_room: p_index out of range
2026-08-13 15:42:53.078 WARN   ItemAutorouteInfo.get_expansion_room: p_index out of range
2026-08-13 15:42:53.087 WARN   ItemAutorouteInfo.get_expansion_room: p_index out of range
2026-08-13 15:42:53.087 WARN   ItemAutorouteInfo.get_expansion_room: p_index out of range
2026-08-13 15:42:53.088 WARN   ItemAutorouteInfo.get_expansion_room: p_index out of range
2026-08-13 15:42:53.088 WARN   ItemAutorouteInfo.get_expansion_room: p_index out of range
2026-08-13 15:42:53.088 WARN   ItemAutorouteInfo.get_expansion_room: p_index out of range
2026-08-13 15:42:53.088 WARN   ItemAutorouteInfo.get_expansion_room: p_index out of range
2026-08-13 15:42:53.089 WARN   ItemAutorouteInfo.get_expansion_room: p_index out of range
2026-08-13 15:42:53.090 WARN   ItemAutorouteInfo.get_expansion_room: p_index out of range
2026-08-13 15:42:53.090 WARN   ItemAutorouteInfo.get_expansion_room: p_index out of range
2026-08-13 15:42:53.090 WARN   ItemAutorouteInfo.get_expansion_room: p_index out of range
2026-08-13 15:42:53.090 WARN   ItemAutorouteInfo.get_expansion_room: p_index out of range
2026-08-13 15:42:53.091 WARN   ItemAutorouteInfo.get_expansion_room: p_index out of range
2026-08-13 15:42:53.091 WARN   ItemAutorouteInfo.get_expansion_room: p_index out of range
2026-08-13 15:42:54.833 INFO   [0B550D\DCEEB2] Auto-router pass #514 on board '7543d5bf9e8911ae166f29527b9410c6' was completed in 2,20 seconds with the score of 974,19 (4 unrouted), using 825687,88 CPU seconds and 1119533 MB memory.
2026-08-13 15:42:57.588 INFO   [0B550D\DCEEB2] Auto-router pass #515 on board 'bb301958716dbef5d5da1f27d2cfe157' was completed in 2,73 seconds with the score of 975,32 (3 unrouted), using 829487,00 CPU seconds and 1122135 MB memory.
2026-08-13 15:43:04.390 INFO   [0B550D\DCEEB2] Restoring an earlier board that has the score of 977,25 (2 unrouted).
2026-08-13 15:43:04.390 INFO   [0B550D\DCEEB2] Auto-router pass #516 on board '9a08c6668b6ab1fd717c111040a10d5c' was completed in 6,78 seconds with the score of 976,28 (2 unrouted), using 838385,81 CPU seconds and 1127943 MB memory.
2026-08-13 15:43:05.922 INFO   [0B550D\DCEEB2] Auto-router pass #517 on board 'f03c8f3c86889683fe56a81206b90cb1' was completed in 1,52 seconds with the score of 977,26 (2 unrouted), using 839660,94 CPU seconds and 1128833 MB memory.
2026-08-13 15:43:06.621 INFO   [0B550D\DCEEB2] Auto-router pass #518 on board '6dd214de4236cb55edf1aa8fb7456b31' was completed in 0,68 seconds with the score of 977,33 (2 unrouted), using 840937,06 CPU seconds and 1129708 MB memory.
2026-08-13 15:43:08.111 INFO   [0B550D\DCEEB2] Auto-router pass #519 on board 'd75d4d3af8a1c11534386cd287ca2e88' was completed in 1,47 seconds with the score of 974,91 (4 unrouted), using 843492,12 CPU seconds and 1131366 MB memory.
2026-08-13 15:43:16.234 INFO   [0B550D\DCEEB2] Restoring an earlier board that has the score of 977,33 (2 unrouted).
2026-08-13 15:43:16.234 INFO   [0B550D\DCEEB2] Auto-router pass #520 on board '80de279740e536a8b4e8575e4c1554f5' was completed in 8,10 seconds with the score of 977,10 (2 unrouted), using 853751,56 CPU seconds and 1138161 MB memory.
2026-08-13 15:43:18.794 INFO   [0B550D\DCEEB2] Auto-router pass #521 on board 'd75d4d3af8a1c11534386cd287ca2e88' was completed in 2,55 seconds with the score of 974,86 (4 unrouted), using 856326,12 CPU seconds and 1139871 MB memory.
2026-08-13 15:43:22.019 INFO   [0B550D\DCEEB2] Auto-router pass #522 on board 'e602490752ad707ce61fc694ec3afbc2' was completed in 3,20 seconds with the score of 976,05 (3 unrouted), using 861486,94 CPU seconds and 1142950 MB memory.
2026-08-13 15:43:22.899 INFO   [0B550D\DCEEB2] Auto-router pass #523 on board '591b6b13ebe74282721a4af1c1a8d3db' was completed in 0,85 seconds with the score of 976,20 (3 unrouted), using 861486,94 CPU seconds and 1142950 MB memory.
2026-08-13 15:43:28.950 INFO   [0B550D\DCEEB2] Restoring an earlier board that has the score of 977,33 (2 unrouted).
2026-08-13 15:43:28.950 INFO   [0B550D\DCEEB2] Auto-router pass #524 on board 'ecf92f026b188931b2562b417256ede3' was completed in 6,03 seconds with the score of 977,29 (2 unrouted), using 870555,94 CPU seconds and 1148949 MB memory.
2026-08-13 15:43:30.688 INFO   [0B550D\DCEEB2] Auto-router pass #525 on board 'd75d4d3af8a1c11534386cd287ca2e88' was completed in 1,73 seconds with the score of 973,32 (5 unrouted), using 871855,38 CPU seconds and 1149761 MB memory.
2026-08-13 15:43:33.066 INFO   [0B550D\DCEEB2] Auto-router pass #526 on board 'd262a4baa62cbb3b5b987a196348841e' was completed in 2,35 seconds with the score of 974,55 (4 unrouted), using 875759,50 CPU seconds and 1152387 MB memory.
2026-08-13 15:43:36.255 INFO   [0B550D\DCEEB2] Auto-router pass #527 on board '200de97793ff9654a654ef24a29035d0' was completed in 3,17 seconds with the score of 972,09 (5 unrouted), using 879672,44 CPU seconds and 1154844 MB memory.
2026-08-13 15:43:45.130 INFO   [0B550D\DCEEB2] Restoring an earlier board that has the score of 977,33 (2 unrouted).
2026-08-13 15:43:45.130 INFO   [0B550D\DCEEB2] Auto-router pass #528 on board 'a742a10505e340636d5b47c1cb3c24b7' was completed in 8,85 seconds with the score of 973,57 (4 unrouted), using 891464,00 CPU seconds and 1162166 MB memory.
2026-08-13 15:43:47.725 INFO   [0B550D\DCEEB2] Auto-router pass #529 on board 'd75d4d3af8a1c11534386cd287ca2e88' was completed in 2,58 seconds with the score of 974,91 (4 unrouted), using 894095,06 CPU seconds and 1163945 MB memory.
2026-08-13 15:43:50.074 INFO   [0B550D\DCEEB2] Auto-router pass #530 on board '2507028751f2de540eebbbbdb06d94f9' was completed in 2,33 seconds with the score of 975,77 (3 unrouted), using 898048,94 CPU seconds and 1166502 MB memory.
2026-08-13 15:43:51.343 INFO   [0B550D\DCEEB2] Auto-router pass #531 on board '2012e58ce749bcb437a9d9e1b43265ef' was completed in 1,25 seconds with the score of 972,17 (5 unrouted), using 899368,81 CPU seconds and 1167403 MB memory.
2026-08-13 15:44:01.229 INFO   [0B550D\DCEEB2] Restoring an earlier board that has the score of 977,33 (2 unrouted).
2026-08-13 15:44:01.229 INFO   [0B550D\DCEEB2] Auto-router pass #532 on board 'e93a86bdd5d0c2cb79903f82a720e6e8' was completed in 9,86 seconds with the score of 970,83 (6 unrouted), using 912621,50 CPU seconds and 1176001 MB memory.
2026-08-13 15:44:03.938 INFO   [0B550D\DCEEB2] Auto-router pass #533 on board 'd75d4d3af8a1c11534386cd287ca2e88' was completed in 2,70 seconds with the score of 974,85 (4 unrouted), using 915283,69 CPU seconds and 1177779 MB memory.
2026-08-13 15:44:03.987 WARN   ItemAutorouteInfo.get_expansion_room: p_index out of range
2026-08-13 15:44:03.987 WARN   ItemAutorouteInfo.get_expansion_room: p_index out of range
2026-08-13 15:44:03.987 WARN   ItemAutorouteInfo.get_expansion_room: p_index out of range
2026-08-13 15:44:03.987 WARN   ItemAutorouteInfo.get_expansion_room: p_index out of range
2026-08-13 15:44:03.987 WARN   ItemAutorouteInfo.get_expansion_room: p_index out of range
2026-08-13 15:44:03.987 WARN   ItemAutorouteInfo.get_expansion_room: p_index out of range
2026-08-13 15:44:03.987 WARN   ItemAutorouteInfo.get_expansion_room: p_index out of range
2026-08-13 15:44:03.987 WARN   ItemAutorouteInfo.get_expansion_room: p_index out of range
2026-08-13 15:44:03.987 WARN   ItemAutorouteInfo.get_expansion_room: p_index out of range
2026-08-13 15:44:03.987 WARN   ItemAutorouteInfo.get_expansion_room: p_index out of range
2026-08-13 15:44:03.987 WARN   ItemAutorouteInfo.get_expansion_room: p_index out of range
2026-08-13 15:44:03.987 WARN   ItemAutorouteInfo.get_expansion_room: p_index out of range
2026-08-13 15:44:03.987 WARN   ItemAutorouteInfo.get_expansion_room: p_index out of range
2026-08-13 15:44:03.987 WARN   ItemAutorouteInfo.get_expansion_room: p_index out of range
2026-08-13 15:44:03.988 WARN   ItemAutorouteInfo.get_expansion_room: p_index out of range
2026-08-13 15:44:03.988 WARN   ItemAutorouteInfo.get_expansion_room: p_index out of range
2026-08-13 15:44:03.988 WARN   ItemAutorouteInfo.get_expansion_room: p_index out of range
2026-08-13 15:44:03.988 WARN   ItemAutorouteInfo.get_expansion_room: p_index out of range
2026-08-13 15:44:03.988 WARN   ItemAutorouteInfo.get_expansion_room: p_index out of range
2026-08-13 15:44:03.994 WARN   ItemAutorouteInfo.get_expansion_room: p_index out of range
2026-08-13 15:44:03.994 WARN   ItemAutorouteInfo.get_expansion_room: p_index out of range
2026-08-13 15:44:03.994 WARN   ItemAutorouteInfo.get_expansion_room: p_index out of range
2026-08-13 15:44:03.994 WARN   ItemAutorouteInfo.get_expansion_room: p_index out of range
2026-08-13 15:44:03.994 WARN   ItemAutorouteInfo.get_expansion_room: p_index out of range
2026-08-13 15:44:03.994 WARN   ItemAutorouteInfo.get_expansion_room: p_index out of range
2026-08-13 15:44:03.994 WARN   ItemAutorouteInfo.get_expansion_room: p_index out of range
2026-08-13 15:44:03.994 WARN   ItemAutorouteInfo.get_expansion_room: p_index out of range
2026-08-13 15:44:03.994 WARN   ItemAutorouteInfo.get_expansion_room: p_index out of range
2026-08-13 15:44:03.994 WARN   ItemAutorouteInfo.get_expansion_room: p_index out of range
2026-08-13 15:44:03.994 WARN   ItemAutorouteInfo.get_expansion_room: p_index out of range
2026-08-13 15:44:03.994 WARN   ItemAutorouteInfo.get_expansion_room: p_index out of range
2026-08-13 15:44:03.994 WARN   ItemAutorouteInfo.get_expansion_room: p_index out of range
2026-08-13 15:44:03.994 WARN   ItemAutorouteInfo.get_expansion_room: p_index out of range
2026-08-13 15:44:03.994 WARN   ItemAutorouteInfo.get_expansion_room: p_index out of range
2026-08-13 15:44:03.998 WARN   ItemAutorouteInfo.get_expansion_room: p_index out of range
2026-08-13 15:44:03.998 WARN   ItemAutorouteInfo.get_expansion_room: p_index out of range
2026-08-13 15:44:03.998 WARN   ItemAutorouteInfo.get_expansion_room: p_index out of range
2026-08-13 15:44:03.998 WARN   ItemAutorouteInfo.get_expansion_room: p_index out of range
2026-08-13 15:44:04.005 WARN   ItemAutorouteInfo.get_expansion_room: p_index out of range
2026-08-13 15:44:04.005 WARN   ItemAutorouteInfo.get_expansion_room: p_index out of range
2026-08-13 15:44:04.005 WARN   ItemAutorouteInfo.get_expansion_room: p_index out of range
2026-08-13 15:44:04.005 WARN   ItemAutorouteInfo.get_expansion_room: p_index out of range
2026-08-13 15:44:04.005 WARN   ItemAutorouteInfo.get_expansion_room: p_index out of range
2026-08-13 15:44:04.005 WARN   ItemAutorouteInfo.get_expansion_room: p_index out of range
2026-08-13 15:44:04.005 WARN   ItemAutorouteInfo.get_expansion_room: p_index out of range
2026-08-13 15:44:04.006 WARN   ItemAutorouteInfo.get_expansion_room: p_index out of range
2026-08-13 15:44:04.006 WARN   ItemAutorouteInfo.get_expansion_room: p_index out of range
2026-08-13 15:44:04.006 WARN   ItemAutorouteInfo.get_expansion_room: p_index out of range
2026-08-13 15:44:04.006 WARN   ItemAutorouteInfo.get_expansion_room: p_index out of range
2026-08-13 15:44:04.006 WARN   ItemAutorouteInfo.get_expansion_room: p_index out of range
2026-08-13 15:44:04.006 WARN   ItemAutorouteInfo.get_expansion_room: p_index out of range
2026-08-13 15:44:04.006 WARN   ItemAutorouteInfo.get_expansion_room: p_index out of range
2026-08-13 15:44:04.006 WARN   ItemAutorouteInfo.get_expansion_room: p_index out of range
2026-08-13 15:44:04.008 WARN   ItemAutorouteInfo.get_expansion_room: p_index out of range
2026-08-13 15:44:04.008 WARN   ItemAutorouteInfo.get_expansion_room: p_index out of range
2026-08-13 15:44:04.010 WARN   ItemAutorouteInfo.get_expansion_room: p_index out of range
2026-08-13 15:44:04.080 WARN   ItemAutorouteInfo.get_expansion_room: p_index out of range
2026-08-13 15:44:04.094 WARN   ItemAutorouteInfo.get_expansion_room: p_index out of range
2026-08-13 15:44:04.095 WARN   ItemAutorouteInfo.get_expansion_room: p_index out of range
2026-08-13 15:44:04.095 WARN   ItemAutorouteInfo.get_expansion_room: p_index out of range
2026-08-13 15:44:04.095 WARN   ItemAutorouteInfo.get_expansion_room: p_index out of range
2026-08-13 15:44:04.095 WARN   ItemAutorouteInfo.get_expansion_room: p_index out of range
2026-08-13 15:44:04.095 WARN   ItemAutorouteInfo.get_expansion_room: p_index out of range
2026-08-13 15:44:04.095 WARN   ItemAutorouteInfo.get_expansion_room: p_index out of range
2026-08-13 15:44:04.095 WARN   ItemAutorouteInfo.get_expansion_room: p_index out of range
2026-08-13 15:44:04.095 WARN   ItemAutorouteInfo.get_expansion_room: p_index out of range
2026-08-13 15:44:04.095 WARN   ItemAutorouteInfo.get_expansion_room: p_index out of range
2026-08-13 15:44:04.095 WARN   ItemAutorouteInfo.get_expansion_room: p_index out of range
2026-08-13 15:44:04.095 WARN   ItemAutorouteInfo.get_expansion_room: p_index out of range
2026-08-13 15:44:04.095 WARN   ItemAutorouteInfo.get_expansion_room: p_index out of range
2026-08-13 15:44:04.095 WARN   ItemAutorouteInfo.get_expansion_room: p_index out of range
2026-08-13 15:44:04.095 WARN   ItemAutorouteInfo.get_expansion_room: p_index out of range
2026-08-13 15:44:04.095 WARN   ItemAutorouteInfo.get_expansion_room: p_index out of range
2026-08-13 15:44:04.095 WARN   ItemAutorouteInfo.get_expansion_room: p_index out of range
2026-08-13 15:44:04.095 WARN   ItemAutorouteInfo.get_expansion_room: p_index out of range
2026-08-13 15:44:04.102 WARN   ItemAutorouteInfo.get_expansion_room: p_index out of range
2026-08-13 15:44:04.102 WARN   ItemAutorouteInfo.get_expansion_room: p_index out of range
2026-08-13 15:44:04.102 WARN   ItemAutorouteInfo.get_expansion_room: p_index out of range
2026-08-13 15:44:04.104 WARN   ItemAutorouteInfo.get_expansion_room: p_index out of range
2026-08-13 15:44:04.104 WARN   ItemAutorouteInfo.get_expansion_room: p_index out of range
2026-08-13 15:44:04.104 WARN   ItemAutorouteInfo.get_expansion_room: p_index out of range
2026-08-13 15:44:04.104 WARN   ItemAutorouteInfo.get_expansion_room: p_index out of range
2026-08-13 15:44:04.104 WARN   ItemAutorouteInfo.get_expansion_room: p_index out of range
2026-08-13 15:44:04.117 WARN   ItemAutorouteInfo.get_expansion_room: p_index out of range
2026-08-13 15:44:04.117 WARN   ItemAutorouteInfo.get_expansion_room: p_index out of range
2026-08-13 15:44:04.117 WARN   ItemAutorouteInfo.get_expansion_room: p_index out of range
2026-08-13 15:44:04.117 WARN   ItemAutorouteInfo.get_expansion_room: p_index out of range
2026-08-13 15:44:04.117 WARN   ItemAutorouteInfo.get_expansion_room: p_index out of range
2026-08-13 15:44:04.117 WARN   ItemAutorouteInfo.get_expansion_room: p_index out of range
2026-08-13 15:44:04.117 WARN   ItemAutorouteInfo.get_expansion_room: p_index out of range
2026-08-13 15:44:04.117 WARN   ItemAutorouteInfo.get_expansion_room: p_index out of range
2026-08-13 15:44:04.117 WARN   ItemAutorouteInfo.get_expansion_room: p_index out of range
2026-08-13 15:44:04.117 WARN   ItemAutorouteInfo.get_expansion_room: p_index out of range
2026-08-13 15:44:04.117 WARN   ItemAutorouteInfo.get_expansion_room: p_index out of range
2026-08-13 15:44:04.118 WARN   ItemAutorouteInfo.get_expansion_room: p_index out of range
2026-08-13 15:44:04.118 WARN   ItemAutorouteInfo.get_expansion_room: p_index out of range
2026-08-13 15:44:04.118 WARN   ItemAutorouteInfo.get_expansion_room: p_index out of range
2026-08-13 15:44:04.118 WARN   ItemAutorouteInfo.get_expansion_room: p_index out of range
2026-08-13 15:44:04.118 WARN   ItemAutorouteInfo.get_expansion_room: p_index out of range
2026-08-13 15:44:04.118 WARN   ItemAutorouteInfo.get_expansion_room: p_index out of range
2026-08-13 15:44:04.118 WARN   ItemAutorouteInfo.get_expansion_room: p_index out of range
2026-08-13 15:44:04.118 WARN   ItemAutorouteInfo.get_expansion_room: p_index out of range
2026-08-13 15:44:04.118 WARN   ItemAutorouteInfo.get_expansion_room: p_index out of range
2026-08-13 15:44:04.118 WARN   ItemAutorouteInfo.get_expansion_room: p_index out of range
2026-08-13 15:44:04.118 WARN   ItemAutorouteInfo.get_expansion_room: p_index out of range
2026-08-13 15:44:04.118 WARN   ItemAutorouteInfo.get_expansion_room: p_index out of range
2026-08-13 15:44:04.118 WARN   ItemAutorouteInfo.get_expansion_room: p_index out of range
2026-08-13 15:44:04.118 WARN   ItemAutorouteInfo.get_expansion_room: p_index out of range
2026-08-13 15:44:04.118 WARN   ItemAutorouteInfo.get_expansion_room: p_index out of range
2026-08-13 15:44:04.118 WARN   ItemAutorouteInfo.get_expansion_room: p_index out of range
2026-08-13 15:44:04.118 WARN   ItemAutorouteInfo.get_expansion_room: p_index out of range
2026-08-13 15:44:04.118 WARN   ItemAutorouteInfo.get_expansion_room: p_index out of range
2026-08-13 15:44:04.118 WARN   ItemAutorouteInfo.get_expansion_room: p_index out of range
2026-08-13 15:44:04.125 WARN   ItemAutorouteInfo.get_expansion_room: p_index out of range
2026-08-13 15:44:04.125 WARN   ItemAutorouteInfo.get_expansion_room: p_index out of range
2026-08-13 15:44:04.125 WARN   ItemAutorouteInfo.get_expansion_room: p_index out of range
2026-08-13 15:44:04.125 WARN   ItemAutorouteInfo.get_expansion_room: p_index out of range
2026-08-13 15:44:04.125 WARN   ItemAutorouteInfo.get_expansion_room: p_index out of range
2026-08-13 15:44:04.125 WARN   ItemAutorouteInfo.get_expansion_room: p_index out of range
2026-08-13 15:44:04.125 WARN   ItemAutorouteInfo.get_expansion_room: p_index out of range
2026-08-13 15:44:04.125 WARN   ItemAutorouteInfo.get_expansion_room: p_index out of range
2026-08-13 15:44:04.125 WARN   ItemAutorouteInfo.get_expansion_room: p_index out of range
2026-08-13 15:44:04.128 WARN   ItemAutorouteInfo.get_expansion_room: p_index out of range
2026-08-13 15:44:04.128 WARN   ItemAutorouteInfo.get_expansion_room: p_index out of range
2026-08-13 15:44:04.128 WARN   ItemAutorouteInfo.get_expansion_room: p_index out of range
2026-08-13 15:44:04.130 WARN   ItemAutorouteInfo.get_expansion_room: p_index out of range
2026-08-13 15:44:04.131 WARN   ItemAutorouteInfo.get_expansion_room: p_index out of range
2026-08-13 15:44:04.132 WARN   ItemAutorouteInfo.get_expansion_room: p_index out of range
2026-08-13 15:44:04.132 WARN   ItemAutorouteInfo.get_expansion_room: p_index out of range
2026-08-13 15:44:04.132 WARN   ItemAutorouteInfo.get_expansion_room: p_index out of range
2026-08-13 15:44:04.132 WARN   ItemAutorouteInfo.get_expansion_room: p_index out of range
2026-08-13 15:44:04.132 WARN   ItemAutorouteInfo.get_expansion_room: p_index out of range
2026-08-13 15:44:04.133 WARN   ItemAutorouteInfo.get_expansion_room: p_index out of range
2026-08-13 15:44:04.133 WARN   ItemAutorouteInfo.get_expansion_room: p_index out of range
2026-08-13 15:44:04.133 WARN   ItemAutorouteInfo.get_expansion_room: p_index out of range
2026-08-13 15:44:04.133 WARN   ItemAutorouteInfo.get_expansion_room: p_index out of range
2026-08-13 15:44:04.134 WARN   ItemAutorouteInfo.get_expansion_room: p_index out of range
2026-08-13 15:44:04.134 WARN   ItemAutorouteInfo.get_expansion_room: p_index out of range
2026-08-13 15:44:04.134 WARN   ItemAutorouteInfo.get_expansion_room: p_index out of range
2026-08-13 15:44:04.134 WARN   ItemAutorouteInfo.get_expansion_room: p_index out of range
2026-08-13 15:44:04.140 WARN   ItemAutorouteInfo.get_expansion_room: p_index out of range
2026-08-13 15:44:04.140 WARN   ItemAutorouteInfo.get_expansion_room: p_index out of range
2026-08-13 15:44:04.141 WARN   ItemAutorouteInfo.get_expansion_room: p_index out of range
2026-08-13 15:44:04.149 WARN   ItemAutorouteInfo.get_expansion_room: p_index out of range
2026-08-13 15:44:04.149 WARN   ItemAutorouteInfo.get_expansion_room: p_index out of range
2026-08-13 15:44:04.149 WARN   ItemAutorouteInfo.get_expansion_room: p_index out of range
2026-08-13 15:44:04.149 WARN   ItemAutorouteInfo.get_expansion_room: p_index out of range
2026-08-13 15:44:04.149 WARN   ItemAutorouteInfo.get_expansion_room: p_index out of range
2026-08-13 15:44:04.149 WARN   ItemAutorouteInfo.get_expansion_room: p_index out of range
2026-08-13 15:44:04.153 WARN   ItemAutorouteInfo.get_expansion_room: p_index out of range
2026-08-13 15:44:04.153 WARN   ItemAutorouteInfo.get_expansion_room: p_index out of range
2026-08-13 15:44:04.154 WARN   ItemAutorouteInfo.get_expansion_room: p_index out of range
2026-08-13 15:44:04.154 WARN   ItemAutorouteInfo.get_expansion_room: p_index out of range
2026-08-13 15:44:04.154 WARN   ItemAutorouteInfo.get_expansion_room: p_index out of range
2026-08-13 15:44:04.154 WARN   ItemAutorouteInfo.get_expansion_room: p_index out of range
2026-08-13 15:44:04.154 WARN   ItemAutorouteInfo.get_expansion_room: p_index out of range
2026-08-13 15:44:04.154 WARN   ItemAutorouteInfo.get_expansion_room: p_index out of range
2026-08-13 15:44:04.155 WARN   ItemAutorouteInfo.get_expansion_room: p_index out of range
2026-08-13 15:44:04.155 WARN   ItemAutorouteInfo.get_expansion_room: p_index out of range
2026-08-13 15:44:04.155 WARN   ItemAutorouteInfo.get_expansion_room: p_index out of range
2026-08-13 15:44:04.158 WARN   ItemAutorouteInfo.get_expansion_room: p_index out of range
2026-08-13 15:44:04.158 WARN   ItemAutorouteInfo.get_expansion_room: p_index out of range
2026-08-13 15:44:04.158 WARN   ItemAutorouteInfo.get_expansion_room: p_index out of range
2026-08-13 15:44:04.158 WARN   ItemAutorouteInfo.get_expansion_room: p_index out of range
2026-08-13 15:44:04.158 WARN   ItemAutorouteInfo.get_expansion_room: p_index out of range
2026-08-13 15:44:04.158 WARN   ItemAutorouteInfo.get_expansion_room: p_index out of range
2026-08-13 15:44:04.158 WARN   ItemAutorouteInfo.get_expansion_room: p_index out of range
2026-08-13 15:44:04.158 WARN   ItemAutorouteInfo.get_expansion_room: p_index out of range
2026-08-13 15:44:04.165 WARN   ItemAutorouteInfo.get_expansion_room: p_index out of range
2026-08-13 15:44:04.166 WARN   ItemAutorouteInfo.get_expansion_room: p_index out of range
2026-08-13 15:44:04.166 WARN   ItemAutorouteInfo.get_expansion_room: p_index out of range
2026-08-13 15:44:04.170 WARN   ItemAutorouteInfo.get_expansion_room: p_index out of range
2026-08-13 15:44:04.170 WARN   ItemAutorouteInfo.get_expansion_room: p_index out of range
2026-08-13 15:44:04.170 WARN   ItemAutorouteInfo.get_expansion_room: p_index out of range
2026-08-13 15:44:04.170 WARN   ItemAutorouteInfo.get_expansion_room: p_index out of range
2026-08-13 15:44:04.170 WARN   ItemAutorouteInfo.get_expansion_room: p_index out of range
2026-08-13 15:44:04.170 WARN   ItemAutorouteInfo.get_expansion_room: p_index out of range
2026-08-13 15:44:04.170 WARN   ItemAutorouteInfo.get_expansion_room: p_index out of range
2026-08-13 15:44:04.170 WARN   ItemAutorouteInfo.get_expansion_room: p_index out of range
2026-08-13 15:44:04.171 WARN   ItemAutorouteInfo.get_expansion_room: p_index out of range
2026-08-13 15:44:04.176 WARN   ItemAutorouteInfo.get_expansion_room: p_index out of range
2026-08-13 15:44:04.176 WARN   ItemAutorouteInfo.get_expansion_room: p_index out of range
2026-08-13 15:44:04.211 WARN   ItemAutorouteInfo.get_expansion_room: p_index out of range
2026-08-13 15:44:04.211 WARN   ItemAutorouteInfo.get_expansion_room: p_index out of range
2026-08-13 15:44:04.211 WARN   ItemAutorouteInfo.get_expansion_room: p_index out of range
2026-08-13 15:44:04.211 WARN   ItemAutorouteInfo.get_expansion_room: p_index out of range
2026-08-13 15:44:04.211 WARN   ItemAutorouteInfo.get_expansion_room: p_index out of range
2026-08-13 15:44:04.211 WARN   ItemAutorouteInfo.get_expansion_room: p_index out of range
2026-08-13 15:44:04.211 WARN   ItemAutorouteInfo.get_expansion_room: p_index out of range
2026-08-13 15:44:04.212 WARN   ItemAutorouteInfo.get_expansion_room: p_index out of range
2026-08-13 15:44:04.212 WARN   ItemAutorouteInfo.get_expansion_room: p_index out of range
2026-08-13 15:44:04.222 WARN   ItemAutorouteInfo.get_expansion_room: p_index out of range
2026-08-13 15:44:04.223 WARN   ItemAutorouteInfo.get_expansion_room: p_index out of range
2026-08-13 15:44:04.229 WARN   ItemAutorouteInfo.get_expansion_room: p_index out of range
2026-08-13 15:44:04.246 WARN   ItemAutorouteInfo.get_expansion_room: p_index out of range
2026-08-13 15:44:04.246 WARN   ItemAutorouteInfo.get_expansion_room: p_index out of range
2026-08-13 15:44:04.246 WARN   ItemAutorouteInfo.get_expansion_room: p_index out of range
2026-08-13 15:44:04.253 WARN   ItemAutorouteInfo.get_expansion_room: p_index out of range
2026-08-13 15:44:04.253 WARN   ItemAutorouteInfo.get_expansion_room: p_index out of range
2026-08-13 15:44:04.253 WARN   ItemAutorouteInfo.get_expansion_room: p_index out of range
2026-08-13 15:44:04.253 WARN   ItemAutorouteInfo.get_expansion_room: p_index out of range
2026-08-13 15:44:04.283 WARN   ItemAutorouteInfo.get_expansion_room: p_index out of range
2026-08-13 15:44:04.283 WARN   ItemAutorouteInfo.get_expansion_room: p_index out of range
2026-08-13 15:44:04.285 WARN   ItemAutorouteInfo.get_expansion_room: p_index out of range
2026-08-13 15:44:04.285 WARN   ItemAutorouteInfo.get_expansion_room: p_index out of range
2026-08-13 15:44:04.297 WARN   ItemAutorouteInfo.get_expansion_room: p_index out of range
2026-08-13 15:44:04.297 WARN   ItemAutorouteInfo.get_expansion_room: p_index out of range
2026-08-13 15:44:04.297 WARN   ItemAutorouteInfo.get_expansion_room: p_index out of range
2026-08-13 15:44:04.297 WARN   ItemAutorouteInfo.get_expansion_room: p_index out of range
2026-08-13 15:44:04.297 WARN   ItemAutorouteInfo.get_expansion_room: p_index out of range
2026-08-13 15:44:04.297 WARN   ItemAutorouteInfo.get_expansion_room: p_index out of range
2026-08-13 15:44:04.297 WARN   ItemAutorouteInfo.get_expansion_room: p_index out of range
2026-08-13 15:44:04.297 WARN   ItemAutorouteInfo.get_expansion_room: p_index out of range
2026-08-13 15:44:04.297 WARN   ItemAutorouteInfo.get_expansion_room: p_index out of range
2026-08-13 15:44:04.298 WARN   ItemAutorouteInfo.get_expansion_room: p_index out of range
2026-08-13 15:44:04.298 WARN   ItemAutorouteInfo.get_expansion_room: p_index out of range
2026-08-13 15:44:04.298 WARN   ItemAutorouteInfo.get_expansion_room: p_index out of range
2026-08-13 15:44:04.298 WARN   ItemAutorouteInfo.get_expansion_room: p_index out of range
2026-08-13 15:44:04.298 WARN   ItemAutorouteInfo.get_expansion_room: p_index out of range
2026-08-13 15:44:04.298 WARN   ItemAutorouteInfo.get_expansion_room: p_index out of range
2026-08-13 15:44:04.298 WARN   ItemAutorouteInfo.get_expansion_room: p_index out of range
2026-08-13 15:44:04.299 WARN   ItemAutorouteInfo.get_expansion_room: p_index out of range
2026-08-13 15:44:04.299 WARN   ItemAutorouteInfo.get_expansion_room: p_index out of range
2026-08-13 15:44:04.299 WARN   ItemAutorouteInfo.get_expansion_room: p_index out of range
2026-08-13 15:44:04.299 WARN   ItemAutorouteInfo.get_expansion_room: p_index out of range
2026-08-13 15:44:04.300 WARN   ItemAutorouteInfo.get_expansion_room: p_index out of range
2026-08-13 15:44:04.300 WARN   ItemAutorouteInfo.get_expansion_room: p_index out of range
2026-08-13 15:44:04.302 WARN   ItemAutorouteInfo.get_expansion_room: p_index out of range
2026-08-13 15:44:04.302 WARN   ItemAutorouteInfo.get_expansion_room: p_index out of range
2026-08-13 15:44:05.931 INFO   [0B550D\DCEEB2] Auto-router pass #534 on board 'bdf0469b82e1eacd4a13ca2a84add7b0' was completed in 1,97 seconds with the score of 974,49 (4 unrouted), using 917949,75 CPU seconds and 1179654 MB memory.
2026-08-13 15:44:09.383 INFO   [0B550D\DCEEB2] Auto-router pass #535 on board '54f03aa2dc6ba19d9525d469434120dd' was completed in 3,43 seconds with the score of 967,40 (9 unrouted), using 923293,62 CPU seconds and 1183345 MB memory.
2026-08-13 15:44:24.410 INFO   [0B550D\DCEEB2] Restoring an earlier board that has the score of 977,26 (2 unrouted).
2026-08-13 15:44:24.411 INFO   [0B550D\DCEEB2] Auto-router pass #536 on board 'd6e0c1e06e0569d86205d9c8057889d2' was completed in 15,01 seconds with the score of 971,54 (6 unrouted), using 943472,50 CPU seconds and 1196428 MB memory.
2026-08-13 15:44:26.031 INFO   [0B550D\DCEEB2] Auto-router pass #537 on board '6dd214de4236cb55edf1aa8fb7456b31' was completed in 1,61 seconds with the score of 976,05 (3 unrouted), using 946179,62 CPU seconds and 1198219 MB memory.
2026-08-13 15:44:27.979 INFO   [0B550D\DCEEB2] Auto-router pass #538 on board '160b00871181cea408b7a7fa37a4c9c5' was completed in 1,92 seconds with the score of 974,67 (4 unrouted), using 948890,56 CPU seconds and 1199947 MB memory.
2026-08-13 15:44:30.029 INFO   [0B550D\DCEEB2] Auto-router pass #539 on board '6485d2e3cc8f771ebea79d2074708982' was completed in 2,03 seconds with the score of 972,67 (5 unrouted), using 951605,38 CPU seconds and 1201700 MB memory.
2026-08-13 15:44:36.650 INFO   [0B550D\DCEEB2] Restoring an earlier board that has the score of 977,26 (2 unrouted).
2026-08-13 15:44:36.650 INFO   [0B550D\DCEEB2] Auto-router pass #540 on board '85431f6b3325456e1ba20bddcfe8f612' was completed in 6,60 seconds with the score of 973,66 (4 unrouted), using 959773,25 CPU seconds and 1206673 MB memory.
2026-08-13 15:44:38.659 INFO   [0B550D\DCEEB2] Auto-router pass #541 on board '6dd214de4236cb55edf1aa8fb7456b31' was completed in 2,00 seconds with the score of 976,13 (3 unrouted), using 962503,62 CPU seconds and 1208468 MB memory.
2026-08-13 15:44:40.115 INFO   [0B550D\DCEEB2] Auto-router pass #542 on board 'cd588a7cfc8b525087ec74e00f99ab47' was completed in 1,43 seconds with the score of 974,89 (4 unrouted), using 965237,81 CPU seconds and 1210051 MB memory.
2026-08-13 15:44:41.086 INFO   [0B550D\DCEEB2] Auto-router pass #543 on board '21ed2a2be437a32b9aac644286646402' was completed in 0,95 seconds with the score of 975,84 (3 unrouted), using 966606,38 CPU seconds and 1210897 MB memory.
2026-08-13 15:44:45.852 INFO   [0B550D\DCEEB2] Restoring an earlier board that has the score of 977,26 (2 unrouted).
2026-08-13 15:44:45.852 INFO   [0B550D\DCEEB2] Auto-router pass #544 on board 'd69c4bdf5bc5c2d43bd1f209803984fd' was completed in 4,74 seconds with the score of 975,99 (3 unrouted), using 972090,38 CPU seconds and 1214192 MB memory.
2026-08-13 15:44:47.159 INFO   [0B550D\DCEEB2] Auto-router pass #545 on board '6dd214de4236cb55edf1aa8fb7456b31' was completed in 1,30 seconds with the score of 977,23 (2 unrouted), using 974838,19 CPU seconds and 1215832 MB memory.
2026-08-13 15:44:48.671 INFO   [0B550D\DCEEB2] Auto-router pass #546 on board 'f04ba090951a725ef94d1b63d70803a3' was completed in 1,49 seconds with the score of 974,80 (4 unrouted), using 976213,56 CPU seconds and 1216923 MB memory.
2026-08-13 15:44:51.770 INFO   [0B550D\DCEEB2] Auto-router pass #547 on board 'e2d9e52bd4ed10879974eab98919a442' was completed in 3,08 seconds with the score of 973,23 (5 unrouted), using 980345,44 CPU seconds and 1219355 MB memory.
2026-08-13 15:45:05.324 INFO   [0B550D\DCEEB2] Restoring an earlier board that has the score of 977,26 (2 unrouted).
2026-08-13 15:45:05.325 INFO   [0B550D\DCEEB2] Auto-router pass #548 on board 'a78f1f928b930a148bcf0fbc57ac67ae' was completed in 13,53 seconds with the score of 974,16 (4 unrouted), using 999743,94 CPU seconds and 1231212 MB memory.
2026-08-13 15:45:06.503 INFO   [0B550D\DCEEB2] Auto-router pass #549 on board '6dd214de4236cb55edf1aa8fb7456b31' was completed in 1,17 seconds with the score of 977,12 (2 unrouted), using 1001136,88 CPU seconds and 1232098 MB memory.
2026-08-13 15:45:06.579 WARN   ItemAutorouteInfo.get_expansion_room: p_index out of range
2026-08-13 15:45:06.583 WARN   ItemAutorouteInfo.get_expansion_room: p_index out of range
2026-08-13 15:45:06.583 WARN   ItemAutorouteInfo.get_expansion_room: p_index out of range
2026-08-13 15:45:06.583 WARN   ItemAutorouteInfo.get_expansion_room: p_index out of range
2026-08-13 15:45:06.583 WARN   ItemAutorouteInfo.get_expansion_room: p_index out of range
2026-08-13 15:45:06.583 WARN   ItemAutorouteInfo.get_expansion_room: p_index out of range
2026-08-13 15:45:06.583 WARN   ItemAutorouteInfo.get_expansion_room: p_index out of range
2026-08-13 15:45:06.583 WARN   ItemAutorouteInfo.get_expansion_room: p_index out of range
2026-08-13 15:45:06.583 WARN   ItemAutorouteInfo.get_expansion_room: p_index out of range
2026-08-13 15:45:06.583 WARN   ItemAutorouteInfo.get_expansion_room: p_index out of range
2026-08-13 15:45:06.583 WARN   ItemAutorouteInfo.get_expansion_room: p_index out of range
2026-08-13 15:45:06.583 WARN   ItemAutorouteInfo.get_expansion_room: p_index out of range
2026-08-13 15:45:06.583 WARN   ItemAutorouteInfo.get_expansion_room: p_index out of range
2026-08-13 15:45:06.583 WARN   ItemAutorouteInfo.get_expansion_room: p_index out of range
2026-08-13 15:45:06.583 WARN   ItemAutorouteInfo.get_expansion_room: p_index out of range
2026-08-13 15:45:06.584 WARN   ItemAutorouteInfo.get_expansion_room: p_index out of range
2026-08-13 15:45:06.585 WARN   ItemAutorouteInfo.get_expansion_room: p_index out of range
2026-08-13 15:45:06.595 WARN   ItemAutorouteInfo.get_expansion_room: p_index out of range
2026-08-13 15:45:06.595 WARN   ItemAutorouteInfo.get_expansion_room: p_index out of range
2026-08-13 15:45:06.595 WARN   ItemAutorouteInfo.get_expansion_room: p_index out of range
2026-08-13 15:45:06.596 WARN   ItemAutorouteInfo.get_expansion_room: p_index out of range
2026-08-13 15:45:06.920 WARN   ItemAutorouteInfo.get_expansion_room: p_index out of range
2026-08-13 15:45:07.006 WARN   ItemAutorouteInfo.get_expansion_room: p_index out of range
2026-08-13 15:45:07.006 WARN   ItemAutorouteInfo.get_expansion_room: p_index out of range
2026-08-13 15:45:07.006 WARN   ItemAutorouteInfo.get_expansion_room: p_index out of range
2026-08-13 15:45:07.006 WARN   ItemAutorouteInfo.get_expansion_room: p_index out of range
2026-08-13 15:45:07.006 WARN   ItemAutorouteInfo.get_expansion_room: p_index out of range
2026-08-13 15:45:07.006 WARN   ItemAutorouteInfo.get_expansion_room: p_index out of range
2026-08-13 15:45:07.006 WARN   ItemAutorouteInfo.get_expansion_room: p_index out of range
2026-08-13 15:45:07.008 WARN   ItemAutorouteInfo.get_expansion_room: p_index out of range
2026-08-13 15:45:08.089 INFO   [0B550D\DCEEB2] Auto-router pass #550 on board '0d8e64759bc643b6cd35df8a19877e9f' was completed in 1,56 seconds with the score of 974,68 (4 unrouted), using 1003925,56 CPU seconds and 1234013 MB memory.
2026-08-13 15:45:10.680 INFO   [0B550D\DCEEB2] Auto-router pass #551 on board 'afbad3b424a5e71cba02c258e1610cd2' was completed in 2,57 seconds with the score of 974,84 (4 unrouted), using 1006718,12 CPU seconds and 1235637 MB memory.
2026-08-13 15:45:16.453 INFO   [0B550D\DCEEB2] Restoring an earlier board that has the score of 977,23 (2 unrouted).
2026-08-13 15:45:16.453 INFO   [0B550D\DCEEB2] Auto-router pass #552 on board '352853ffb7891e5864e85133beb722dc' was completed in 5,75 seconds with the score of 971,88 (6 unrouted), using 1015119,31 CPU seconds and 1241007 MB memory.
2026-08-13 15:45:18.752 INFO   [0B550D\DCEEB2] Auto-router pass #553 on board '36ae81e5e8cd246c6150757b257cc3fc' was completed in 2,29 seconds with the score of 976,04 (3 unrouted), using 1017927,50 CPU seconds and 1242831 MB memory.
2026-08-13 15:45:20.378 INFO   [0B550D\DCEEB2] Auto-router pass #554 on board '120442a65171edc0b602b4890056678d' was completed in 1,60 seconds with the score of 975,09 (3 unrouted), using 1020739,50 CPU seconds and 1244607 MB memory.
2026-08-13 15:45:20.734 WARN   UndoableObjects.save_for_undo: object node not found
2026-08-13 15:45:22.626 INFO   [0B550D\DCEEB2] Auto-router pass #555 on board '590b603f093858e3e3258f28fc39c2f7' was completed in 2,23 seconds with the score of 973,89 (4 unrouted), using 1023555,38 CPU seconds and 1246381 MB memory.
2026-08-13 15:45:29.457 WARN   UndoableObjects.save_for_undo: object node not found
2026-08-13 15:45:29.462 WARN   UndoableObjects.save_for_undo: object node not found
2026-08-13 15:45:32.432 INFO   [0B550D\DCEEB2] Restoring an earlier board that has the score of 977,23 (2 unrouted).
2026-08-13 15:45:32.432 INFO   [0B550D\DCEEB2] Auto-router pass #556 on board 'e70fa8c904fe24620e808e80a0dc6881' was completed in 9,79 seconds with the score of 975,17 (3 unrouted), using 1037692,94 CPU seconds and 1254527 MB memory.
2026-08-13 15:45:35.153 INFO   [0B550D\DCEEB2] Auto-router pass #557 on board '36ae81e5e8cd246c6150757b257cc3fc' was completed in 2,71 seconds with the score of 974,82 (4 unrouted), using 1041953,19 CPU seconds and 1257003 MB memory.
2026-08-13 15:45:36.923 WARN   MazeShoveTraceAlgo.check_shove_trace_line: trace_corner_no to big
2026-08-13 15:45:36.923 WARN   MazeShoveTraceAlgo.check_shove_trace_line: trace_corner_no to big
2026-08-13 15:45:37.704 INFO   [0B550D\DCEEB2] Auto-router pass #558 on board '193c24680a6783b04b03b0e0e31ad031' was completed in 2,53 seconds with the score of 972,58 (5 unrouted), using 1044798,19 CPU seconds and 1258786 MB memory.
2026-08-13 15:45:40.148 INFO   [0B550D\DCEEB2] Auto-router pass #559 on board '8b1849feeeb81e9f8de37876565cbc95' was completed in 2,42 seconds with the score of 967,95 (8 unrouted), using 1049073,00 CPU seconds and 1261480 MB memory.
2026-08-13 15:45:51.134 INFO   [0B550D\DCEEB2] Restoring an earlier board that has the score of 977,23 (2 unrouted).
2026-08-13 15:45:51.135 INFO   [0B550D\DCEEB2] Auto-router pass #560 on board '43db953833ea9ee3c9fb292c8782fa03' was completed in 10,97 seconds with the score of 972,18 (5 unrouted), using 1064822,38 CPU seconds and 1270907 MB memory.
2026-08-13 15:45:52.969 INFO   [0B550D\DCEEB2] Auto-router pass #561 on board '36ae81e5e8cd246c6150757b257cc3fc' was completed in 1,82 seconds with the score of 977,25 (2 unrouted), using 1066260,00 CPU seconds and 1271618 MB memory.
2026-08-13 15:45:53.110 WARN   ItemAutorouteInfo.get_expansion_room: p_index out of range
2026-08-13 15:45:53.110 WARN   ItemAutorouteInfo.get_expansion_room: p_index out of range
2026-08-13 15:45:53.110 WARN   ItemAutorouteInfo.get_expansion_room: p_index out of range
2026-08-13 15:45:53.119 WARN   ItemAutorouteInfo.get_expansion_room: p_index out of range
2026-08-13 15:45:53.119 WARN   ItemAutorouteInfo.get_expansion_room: p_index out of range
2026-08-13 15:45:53.119 WARN   ItemAutorouteInfo.get_expansion_room: p_index out of range
2026-08-13 15:45:53.119 WARN   ItemAutorouteInfo.get_expansion_room: p_index out of range
2026-08-13 15:45:53.119 WARN   ItemAutorouteInfo.get_expansion_room: p_index out of range
2026-08-13 15:45:53.119 WARN   ItemAutorouteInfo.get_expansion_room: p_index out of range
2026-08-13 15:45:53.119 WARN   ItemAutorouteInfo.get_expansion_room: p_index out of range
2026-08-13 15:45:53.120 WARN   ItemAutorouteInfo.get_expansion_room: p_index out of range
2026-08-13 15:45:53.120 WARN   ItemAutorouteInfo.get_expansion_room: p_index out of range
2026-08-13 15:45:53.120 WARN   ItemAutorouteInfo.get_expansion_room: p_index out of range
2026-08-13 15:45:53.120 WARN   ItemAutorouteInfo.get_expansion_room: p_index out of range
2026-08-13 15:45:53.120 WARN   ItemAutorouteInfo.get_expansion_room: p_index out of range
2026-08-13 15:45:53.131 WARN   ItemAutorouteInfo.get_expansion_room: p_index out of range
2026-08-13 15:45:53.132 WARN   ItemAutorouteInfo.get_expansion_room: p_index out of range
2026-08-13 15:45:53.132 WARN   ItemAutorouteInfo.get_expansion_room: p_index out of range
2026-08-13 15:45:53.132 WARN   ItemAutorouteInfo.get_expansion_room: p_index out of range
2026-08-13 15:45:53.132 WARN   ItemAutorouteInfo.get_expansion_room: p_index out of range
2026-08-13 15:45:53.132 WARN   ItemAutorouteInfo.get_expansion_room: p_index out of range
2026-08-13 15:45:53.132 WARN   ItemAutorouteInfo.get_expansion_room: p_index out of range
2026-08-13 15:45:53.133 WARN   ItemAutorouteInfo.get_expansion_room: p_index out of range
2026-08-13 15:45:53.138 WARN   ItemAutorouteInfo.get_expansion_room: p_index out of range
2026-08-13 15:45:53.148 WARN   ItemAutorouteInfo.get_expansion_room: p_index out of range
2026-08-13 15:45:53.438 INFO   [0B550D\DCEEB2] Auto-router pass #562 on board 'f8d46e1d63e22311dde0159f90a9f0fa' was completed in 0,44 seconds with the score of 977,27 (2 unrouted), using 1067698,62 CPU seconds and 1272400 MB memory.
2026-08-13 15:45:54.903 INFO   [0B550D\DCEEB2] Auto-router pass #563 on board '644fbcdd9144ac051c0f4d7d3166182c' was completed in 1,44 seconds with the score of 975,90 (3 unrouted), using 1069138,12 CPU seconds and 1273263 MB memory.
2026-08-13 15:46:01.980 INFO   [0B550D\DCEEB2] Restoring an earlier board that has the score of 977,27 (2 unrouted).
2026-08-13 15:46:01.980 INFO   [0B550D\DCEEB2] Auto-router pass #564 on board 'e13219142e4aa06b83be70f0c67522d7' was completed in 7,05 seconds with the score of 974,40 (4 unrouted), using 1079242,12 CPU seconds and 1279000 MB memory.
2026-08-13 15:46:04.767 INFO   [0B550D\DCEEB2] Auto-router pass #565 on board '644fbcdd9144ac051c0f4d7d3166182c' was completed in 2,78 seconds with the score of 974,87 (4 unrouted), using 1083586,88 CPU seconds and 1281561 MB memory.
2026-08-13 15:46:08.152 INFO   [0B550D\DCEEB2] Auto-router pass #566 on board 'd9775b839b73d0726f1fa4de761b75ff' was completed in 3,36 seconds with the score of 974,78 (4 unrouted), using 1089393,38 CPU seconds and 1284973 MB memory.
2026-08-13 15:46:09.492 INFO   [0B550D\DCEEB2] Auto-router pass #567 on board '2b278f9bff111646ecc492757ecc2dcd' was completed in 1,32 seconds with the score of 975,59 (3 unrouted), using 1090847,38 CPU seconds and 1285898 MB memory.
2026-08-13 15:46:16.502 INFO   [0B550D\DCEEB2] Restoring an earlier board that has the score of 977,27 (2 unrouted).
2026-08-13 15:46:16.503 INFO   [0B550D\DCEEB2] Auto-router pass #568 on board 'a95a694a9a885a261bb47cb3a81e3363' was completed in 6,99 seconds with the score of 974,46 (4 unrouted), using 1101053,00 CPU seconds and 1291676 MB memory.
2026-08-13 15:46:18.907 INFO   [0B550D\DCEEB2] Auto-router pass #569 on board '644fbcdd9144ac051c0f4d7d3166182c' was completed in 2,40 seconds with the score of 975,95 (3 unrouted), using 1103977,75 CPU seconds and 1293360 MB memory.
2026-08-13 15:46:20.888 INFO   [0B550D\DCEEB2] Auto-router pass #570 on board '599e45350fc133ce201bd6abca499708' was completed in 1,95 seconds with the score of 976,11 (3 unrouted), using 1106906,25 CPU seconds and 1294994 MB memory.
2026-08-13 15:46:22.726 INFO   [0B550D\DCEEB2] Auto-router pass #571 on board '5c581ac0f7078412d533b101afd2451f' was completed in 1,81 seconds with the score of 975,78 (3 unrouted), using 1109838,75 CPU seconds and 1296655 MB memory.
2026-08-13 15:46:28.419 INFO   [0B550D\DCEEB2] Restoring an earlier board that has the score of 977,27 (2 unrouted).
2026-08-13 15:46:28.420 INFO   [0B550D\DCEEB2] Auto-router pass #572 on board '0a3598ca0b036ecd852fa3e98829b816' was completed in 5,67 seconds with the score of 976,87 (2 unrouted), using 1118659,62 CPU seconds and 1301898 MB memory.
2026-08-13 15:46:30.971 INFO   [0B550D\DCEEB2] Auto-router pass #573 on board '644fbcdd9144ac051c0f4d7d3166182c' was completed in 2,54 seconds with the score of 973,36 (5 unrouted), using 1121607,62 CPU seconds and 1303513 MB memory.
2026-08-13 15:46:31.033 WARN   ItemAutorouteInfo.get_expansion_room: p_index out of range
2026-08-13 15:46:31.033 WARN   ItemAutorouteInfo.get_expansion_room: p_index out of range
2026-08-13 15:46:31.033 WARN   ItemAutorouteInfo.get_expansion_room: p_index out of range
2026-08-13 15:46:31.033 WARN   ItemAutorouteInfo.get_expansion_room: p_index out of range
2026-08-13 15:46:31.034 WARN   ItemAutorouteInfo.get_expansion_room: p_index out of range
2026-08-13 15:46:31.034 WARN   ItemAutorouteInfo.get_expansion_room: p_index out of range
2026-08-13 15:46:31.034 WARN   ItemAutorouteInfo.get_expansion_room: p_index out of range
2026-08-13 15:46:31.034 WARN   ItemAutorouteInfo.get_expansion_room: p_index out of range
2026-08-13 15:46:31.035 WARN   ItemAutorouteInfo.get_expansion_room: p_index out of range
2026-08-13 15:46:31.036 WARN   ItemAutorouteInfo.get_expansion_room: p_index out of range
2026-08-13 15:46:31.037 WARN   ItemAutorouteInfo.get_expansion_room: p_index out of range
2026-08-13 15:46:31.037 WARN   ItemAutorouteInfo.get_expansion_room: p_index out of range
2026-08-13 15:46:31.037 WARN   ItemAutorouteInfo.get_expansion_room: p_index out of range
2026-08-13 15:46:31.037 WARN   ItemAutorouteInfo.get_expansion_room: p_index out of range
2026-08-13 15:46:31.037 WARN   ItemAutorouteInfo.get_expansion_room: p_index out of range
2026-08-13 15:46:31.038 WARN   ItemAutorouteInfo.get_expansion_room: p_index out of range
2026-08-13 15:46:31.038 WARN   ItemAutorouteInfo.get_expansion_room: p_index out of range
2026-08-13 15:46:31.038 WARN   ItemAutorouteInfo.get_expansion_room: p_index out of range
2026-08-13 15:46:31.039 WARN   ItemAutorouteInfo.get_expansion_room: p_index out of range
2026-08-13 15:46:31.039 WARN   ItemAutorouteInfo.get_expansion_room: p_index out of range
2026-08-13 15:46:31.040 WARN   ItemAutorouteInfo.get_expansion_room: p_index out of range
2026-08-13 15:46:31.040 WARN   ItemAutorouteInfo.get_expansion_room: p_index out of range
2026-08-13 15:46:31.040 WARN   ItemAutorouteInfo.get_expansion_room: p_index out of range
2026-08-13 15:46:31.040 WARN   ItemAutorouteInfo.get_expansion_room: p_index out of range
2026-08-13 15:46:31.045 WARN   ItemAutorouteInfo.get_expansion_room: p_index out of range
2026-08-13 15:46:31.045 WARN   ItemAutorouteInfo.get_expansion_room: p_index out of range
2026-08-13 15:46:31.045 WARN   ItemAutorouteInfo.get_expansion_room: p_index out of range
2026-08-13 15:46:31.049 WARN   ItemAutorouteInfo.get_expansion_room: p_index out of range
2026-08-13 15:46:31.049 WARN   ItemAutorouteInfo.get_expansion_room: p_index out of range
2026-08-13 15:46:31.050 WARN   ItemAutorouteInfo.get_expansion_room: p_index out of range
2026-08-13 15:46:31.050 WARN   ItemAutorouteInfo.get_expansion_room: p_index out of range
2026-08-13 15:46:31.050 WARN   ItemAutorouteInfo.get_expansion_room: p_index out of range
2026-08-13 15:46:31.050 WARN   ItemAutorouteInfo.get_expansion_room: p_index out of range
2026-08-13 15:46:31.050 WARN   ItemAutorouteInfo.get_expansion_room: p_index out of range
2026-08-13 15:46:31.050 WARN   ItemAutorouteInfo.get_expansion_room: p_index out of range
2026-08-13 15:46:31.050 WARN   ItemAutorouteInfo.get_expansion_room: p_index out of range
2026-08-13 15:46:31.050 WARN   ItemAutorouteInfo.get_expansion_room: p_index out of range
2026-08-13 15:46:31.050 WARN   ItemAutorouteInfo.get_expansion_room: p_index out of range
2026-08-13 15:46:31.050 WARN   ItemAutorouteInfo.get_expansion_room: p_index out of range
2026-08-13 15:46:31.056 WARN   ItemAutorouteInfo.get_expansion_room: p_index out of range
2026-08-13 15:46:31.059 WARN   ItemAutorouteInfo.get_expansion_room: p_index out of range
2026-08-13 15:46:31.059 WARN   ItemAutorouteInfo.get_expansion_room: p_index out of range
2026-08-13 15:46:31.059 WARN   ItemAutorouteInfo.get_expansion_room: p_index out of range
2026-08-13 15:46:31.059 WARN   ItemAutorouteInfo.get_expansion_room: p_index out of range
2026-08-13 15:46:31.059 WARN   ItemAutorouteInfo.get_expansion_room: p_index out of range
2026-08-13 15:46:31.061 WARN   ItemAutorouteInfo.get_expansion_room: p_index out of range
2026-08-13 15:46:31.061 WARN   ItemAutorouteInfo.get_expansion_room: p_index out of range
2026-08-13 15:46:31.061 WARN   ItemAutorouteInfo.get_expansion_room: p_index out of range
2026-08-13 15:46:31.061 WARN   ItemAutorouteInfo.get_expansion_room: p_index out of range
2026-08-13 15:46:31.061 WARN   ItemAutorouteInfo.get_expansion_room: p_index out of range
2026-08-13 15:46:31.061 WARN   ItemAutorouteInfo.get_expansion_room: p_index out of range
2026-08-13 15:46:31.063 WARN   ItemAutorouteInfo.get_expansion_room: p_index out of range
2026-08-13 15:46:31.063 WARN   ItemAutorouteInfo.get_expansion_room: p_index out of range
2026-08-13 15:46:31.065 WARN   ItemAutorouteInfo.get_expansion_room: p_index out of range
2026-08-13 15:46:31.065 WARN   ItemAutorouteInfo.get_expansion_room: p_index out of range
2026-08-13 15:46:31.065 WARN   ItemAutorouteInfo.get_expansion_room: p_index out of range
2026-08-13 15:46:31.065 WARN   ItemAutorouteInfo.get_expansion_room: p_index out of range
2026-08-13 15:46:31.065 WARN   ItemAutorouteInfo.get_expansion_room: p_index out of range
2026-08-13 15:46:31.065 WARN   ItemAutorouteInfo.get_expansion_room: p_index out of range
2026-08-13 15:46:31.066 WARN   ItemAutorouteInfo.get_expansion_room: p_index out of range
2026-08-13 15:46:31.069 WARN   ItemAutorouteInfo.get_expansion_room: p_index out of range
2026-08-13 15:46:31.072 WARN   ItemAutorouteInfo.get_expansion_room: p_index out of range
2026-08-13 15:46:31.072 WARN   ItemAutorouteInfo.get_expansion_room: p_index out of range
2026-08-13 15:46:31.085 WARN   ItemAutorouteInfo.get_expansion_room: p_index out of range
2026-08-13 15:46:31.090 WARN   ItemAutorouteInfo.get_expansion_room: p_index out of range
2026-08-13 15:46:31.090 WARN   ItemAutorouteInfo.get_expansion_room: p_index out of range
2026-08-13 15:46:31.095 WARN   ItemAutorouteInfo.get_expansion_room: p_index out of range
2026-08-13 15:46:31.095 WARN   ItemAutorouteInfo.get_expansion_room: p_index out of range
2026-08-13 15:46:31.096 WARN   ItemAutorouteInfo.get_expansion_room: p_index out of range
2026-08-13 15:46:31.096 WARN   ItemAutorouteInfo.get_expansion_room: p_index out of range
2026-08-13 15:46:31.096 WARN   ItemAutorouteInfo.get_expansion_room: p_index out of range
2026-08-13 15:46:31.096 WARN   ItemAutorouteInfo.get_expansion_room: p_index out of range
2026-08-13 15:46:31.096 WARN   ItemAutorouteInfo.get_expansion_room: p_index out of range
2026-08-13 15:46:31.096 WARN   ItemAutorouteInfo.get_expansion_room: p_index out of range
2026-08-13 15:46:31.096 WARN   ItemAutorouteInfo.get_expansion_room: p_index out of range
2026-08-13 15:46:31.096 WARN   ItemAutorouteInfo.get_expansion_room: p_index out of range
2026-08-13 15:46:31.096 WARN   ItemAutorouteInfo.get_expansion_room: p_index out of range
2026-08-13 15:46:31.100 WARN   ItemAutorouteInfo.get_expansion_room: p_index out of range
2026-08-13 15:46:31.100 WARN   ItemAutorouteInfo.get_expansion_room: p_index out of range
2026-08-13 15:46:31.100 WARN   ItemAutorouteInfo.get_expansion_room: p_index out of range
2026-08-13 15:46:31.104 WARN   ItemAutorouteInfo.get_expansion_room: p_index out of range
2026-08-13 15:46:31.104 WARN   ItemAutorouteInfo.get_expansion_room: p_index out of range
2026-08-13 15:46:31.104 WARN   ItemAutorouteInfo.get_expansion_room: p_index out of range
2026-08-13 15:46:31.104 WARN   ItemAutorouteInfo.get_expansion_room: p_index out of range
2026-08-13 15:46:31.104 WARN   ItemAutorouteInfo.get_expansion_room: p_index out of range
2026-08-13 15:46:31.104 WARN   ItemAutorouteInfo.get_expansion_room: p_index out of range
2026-08-13 15:46:31.104 WARN   ItemAutorouteInfo.get_expansion_room: p_index out of range
2026-08-13 15:46:31.104 WARN   ItemAutorouteInfo.get_expansion_room: p_index out of range
2026-08-13 15:46:31.104 WARN   ItemAutorouteInfo.get_expansion_room: p_index out of range
2026-08-13 15:46:31.104 WARN   ItemAutorouteInfo.get_expansion_room: p_index out of range
2026-08-13 15:46:31.105 WARN   ItemAutorouteInfo.get_expansion_room: p_index out of range
2026-08-13 15:46:31.105 WARN   ItemAutorouteInfo.get_expansion_room: p_index out of range
2026-08-13 15:46:31.109 WARN   ItemAutorouteInfo.get_expansion_room: p_index out of range
2026-08-13 15:46:31.109 WARN   ItemAutorouteInfo.get_expansion_room: p_index out of range
2026-08-13 15:46:31.124 WARN   ItemAutorouteInfo.get_expansion_room: p_index out of range
2026-08-13 15:46:31.124 WARN   ItemAutorouteInfo.get_expansion_room: p_index out of range
2026-08-13 15:46:31.125 WARN   ItemAutorouteInfo.get_expansion_room: p_index out of range
2026-08-13 15:46:31.125 WARN   ItemAutorouteInfo.get_expansion_room: p_index out of range
2026-08-13 15:46:31.125 WARN   ItemAutorouteInfo.get_expansion_room: p_index out of range
2026-08-13 15:46:31.125 WARN   ItemAutorouteInfo.get_expansion_room: p_index out of range
2026-08-13 15:46:31.125 WARN   ItemAutorouteInfo.get_expansion_room: p_index out of range
2026-08-13 15:46:31.125 WARN   ItemAutorouteInfo.get_expansion_room: p_index out of range
2026-08-13 15:46:34.190 INFO   [0B550D\DCEEB2] Auto-router pass #574 on board 'e25abab082660956d230e16050ba40e3' was completed in 3,19 seconds with the score of 973,27 (5 unrouted), using 1127515,38 CPU seconds and 1306520 MB memory.
2026-08-13 15:46:37.457 INFO   [0B550D\DCEEB2] Auto-router pass #575 on board '49c15db845ee63627322916081faff14' was completed in 3,24 seconds with the score of 973,07 (5 unrouted), using 1131956,50 CPU seconds and 1309189 MB memory.
2026-08-13 15:46:45.211 INFO   [0B550D\DCEEB2] Restoring an earlier board that has the score of 977,27 (2 unrouted).
2026-08-13 15:46:45.211 INFO   [0B550D\DCEEB2] Auto-router pass #576 on board '597470a6c930eed73be77201217f6798' was completed in 7,73 seconds with the score of 975,74 (3 unrouted), using 1143842,12 CPU seconds and 1315778 MB memory.
2026-08-13 15:46:47.565 INFO   [0B550D\DCEEB2] Auto-router pass #577 on board '644fbcdd9144ac051c0f4d7d3166182c' was completed in 2,35 seconds with the score of 975,95 (3 unrouted), using 1146823,38 CPU seconds and 1317554 MB memory.
2026-08-13 15:46:49.797 INFO   [0B550D\DCEEB2] Auto-router pass #578 on board '599e45350fc133ce201bd6abca499708' was completed in 2,22 seconds with the score of 975,67 (3 unrouted), using 1149808,38 CPU seconds and 1319235 MB memory.
2026-08-13 15:46:50.893 INFO   [0B550D\DCEEB2] Auto-router pass #579 on board '7bac475be340109eb129d7db530aaf7b' was completed in 1,07 seconds with the score of 977,10 (2 unrouted), using 1151302,38 CPU seconds and 1320107 MB memory.
2026-08-13 15:46:56.970 INFO   [0B550D\DCEEB2] Restoring an earlier board that has the score of 977,25 (2 unrouted).
2026-08-13 15:46:56.970 INFO   [0B550D\DCEEB2] Auto-router pass #580 on board '98d798423bb5cb5ba9867c5f95882400' was completed in 6,05 seconds with the score of 974,15 (4 unrouted), using 1160286,62 CPU seconds and 1324998 MB memory.
2026-08-13 15:46:58.354 INFO   [0B550D\DCEEB2] Auto-router pass #581 on board 'f8d46e1d63e22311dde0159f90a9f0fa' was completed in 1,37 seconds with the score of 977,12 (2 unrouted), using 1163289,12 CPU seconds and 1326559 MB memory.
2026-08-13 15:47:00.336 INFO   [0B550D\DCEEB2] Auto-router pass #582 on board '1a1a821123034d99f0a93924393ab588' was completed in 1,96 seconds with the score of 974,68 (4 unrouted), using 1166295,38 CPU seconds and 1328302 MB memory.
2026-08-13 15:47:02.724 INFO   [0B550D\DCEEB2] Auto-router pass #583 on board '2d40313d6c0b61939bb2015a8504f9b8' was completed in 2,36 seconds with the score of 975,60 (3 unrouted), using 1169305,62 CPU seconds and 1329888 MB memory.
2026-08-13 15:47:10.588 INFO   [0B550D\DCEEB2] Restoring an earlier board that has the score of 977,25 (2 unrouted).
2026-08-13 15:47:10.588 INFO   [0B550D\DCEEB2] Auto-router pass #584 on board 'ce2f53696194103199ea4a55d2ce3145' was completed in 7,84 seconds with the score of 972,51 (5 unrouted), using 1181385,38 CPU seconds and 1336429 MB memory.
2026-08-13 15:47:12.969 INFO   [0B550D\DCEEB2] Auto-router pass #585 on board 'f8d46e1d63e22311dde0159f90a9f0fa' was completed in 2,37 seconds with the score of 976,12 (3 unrouted), using 1184415,00 CPU seconds and 1338017 MB memory.
2026-08-13 15:47:13.752 INFO   [0B550D\DCEEB2] Auto-router pass #586 on board 'd092da385decca1c9456d82b3d74d89d' was completed in 0,76 seconds with the score of 977,20 (2 unrouted), using 1185931,25 CPU seconds and 1338784 MB memory.
2026-08-13 15:47:14.143 INFO   [0B550D\DCEEB2] Auto-router pass #587 on board '704b796e848311ec1698e6c696768854' was completed in 0,36 seconds with the score of 977,12 (2 unrouted), using 1187448,50 CPU seconds and 1339650 MB memory.
2026-08-13 15:47:18.642 INFO   [0B550D\DCEEB2] Restoring an earlier board that has the score of 977,25 (2 unrouted).
2026-08-13 15:47:18.642 INFO   [0B550D\DCEEB2] Auto-router pass #588 on board '6dca03d0a05505ca20f7ae16f1371178' was completed in 4,48 seconds with the score of 976,10 (3 unrouted), using 1193527,25 CPU seconds and 1343186 MB memory.
2026-08-13 15:47:20.935 INFO   [0B550D\DCEEB2] Auto-router pass #589 on board 'f8d46e1d63e22311dde0159f90a9f0fa' was completed in 2,28 seconds with the score of 976,12 (3 unrouted), using 1196572,38 CPU seconds and 1344825 MB memory.
2026-08-13 15:47:22.415 INFO   [0B550D\DCEEB2] Auto-router pass #590 on board 'd092da385decca1c9456d82b3d74d89d' was completed in 1,47 seconds with the score of 974,89 (4 unrouted), using 1199621,38 CPU seconds and 1346565 MB memory.
2026-08-13 15:47:23.137 INFO   [0B550D\DCEEB2] Auto-router pass #591 on board '9eaf5bfcca50fbc369f4823cd2439623' was completed in 0,70 seconds with the score of 976,09 (3 unrouted), using 1201147,38 CPU seconds and 1347504 MB memory.
2026-08-13 15:47:28.157 INFO   [0B550D\DCEEB2] Restoring an earlier board that has the score of 977,25 (2 unrouted).
2026-08-13 15:47:28.158 INFO   [0B550D\DCEEB2] Auto-router pass #592 on board 'eed6ef13a181812db9ae2e55af7ba930' was completed in 5,00 seconds with the score of 977,28 (2 unrouted), using 1208791,88 CPU seconds and 1351220 MB memory.
2026-08-13 15:47:29.487 INFO   [0B550D\DCEEB2] Auto-router pass #593 on board 'f8d46e1d63e22311dde0159f90a9f0fa' was completed in 1,32 seconds with the score of 977,12 (2 unrouted), using 1210323,75 CPU seconds and 1352083 MB memory.
2026-08-13 15:47:30.919 INFO   [0B550D\DCEEB2] Auto-router pass #594 on board '1a1a821123034d99f0a93924393ab588' was completed in 1,42 seconds with the score of 971,31 (6 unrouted), using 1211856,50 CPU seconds and 1353055 MB memory.
2026-08-13 15:47:34.935 INFO   [0B550D\DCEEB2] Auto-router pass #595 on board 'ae6146fb1b8fc7606b499ac4962076fb' was completed in 3,99 seconds with the score of 972,38 (5 unrouted), using 1217997,25 CPU seconds and 1356476 MB memory.
2026-08-13 15:47:46.188 INFO   [0B550D\DCEEB2] Restoring an earlier board that has the score of 977,23 (2 unrouted).
2026-08-13 15:47:46.188 INFO   [0B550D\DCEEB2] Auto-router pass #596 on board '6453aae3ede7465c34b7f6223e5ee900' was completed in 11,23 seconds with the score of 976,42 (2 unrouted), using 1236513,25 CPU seconds and 1366955 MB memory.
2026-08-13 15:47:47.724 INFO   [0B550D\DCEEB2] Auto-router pass #597 on board '36ae81e5e8cd246c6150757b257cc3fc' was completed in 1,53 seconds with the score of 977,25 (2 unrouted), using 1238062,62 CPU seconds and 1367836 MB memory.
2026-08-13 15:47:47.808 WARN   ItemAutorouteInfo.get_expansion_room: p_index out of range
2026-08-13 15:47:47.809 WARN   ItemAutorouteInfo.get_expansion_room: p_index out of range
2026-08-13 15:47:47.809 WARN   ItemAutorouteInfo.get_expansion_room: p_index out of range
2026-08-13 15:47:47.809 WARN   ItemAutorouteInfo.get_expansion_room: p_index out of range
2026-08-13 15:47:47.809 WARN   ItemAutorouteInfo.get_expansion_room: p_index out of range
2026-08-13 15:47:47.809 WARN   ItemAutorouteInfo.get_expansion_room: p_index out of range
2026-08-13 15:47:47.809 WARN   ItemAutorouteInfo.get_expansion_room: p_index out of range
2026-08-13 15:47:47.809 WARN   ItemAutorouteInfo.get_expansion_room: p_index out of range
2026-08-13 15:47:47.809 WARN   ItemAutorouteInfo.get_expansion_room: p_index out of range
2026-08-13 15:47:47.809 WARN   ItemAutorouteInfo.get_expansion_room: p_index out of range
2026-08-13 15:47:47.812 WARN   ItemAutorouteInfo.get_expansion_room: p_index out of range
2026-08-13 15:47:47.812 WARN   ItemAutorouteInfo.get_expansion_room: p_index out of range
2026-08-13 15:47:47.812 WARN   ItemAutorouteInfo.get_expansion_room: p_index out of range
2026-08-13 15:47:47.812 WARN   ItemAutorouteInfo.get_expansion_room: p_index out of range
2026-08-13 15:47:47.813 WARN   ItemAutorouteInfo.get_expansion_room: p_index out of range
2026-08-13 15:47:47.813 WARN   ItemAutorouteInfo.get_expansion_room: p_index out of range
2026-08-13 15:47:47.813 WARN   ItemAutorouteInfo.get_expansion_room: p_index out of range
2026-08-13 15:47:47.813 WARN   ItemAutorouteInfo.get_expansion_room: p_index out of range
2026-08-13 15:47:47.813 WARN   ItemAutorouteInfo.get_expansion_room: p_index out of range
2026-08-13 15:47:47.813 WARN   ItemAutorouteInfo.get_expansion_room: p_index out of range
2026-08-13 15:47:47.813 WARN   ItemAutorouteInfo.get_expansion_room: p_index out of range
2026-08-13 15:47:47.813 WARN   ItemAutorouteInfo.get_expansion_room: p_index out of range
2026-08-13 15:47:47.813 WARN   ItemAutorouteInfo.get_expansion_room: p_index out of range
2026-08-13 15:47:47.813 WARN   ItemAutorouteInfo.get_expansion_room: p_index out of range
2026-08-13 15:47:47.813 WARN   ItemAutorouteInfo.get_expansion_room: p_index out of range
2026-08-13 15:47:47.814 WARN   ItemAutorouteInfo.get_expansion_room: p_index out of range
2026-08-13 15:47:47.814 WARN   ItemAutorouteInfo.get_expansion_room: p_index out of range
2026-08-13 15:47:47.814 WARN   ItemAutorouteInfo.get_expansion_room: p_index out of range
2026-08-13 15:47:47.814 WARN   ItemAutorouteInfo.get_expansion_room: p_index out of range
2026-08-13 15:47:47.814 WARN   ItemAutorouteInfo.get_expansion_room: p_index out of range
2026-08-13 15:47:47.814 WARN   ItemAutorouteInfo.get_expansion_room: p_index out of range
2026-08-13 15:47:47.814 WARN   ItemAutorouteInfo.get_expansion_room: p_index out of range
2026-08-13 15:47:47.814 WARN   ItemAutorouteInfo.get_expansion_room: p_index out of range
2026-08-13 15:47:47.814 WARN   ItemAutorouteInfo.get_expansion_room: p_index out of range
2026-08-13 15:47:48.265 WARN   ItemAutorouteInfo.get_expansion_room: p_index out of range
2026-08-13 15:47:48.431 INFO   [0B550D\DCEEB2] Auto-router pass #598 on board 'f154ef2a8ffa4ca027cf03e5d54ac930' was completed in 0,69 seconds with the score of 977,20 (2 unrouted), using 1239613,00 CPU seconds and 1368791 MB memory.
2026-08-13 15:47:48.946 INFO   [0B550D\DCEEB2] Auto-router pass #599 on board '72272847ad7e2ec3e9cdc14173b22018' was completed in 0,49 seconds with the score of 975,91 (3 unrouted), using 1239613,00 CPU seconds and 1368791 MB memory.
2026-08-13 15:47:55.593 INFO   [0B550D\DCEEB2] Restoring an earlier board that has the score of 977,25 (2 unrouted).
2026-08-13 15:47:55.593 INFO   [0B550D\DCEEB2] Auto-router pass #600 on board 'af3b876a4ae1aae158e0b8edf5a4cceb' was completed in 6,62 seconds with the score of 975,68 (3 unrouted), using 1250492,38 CPU seconds and 1374624 MB memory.
2026-08-13 15:47:57.494 INFO   [0B550D\DCEEB2] Auto-router pass #601 on board 'f154ef2a8ffa4ca027cf03e5d54ac930' was completed in 1,89 seconds with the score of 976,02 (3 unrouted), using 1253609,50 CPU seconds and 1376281 MB memory.
2026-08-13 15:47:59.953 INFO   [0B550D\DCEEB2] Auto-router pass #602 on board 'a27008b976a641e78f41229e9cfd4eb3' was completed in 2,44 seconds with the score of 970,75 (7 unrouted), using 1256730,50 CPU seconds and 1378002 MB memory.
2026-08-13 15:48:00.314 ERROR  AutorouteEngine.autoroute_connection: Exception in maze_search_algo.find_connection
java.lang.ArrayIndexOutOfBoundsException: null
2026-08-13 15:48:00.314 ERROR  AutorouteEngine.autoroute_connection: Exception in maze_search_algo.find_connection
java.lang.ArrayIndexOutOfBoundsException: null
2026-08-13 15:48:03.638 INFO   [0B550D\DCEEB2] Auto-router pass #603 on board 'd0c3f9b10c691b541ff090d89b101f74' was completed in 3,66 seconds with the score of 969,94 (7 unrouted), using 1262984,00 CPU seconds and 1381336 MB memory.
2026-08-13 15:48:17.202 INFO   [0B550D\DCEEB2] Restoring an earlier board that has the score of 977,25 (2 unrouted).
2026-08-13 15:48:17.202 INFO   [0B550D\DCEEB2] Auto-router pass #604 on board 'c8ec02acc491299c27a161e1cb0c8566' was completed in 13,54 seconds with the score of 970,66 (6 unrouted), using 1284995,12 CPU seconds and 1393376 MB memory.
2026-08-13 15:48:18.358 INFO   [0B550D\DCEEB2] Auto-router pass #605 on board 'f154ef2a8ffa4ca027cf03e5d54ac930' was completed in 1,15 seconds with the score of 977,12 (2 unrouted), using 1286574,62 CPU seconds and 1394293 MB memory.
2026-08-13 15:48:19.949 INFO   [0B550D\DCEEB2] Auto-router pass #606 on board '79d29db32be97b34c0b147684d220f53' was completed in 1,57 seconds with the score of 971,31 (6 unrouted), using 1288155,12 CPU seconds and 1395310 MB memory.
2026-08-13 15:48:22.077 INFO   [0B550D\DCEEB2] Auto-router pass #607 on board '04a183c283395112a1376fa8abf39bbc' was completed in 2,10 seconds with the score of 975,17 (3 unrouted), using 1292902,38 CPU seconds and 1397795 MB memory.
2026-08-13 15:48:27.641 INFO   [0B550D\DCEEB2] Restoring an earlier board that has the score of 977,25 (2 unrouted).
2026-08-13 15:48:27.641 INFO   [0B550D\DCEEB2] Auto-router pass #608 on board '0416527d12d60fd1c8de09a6ba5d6f32' was completed in 5,54 seconds with the score of 976,66 (2 unrouted), using 1300833,88 CPU seconds and 1401855 MB memory.
2026-08-13 15:48:29.863 INFO   [0B550D\DCEEB2] Auto-router pass #609 on board 'f154ef2a8ffa4ca027cf03e5d54ac930' was completed in 2,21 seconds with the score of 976,02 (3 unrouted), using 1304013,38 CPU seconds and 1403499 MB memory.
2026-08-13 15:48:32.395 INFO   [0B550D\DCEEB2] Auto-router pass #610 on board '6dbc64e29755a8c37bf8ed3402418d9b' was completed in 2,51 seconds with the score of 968,80 (8 unrouted), using 1308789,75 CPU seconds and 1405852 MB memory.
2026-08-13 15:48:36.262 INFO   [0B550D\DCEEB2] Auto-router pass #611 on board '611ca6780bbb70593d96789c7df6975a' was completed in 3,85 seconds with the score of 974,75 (3 unrouted), using 1315171,75 CPU seconds and 1409229 MB memory.
2026-08-13 15:48:43.542 INFO   [0B550D\DCEEB2] Restoring an earlier board that has the score of 977,25 (2 unrouted).
2026-08-13 15:48:43.542 INFO   [0B550D\DCEEB2] Auto-router pass #612 on board '44edc55329aef451db06da35912f5af4' was completed in 7,25 seconds with the score of 971,69 (5 unrouted), using 1326378,12 CPU seconds and 1414975 MB memory.
2026-08-13 15:48:45.078 INFO   [0B550D\DCEEB2] Auto-router pass #613 on board 'f154ef2a8ffa4ca027cf03e5d54ac930' was completed in 1,52 seconds with the score of 977,12 (2 unrouted), using 1329588,62 CPU seconds and 1416489 MB memory.
2026-08-13 15:48:47.179 INFO   [0B550D\DCEEB2] Auto-router pass #614 on board '79d29db32be97b34c0b147684d220f53' was completed in 2,09 seconds with the score of 974,68 (4 unrouted), using 1332803,00 CPU seconds and 1418079 MB memory.
2026-08-13 15:48:50.173 INFO   [0B550D\DCEEB2] Auto-router pass #615 on board 'ac6749529c515559a47e36805550d722' was completed in 2,96 seconds with the score of 972,12 (6 unrouted), using 1337631,88 CPU seconds and 1420396 MB memory.
2026-08-13 15:48:57.198 INFO   [0B550D\DCEEB2] Restoring an earlier board that has the score of 977,23 (2 unrouted).
2026-08-13 15:48:57.198 INFO   [0B550D\DCEEB2] Auto-router pass #616 on board '29bf723d7d39c0bc83e7919053829082' was completed in 7,00 seconds with the score of 970,15 (7 unrouted), using 1348933,38 CPU seconds and 1426226 MB memory.
2026-08-13 15:49:00.179 INFO   [0B550D\DCEEB2] Auto-router pass #617 on board '0cfa786762d7db0e062e88998bca5d9c' was completed in 2,97 seconds with the score of 974,80 (4 unrouted), using 1353791,38 CPU seconds and 1428591 MB memory.
2026-08-13 15:49:03.475 INFO   [0B550D\DCEEB2] Auto-router pass #618 on board 'f67d1b80f34494abd091e16b0e5d3328' was completed in 3,27 seconds with the score of 974,26 (4 unrouted), using 1358658,12 CPU seconds and 1430916 MB memory.
2026-08-13 15:49:05.313 INFO   [0B550D\DCEEB2] Auto-router pass #619 on board 'b66a01e0d3dc23a39cbb97d9698b17cf' was completed in 1,81 seconds with the score of 975,61 (3 unrouted), using 1361907,50 CPU seconds and 1432567 MB memory.
2026-08-13 15:49:15.052 INFO   [0B550D\DCEEB2] Restoring an earlier board that has the score of 977,23 (2 unrouted).
2026-08-13 15:49:15.053 INFO   [0B550D\DCEEB2] Auto-router pass #620 on board '14e280efbff627f02a33efa39c40972e' was completed in 9,72 seconds with the score of 971,16 (6 unrouted), using 1378212,75 CPU seconds and 1439993 MB memory.
2026-08-13 15:49:17.125 INFO   [0B550D\DCEEB2] Auto-router pass #621 on board '0cfa786762d7db0e062e88998bca5d9c' was completed in 2,06 seconds with the score of 973,30 (5 unrouted), using 1381485,50 CPU seconds and 1441487 MB memory.
2026-08-13 15:49:21.186 INFO   [0B550D\DCEEB2] Auto-router pass #622 on board '31757b2d9fba751b0802a602111a847e' was completed in 4,03 seconds with the score of 974,31 (4 unrouted), using 1388042,50 CPU seconds and 1444413 MB memory.
2026-08-13 15:49:24.398 INFO   [0B550D\DCEEB2] Auto-router pass #623 on board 'c6d6a65dbb8c3696359f9974ce793840' was completed in 3,19 seconds with the score of 974,13 (4 unrouted), using 1392970,38 CPU seconds and 1446887 MB memory.
2026-08-13 15:49:32.633 INFO   [0B550D\DCEEB2] Restoring an earlier board that has the score of 977,23 (2 unrouted).
2026-08-13 15:49:32.633 INFO   [0B550D\DCEEB2] Auto-router pass #624 on board '96860fad93dd8da10285bc8a19819a83' was completed in 8,21 seconds with the score of 974,26 (4 unrouted), using 1406154,62 CPU seconds and 1453204 MB memory.
2026-08-13 15:49:35.722 INFO   [0B550D\DCEEB2] Auto-router pass #625 on board '0cfa786762d7db0e062e88998bca5d9c' was completed in 3,08 seconds with the score of 974,80 (4 unrouted), using 1411114,62 CPU seconds and 1455517 MB memory.
2026-08-13 15:49:38.791 INFO   [0B550D\DCEEB2] Auto-router pass #626 on board 'f67d1b80f34494abd091e16b0e5d3328' was completed in 3,06 seconds with the score of 974,24 (4 unrouted), using 1416083,38 CPU seconds and 1457804 MB memory.
2026-08-13 15:49:41.341 INFO   [0B550D\DCEEB2] Auto-router pass #627 on board 'd431efdf5778d71aa6e933139e6b096d' was completed in 2,52 seconds with the score of 973,81 (4 unrouted), using 1421060,88 CPU seconds and 1460058 MB memory.
2026-08-13 15:49:50.270 INFO   [0B550D\DCEEB2] Restoring an earlier board that has the score of 977,23 (2 unrouted).
2026-08-13 15:49:50.270 INFO   [0B550D\DCEEB2] Auto-router pass #628 on board '47bb6a34d7d87bcbef696021d9aee340' was completed in 8,91 seconds with the score of 972,35 (5 unrouted), using 1436046,12 CPU seconds and 1467056 MB memory.
2026-08-13 15:49:52.709 INFO   [0B550D\DCEEB2] Auto-router pass #629 on board '0cfa786762d7db0e062e88998bca5d9c' was completed in 2,43 seconds with the score of 975,89 (3 unrouted), using 1439386,88 CPU seconds and 1468582 MB memory.
2026-08-13 15:49:55.231 INFO   [0B550D\DCEEB2] Auto-router pass #630 on board '8dee5a6ed40b85ccde8b3f84e3a9af9e' was completed in 2,50 seconds with the score of 975,83 (3 unrouted), using 1444405,12 CPU seconds and 1470882 MB memory.
2026-08-13 15:49:58.098 INFO   [0B550D\DCEEB2] Auto-router pass #631 on board 'a64c5ec9eed30a31c27a7b4a1d52c2fe' was completed in 2,84 seconds with the score of 974,69 (4 unrouted), using 1449432,12 CPU seconds and 1473060 MB memory.
2026-08-13 15:50:09.881 INFO   [0B550D\DCEEB2] Restoring an earlier board that has the score of 977,23 (2 unrouted).
2026-08-13 15:50:09.881 INFO   [0B550D\DCEEB2] Auto-router pass #632 on board 'f815e9ce987ae05312f77f4d22886c68' was completed in 11,75 seconds with the score of 973,37 (5 unrouted), using 1467940,12 CPU seconds and 1481052 MB memory.
2026-08-13 15:50:11.766 INFO   [0B550D\DCEEB2] Auto-router pass #633 on board 'f04ba090951a725ef94d1b63d70803a3' was completed in 1,88 seconds with the score of 973,30 (5 unrouted), using 1471317,88 CPU seconds and 1482589 MB memory.
2026-08-13 15:50:14.283 INFO   [0B550D\DCEEB2] Auto-router pass #634 on board '0b2300e1e52c8a5257320cc27bb48b57' was completed in 2,49 seconds with the score of 974,20 (4 unrouted), using 1476391,75 CPU seconds and 1484987 MB memory.
2026-08-13 15:50:16.376 INFO   [0B550D\DCEEB2] Auto-router pass #635 on board '58dcdf75d5264aeb71351dffb3850785' was completed in 2,07 seconds with the score of 972,98 (5 unrouted), using 1479779,25 CPU seconds and 1486576 MB memory.
2026-08-13 15:50:24.158 INFO   [0B550D\DCEEB2] Restoring an earlier board that has the score of 977,23 (2 unrouted).
2026-08-13 15:50:24.158 INFO   [0B550D\DCEEB2] Auto-router pass #636 on board '21ea4136eaede4ddb0023dd96302f368' was completed in 7,76 seconds with the score of 974,27 (4 unrouted), using 1493368,00 CPU seconds and 1492972 MB memory.
2026-08-13 15:50:26.814 INFO   [0B550D\DCEEB2] Auto-router pass #637 on board 'f04ba090951a725ef94d1b63d70803a3' was completed in 2,65 seconds with the score of 973,16 (5 unrouted), using 1496775,00 CPU seconds and 1494442 MB memory.
2026-08-13 15:50:26.876 WARN   ItemAutorouteInfo.get_expansion_room: p_index out of range
2026-08-13 15:50:26.877 WARN   ItemAutorouteInfo.get_expansion_room: p_index out of range
2026-08-13 15:50:26.877 WARN   ItemAutorouteInfo.get_expansion_room: p_index out of range
2026-08-13 15:50:26.877 WARN   ItemAutorouteInfo.get_expansion_room: p_index out of range
2026-08-13 15:50:26.877 WARN   ItemAutorouteInfo.get_expansion_room: p_index out of range
2026-08-13 15:50:26.878 WARN   ItemAutorouteInfo.get_expansion_room: p_index out of range
2026-08-13 15:50:26.878 WARN   ItemAutorouteInfo.get_expansion_room: p_index out of range
2026-08-13 15:50:26.878 WARN   ItemAutorouteInfo.get_expansion_room: p_index out of range
2026-08-13 15:50:26.878 WARN   ItemAutorouteInfo.get_expansion_room: p_index out of range
2026-08-13 15:50:26.878 WARN   ItemAutorouteInfo.get_expansion_room: p_index out of range
2026-08-13 15:50:26.878 WARN   ItemAutorouteInfo.get_expansion_room: p_index out of range
2026-08-13 15:50:26.879 WARN   ItemAutorouteInfo.get_expansion_room: p_index out of range
2026-08-13 15:50:26.879 WARN   ItemAutorouteInfo.get_expansion_room: p_index out of range
2026-08-13 15:50:26.879 WARN   ItemAutorouteInfo.get_expansion_room: p_index out of range
2026-08-13 15:50:26.879 WARN   ItemAutorouteInfo.get_expansion_room: p_index out of range
2026-08-13 15:50:26.879 WARN   ItemAutorouteInfo.get_expansion_room: p_index out of range
2026-08-13 15:50:26.879 WARN   ItemAutorouteInfo.get_expansion_room: p_index out of range
2026-08-13 15:50:26.879 WARN   ItemAutorouteInfo.get_expansion_room: p_index out of range
2026-08-13 15:50:26.879 WARN   ItemAutorouteInfo.get_expansion_room: p_index out of range
2026-08-13 15:50:26.879 WARN   ItemAutorouteInfo.get_expansion_room: p_index out of range
2026-08-13 15:50:26.880 WARN   ItemAutorouteInfo.get_expansion_room: p_index out of range
2026-08-13 15:50:26.880 WARN   ItemAutorouteInfo.get_expansion_room: p_index out of range
2026-08-13 15:50:26.880 WARN   ItemAutorouteInfo.get_expansion_room: p_index out of range
2026-08-13 15:50:26.880 WARN   ItemAutorouteInfo.get_expansion_room: p_index out of range
2026-08-13 15:50:26.880 WARN   ItemAutorouteInfo.get_expansion_room: p_index out of range
2026-08-13 15:50:26.880 WARN   ItemAutorouteInfo.get_expansion_room: p_index out of range
2026-08-13 15:50:26.880 WARN   ItemAutorouteInfo.get_expansion_room: p_index out of range
2026-08-13 15:50:26.880 WARN   ItemAutorouteInfo.get_expansion_room: p_index out of range
2026-08-13 15:50:26.880 WARN   ItemAutorouteInfo.get_expansion_room: p_index out of range
2026-08-13 15:50:26.880 WARN   ItemAutorouteInfo.get_expansion_room: p_index out of range
2026-08-13 15:50:26.889 WARN   ItemAutorouteInfo.get_expansion_room: p_index out of range
2026-08-13 15:50:26.891 WARN   ItemAutorouteInfo.get_expansion_room: p_index out of range
2026-08-13 15:50:26.892 WARN   ItemAutorouteInfo.get_expansion_room: p_index out of range
2026-08-13 15:50:26.894 WARN   ItemAutorouteInfo.get_expansion_room: p_index out of range
2026-08-13 15:50:26.894 WARN   ItemAutorouteInfo.get_expansion_room: p_index out of range
2026-08-13 15:50:26.894 WARN   ItemAutorouteInfo.get_expansion_room: p_index out of range
2026-08-13 15:50:26.894 WARN   ItemAutorouteInfo.get_expansion_room: p_index out of range
2026-08-13 15:50:26.894 WARN   ItemAutorouteInfo.get_expansion_room: p_index out of range
2026-08-13 15:50:26.894 WARN   ItemAutorouteInfo.get_expansion_room: p_index out of range
2026-08-13 15:50:26.894 WARN   ItemAutorouteInfo.get_expansion_room: p_index out of range
2026-08-13 15:50:26.894 WARN   ItemAutorouteInfo.get_expansion_room: p_index out of range
2026-08-13 15:50:26.894 WARN   ItemAutorouteInfo.get_expansion_room: p_index out of range
2026-08-13 15:50:26.894 WARN   ItemAutorouteInfo.get_expansion_room: p_index out of range
2026-08-13 15:50:26.894 WARN   ItemAutorouteInfo.get_expansion_room: p_index out of range
2026-08-13 15:50:26.894 WARN   ItemAutorouteInfo.get_expansion_room: p_index out of range
2026-08-13 15:50:26.894 WARN   ItemAutorouteInfo.get_expansion_room: p_index out of range
2026-08-13 15:50:26.894 WARN   ItemAutorouteInfo.get_expansion_room: p_index out of range
2026-08-13 15:50:26.894 WARN   ItemAutorouteInfo.get_expansion_room: p_index out of range
2026-08-13 15:50:26.895 WARN   ItemAutorouteInfo.get_expansion_room: p_index out of range
2026-08-13 15:50:26.895 WARN   ItemAutorouteInfo.get_expansion_room: p_index out of range
2026-08-13 15:50:26.895 WARN   ItemAutorouteInfo.get_expansion_room: p_index out of range
2026-08-13 15:50:26.895 WARN   ItemAutorouteInfo.get_expansion_room: p_index out of range
2026-08-13 15:50:26.896 WARN   ItemAutorouteInfo.get_expansion_room: p_index out of range
2026-08-13 15:50:26.896 WARN   ItemAutorouteInfo.get_expansion_room: p_index out of range
2026-08-13 15:50:26.896 WARN   ItemAutorouteInfo.get_expansion_room: p_index out of range
2026-08-13 15:50:26.896 WARN   ItemAutorouteInfo.get_expansion_room: p_index out of range
2026-08-13 15:50:26.897 WARN   ItemAutorouteInfo.get_expansion_room: p_index out of range
2026-08-13 15:50:26.898 WARN   ItemAutorouteInfo.get_expansion_room: p_index out of range
2026-08-13 15:50:26.898 WARN   ItemAutorouteInfo.get_expansion_room: p_index out of range
2026-08-13 15:50:26.901 WARN   ItemAutorouteInfo.get_expansion_room: p_index out of range
2026-08-13 15:50:26.905 WARN   ItemAutorouteInfo.get_expansion_room: p_index out of range
2026-08-13 15:50:26.905 WARN   ItemAutorouteInfo.get_expansion_room: p_index out of range
2026-08-13 15:50:26.905 WARN   ItemAutorouteInfo.get_expansion_room: p_index out of range
2026-08-13 15:50:26.905 WARN   ItemAutorouteInfo.get_expansion_room: p_index out of range
2026-08-13 15:50:26.905 WARN   ItemAutorouteInfo.get_expansion_room: p_index out of range
2026-08-13 15:50:26.905 WARN   ItemAutorouteInfo.get_expansion_room: p_index out of range
2026-08-13 15:50:26.905 WARN   ItemAutorouteInfo.get_expansion_room: p_index out of range
2026-08-13 15:50:26.905 WARN   ItemAutorouteInfo.get_expansion_room: p_index out of range
2026-08-13 15:50:26.905 WARN   ItemAutorouteInfo.get_expansion_room: p_index out of range
2026-08-13 15:50:26.905 WARN   ItemAutorouteInfo.get_expansion_room: p_index out of range
2026-08-13 15:50:26.905 WARN   ItemAutorouteInfo.get_expansion_room: p_index out of range
2026-08-13 15:50:26.905 WARN   ItemAutorouteInfo.get_expansion_room: p_index out of range
2026-08-13 15:50:26.905 WARN   ItemAutorouteInfo.get_expansion_room: p_index out of range
2026-08-13 15:50:26.908 WARN   ItemAutorouteInfo.get_expansion_room: p_index out of range
2026-08-13 15:50:26.908 WARN   ItemAutorouteInfo.get_expansion_room: p_index out of range
2026-08-13 15:50:26.908 WARN   ItemAutorouteInfo.get_expansion_room: p_index out of range
2026-08-13 15:50:26.908 WARN   ItemAutorouteInfo.get_expansion_room: p_index out of range
2026-08-13 15:50:26.908 WARN   ItemAutorouteInfo.get_expansion_room: p_index out of range
2026-08-13 15:50:26.908 WARN   ItemAutorouteInfo.get_expansion_room: p_index out of range
2026-08-13 15:50:26.908 WARN   ItemAutorouteInfo.get_expansion_room: p_index out of range
2026-08-13 15:50:26.908 WARN   ItemAutorouteInfo.get_expansion_room: p_index out of range
2026-08-13 15:50:26.909 WARN   ItemAutorouteInfo.get_expansion_room: p_index out of range
2026-08-13 15:50:26.910 WARN   ItemAutorouteInfo.get_expansion_room: p_index out of range
2026-08-13 15:50:26.910 WARN   ItemAutorouteInfo.get_expansion_room: p_index out of range
2026-08-13 15:50:26.910 WARN   ItemAutorouteInfo.get_expansion_room: p_index out of range
2026-08-13 15:50:26.910 WARN   ItemAutorouteInfo.get_expansion_room: p_index out of range
2026-08-13 15:50:26.910 WARN   ItemAutorouteInfo.get_expansion_room: p_index out of range
2026-08-13 15:50:26.910 WARN   ItemAutorouteInfo.get_expansion_room: p_index out of range
2026-08-13 15:50:26.910 WARN   ItemAutorouteInfo.get_expansion_room: p_index out of range
2026-08-13 15:50:26.912 WARN   ItemAutorouteInfo.get_expansion_room: p_index out of range
2026-08-13 15:50:26.912 WARN   ItemAutorouteInfo.get_expansion_room: p_index out of range
2026-08-13 15:50:26.914 WARN   ItemAutorouteInfo.get_expansion_room: p_index out of range
2026-08-13 15:50:26.914 WARN   ItemAutorouteInfo.get_expansion_room: p_index out of range
2026-08-13 15:50:26.914 WARN   ItemAutorouteInfo.get_expansion_room: p_index out of range
2026-08-13 15:50:26.917 WARN   ItemAutorouteInfo.get_expansion_room: p_index out of range
2026-08-13 15:50:26.918 WARN   ItemAutorouteInfo.get_expansion_room: p_index out of range
2026-08-13 15:50:26.924 WARN   ItemAutorouteInfo.get_expansion_room: p_index out of range
2026-08-13 15:50:26.924 WARN   ItemAutorouteInfo.get_expansion_room: p_index out of range
2026-08-13 15:50:26.924 WARN   ItemAutorouteInfo.get_expansion_room: p_index out of range
2026-08-13 15:50:26.924 WARN   ItemAutorouteInfo.get_expansion_room: p_index out of range
2026-08-13 15:50:26.930 WARN   ItemAutorouteInfo.get_expansion_room: p_index out of range
2026-08-13 15:50:26.930 WARN   ItemAutorouteInfo.get_expansion_room: p_index out of range
2026-08-13 15:50:26.956 WARN   ItemAutorouteInfo.get_expansion_room: p_index out of range
2026-08-13 15:50:26.956 WARN   ItemAutorouteInfo.get_expansion_room: p_index out of range
2026-08-13 15:50:26.957 WARN   ItemAutorouteInfo.get_expansion_room: p_index out of range
2026-08-13 15:50:26.964 WARN   ItemAutorouteInfo.get_expansion_room: p_index out of range
2026-08-13 15:50:26.964 WARN   ItemAutorouteInfo.get_expansion_room: p_index out of range
2026-08-13 15:50:26.964 WARN   ItemAutorouteInfo.get_expansion_room: p_index out of range
2026-08-13 15:50:26.965 WARN   ItemAutorouteInfo.get_expansion_room: p_index out of range
2026-08-13 15:50:26.965 WARN   ItemAutorouteInfo.get_expansion_room: p_index out of range
2026-08-13 15:50:26.965 WARN   ItemAutorouteInfo.get_expansion_room: p_index out of range
2026-08-13 15:50:26.965 WARN   ItemAutorouteInfo.get_expansion_room: p_index out of range
2026-08-13 15:50:26.965 WARN   ItemAutorouteInfo.get_expansion_room: p_index out of range
2026-08-13 15:50:26.965 WARN   ItemAutorouteInfo.get_expansion_room: p_index out of range
2026-08-13 15:50:26.965 WARN   ItemAutorouteInfo.get_expansion_room: p_index out of range
2026-08-13 15:50:26.965 WARN   ItemAutorouteInfo.get_expansion_room: p_index out of range
2026-08-13 15:50:26.966 WARN   ItemAutorouteInfo.get_expansion_room: p_index out of range
2026-08-13 15:50:26.966 WARN   ItemAutorouteInfo.get_expansion_room: p_index out of range
2026-08-13 15:50:26.966 WARN   ItemAutorouteInfo.get_expansion_room: p_index out of range
2026-08-13 15:50:26.976 WARN   ItemAutorouteInfo.get_expansion_room: p_index out of range
2026-08-13 15:50:26.978 WARN   ItemAutorouteInfo.get_expansion_room: p_index out of range
2026-08-13 15:50:27.056 WARN   ItemAutorouteInfo.get_expansion_room: p_index out of range
2026-08-13 15:50:27.059 WARN   ItemAutorouteInfo.get_expansion_room: p_index out of range
2026-08-13 15:50:27.059 WARN   ItemAutorouteInfo.get_expansion_room: p_index out of range
2026-08-13 15:50:27.059 WARN   ItemAutorouteInfo.get_expansion_room: p_index out of range
2026-08-13 15:50:27.059 WARN   ItemAutorouteInfo.get_expansion_room: p_index out of range
2026-08-13 15:50:27.059 WARN   ItemAutorouteInfo.get_expansion_room: p_index out of range
2026-08-13 15:50:27.060 WARN   ItemAutorouteInfo.get_expansion_room: p_index out of range
2026-08-13 15:50:27.060 WARN   ItemAutorouteInfo.get_expansion_room: p_index out of range
2026-08-13 15:50:27.060 WARN   ItemAutorouteInfo.get_expansion_room: p_index out of range
2026-08-13 15:50:27.060 WARN   ItemAutorouteInfo.get_expansion_room: p_index out of range
2026-08-13 15:50:30.337 INFO   [0B550D\DCEEB2] Auto-router pass #638 on board '91454d378b21d31e0d17c8b0d888a606' was completed in 3,50 seconds with the score of 974,56 (4 unrouted), using 1503600,50 CPU seconds and 1497609 MB memory.
2026-08-13 15:50:32.797 INFO   [0B550D\DCEEB2] Auto-router pass #639 on board '3e566f63d717c7c684ddef4e1c533bf1' was completed in 2,43 seconds with the score of 973,02 (5 unrouted), using 1507019,00 CPU seconds and 1499128 MB memory.
2026-08-13 15:50:33.041 WARN   ItemAutorouteInfo.get_expansion_room: p_index out of range
2026-08-13 15:50:33.041 WARN   ItemAutorouteInfo.get_expansion_room: p_index out of range
2026-08-13 15:50:33.041 WARN   ItemAutorouteInfo.get_expansion_room: p_index out of range
2026-08-13 15:50:33.041 WARN   ItemAutorouteInfo.get_expansion_room: p_index out of range
2026-08-13 15:50:33.041 WARN   ItemAutorouteInfo.get_expansion_room: p_index out of range
2026-08-13 15:50:33.041 WARN   ItemAutorouteInfo.get_expansion_room: p_index out of range
2026-08-13 15:50:33.042 WARN   ItemAutorouteInfo.get_expansion_room: p_index out of range
2026-08-13 15:50:33.042 WARN   ItemAutorouteInfo.get_expansion_room: p_index out of range
2026-08-13 15:50:33.042 WARN   ItemAutorouteInfo.get_expansion_room: p_index out of range
2026-08-13 15:50:33.042 WARN   ItemAutorouteInfo.get_expansion_room: p_index out of range
2026-08-13 15:50:33.042 WARN   ItemAutorouteInfo.get_expansion_room: p_index out of range
2026-08-13 15:50:33.043 WARN   ItemAutorouteInfo.get_expansion_room: p_index out of range
2026-08-13 15:50:33.215 WARN   ItemAutorouteInfo.get_expansion_room: p_index out of range
2026-08-13 15:50:33.215 WARN   ItemAutorouteInfo.get_expansion_room: p_index out of range
2026-08-13 15:50:33.215 WARN   ItemAutorouteInfo.get_expansion_room: p_index out of range
2026-08-13 15:50:33.215 WARN   ItemAutorouteInfo.get_expansion_room: p_index out of range
2026-08-13 15:50:33.215 WARN   ItemAutorouteInfo.get_expansion_room: p_index out of range
2026-08-13 15:50:34.215 WARN   ItemAutorouteInfo.get_expansion_room: p_index out of range
2026-08-13 15:50:34.520 WARN   ItemAutorouteInfo.get_expansion_room: p_index out of range
2026-08-13 15:50:34.555 WARN   ItemAutorouteInfo.get_expansion_room: p_index out of range
2026-08-13 15:50:34.588 WARN   ItemAutorouteInfo.get_expansion_room: p_index out of range
2026-08-13 15:50:34.588 WARN   ItemAutorouteInfo.get_expansion_room: p_index out of range
2026-08-13 15:50:34.594 WARN   ItemAutorouteInfo.get_expansion_room: p_index out of range
2026-08-13 15:50:35.938 WARN   ItemAutorouteInfo.get_expansion_room: p_index out of range
2026-08-13 15:50:35.939 ERROR  AutorouteEngine.autoroute_connection: Exception in maze_search_algo.find_connection
java.lang.NullPointerException: Cannot read field "item" because "p_other" is null
	at app.freerouting.autoroute.ObstacleExpansionRoom.create_overlap_door(ObstacleExpansionRoom.java:98) ~[freerouting.jar:unspecified]
	at app.freerouting.autoroute.SortedRoomNeighbours.calculate_neighbours(SortedRoomNeighbours.java:178) ~[freerouting.jar:unspecified]
	at app.freerouting.autoroute.SortedRoomNeighbours.calculate(SortedRoomNeighbours.java:45) ~[freerouting.jar:unspecified]
	at app.freerouting.autoroute.AutorouteEngine.calculate_doors(AutorouteEngine.java:520) ~[freerouting.jar:unspecified]
	at app.freerouting.autoroute.AutorouteEngine.complete_neighbour_rooms(AutorouteEngine.java:560) ~[freerouting.jar:unspecified]
	at app.freerouting.autoroute.MazeSearchAlgo.expand_to_room_doors(MazeSearchAlgo.java:335) ~[freerouting.jar:unspecified]
	at app.freerouting.autoroute.MazeSearchAlgo.occupy_next_element(MazeSearchAlgo.java:286) ~[freerouting.jar:unspecified]
	at app.freerouting.autoroute.MazeSearchAlgo.find_connection(MazeSearchAlgo.java:206) ~[freerouting.jar:unspecified]
	at app.freerouting.autoroute.AutorouteEngine.autoroute_connection(AutorouteEngine.java:155) [freerouting.jar:unspecified]
	at app.freerouting.autoroute.BatchAutorouter.autoroute_item(BatchAutorouter.java:610) [freerouting.jar:unspecified]
	at app.freerouting.autoroute.BatchAutorouter.autoroute_pass(BatchAutorouter.java:332) [freerouting.jar:unspecified]
	at app.freerouting.autoroute.BatchAutorouter.runBatchLoop(BatchAutorouter.java:447) [freerouting.jar:unspecified]
	at app.freerouting.management.RoutingJobSchedulerActionThread.thread_action(RoutingJobSchedulerActionThread.java:131) [freerouting.jar:unspecified]
	at app.freerouting.core.StoppableThread.run(StoppableThread.java:26) [freerouting.jar:unspecified]
2026-08-13 15:50:35.939 ERROR  AutorouteEngine.autoroute_connection: Exception in maze_search_algo.find_connection
java.lang.NullPointerException: Cannot read field "item" because "p_other" is null
	at app.freerouting.autoroute.ObstacleExpansionRoom.create_overlap_door(ObstacleExpansionRoom.java:98) ~[freerouting.jar:unspecified]
	at app.freerouting.autoroute.SortedRoomNeighbours.calculate_neighbours(SortedRoomNeighbours.java:178) ~[freerouting.jar:unspecified]
	at app.freerouting.autoroute.SortedRoomNeighbours.calculate(SortedRoomNeighbours.java:45) ~[freerouting.jar:unspecified]
	at app.freerouting.autoroute.AutorouteEngine.calculate_doors(AutorouteEngine.java:520) ~[freerouting.jar:unspecified]
	at app.freerouting.autoroute.AutorouteEngine.complete_neighbour_rooms(AutorouteEngine.java:560) ~[freerouting.jar:unspecified]
	at app.freerouting.autoroute.MazeSearchAlgo.expand_to_room_doors(MazeSearchAlgo.java:335) ~[freerouting.jar:unspecified]
	at app.freerouting.autoroute.MazeSearchAlgo.occupy_next_element(MazeSearchAlgo.java:286) ~[freerouting.jar:unspecified]
	at app.freerouting.autoroute.MazeSearchAlgo.find_connection(MazeSearchAlgo.java:206) ~[freerouting.jar:unspecified]
	at app.freerouting.autoroute.AutorouteEngine.autoroute_connection(AutorouteEngine.java:155) [freerouting.jar:unspecified]
	at app.freerouting.autoroute.BatchAutorouter.autoroute_item(BatchAutorouter.java:610) [freerouting.jar:unspecified]
	at app.freerouting.autoroute.BatchAutorouter.autoroute_pass(BatchAutorouter.java:332) [freerouting.jar:unspecified]
	at app.freerouting.autoroute.BatchAutorouter.runBatchLoop(BatchAutorouter.java:447) [freerouting.jar:unspecified]
	at app.freerouting.management.RoutingJobSchedulerActionThread.thread_action(RoutingJobSchedulerActionThread.java:131) [freerouting.jar:unspecified]
	at app.freerouting.core.StoppableThread.run(StoppableThread.java:26) [freerouting.jar:unspecified]
2026-08-13 15:50:41.328 INFO   [0B550D\DCEEB2] Restoring an earlier board that has the score of 977,23 (2 unrouted).
2026-08-13 15:50:41.328 INFO   [0B550D\DCEEB2] Auto-router pass #640 on board '88dbcf16ab8a30cbf9355b6928b1687c' was completed in 8,50 seconds with the score of 970,01 (7 unrouted), using 1522450,88 CPU seconds and 1505968 MB memory.
2026-08-13 15:50:44.107 INFO   [0B550D\DCEEB2] Auto-router pass #641 on board 'f04ba090951a725ef94d1b63d70803a3' was completed in 2,77 seconds with the score of 974,80 (4 unrouted), using 1527612,38 CPU seconds and 1508522 MB memory.
2026-08-13 15:50:46.939 INFO   [0B550D\DCEEB2] Auto-router pass #642 on board '717adf8650521529e0260e677fbe20bb' was completed in 2,81 seconds with the score of 969,95 (8 unrouted), using 1531058,12 CPU seconds and 1510061 MB memory.
2026-08-13 15:50:50.317 INFO   [0B550D\DCEEB2] Auto-router pass #643 on board '311ef86a3b7491c9de86d18c2fcb4079' was completed in 3,35 seconds with the score of 969,09 (8 unrouted), using 1537961,62 CPU seconds and 1513165 MB memory.
2026-08-13 15:51:07.310 INFO   [0B550D\DCEEB2] Restoring an earlier board that has the score of 977,23 (2 unrouted).
2026-08-13 15:51:07.310 INFO   [0B550D\DCEEB2] Auto-router pass #644 on board '0e7ff2444b16f0d1bfc3674a8be406fc' was completed in 16,96 seconds with the score of 970,91 (6 unrouted), using 1567475,38 CPU seconds and 1525574 MB memory.
2026-08-13 15:51:09.718 INFO   [0B550D\DCEEB2] Auto-router pass #645 on board 'f04ba090951a725ef94d1b63d70803a3' was completed in 2,40 seconds with the score of 973,16 (5 unrouted), using 1570966,12 CPU seconds and 1527176 MB memory.
2026-08-13 15:51:09.747 WARN   ItemAutorouteInfo.get_expansion_room: p_index out of range
2026-08-13 15:51:09.747 WARN   ItemAutorouteInfo.get_expansion_room: p_index out of range
2026-08-13 15:51:09.747 WARN   ItemAutorouteInfo.get_expansion_room: p_index out of range
2026-08-13 15:51:09.748 WARN   ItemAutorouteInfo.get_expansion_room: p_index out of range
2026-08-13 15:51:09.749 WARN   ItemAutorouteInfo.get_expansion_room: p_index out of range
2026-08-13 15:51:09.749 WARN   ItemAutorouteInfo.get_expansion_room: p_index out of range
2026-08-13 15:51:09.750 WARN   ItemAutorouteInfo.get_expansion_room: p_index out of range
2026-08-13 15:51:09.750 WARN   ItemAutorouteInfo.get_expansion_room: p_index out of range
2026-08-13 15:51:09.750 WARN   ItemAutorouteInfo.get_expansion_room: p_index out of range
2026-08-13 15:51:09.750 WARN   ItemAutorouteInfo.get_expansion_room: p_index out of range
2026-08-13 15:51:09.750 WARN   ItemAutorouteInfo.get_expansion_room: p_index out of range
2026-08-13 15:51:09.750 WARN   ItemAutorouteInfo.get_expansion_room: p_index out of range
2026-08-13 15:51:09.750 WARN   ItemAutorouteInfo.get_expansion_room: p_index out of range
2026-08-13 15:51:09.751 WARN   ItemAutorouteInfo.get_expansion_room: p_index out of range
2026-08-13 15:51:09.751 WARN   ItemAutorouteInfo.get_expansion_room: p_index out of range
2026-08-13 15:51:09.751 WARN   ItemAutorouteInfo.get_expansion_room: p_index out of range
2026-08-13 15:51:09.751 WARN   ItemAutorouteInfo.get_expansion_room: p_index out of range
2026-08-13 15:51:09.751 WARN   ItemAutorouteInfo.get_expansion_room: p_index out of range
2026-08-13 15:51:09.751 WARN   ItemAutorouteInfo.get_expansion_room: p_index out of range
2026-08-13 15:51:09.751 WARN   ItemAutorouteInfo.get_expansion_room: p_index out of range
2026-08-13 15:51:09.753 WARN   ItemAutorouteInfo.get_expansion_room: p_index out of range
2026-08-13 15:51:09.753 WARN   ItemAutorouteInfo.get_expansion_room: p_index out of range
2026-08-13 15:51:09.753 WARN   ItemAutorouteInfo.get_expansion_room: p_index out of range
2026-08-13 15:51:09.753 WARN   ItemAutorouteInfo.get_expansion_room: p_index out of range
2026-08-13 15:51:09.753 WARN   ItemAutorouteInfo.get_expansion_room: p_index out of range
2026-08-13 15:51:09.753 WARN   ItemAutorouteInfo.get_expansion_room: p_index out of range
2026-08-13 15:51:09.753 WARN   ItemAutorouteInfo.get_expansion_room: p_index out of range
2026-08-13 15:51:09.753 WARN   ItemAutorouteInfo.get_expansion_room: p_index out of range
2026-08-13 15:51:09.755 WARN   ItemAutorouteInfo.get_expansion_room: p_index out of range
2026-08-13 15:51:09.755 WARN   ItemAutorouteInfo.get_expansion_room: p_index out of range
2026-08-13 15:51:09.755 WARN   ItemAutorouteInfo.get_expansion_room: p_index out of range
2026-08-13 15:51:09.755 WARN   ItemAutorouteInfo.get_expansion_room: p_index out of range
2026-08-13 15:51:09.755 WARN   ItemAutorouteInfo.get_expansion_room: p_index out of range
2026-08-13 15:51:09.755 WARN   ItemAutorouteInfo.get_expansion_room: p_index out of range
2026-08-13 15:51:09.755 WARN   ItemAutorouteInfo.get_expansion_room: p_index out of range
2026-08-13 15:51:09.755 WARN   ItemAutorouteInfo.get_expansion_room: p_index out of range
2026-08-13 15:51:09.755 WARN   ItemAutorouteInfo.get_expansion_room: p_index out of range
2026-08-13 15:51:09.755 WARN   ItemAutorouteInfo.get_expansion_room: p_index out of range
2026-08-13 15:51:09.755 WARN   ItemAutorouteInfo.get_expansion_room: p_index out of range
2026-08-13 15:51:09.755 WARN   ItemAutorouteInfo.get_expansion_room: p_index out of range
2026-08-13 15:51:09.755 WARN   ItemAutorouteInfo.get_expansion_room: p_index out of range
2026-08-13 15:51:09.755 WARN   ItemAutorouteInfo.get_expansion_room: p_index out of range
2026-08-13 15:51:09.755 WARN   ItemAutorouteInfo.get_expansion_room: p_index out of range
2026-08-13 15:51:09.755 WARN   ItemAutorouteInfo.get_expansion_room: p_index out of range
2026-08-13 15:51:09.755 WARN   ItemAutorouteInfo.get_expansion_room: p_index out of range
2026-08-13 15:51:09.756 WARN   ItemAutorouteInfo.get_expansion_room: p_index out of range
2026-08-13 15:51:09.756 WARN   ItemAutorouteInfo.get_expansion_room: p_index out of range
2026-08-13 15:51:09.756 WARN   ItemAutorouteInfo.get_expansion_room: p_index out of range
2026-08-13 15:51:09.756 WARN   ItemAutorouteInfo.get_expansion_room: p_index out of range
2026-08-13 15:51:09.756 WARN   ItemAutorouteInfo.get_expansion_room: p_index out of range
2026-08-13 15:51:09.756 WARN   ItemAutorouteInfo.get_expansion_room: p_index out of range
2026-08-13 15:51:09.756 WARN   ItemAutorouteInfo.get_expansion_room: p_index out of range
2026-08-13 15:51:09.756 WARN   ItemAutorouteInfo.get_expansion_room: p_index out of range
2026-08-13 15:51:09.756 WARN   ItemAutorouteInfo.get_expansion_room: p_index out of range
2026-08-13 15:51:09.756 WARN   ItemAutorouteInfo.get_expansion_room: p_index out of range
2026-08-13 15:51:09.756 WARN   ItemAutorouteInfo.get_expansion_room: p_index out of range
2026-08-13 15:51:09.756 WARN   ItemAutorouteInfo.get_expansion_room: p_index out of range
2026-08-13 15:51:09.756 WARN   ItemAutorouteInfo.get_expansion_room: p_index out of range
2026-08-13 15:51:09.768 WARN   ItemAutorouteInfo.get_expansion_room: p_index out of range
2026-08-13 15:51:09.768 WARN   ItemAutorouteInfo.get_expansion_room: p_index out of range
2026-08-13 15:51:09.770 WARN   ItemAutorouteInfo.get_expansion_room: p_index out of range
2026-08-13 15:51:09.771 WARN   ItemAutorouteInfo.get_expansion_room: p_index out of range
2026-08-13 15:51:09.771 WARN   ItemAutorouteInfo.get_expansion_room: p_index out of range
2026-08-13 15:51:09.772 WARN   ItemAutorouteInfo.get_expansion_room: p_index out of range
2026-08-13 15:51:09.776 WARN   ItemAutorouteInfo.get_expansion_room: p_index out of range
2026-08-13 15:51:09.776 WARN   ItemAutorouteInfo.get_expansion_room: p_index out of range
2026-08-13 15:51:09.776 WARN   ItemAutorouteInfo.get_expansion_room: p_index out of range
2026-08-13 15:51:09.776 WARN   ItemAutorouteInfo.get_expansion_room: p_index out of range
2026-08-13 15:51:09.776 WARN   ItemAutorouteInfo.get_expansion_room: p_index out of range
2026-08-13 15:51:09.776 WARN   ItemAutorouteInfo.get_expansion_room: p_index out of range
2026-08-13 15:51:09.776 WARN   ItemAutorouteInfo.get_expansion_room: p_index out of range
2026-08-13 15:51:09.776 WARN   ItemAutorouteInfo.get_expansion_room: p_index out of range
2026-08-13 15:51:09.776 WARN   ItemAutorouteInfo.get_expansion_room: p_index out of range
2026-08-13 15:51:09.776 WARN   ItemAutorouteInfo.get_expansion_room: p_index out of range
2026-08-13 15:51:09.776 WARN   ItemAutorouteInfo.get_expansion_room: p_index out of range
2026-08-13 15:51:09.776 WARN   ItemAutorouteInfo.get_expansion_room: p_index out of range
2026-08-13 15:51:09.776 WARN   ItemAutorouteInfo.get_expansion_room: p_index out of range
2026-08-13 15:51:09.778 WARN   ItemAutorouteInfo.get_expansion_room: p_index out of range
2026-08-13 15:51:09.778 WARN   ItemAutorouteInfo.get_expansion_room: p_index out of range
2026-08-13 15:51:09.778 WARN   ItemAutorouteInfo.get_expansion_room: p_index out of range
2026-08-13 15:51:09.778 WARN   ItemAutorouteInfo.get_expansion_room: p_index out of range
2026-08-13 15:51:09.778 WARN   ItemAutorouteInfo.get_expansion_room: p_index out of range
2026-08-13 15:51:09.778 WARN   ItemAutorouteInfo.get_expansion_room: p_index out of range
2026-08-13 15:51:09.779 WARN   ItemAutorouteInfo.get_expansion_room: p_index out of range
2026-08-13 15:51:09.779 WARN   ItemAutorouteInfo.get_expansion_room: p_index out of range
2026-08-13 15:51:09.785 WARN   ItemAutorouteInfo.get_expansion_room: p_index out of range
2026-08-13 15:51:09.785 WARN   ItemAutorouteInfo.get_expansion_room: p_index out of range
2026-08-13 15:51:09.785 WARN   ItemAutorouteInfo.get_expansion_room: p_index out of range
2026-08-13 15:51:09.785 WARN   ItemAutorouteInfo.get_expansion_room: p_index out of range
2026-08-13 15:51:09.785 WARN   ItemAutorouteInfo.get_expansion_room: p_index out of range
2026-08-13 15:51:09.786 WARN   ItemAutorouteInfo.get_expansion_room: p_index out of range
2026-08-13 15:51:09.786 WARN   ItemAutorouteInfo.get_expansion_room: p_index out of range
2026-08-13 15:51:09.786 WARN   ItemAutorouteInfo.get_expansion_room: p_index out of range
2026-08-13 15:51:09.787 WARN   ItemAutorouteInfo.get_expansion_room: p_index out of range
2026-08-13 15:51:09.787 WARN   ItemAutorouteInfo.get_expansion_room: p_index out of range
2026-08-13 15:51:09.789 WARN   ItemAutorouteInfo.get_expansion_room: p_index out of range
2026-08-13 15:51:09.789 WARN   ItemAutorouteInfo.get_expansion_room: p_index out of range
2026-08-13 15:51:09.789 WARN   ItemAutorouteInfo.get_expansion_room: p_index out of range
2026-08-13 15:51:09.792 WARN   ItemAutorouteInfo.get_expansion_room: p_index out of range
2026-08-13 15:51:09.793 WARN   ItemAutorouteInfo.get_expansion_room: p_index out of range
2026-08-13 15:51:09.798 WARN   ItemAutorouteInfo.get_expansion_room: p_index out of range
2026-08-13 15:51:09.798 WARN   ItemAutorouteInfo.get_expansion_room: p_index out of range
2026-08-13 15:51:09.798 WARN   ItemAutorouteInfo.get_expansion_room: p_index out of range
2026-08-13 15:51:09.798 WARN   ItemAutorouteInfo.get_expansion_room: p_index out of range
2026-08-13 15:51:09.807 WARN   ItemAutorouteInfo.get_expansion_room: p_index out of range
2026-08-13 15:51:09.807 WARN   ItemAutorouteInfo.get_expansion_room: p_index out of range
2026-08-13 15:51:09.831 WARN   ItemAutorouteInfo.get_expansion_room: p_index out of range
2026-08-13 15:51:09.831 WARN   ItemAutorouteInfo.get_expansion_room: p_index out of range
2026-08-13 15:51:09.833 WARN   ItemAutorouteInfo.get_expansion_room: p_index out of range
2026-08-13 15:51:09.840 WARN   ItemAutorouteInfo.get_expansion_room: p_index out of range
2026-08-13 15:51:09.840 WARN   ItemAutorouteInfo.get_expansion_room: p_index out of range
2026-08-13 15:51:09.840 WARN   ItemAutorouteInfo.get_expansion_room: p_index out of range
2026-08-13 15:51:09.840 WARN   ItemAutorouteInfo.get_expansion_room: p_index out of range
2026-08-13 15:51:09.840 WARN   ItemAutorouteInfo.get_expansion_room: p_index out of range
2026-08-13 15:51:09.840 WARN   ItemAutorouteInfo.get_expansion_room: p_index out of range
2026-08-13 15:51:09.840 WARN   ItemAutorouteInfo.get_expansion_room: p_index out of range
2026-08-13 15:51:09.840 WARN   ItemAutorouteInfo.get_expansion_room: p_index out of range
2026-08-13 15:51:09.840 WARN   ItemAutorouteInfo.get_expansion_room: p_index out of range
2026-08-13 15:51:09.840 WARN   ItemAutorouteInfo.get_expansion_room: p_index out of range
2026-08-13 15:51:09.841 WARN   ItemAutorouteInfo.get_expansion_room: p_index out of range
2026-08-13 15:51:09.844 WARN   ItemAutorouteInfo.get_expansion_room: p_index out of range
2026-08-13 15:51:09.844 WARN   ItemAutorouteInfo.get_expansion_room: p_index out of range
2026-08-13 15:51:09.844 WARN   ItemAutorouteInfo.get_expansion_room: p_index out of range
2026-08-13 15:51:09.848 WARN   ItemAutorouteInfo.get_expansion_room: p_index out of range
2026-08-13 15:51:09.860 WARN   ItemAutorouteInfo.get_expansion_room: p_index out of range
2026-08-13 15:51:09.942 WARN   ItemAutorouteInfo.get_expansion_room: p_index out of range
2026-08-13 15:51:09.942 WARN   ItemAutorouteInfo.get_expansion_room: p_index out of range
2026-08-13 15:51:09.942 WARN   ItemAutorouteInfo.get_expansion_room: p_index out of range
2026-08-13 15:51:09.942 WARN   ItemAutorouteInfo.get_expansion_room: p_index out of range
2026-08-13 15:51:09.943 WARN   ItemAutorouteInfo.get_expansion_room: p_index out of range
2026-08-13 15:51:09.943 WARN   ItemAutorouteInfo.get_expansion_room: p_index out of range
2026-08-13 15:51:09.943 WARN   ItemAutorouteInfo.get_expansion_room: p_index out of range
2026-08-13 15:51:09.943 WARN   ItemAutorouteInfo.get_expansion_room: p_index out of range
2026-08-13 15:51:09.943 WARN   ItemAutorouteInfo.get_expansion_room: p_index out of range
2026-08-13 15:51:09.943 WARN   ItemAutorouteInfo.get_expansion_room: p_index out of range
2026-08-13 15:51:13.161 INFO   [0B550D\DCEEB2] Auto-router pass #646 on board '91454d378b21d31e0d17c8b0d888a606' was completed in 3,43 seconds with the score of 974,48 (4 unrouted), using 1577959,38 CPU seconds and 1530445 MB memory.
2026-08-13 15:51:14.609 INFO   [0B550D\DCEEB2] Auto-router pass #647 on board '266f6f4fb0ec1f5a95aff22a6822a1f1' was completed in 1,43 seconds with the score of 976,08 (3 unrouted), using 1579710,12 CPU seconds and 1531291 MB memory.
2026-08-13 15:51:21.358 INFO   [0B550D\DCEEB2] Restoring an earlier board that has the score of 977,20 (2 unrouted).
2026-08-13 15:51:21.358 INFO   [0B550D\DCEEB2] Auto-router pass #648 on board 'd0636af71105bf79860209ae006059be' was completed in 6,72 seconds with the score of 975,96 (3 unrouted), using 1591992,88 CPU seconds and 1536659 MB memory.
2026-08-13 15:51:22.992 INFO   [0B550D\DCEEB2] Auto-router pass #649 on board '72272847ad7e2ec3e9cdc14173b22018' was completed in 1,62 seconds with the score of 975,91 (3 unrouted), using 1593751,38 CPU seconds and 1537493 MB memory.
2026-08-13 15:51:23.068 WARN   ItemAutorouteInfo.get_expansion_room: p_index out of range
2026-08-13 15:51:23.068 WARN   ItemAutorouteInfo.get_expansion_room: p_index out of range
2026-08-13 15:51:23.068 WARN   ItemAutorouteInfo.get_expansion_room: p_index out of range
2026-08-13 15:51:23.068 WARN   ItemAutorouteInfo.get_expansion_room: p_index out of range
2026-08-13 15:51:23.069 WARN   ItemAutorouteInfo.get_expansion_room: p_index out of range
2026-08-13 15:51:23.069 WARN   ItemAutorouteInfo.get_expansion_room: p_index out of range
2026-08-13 15:51:23.069 WARN   ItemAutorouteInfo.get_expansion_room: p_index out of range
2026-08-13 15:51:23.069 WARN   ItemAutorouteInfo.get_expansion_room: p_index out of range
2026-08-13 15:51:23.069 WARN   ItemAutorouteInfo.get_expansion_room: p_index out of range
2026-08-13 15:51:23.069 WARN   ItemAutorouteInfo.get_expansion_room: p_index out of range
2026-08-13 15:51:23.069 WARN   ItemAutorouteInfo.get_expansion_room: p_index out of range
2026-08-13 15:51:23.069 WARN   ItemAutorouteInfo.get_expansion_room: p_index out of range
2026-08-13 15:51:23.069 WARN   ItemAutorouteInfo.get_expansion_room: p_index out of range
2026-08-13 15:51:23.069 WARN   ItemAutorouteInfo.get_expansion_room: p_index out of range
2026-08-13 15:51:23.069 WARN   ItemAutorouteInfo.get_expansion_room: p_index out of range
2026-08-13 15:51:23.069 WARN   ItemAutorouteInfo.get_expansion_room: p_index out of range
2026-08-13 15:51:23.069 WARN   ItemAutorouteInfo.get_expansion_room: p_index out of range
2026-08-13 15:51:23.069 WARN   ItemAutorouteInfo.get_expansion_room: p_index out of range
2026-08-13 15:51:23.069 WARN   ItemAutorouteInfo.get_expansion_room: p_index out of range
2026-08-13 15:51:23.069 WARN   ItemAutorouteInfo.get_expansion_room: p_index out of range
2026-08-13 15:51:23.069 WARN   ItemAutorouteInfo.get_expansion_room: p_index out of range
2026-08-13 15:51:23.069 WARN   ItemAutorouteInfo.get_expansion_room: p_index out of range
2026-08-13 15:51:23.070 WARN   ItemAutorouteInfo.get_expansion_room: p_index out of range
2026-08-13 15:51:23.077 WARN   ItemAutorouteInfo.get_expansion_room: p_index out of range
2026-08-13 15:51:23.077 WARN   ItemAutorouteInfo.get_expansion_room: p_index out of range
2026-08-13 15:51:23.078 WARN   ItemAutorouteInfo.get_expansion_room: p_index out of range
2026-08-13 15:51:23.078 WARN   ItemAutorouteInfo.get_expansion_room: p_index out of range
2026-08-13 15:51:23.078 WARN   ItemAutorouteInfo.get_expansion_room: p_index out of range
2026-08-13 15:51:23.078 WARN   ItemAutorouteInfo.get_expansion_room: p_index out of range
2026-08-13 15:51:23.078 WARN   ItemAutorouteInfo.get_expansion_room: p_index out of range
2026-08-13 15:51:23.078 WARN   ItemAutorouteInfo.get_expansion_room: p_index out of range
2026-08-13 15:51:23.081 WARN   ItemAutorouteInfo.get_expansion_room: p_index out of range
2026-08-13 15:51:23.081 WARN   ItemAutorouteInfo.get_expansion_room: p_index out of range
2026-08-13 15:51:23.081 WARN   ItemAutorouteInfo.get_expansion_room: p_index out of range
2026-08-13 15:51:23.081 WARN   ItemAutorouteInfo.get_expansion_room: p_index out of range
2026-08-13 15:51:23.081 WARN   ItemAutorouteInfo.get_expansion_room: p_index out of range
2026-08-13 15:51:23.081 WARN   ItemAutorouteInfo.get_expansion_room: p_index out of range
2026-08-13 15:51:23.081 WARN   ItemAutorouteInfo.get_expansion_room: p_index out of range
2026-08-13 15:51:25.303 INFO   [0B550D\DCEEB2] Auto-router pass #650 on board '39593c2bffafffbb2075b5d8a3ac4253' was completed in 2,28 seconds with the score of 975,94 (3 unrouted), using 1599032,88 CPU seconds and 1539898 MB memory.
2026-08-13 15:51:27.085 INFO   [0B550D\DCEEB2] Auto-router pass #651 on board '7693e6b932bf4fe1d028923e323b32d2' was completed in 1,76 seconds with the score of 973,54 (5 unrouted), using 1600795,25 CPU seconds and 1540673 MB memory.
2026-08-13 15:51:36.817 INFO   [0B550D\DCEEB2] Restoring an earlier board that has the score of 977,20 (2 unrouted).
2026-08-13 15:51:36.817 INFO   [0B550D\DCEEB2] Auto-router pass #652 on board '7c174d9eb40682b4196d9bbf8f66ad95' was completed in 9,71 seconds with the score of 974,77 (4 unrouted), using 1618473,12 CPU seconds and 1548585 MB memory.
2026-08-13 15:51:38.459 INFO   [0B550D\DCEEB2] Auto-router pass #653 on board '72272847ad7e2ec3e9cdc14173b22018' was completed in 1,63 seconds with the score of 975,91 (3 unrouted), using 1622020,38 CPU seconds and 1550210 MB memory.
2026-08-13 15:51:39.480 INFO   [0B550D\DCEEB2] Auto-router pass #654 on board '997ac386fd87dc7ae74893e1de3a01e2' was completed in 0,99 seconds with the score of 975,86 (3 unrouted), using 1623795,50 CPU seconds and 1551080 MB memory.
2026-08-13 15:51:41.663 INFO   [0B550D\DCEEB2] Auto-router pass #655 on board 'd65f8703bd62f914d4e4003f379c83cc' was completed in 2,16 seconds with the score of 975,71 (3 unrouted), using 1627348,50 CPU seconds and 1552735 MB memory.
2026-08-13 15:51:47.022 INFO   [0B550D\DCEEB2] Restoring an earlier board that has the score of 977,20 (2 unrouted).
2026-08-13 15:51:47.022 INFO   [0B550D\DCEEB2] Auto-router pass #656 on board 'dcdddd643ff539b9de721d91d0ac94ab' was completed in 5,33 seconds with the score of 975,68 (3 unrouted), using 1636248,12 CPU seconds and 1556774 MB memory.
2026-08-13 15:51:48.725 INFO   [0B550D\DCEEB2] Auto-router pass #657 on board '72272847ad7e2ec3e9cdc14173b22018' was completed in 1,69 seconds with the score of 975,91 (3 unrouted), using 1639814,88 CPU seconds and 1558346 MB memory.
2026-08-13 15:51:48.776 WARN   ItemAutorouteInfo.get_expansion_room: p_index out of range
2026-08-13 15:51:48.776 WARN   ItemAutorouteInfo.get_expansion_room: p_index out of range
2026-08-13 15:51:48.776 WARN   ItemAutorouteInfo.get_expansion_room: p_index out of range
2026-08-13 15:51:48.776 WARN   ItemAutorouteInfo.get_expansion_room: p_index out of range
2026-08-13 15:51:48.776 WARN   ItemAutorouteInfo.get_expansion_room: p_index out of range
2026-08-13 15:51:48.776 WARN   ItemAutorouteInfo.get_expansion_room: p_index out of range
2026-08-13 15:51:48.776 WARN   ItemAutorouteInfo.get_expansion_room: p_index out of range
2026-08-13 15:51:48.777 WARN   ItemAutorouteInfo.get_expansion_room: p_index out of range
2026-08-13 15:51:48.777 WARN   ItemAutorouteInfo.get_expansion_room: p_index out of range
2026-08-13 15:51:48.777 WARN   ItemAutorouteInfo.get_expansion_room: p_index out of range
2026-08-13 15:51:48.777 WARN   ItemAutorouteInfo.get_expansion_room: p_index out of range
2026-08-13 15:51:48.777 WARN   ItemAutorouteInfo.get_expansion_room: p_index out of range
2026-08-13 15:51:48.777 WARN   ItemAutorouteInfo.get_expansion_room: p_index out of range
2026-08-13 15:51:48.777 WARN   ItemAutorouteInfo.get_expansion_room: p_index out of range
2026-08-13 15:51:48.777 WARN   ItemAutorouteInfo.get_expansion_room: p_index out of range
2026-08-13 15:51:48.777 WARN   ItemAutorouteInfo.get_expansion_room: p_index out of range
2026-08-13 15:51:48.777 WARN   ItemAutorouteInfo.get_expansion_room: p_index out of range
2026-08-13 15:51:48.781 WARN   ItemAutorouteInfo.get_expansion_room: p_index out of range
2026-08-13 15:51:48.782 WARN   ItemAutorouteInfo.get_expansion_room: p_index out of range
2026-08-13 15:51:48.782 WARN   ItemAutorouteInfo.get_expansion_room: p_index out of range
2026-08-13 15:51:48.782 WARN   ItemAutorouteInfo.get_expansion_room: p_index out of range
2026-08-13 15:51:48.782 WARN   ItemAutorouteInfo.get_expansion_room: p_index out of range
2026-08-13 15:51:48.782 WARN   ItemAutorouteInfo.get_expansion_room: p_index out of range
2026-08-13 15:51:48.782 WARN   ItemAutorouteInfo.get_expansion_room: p_index out of range
2026-08-13 15:51:48.784 WARN   ItemAutorouteInfo.get_expansion_room: p_index out of range
2026-08-13 15:51:48.784 WARN   ItemAutorouteInfo.get_expansion_room: p_index out of range
2026-08-13 15:51:48.784 WARN   ItemAutorouteInfo.get_expansion_room: p_index out of range
2026-08-13 15:51:48.784 WARN   ItemAutorouteInfo.get_expansion_room: p_index out of range
2026-08-13 15:51:48.784 WARN   ItemAutorouteInfo.get_expansion_room: p_index out of range
2026-08-13 15:51:48.784 WARN   ItemAutorouteInfo.get_expansion_room: p_index out of range
2026-08-13 15:51:48.784 WARN   ItemAutorouteInfo.get_expansion_room: p_index out of range
2026-08-13 15:51:48.785 WARN   ItemAutorouteInfo.get_expansion_room: p_index out of range
2026-08-13 15:51:48.785 WARN   ItemAutorouteInfo.get_expansion_room: p_index out of range
2026-08-13 15:51:49.556 INFO   [0B550D\DCEEB2] Auto-router pass #658 on board '39593c2bffafffbb2075b5d8a3ac4253' was completed in 0,82 seconds with the score of 977,00 (2 unrouted), using 1641599,62 CPU seconds and 1559192 MB memory.
2026-08-13 15:51:49.703 INFO   [0B550D\DCEEB2] Auto-router pass #659 on board '89a6677d8e149d02bef33d82fd982eae' was completed in 0,11 seconds with the score of 976,98 (2 unrouted), using 1641599,62 CPU seconds and 1559192 MB memory.
2026-08-13 15:51:55.042 INFO   [0B550D\DCEEB2] Restoring an earlier board that has the score of 977,20 (2 unrouted).
2026-08-13 15:51:55.042 INFO   [0B550D\DCEEB2] Auto-router pass #660 on board 'efe12feace7712dfb6c755ffcce24f02' was completed in 5,31 seconds with the score of 973,19 (5 unrouted), using 1650538,00 CPU seconds and 1563039 MB memory.
2026-08-13 15:51:56.784 INFO   [0B550D\DCEEB2] Auto-router pass #661 on board '72272847ad7e2ec3e9cdc14173b22018' was completed in 1,73 seconds with the score of 975,91 (3 unrouted), using 1654120,12 CPU seconds and 1564478 MB memory.
2026-08-13 15:51:56.886 WARN   ItemAutorouteInfo.get_expansion_room: p_index out of range
2026-08-13 15:51:56.886 WARN   ItemAutorouteInfo.get_expansion_room: p_index out of range
2026-08-13 15:51:56.886 WARN   ItemAutorouteInfo.get_expansion_room: p_index out of range
2026-08-13 15:51:56.887 WARN   ItemAutorouteInfo.get_expansion_room: p_index out of range
2026-08-13 15:51:56.887 WARN   ItemAutorouteInfo.get_expansion_room: p_index out of range
2026-08-13 15:51:56.887 WARN   ItemAutorouteInfo.get_expansion_room: p_index out of range
2026-08-13 15:51:56.887 WARN   ItemAutorouteInfo.get_expansion_room: p_index out of range
2026-08-13 15:51:56.887 WARN   ItemAutorouteInfo.get_expansion_room: p_index out of range
2026-08-13 15:51:56.887 WARN   ItemAutorouteInfo.get_expansion_room: p_index out of range
2026-08-13 15:51:56.887 WARN   ItemAutorouteInfo.get_expansion_room: p_index out of range
2026-08-13 15:51:56.887 WARN   ItemAutorouteInfo.get_expansion_room: p_index out of range
2026-08-13 15:51:56.887 WARN   ItemAutorouteInfo.get_expansion_room: p_index out of range
2026-08-13 15:51:56.887 WARN   ItemAutorouteInfo.get_expansion_room: p_index out of range
2026-08-13 15:51:58.564 INFO   [0B550D\DCEEB2] Auto-router pass #662 on board '39593c2bffafffbb2075b5d8a3ac4253' was completed in 1,77 seconds with the score of 973,18 (5 unrouted), using 1657706,12 CPU seconds and 1566070 MB memory.
2026-08-13 15:52:03.587 INFO   [0B550D\DCEEB2] Auto-router pass #663 on board 'fee386c7de71d84ff4d0de3640e86f28' was completed in 5,00 seconds with the score of 971,68 (6 unrouted), using 1666688,12 CPU seconds and 1569958 MB memory.
2026-08-13 15:52:19.349 INFO   [0B550D\DCEEB2] Restoring an earlier board that has the score of 977,20 (2 unrouted).
2026-08-13 15:52:19.349 INFO   [0B550D\DCEEB2] Auto-router pass #664 on board '36a9947503a032c86dd1655c8652a370' was completed in 15,74 seconds with the score of 968,95 (8 unrouted), using 1695594,50 CPU seconds and 1582095 MB memory.
2026-08-13 15:52:21.077 INFO   [0B550D\DCEEB2] Auto-router pass #665 on board '704b796e848311ec1698e6c696768854' was completed in 1,72 seconds with the score of 977,12 (2 unrouted), using 1697409,50 CPU seconds and 1582871 MB memory.
2026-08-13 15:52:21.728 INFO   [0B550D\DCEEB2] Auto-router pass #666 on board '0506db762a0bc5ed59266ae883022c55' was completed in 0,62 seconds with the score of 975,95 (3 unrouted), using 1699225,38 CPU seconds and 1583649 MB memory.
2026-08-13 15:52:23.631 INFO   [0B550D\DCEEB2] Auto-router pass #667 on board '28314867bd6eb722c0ed63f730dce992' was completed in 1,86 seconds with the score of 973,31 (5 unrouted), using 1702860,00 CPU seconds and 1585209 MB memory.
2026-08-13 15:52:33.760 INFO   [0B550D\DCEEB2] Restoring an earlier board that has the score of 977,20 (2 unrouted).
2026-08-13 15:52:33.760 INFO   [0B550D\DCEEB2] Auto-router pass #668 on board '7a0443d64e75934e8fa5b09ab838f715' was completed in 10,10 seconds with the score of 974,54 (4 unrouted), using 1721091,50 CPU seconds and 1592513 MB memory.
2026-08-13 15:52:35.550 INFO   [0B550D\DCEEB2] Auto-router pass #669 on board '704b796e848311ec1698e6c696768854' was completed in 1,78 seconds with the score of 977,12 (2 unrouted), using 1724749,50 CPU seconds and 1593949 MB memory.
2026-08-13 15:52:36.207 INFO   [0B550D\DCEEB2] Auto-router pass #670 on board '0506db762a0bc5ed59266ae883022c55' was completed in 0,65 seconds with the score of 975,95 (3 unrouted), using 1726579,88 CPU seconds and 1594835 MB memory.
2026-08-13 15:52:37.551 INFO   [0B550D\DCEEB2] Auto-router pass #671 on board '28314867bd6eb722c0ed63f730dce992' was completed in 1,33 seconds with the score of 972,92 (5 unrouted), using 1728411,25 CPU seconds and 1595593 MB memory.
2026-08-13 15:52:38.189 WARN   ItemAutorouteInfo.get_expansion_room: p_index out of range
2026-08-13 15:52:38.189 WARN   ItemAutorouteInfo.get_expansion_room: p_index out of range
2026-08-13 15:52:38.190 WARN   ItemAutorouteInfo.get_expansion_room: p_index out of range
2026-08-13 15:52:38.191 WARN   ItemAutorouteInfo.get_expansion_room: p_index out of range
2026-08-13 15:52:38.191 WARN   ItemAutorouteInfo.get_expansion_room: p_index out of range
2026-08-13 15:52:38.191 WARN   ItemAutorouteInfo.get_expansion_room: p_index out of range
2026-08-13 15:52:38.192 WARN   ItemAutorouteInfo.get_expansion_room: p_index out of range
2026-08-13 15:52:38.205 WARN   ItemAutorouteInfo.get_expansion_room: p_index out of range
2026-08-13 15:52:38.205 WARN   ItemAutorouteInfo.get_expansion_room: p_index out of range
2026-08-13 15:52:38.205 WARN   ItemAutorouteInfo.get_expansion_room: p_index out of range
2026-08-13 15:52:38.207 WARN   ItemAutorouteInfo.get_expansion_room: p_index out of range
2026-08-13 15:52:38.207 WARN   ItemAutorouteInfo.get_expansion_room: p_index out of range
2026-08-13 15:52:38.217 WARN   ItemAutorouteInfo.get_expansion_room: p_index out of range
2026-08-13 15:52:38.217 WARN   ItemAutorouteInfo.get_expansion_room: p_index out of range
2026-08-13 15:52:38.268 WARN   ItemAutorouteInfo.get_expansion_room: p_index out of range
2026-08-13 15:52:38.268 WARN   ItemAutorouteInfo.get_expansion_room: p_index out of range
2026-08-13 15:52:38.269 WARN   ItemAutorouteInfo.get_expansion_room: p_index out of range
2026-08-13 15:52:38.270 WARN   ItemAutorouteInfo.get_expansion_room: p_index out of range
2026-08-13 15:52:38.270 ERROR  AutorouteEngine.autoroute_connection: Exception in maze_search_algo.find_connection
java.lang.NullPointerException: null
2026-08-13 15:52:38.270 ERROR  AutorouteEngine.autoroute_connection: Exception in maze_search_algo.find_connection
java.lang.NullPointerException: null
2026-08-13 15:52:38.480 WARN   ItemAutorouteInfo.get_expansion_room: p_index out of range
2026-08-13 15:52:38.481 WARN   ItemAutorouteInfo.get_expansion_room: p_index out of range
2026-08-13 15:52:40.145 ERROR  AutorouteEngine.autoroute_connection: Exception in maze_search_algo.find_connection
java.lang.ArrayIndexOutOfBoundsException: null
2026-08-13 15:52:40.145 ERROR  AutorouteEngine.autoroute_connection: Exception in maze_search_algo.find_connection
java.lang.ArrayIndexOutOfBoundsException: null
2026-08-13 15:52:44.676 ERROR  AutorouteEngine.autoroute_connection: Exception in maze_search_algo.find_connection
java.lang.ArrayIndexOutOfBoundsException: null
2026-08-13 15:52:44.676 ERROR  AutorouteEngine.autoroute_connection: Exception in maze_search_algo.find_connection
java.lang.ArrayIndexOutOfBoundsException: null
2026-08-13 15:52:44.835 INFO   [0B550D\DCEEB2] Restoring an earlier board that has the score of 977,20 (2 unrouted).
2026-08-13 15:52:44.835 INFO   [0B550D\DCEEB2] Auto-router pass #672 on board '2eab2041beb3242e4f1e06b1e9847396' was completed in 7,26 seconds with the score of 974,16 (4 unrouted), using 1741258,12 CPU seconds and 1600904 MB memory.
2026-08-13 15:52:46.502 INFO   [0B550D\DCEEB2] Auto-router pass #673 on board '704b796e848311ec1698e6c696768854' was completed in 1,66 seconds with the score of 977,14 (2 unrouted), using 1744937,38 CPU seconds and 1602436 MB memory.
2026-08-13 15:52:48.499 INFO   [0B550D\DCEEB2] Auto-router pass #674 on board '8ed79293d08ffc45de8d6cb42330d34d' was completed in 1,97 seconds with the score of 973,01 (5 unrouted), using 1748620,50 CPU seconds and 1604036 MB memory.
2026-08-13 15:52:51.485 INFO   [0B550D\DCEEB2] Auto-router pass #675 on board '7950b637bd096a28718f2591489001d0' was completed in 2,96 seconds with the score of 970,48 (7 unrouted), using 1754152,50 CPU seconds and 1606410 MB memory.
2026-08-13 15:53:03.979 INFO   [0B550D\DCEEB2] Restoring an earlier board that has the score of 977,20 (2 unrouted).
2026-08-13 15:53:03.980 INFO   [0B550D\DCEEB2] Auto-router pass #676 on board '7aad803d409f0f3972f1de5afb0766b0' was completed in 12,47 seconds with the score of 971,89 (6 unrouted), using 1776368,00 CPU seconds and 1614970 MB memory.
2026-08-13 15:53:05.545 INFO   [0B550D\DCEEB2] Auto-router pass #677 on board '704b796e848311ec1698e6c696768854' was completed in 1,55 seconds with the score of 977,12 (2 unrouted), using 1780084,25 CPU seconds and 1616420 MB memory.
2026-08-13 15:53:06.193 INFO   [0B550D\DCEEB2] Auto-router pass #678 on board 'd6abee0381df67597127f7b1f7a75724' was completed in 0,62 seconds with the score of 974,21 (4 unrouted), using 1781943,88 CPU seconds and 1617353 MB memory.
2026-08-13 15:53:09.691 INFO   [0B550D\DCEEB2] Auto-router pass #679 on board '2979018fd38b3cf073213f9fd736f8ac' was completed in 3,47 seconds with the score of 968,54 (8 unrouted), using 1787528,38 CPU seconds and 1619695 MB memory.
2026-08-13 15:53:23.112 INFO   [0B550D\DCEEB2] Restoring an earlier board that has the score of 977,19 (2 unrouted).
2026-08-13 15:53:23.112 INFO   [0B550D\DCEEB2] Auto-router pass #680 on board '677ac6d3fc857e6ba7bdc6316d3c3ed7' was completed in 13,40 seconds with the score of 972,19 (5 unrouted), using 1811829,00 CPU seconds and 1629006 MB memory.
2026-08-13 15:53:26.196 INFO   [0B550D\DCEEB2] Auto-router pass #681 on board '7ec091aa14bd45bf316d12376bec23a0' was completed in 3,07 seconds with the score of 977,07 (2 unrouted), using 1819338,50 CPU seconds and 1631267 MB memory.
2026-08-13 15:53:26.308 WARN   ItemAutorouteInfo.get_expansion_room: p_index out of range
2026-08-13 15:53:26.309 WARN   ItemAutorouteInfo.get_expansion_room: p_index out of range
2026-08-13 15:53:26.331 WARN   ItemAutorouteInfo.get_expansion_room: p_index out of range
2026-08-13 15:53:26.331 WARN   ItemAutorouteInfo.get_expansion_room: p_index out of range
2026-08-13 15:53:26.331 WARN   ItemAutorouteInfo.get_expansion_room: p_index out of range
2026-08-13 15:53:26.331 WARN   ItemAutorouteInfo.get_expansion_room: p_index out of range
2026-08-13 15:53:26.339 WARN   ItemAutorouteInfo.get_expansion_room: p_index out of range
2026-08-13 15:53:26.339 WARN   ItemAutorouteInfo.get_expansion_room: p_index out of range
2026-08-13 15:53:26.339 WARN   ItemAutorouteInfo.get_expansion_room: p_index out of range
2026-08-13 15:53:26.339 WARN   ItemAutorouteInfo.get_expansion_room: p_index out of range
2026-08-13 15:53:26.339 WARN   ItemAutorouteInfo.get_expansion_room: p_index out of range
2026-08-13 15:53:26.339 WARN   ItemAutorouteInfo.get_expansion_room: p_index out of range
2026-08-13 15:53:26.339 WARN   ItemAutorouteInfo.get_expansion_room: p_index out of range
2026-08-13 15:53:26.339 WARN   ItemAutorouteInfo.get_expansion_room: p_index out of range
2026-08-13 15:53:26.339 WARN   ItemAutorouteInfo.get_expansion_room: p_index out of range
2026-08-13 15:53:26.347 WARN   ItemAutorouteInfo.get_expansion_room: p_index out of range
2026-08-13 15:53:26.347 WARN   ItemAutorouteInfo.get_expansion_room: p_index out of range
2026-08-13 15:53:26.347 WARN   ItemAutorouteInfo.get_expansion_room: p_index out of range
2026-08-13 15:53:26.347 WARN   ItemAutorouteInfo.get_expansion_room: p_index out of range
2026-08-13 15:53:26.349 WARN   ItemAutorouteInfo.get_expansion_room: p_index out of range
2026-08-13 15:53:26.372 WARN   ItemAutorouteInfo.get_expansion_room: p_index out of range
2026-08-13 15:53:26.372 WARN   ItemAutorouteInfo.get_expansion_room: p_index out of range
2026-08-13 15:53:26.372 WARN   ItemAutorouteInfo.get_expansion_room: p_index out of range
2026-08-13 15:53:26.374 WARN   ItemAutorouteInfo.get_expansion_room: p_index out of range
2026-08-13 15:53:26.374 WARN   ItemAutorouteInfo.get_expansion_room: p_index out of range
2026-08-13 15:53:26.374 WARN   ItemAutorouteInfo.get_expansion_room: p_index out of range
2026-08-13 15:53:26.374 WARN   ItemAutorouteInfo.get_expansion_room: p_index out of range
2026-08-13 15:53:26.374 WARN   ItemAutorouteInfo.get_expansion_room: p_index out of range
2026-08-13 15:53:26.374 WARN   ItemAutorouteInfo.get_expansion_room: p_index out of range
2026-08-13 15:53:26.408 WARN   ItemAutorouteInfo.get_expansion_room: p_index out of range
2026-08-13 15:53:26.408 WARN   ItemAutorouteInfo.get_expansion_room: p_index out of range
2026-08-13 15:53:26.408 WARN   ItemAutorouteInfo.get_expansion_room: p_index out of range
2026-08-13 15:53:26.408 WARN   ItemAutorouteInfo.get_expansion_room: p_index out of range
2026-08-13 15:53:26.409 WARN   ItemAutorouteInfo.get_expansion_room: p_index out of range
2026-08-13 15:53:26.409 WARN   ItemAutorouteInfo.get_expansion_room: p_index out of range
2026-08-13 15:53:26.409 WARN   ItemAutorouteInfo.get_expansion_room: p_index out of range
2026-08-13 15:53:26.420 WARN   ItemAutorouteInfo.get_expansion_room: p_index out of range
2026-08-13 15:53:26.420 WARN   ItemAutorouteInfo.get_expansion_room: p_index out of range
2026-08-13 15:53:26.420 WARN   ItemAutorouteInfo.get_expansion_room: p_index out of range
2026-08-13 15:53:26.420 WARN   ItemAutorouteInfo.get_expansion_room: p_index out of range
2026-08-13 15:53:26.420 WARN   ItemAutorouteInfo.get_expansion_room: p_index out of range
2026-08-13 15:53:26.420 WARN   ItemAutorouteInfo.get_expansion_room: p_index out of range
2026-08-13 15:53:26.420 WARN   ItemAutorouteInfo.get_expansion_room: p_index out of range
2026-08-13 15:53:26.426 WARN   ItemAutorouteInfo.get_expansion_room: p_index out of range
2026-08-13 15:53:26.445 WARN   ItemAutorouteInfo.get_expansion_room: p_index out of range
2026-08-13 15:53:26.451 WARN   ItemAutorouteInfo.get_expansion_room: p_index out of range
2026-08-13 15:53:26.451 WARN   ItemAutorouteInfo.get_expansion_room: p_index out of range
2026-08-13 15:53:26.451 WARN   ItemAutorouteInfo.get_expansion_room: p_index out of range
2026-08-13 15:53:26.451 WARN   ItemAutorouteInfo.get_expansion_room: p_index out of range
2026-08-13 15:53:26.452 WARN   ItemAutorouteInfo.get_expansion_room: p_index out of range
2026-08-13 15:53:26.452 WARN   ItemAutorouteInfo.get_expansion_room: p_index out of range
2026-08-13 15:53:26.452 WARN   ItemAutorouteInfo.get_expansion_room: p_index out of range
2026-08-13 15:53:26.452 WARN   ItemAutorouteInfo.get_expansion_room: p_index out of range
2026-08-13 15:53:26.457 WARN   ItemAutorouteInfo.get_expansion_room: p_index out of range
2026-08-13 15:53:26.457 WARN   ItemAutorouteInfo.get_expansion_room: p_index out of range
2026-08-13 15:53:26.457 WARN   ItemAutorouteInfo.get_expansion_room: p_index out of range
2026-08-13 15:53:26.468 WARN   ItemAutorouteInfo.get_expansion_room: p_index out of range
2026-08-13 15:53:26.468 WARN   ItemAutorouteInfo.get_expansion_room: p_index out of range
2026-08-13 15:53:26.468 WARN   ItemAutorouteInfo.get_expansion_room: p_index out of range
2026-08-13 15:53:26.504 WARN   ItemAutorouteInfo.get_expansion_room: p_index out of range
2026-08-13 15:53:26.504 WARN   ItemAutorouteInfo.get_expansion_room: p_index out of range
2026-08-13 15:53:26.504 WARN   ItemAutorouteInfo.get_expansion_room: p_index out of range
2026-08-13 15:53:26.562 WARN   ItemAutorouteInfo.get_expansion_room: p_index out of range
2026-08-13 15:53:26.562 WARN   ItemAutorouteInfo.get_expansion_room: p_index out of range
2026-08-13 15:53:26.590 WARN   ItemAutorouteInfo.get_expansion_room: p_index out of range
2026-08-13 15:53:26.590 WARN   ItemAutorouteInfo.get_expansion_room: p_index out of range
2026-08-13 15:53:26.590 WARN   ItemAutorouteInfo.get_expansion_room: p_index out of range
2026-08-13 15:53:26.590 WARN   ItemAutorouteInfo.get_expansion_room: p_index out of range
2026-08-13 15:53:26.608 WARN   ItemAutorouteInfo.get_expansion_room: p_index out of range
2026-08-13 15:53:26.608 WARN   ItemAutorouteInfo.get_expansion_room: p_index out of range
2026-08-13 15:53:26.608 WARN   ItemAutorouteInfo.get_expansion_room: p_index out of range
2026-08-13 15:53:26.646 WARN   ItemAutorouteInfo.get_expansion_room: p_index out of range
2026-08-13 15:53:26.646 WARN   ItemAutorouteInfo.get_expansion_room: p_index out of range
2026-08-13 15:53:26.646 WARN   ItemAutorouteInfo.get_expansion_room: p_index out of range
2026-08-13 15:53:26.646 WARN   ItemAutorouteInfo.get_expansion_room: p_index out of range
2026-08-13 15:53:26.646 WARN   ItemAutorouteInfo.get_expansion_room: p_index out of range
2026-08-13 15:53:26.646 WARN   ItemAutorouteInfo.get_expansion_room: p_index out of range
2026-08-13 15:53:26.646 WARN   ItemAutorouteInfo.get_expansion_room: p_index out of range
2026-08-13 15:53:27.222 INFO   [0B550D\DCEEB2] Auto-router pass #682 on board 'd492786076e29a7563319d34517cfc26' was completed in 0,98 seconds with the score of 977,07 (2 unrouted), using 1821218,25 CPU seconds and 1632004 MB memory.
2026-08-13 15:53:27.669 INFO   [0B550D\DCEEB2] Auto-router pass #683 on board 'af6e875c316dc4d8b77339670afe9c50' was completed in 0,41 seconds with the score of 977,09 (2 unrouted), using 1821218,25 CPU seconds and 1632004 MB memory.
2026-08-13 15:53:33.436 INFO   [0B550D\DCEEB2] Restoring an earlier board that has the score of 977,19 (2 unrouted).
2026-08-13 15:53:33.437 INFO   [0B550D\DCEEB2] Auto-router pass #684 on board 'fb76f6a62b16664051f504a80d634576' was completed in 5,74 seconds with the score of 977,11 (2 unrouted), using 1832516,88 CPU seconds and 1636002 MB memory.
2026-08-13 15:53:35.679 INFO   [0B550D\DCEEB2] Auto-router pass #685 on board '7ec091aa14bd45bf316d12376bec23a0' was completed in 2,23 seconds with the score of 977,46 (2 unrouted), using 1836290,62 CPU seconds and 1637128 MB memory.
2026-08-13 15:53:36.415 INFO   [0B550D\DCEEB2] Auto-router pass #686 on board 'acf6da4da24d8ccfb3aefdc385532b9e' was completed in 0,69 seconds with the score of 977,22 (2 unrouted), using 1838178,88 CPU seconds and 1637875 MB memory.
2026-08-13 15:53:36.949 INFO   [0B550D\DCEEB2] Auto-router pass #687 on board 'c9bad5b263ae286da90bcefa964f84d0' was completed in 0,50 seconds with the score of 973,21 (5 unrouted), using 1838178,88 CPU seconds and 1637875 MB memory.
2026-08-13 15:53:46.724 INFO   [0B550D\DCEEB2] Restoring an earlier board that has the score of 977,46 (2 unrouted).
2026-08-13 15:53:46.724 INFO   [0B550D\DCEEB2] Auto-router pass #688 on board 'a380d326fda19466f13ade0cda54d5a2' was completed in 9,75 seconds with the score of 972,90 (5 unrouted), using 1857115,00 CPU seconds and 1645048 MB memory.
2026-08-13 15:53:50.296 INFO   [0B550D\DCEEB2] Auto-router pass #689 on board 'acf6da4da24d8ccfb3aefdc385532b9e' was completed in 3,56 seconds with the score of 976,19 (3 unrouted), using 1864716,38 CPU seconds and 1647520 MB memory.
2026-08-13 15:53:51.731 INFO   [0B550D\DCEEB2] Auto-router pass #690 on board 'cf52ec87beb61d9373b54c992043bed2' was completed in 1,41 seconds with the score of 975,76 (3 unrouted), using 1866619,12 CPU seconds and 1648288 MB memory.
2026-08-13 15:53:53.950 INFO   [0B550D\DCEEB2] Auto-router pass #691 on board '902dd532f7334ad5c1c0e40a089e49dc' was completed in 2,19 seconds with the score of 974,51 (4 unrouted), using 1870427,50 CPU seconds and 1649612 MB memory.
2026-08-13 15:54:05.437 INFO   [0B550D\DCEEB2] Restoring an earlier board that has the score of 977,46 (2 unrouted).
2026-08-13 15:54:05.437 INFO   [0B550D\DCEEB2] Auto-router pass #692 on board '264700394931fe93cc7dd8a0da2ae4bf' was completed in 11,46 seconds with the score of 971,77 (6 unrouted), using 1893358,75 CPU seconds and 1657548 MB memory.
2026-08-13 15:54:08.261 INFO   [0B550D\DCEEB2] Auto-router pass #693 on board 'acf6da4da24d8ccfb3aefdc385532b9e' was completed in 2,81 seconds with the score of 976,19 (3 unrouted), using 1899113,25 CPU seconds and 1659858 MB memory.
2026-08-13 15:54:09.971 INFO   [0B550D\DCEEB2] Auto-router pass #694 on board 'cf52ec87beb61d9373b54c992043bed2' was completed in 1,70 seconds with the score of 974,33 (4 unrouted), using 1901033,38 CPU seconds and 1660652 MB memory.
2026-08-13 15:54:13.591 INFO   [0B550D\DCEEB2] Auto-router pass #695 on board '1185220dcd97818de733fb0ec2d4b3d7' was completed in 3,59 seconds with the score of 973,16 (5 unrouted), using 1908723,62 CPU seconds and 1663631 MB memory.
2026-08-13 15:54:25.133 INFO   [0B550D\DCEEB2] Restoring an earlier board that has the score of 977,46 (2 unrouted).
2026-08-13 15:54:25.133 INFO   [0B550D\DCEEB2] Auto-router pass #696 on board '5afa444fc0f1c23047c67d7d89e9ff78' was completed in 11,52 seconds with the score of 974,53 (4 unrouted), using 1929951,88 CPU seconds and 1671168 MB memory.
2026-08-13 15:54:26.937 INFO   [0B550D\DCEEB2] Auto-router pass #697 on board 'acf6da4da24d8ccfb3aefdc385532b9e' was completed in 1,79 seconds with the score of 977,54 (2 unrouted), using 1933824,12 CPU seconds and 1672592 MB memory.
2026-08-13 15:54:27.605 INFO   [0B550D\DCEEB2] Auto-router pass #698 on board 'd8d746b286148ac68bfdfd4aa1b2c0cb' was completed in 0,64 seconds with the score of 977,13 (2 unrouted), using 1935761,75 CPU seconds and 1673397 MB memory.
2026-08-13 15:54:28.149 INFO   [0B550D\DCEEB2] Auto-router pass #699 on board '806d6e9732296e34a0e86b8fc7cb52b1' was completed in 0,52 seconds with the score of 975,81 (3 unrouted), using 1935761,75 CPU seconds and 1673397 MB memory.
2026-08-13 15:54:32.389 INFO   [0B550D\DCEEB2] Restoring an earlier board that has the score of 977,54 (2 unrouted).
2026-08-13 15:54:32.389 INFO   [0B550D\DCEEB2] Auto-router pass #700 on board 'd74c55d2df0e7100227989d00c2aacc8' was completed in 4,22 seconds with the score of 975,61 (3 unrouted), using 1945464,12 CPU seconds and 1677412 MB memory.
2026-08-13 15:54:33.912 INFO   [0B550D\DCEEB2] Auto-router pass #701 on board 'd8d746b286148ac68bfdfd4aa1b2c0cb' was completed in 1,51 seconds with the score of 977,19 (2 unrouted), using 1947407,50 CPU seconds and 1678179 MB memory.
2026-08-13 15:54:34.006 WARN   ItemAutorouteInfo.get_expansion_room: p_index out of range
2026-08-13 15:54:34.006 WARN   ItemAutorouteInfo.get_expansion_room: p_index out of range
2026-08-13 15:54:34.006 WARN   ItemAutorouteInfo.get_expansion_room: p_index out of range
2026-08-13 15:54:34.006 WARN   ItemAutorouteInfo.get_expansion_room: p_index out of range
2026-08-13 15:54:34.006 WARN   ItemAutorouteInfo.get_expansion_room: p_index out of range
2026-08-13 15:54:34.006 WARN   ItemAutorouteInfo.get_expansion_room: p_index out of range
2026-08-13 15:54:34.006 WARN   ItemAutorouteInfo.get_expansion_room: p_index out of range
2026-08-13 15:54:34.006 WARN   ItemAutorouteInfo.get_expansion_room: p_index out of range
2026-08-13 15:54:34.006 WARN   ItemAutorouteInfo.get_expansion_room: p_index out of range
2026-08-13 15:54:34.006 WARN   ItemAutorouteInfo.get_expansion_room: p_index out of range
2026-08-13 15:54:34.006 WARN   ItemAutorouteInfo.get_expansion_room: p_index out of range
2026-08-13 15:54:34.006 WARN   ItemAutorouteInfo.get_expansion_room: p_index out of range
2026-08-13 15:54:34.007 WARN   ItemAutorouteInfo.get_expansion_room: p_index out of range
2026-08-13 15:54:34.007 WARN   ItemAutorouteInfo.get_expansion_room: p_index out of range
2026-08-13 15:54:34.008 WARN   ItemAutorouteInfo.get_expansion_room: p_index out of range
2026-08-13 15:54:34.010 WARN   ItemAutorouteInfo.get_expansion_room: p_index out of range
2026-08-13 15:54:34.010 WARN   ItemAutorouteInfo.get_expansion_room: p_index out of range
2026-08-13 15:54:34.010 WARN   ItemAutorouteInfo.get_expansion_room: p_index out of range
2026-08-13 15:54:34.010 WARN   ItemAutorouteInfo.get_expansion_room: p_index out of range
2026-08-13 15:54:34.010 WARN   ItemAutorouteInfo.get_expansion_room: p_index out of range
2026-08-13 15:54:34.010 WARN   ItemAutorouteInfo.get_expansion_room: p_index out of range
2026-08-13 15:54:34.010 WARN   ItemAutorouteInfo.get_expansion_room: p_index out of range
2026-08-13 15:54:34.010 WARN   ItemAutorouteInfo.get_expansion_room: p_index out of range
2026-08-13 15:54:34.105 WARN   ItemAutorouteInfo.get_expansion_room: p_index out of range
2026-08-13 15:54:34.140 WARN   ItemAutorouteInfo.get_expansion_room: p_index out of range
2026-08-13 15:54:34.140 WARN   ItemAutorouteInfo.get_expansion_room: p_index out of range
2026-08-13 15:54:34.140 WARN   ItemAutorouteInfo.get_expansion_room: p_index out of range
2026-08-13 15:54:34.151 WARN   ItemAutorouteInfo.get_expansion_room: p_index out of range
2026-08-13 15:54:34.151 WARN   ItemAutorouteInfo.get_expansion_room: p_index out of range
2026-08-13 15:54:34.151 WARN   ItemAutorouteInfo.get_expansion_room: p_index out of range
2026-08-13 15:54:34.151 WARN   ItemAutorouteInfo.get_expansion_room: p_index out of range
2026-08-13 15:54:34.152 WARN   ItemAutorouteInfo.get_expansion_room: p_index out of range
2026-08-13 15:54:34.152 WARN   ItemAutorouteInfo.get_expansion_room: p_index out of range
2026-08-13 15:54:34.152 WARN   ItemAutorouteInfo.get_expansion_room: p_index out of range
2026-08-13 15:54:34.153 WARN   ItemAutorouteInfo.get_expansion_room: p_index out of range
2026-08-13 15:54:34.153 WARN   ItemAutorouteInfo.get_expansion_room: p_index out of range
2026-08-13 15:54:34.153 WARN   ItemAutorouteInfo.get_expansion_room: p_index out of range
2026-08-13 15:54:34.153 WARN   ItemAutorouteInfo.get_expansion_room: p_index out of range
2026-08-13 15:54:34.154 WARN   ItemAutorouteInfo.get_expansion_room: p_index out of range
2026-08-13 15:54:34.154 WARN   ItemAutorouteInfo.get_expansion_room: p_index out of range
2026-08-13 15:54:34.154 WARN   ItemAutorouteInfo.get_expansion_room: p_index out of range
2026-08-13 15:54:34.163 WARN   ItemAutorouteInfo.get_expansion_room: p_index out of range
2026-08-13 15:54:34.215 WARN   ItemAutorouteInfo.get_expansion_room: p_index out of range
2026-08-13 15:54:34.215 WARN   ItemAutorouteInfo.get_expansion_room: p_index out of range
2026-08-13 15:54:34.215 WARN   ItemAutorouteInfo.get_expansion_room: p_index out of range
2026-08-13 15:54:34.218 WARN   ItemAutorouteInfo.get_expansion_room: p_index out of range
2026-08-13 15:54:34.218 WARN   ItemAutorouteInfo.get_expansion_room: p_index out of range
2026-08-13 15:54:34.218 WARN   ItemAutorouteInfo.get_expansion_room: p_index out of range
2026-08-13 15:54:34.218 WARN   ItemAutorouteInfo.get_expansion_room: p_index out of range
2026-08-13 15:54:34.218 WARN   ItemAutorouteInfo.get_expansion_room: p_index out of range
2026-08-13 15:54:34.218 WARN   ItemAutorouteInfo.get_expansion_room: p_index out of range
2026-08-13 15:54:34.218 WARN   ItemAutorouteInfo.get_expansion_room: p_index out of range
2026-08-13 15:54:34.218 WARN   ItemAutorouteInfo.get_expansion_room: p_index out of range
2026-08-13 15:54:34.218 WARN   ItemAutorouteInfo.get_expansion_room: p_index out of range
2026-08-13 15:54:34.219 WARN   ItemAutorouteInfo.get_expansion_room: p_index out of range
2026-08-13 15:54:34.219 WARN   ItemAutorouteInfo.get_expansion_room: p_index out of range
2026-08-13 15:54:34.219 WARN   ItemAutorouteInfo.get_expansion_room: p_index out of range
2026-08-13 15:54:34.219 WARN   ItemAutorouteInfo.get_expansion_room: p_index out of range
2026-08-13 15:54:34.219 WARN   ItemAutorouteInfo.get_expansion_room: p_index out of range
2026-08-13 15:54:34.219 WARN   ItemAutorouteInfo.get_expansion_room: p_index out of range
2026-08-13 15:54:34.220 WARN   ItemAutorouteInfo.get_expansion_room: p_index out of range
2026-08-13 15:54:34.220 WARN   ItemAutorouteInfo.get_expansion_room: p_index out of range
2026-08-13 15:54:34.220 WARN   ItemAutorouteInfo.get_expansion_room: p_index out of range
2026-08-13 15:54:34.220 WARN   ItemAutorouteInfo.get_expansion_room: p_index out of range
2026-08-13 15:54:34.220 WARN   ItemAutorouteInfo.get_expansion_room: p_index out of range
2026-08-13 15:54:34.220 WARN   ItemAutorouteInfo.get_expansion_room: p_index out of range
2026-08-13 15:54:34.220 WARN   ItemAutorouteInfo.get_expansion_room: p_index out of range
2026-08-13 15:54:34.220 WARN   ItemAutorouteInfo.get_expansion_room: p_index out of range
2026-08-13 15:54:34.220 WARN   ItemAutorouteInfo.get_expansion_room: p_index out of range
2026-08-13 15:54:34.220 WARN   ItemAutorouteInfo.get_expansion_room: p_index out of range
2026-08-13 15:54:34.220 WARN   ItemAutorouteInfo.get_expansion_room: p_index out of range
2026-08-13 15:54:34.220 WARN   ItemAutorouteInfo.get_expansion_room: p_index out of range
2026-08-13 15:54:34.223 WARN   ItemAutorouteInfo.get_expansion_room: p_index out of range
2026-08-13 15:54:34.223 WARN   ItemAutorouteInfo.get_expansion_room: p_index out of range
2026-08-13 15:54:34.223 WARN   ItemAutorouteInfo.get_expansion_room: p_index out of range
2026-08-13 15:54:34.237 WARN   ItemAutorouteInfo.get_expansion_room: p_index out of range
2026-08-13 15:54:34.237 WARN   ItemAutorouteInfo.get_expansion_room: p_index out of range
2026-08-13 15:54:34.657 WARN   ItemAutorouteInfo.get_expansion_room: p_index out of range
2026-08-13 15:54:34.671 WARN   ItemAutorouteInfo.get_expansion_room: p_index out of range
2026-08-13 15:54:34.673 WARN   ItemAutorouteInfo.get_expansion_room: p_index out of range
2026-08-13 15:54:34.673 WARN   ItemAutorouteInfo.get_expansion_room: p_index out of range
2026-08-13 15:54:34.690 WARN   ItemAutorouteInfo.get_expansion_room: p_index out of range
2026-08-13 15:54:34.710 WARN   ItemAutorouteInfo.get_expansion_room: p_index out of range
2026-08-13 15:54:34.824 WARN   ItemAutorouteInfo.get_expansion_room: p_index out of range
2026-08-13 15:54:34.824 WARN   ItemAutorouteInfo.get_expansion_room: p_index out of range
2026-08-13 15:54:35.144 WARN   ItemAutorouteInfo.get_expansion_room: p_index out of range
2026-08-13 15:54:35.158 WARN   ItemAutorouteInfo.get_expansion_room: p_index out of range
2026-08-13 15:54:35.158 WARN   ItemAutorouteInfo.get_expansion_room: p_index out of range
2026-08-13 15:54:35.158 WARN   ItemAutorouteInfo.get_expansion_room: p_index out of range
2026-08-13 15:54:35.253 ERROR  AutorouteEngine.autoroute_connection: Exception in maze_search_algo.find_connection
java.lang.ArrayIndexOutOfBoundsException: null
2026-08-13 15:54:35.253 ERROR  AutorouteEngine.autoroute_connection: Exception in maze_search_algo.find_connection
java.lang.ArrayIndexOutOfBoundsException: null
2026-08-13 15:54:35.328 INFO   [0B550D\DCEEB2] Auto-router pass #702 on board 'd5a320aa07d4e2a624edbbeea95e48d1' was completed in 1,39 seconds with the score of 977,19 (2 unrouted), using 1951297,12 CPU seconds and 1679865 MB memory.
2026-08-13 15:54:35.497 INFO   [0B550D\DCEEB2] Auto-router pass #703 on board 'd5a320aa07d4e2a624edbbeea95e48d1' was completed in 0,16 seconds with the score of 977,19 (2 unrouted), using 1951297,12 CPU seconds and 1679865 MB memory.
2026-08-13 15:54:35.582 WARN   ItemAutorouteInfo.get_expansion_room: p_index out of range
2026-08-13 15:54:36.163 WARN   ItemAutorouteInfo.get_expansion_room: p_index out of range
2026-08-13 15:54:36.163 WARN   ItemAutorouteInfo.get_expansion_room: p_index out of range
2026-08-13 15:54:36.164 WARN   ItemAutorouteInfo.get_expansion_room: p_index out of range
2026-08-13 15:54:36.266 WARN   ItemAutorouteInfo.get_expansion_room: p_index out of range
2026-08-13 15:54:36.267 WARN   ItemAutorouteInfo.get_expansion_room: p_index out of range
2026-08-13 15:54:36.267 WARN   ItemAutorouteInfo.get_expansion_room: p_index out of range
2026-08-13 15:54:36.268 WARN   ItemAutorouteInfo.get_expansion_room: p_index out of range
2026-08-13 15:54:36.268 WARN   ItemAutorouteInfo.get_expansion_room: p_index out of range
2026-08-13 15:54:36.274 WARN   ItemAutorouteInfo.get_expansion_room: p_index out of range
2026-08-13 15:54:36.275 WARN   ItemAutorouteInfo.get_expansion_room: p_index out of range
2026-08-13 15:54:36.275 WARN   ItemAutorouteInfo.get_expansion_room: p_index out of range
2026-08-13 15:54:36.275 WARN   ItemAutorouteInfo.get_expansion_room: p_index out of range
2026-08-13 15:54:36.281 WARN   ItemAutorouteInfo.get_expansion_room: p_index out of range
2026-08-13 15:54:36.281 WARN   ItemAutorouteInfo.get_expansion_room: p_index out of range
2026-08-13 15:54:36.281 WARN   ItemAutorouteInfo.get_expansion_room: p_index out of range
2026-08-13 15:54:36.281 WARN   ItemAutorouteInfo.get_expansion_room: p_index out of range
2026-08-13 15:54:36.281 WARN   ItemAutorouteInfo.get_expansion_room: p_index out of range
2026-08-13 15:54:36.281 WARN   ItemAutorouteInfo.get_expansion_room: p_index out of range
2026-08-13 15:54:36.311 WARN   ItemAutorouteInfo.get_expansion_room: p_index out of range
2026-08-13 15:54:36.368 WARN   ItemAutorouteInfo.get_expansion_room: p_index out of range
2026-08-13 15:54:36.368 WARN   ItemAutorouteInfo.get_expansion_room: p_index out of range
2026-08-13 15:54:36.368 WARN   ItemAutorouteInfo.get_expansion_room: p_index out of range
2026-08-13 15:54:36.368 WARN   ItemAutorouteInfo.get_expansion_room: p_index out of range
2026-08-13 15:54:36.368 WARN   ItemAutorouteInfo.get_expansion_room: p_index out of range
2026-08-13 15:54:36.368 WARN   ItemAutorouteInfo.get_expansion_room: p_index out of range
2026-08-13 15:54:36.388 WARN   ItemAutorouteInfo.get_expansion_room: p_index out of range
2026-08-13 15:54:36.388 WARN   ItemAutorouteInfo.get_expansion_room: p_index out of range
2026-08-13 15:54:36.389 WARN   ItemAutorouteInfo.get_expansion_room: p_index out of range
2026-08-13 15:54:36.390 WARN   ItemAutorouteInfo.get_expansion_room: p_index out of range
2026-08-13 15:54:36.390 WARN   ItemAutorouteInfo.get_expansion_room: p_index out of range
2026-08-13 15:54:36.394 WARN   ItemAutorouteInfo.get_expansion_room: p_index out of range
2026-08-13 15:54:36.394 WARN   ItemAutorouteInfo.get_expansion_room: p_index out of range
2026-08-13 15:54:36.394 WARN   ItemAutorouteInfo.get_expansion_room: p_index out of range
2026-08-13 15:54:36.395 WARN   ItemAutorouteInfo.get_expansion_room: p_index out of range
2026-08-13 15:54:36.395 WARN   ItemAutorouteInfo.get_expansion_room: p_index out of range
2026-08-13 15:54:36.406 WARN   ItemAutorouteInfo.get_expansion_room: p_index out of range
2026-08-13 15:54:36.481 WARN   ItemAutorouteInfo.get_expansion_room: p_index out of range
2026-08-13 15:54:36.494 WARN   ItemAutorouteInfo.get_expansion_room: p_index out of range
2026-08-13 15:54:36.494 WARN   ItemAutorouteInfo.get_expansion_room: p_index out of range
2026-08-13 15:54:36.494 WARN   ItemAutorouteInfo.get_expansion_room: p_index out of range
2026-08-13 15:54:36.497 WARN   ItemAutorouteInfo.get_expansion_room: p_index out of range
2026-08-13 15:54:36.497 WARN   ItemAutorouteInfo.get_expansion_room: p_index out of range
2026-08-13 15:54:36.506 WARN   ItemAutorouteInfo.get_expansion_room: p_index out of range
2026-08-13 15:54:36.521 WARN   ItemAutorouteInfo.get_expansion_room: p_index out of range
2026-08-13 15:54:36.522 WARN   ItemAutorouteInfo.get_expansion_room: p_index out of range
2026-08-13 15:54:36.522 WARN   ItemAutorouteInfo.get_expansion_room: p_index out of range
2026-08-13 15:54:36.522 WARN   ItemAutorouteInfo.get_expansion_room: p_index out of range
2026-08-13 15:54:36.602 WARN   ItemAutorouteInfo.get_expansion_room: p_index out of range
2026-08-13 15:54:36.613 WARN   ItemAutorouteInfo.get_expansion_room: p_index out of range
2026-08-13 15:54:36.613 WARN   ItemAutorouteInfo.get_expansion_room: p_index out of range
2026-08-13 15:54:36.614 WARN   ItemAutorouteInfo.get_expansion_room: p_index out of range
2026-08-13 15:54:36.615 WARN   ItemAutorouteInfo.get_expansion_room: p_index out of range
2026-08-13 15:54:37.301 WARN   ItemAutorouteInfo.get_expansion_room: p_index out of range
2026-08-13 15:54:37.503 WARN   ItemAutorouteInfo.get_expansion_room: p_index out of range
2026-08-13 15:54:37.504 WARN   ItemAutorouteInfo.get_expansion_room: p_index out of range
2026-08-13 15:54:37.504 WARN   ItemAutorouteInfo.get_expansion_room: p_index out of range
2026-08-13 15:54:37.698 WARN   ItemAutorouteInfo.get_expansion_room: p_index out of range
2026-08-13 15:54:37.698 WARN   ItemAutorouteInfo.get_expansion_room: p_index out of range
2026-08-13 15:54:37.699 WARN   ItemAutorouteInfo.get_expansion_room: p_index out of range
2026-08-13 15:54:37.915 WARN   ItemAutorouteInfo.get_expansion_room: p_index out of range
2026-08-13 15:54:37.916 WARN   ItemAutorouteInfo.get_expansion_room: p_index out of range
2026-08-13 15:54:37.916 WARN   ItemAutorouteInfo.get_expansion_room: p_index out of range
2026-08-13 15:54:37.916 WARN   ItemAutorouteInfo.get_expansion_room: p_index out of range
2026-08-13 15:54:37.917 WARN   ItemAutorouteInfo.get_expansion_room: p_index out of range
2026-08-13 15:54:37.917 WARN   ItemAutorouteInfo.get_expansion_room: p_index out of range
2026-08-13 15:54:37.917 WARN   ItemAutorouteInfo.get_expansion_room: p_index out of range
2026-08-13 15:54:37.917 WARN   ItemAutorouteInfo.get_expansion_room: p_index out of range
2026-08-13 15:54:37.917 WARN   ItemAutorouteInfo.get_expansion_room: p_index out of range
2026-08-13 15:54:37.917 WARN   ItemAutorouteInfo.get_expansion_room: p_index out of range
2026-08-13 15:54:37.917 WARN   ItemAutorouteInfo.get_expansion_room: p_index out of range
2026-08-13 15:54:37.917 WARN   ItemAutorouteInfo.get_expansion_room: p_index out of range
2026-08-13 15:54:37.923 WARN   ItemAutorouteInfo.get_expansion_room: p_index out of range
2026-08-13 15:54:37.935 WARN   ItemAutorouteInfo.get_expansion_room: p_index out of range
2026-08-13 15:54:37.935 WARN   ItemAutorouteInfo.get_expansion_room: p_index out of range
2026-08-13 15:54:37.935 WARN   ItemAutorouteInfo.get_expansion_room: p_index out of range
2026-08-13 15:54:37.935 WARN   ItemAutorouteInfo.get_expansion_room: p_index out of range
2026-08-13 15:54:37.935 WARN   ItemAutorouteInfo.get_expansion_room: p_index out of range
2026-08-13 15:54:37.936 WARN   ItemAutorouteInfo.get_expansion_room: p_index out of range
2026-08-13 15:54:38.248 WARN   ItemAutorouteInfo.get_expansion_room: p_index out of range
2026-08-13 15:54:38.403 WARN   ItemAutorouteInfo.get_expansion_room: p_index out of range
2026-08-13 15:54:38.403 WARN   ItemAutorouteInfo.get_expansion_room: p_index out of range
2026-08-13 15:54:38.403 WARN   ItemAutorouteInfo.get_expansion_room: p_index out of range
2026-08-13 15:54:38.403 WARN   ItemAutorouteInfo.get_expansion_room: p_index out of range
2026-08-13 15:54:38.410 WARN   ItemAutorouteInfo.get_expansion_room: p_index out of range
2026-08-13 15:54:38.415 WARN   ItemAutorouteInfo.get_expansion_room: p_index out of range
2026-08-13 15:54:38.415 WARN   ItemAutorouteInfo.get_expansion_room: p_index out of range
2026-08-13 15:54:38.416 WARN   ItemAutorouteInfo.get_expansion_room: p_index out of range
2026-08-13 15:54:38.416 WARN   ItemAutorouteInfo.get_expansion_room: p_index out of range
2026-08-13 15:54:38.447 WARN   ItemAutorouteInfo.get_expansion_room: p_index out of range
2026-08-13 15:54:38.610 WARN   ItemAutorouteInfo.get_expansion_room: p_index out of range
2026-08-13 15:54:38.610 WARN   ItemAutorouteInfo.get_expansion_room: p_index out of range
2026-08-13 15:54:38.613 WARN   ItemAutorouteInfo.get_expansion_room: p_index out of range
2026-08-13 15:54:38.613 WARN   ItemAutorouteInfo.get_expansion_room: p_index out of range
2026-08-13 15:54:38.618 WARN   ItemAutorouteInfo.get_expansion_room: p_index out of range
2026-08-13 15:54:38.618 WARN   ItemAutorouteInfo.get_expansion_room: p_index out of range
2026-08-13 15:54:38.618 WARN   ItemAutorouteInfo.get_expansion_room: p_index out of range
2026-08-13 15:54:38.618 WARN   ItemAutorouteInfo.get_expansion_room: p_index out of range
2026-08-13 15:54:38.618 WARN   ItemAutorouteInfo.get_expansion_room: p_index out of range
2026-08-13 15:54:38.618 WARN   ItemAutorouteInfo.get_expansion_room: p_index out of range
2026-08-13 15:54:38.619 WARN   ItemAutorouteInfo.get_expansion_room: p_index out of range
2026-08-13 15:54:38.619 WARN   ItemAutorouteInfo.get_expansion_room: p_index out of range
2026-08-13 15:54:38.621 WARN   ItemAutorouteInfo.get_expansion_room: p_index out of range
2026-08-13 15:54:38.621 WARN   ItemAutorouteInfo.get_expansion_room: p_index out of range
2026-08-13 15:54:38.621 WARN   ItemAutorouteInfo.get_expansion_room: p_index out of range
2026-08-13 15:54:38.621 WARN   ItemAutorouteInfo.get_expansion_room: p_index out of range
2026-08-13 15:54:38.622 WARN   ItemAutorouteInfo.get_expansion_room: p_index out of range
2026-08-13 15:54:38.622 WARN   ItemAutorouteInfo.get_expansion_room: p_index out of range
2026-08-13 15:54:38.622 WARN   ItemAutorouteInfo.get_expansion_room: p_index out of range
2026-08-13 15:54:38.623 WARN   ItemAutorouteInfo.get_expansion_room: p_index out of range
2026-08-13 15:54:38.623 WARN   ItemAutorouteInfo.get_expansion_room: p_index out of range
2026-08-13 15:54:38.623 WARN   ItemAutorouteInfo.get_expansion_room: p_index out of range
2026-08-13 15:54:38.623 WARN   ItemAutorouteInfo.get_expansion_room: p_index out of range
2026-08-13 15:54:38.623 WARN   ItemAutorouteInfo.get_expansion_room: p_index out of range
2026-08-13 15:54:38.623 WARN   ItemAutorouteInfo.get_expansion_room: p_index out of range
2026-08-13 15:54:38.623 WARN   ItemAutorouteInfo.get_expansion_room: p_index out of range
2026-08-13 15:54:38.623 WARN   ItemAutorouteInfo.get_expansion_room: p_index out of range
2026-08-13 15:54:38.623 WARN   ItemAutorouteInfo.get_expansion_room: p_index out of range
2026-08-13 15:54:38.624 WARN   ItemAutorouteInfo.get_expansion_room: p_index out of range
2026-08-13 15:54:38.624 WARN   ItemAutorouteInfo.get_expansion_room: p_index out of range
2026-08-13 15:54:38.624 WARN   ItemAutorouteInfo.get_expansion_room: p_index out of range
2026-08-13 15:54:38.652 WARN   ItemAutorouteInfo.get_expansion_room: p_index out of range
2026-08-13 15:54:38.680 WARN   ItemAutorouteInfo.get_expansion_room: p_index out of range
2026-08-13 15:54:38.680 WARN   ItemAutorouteInfo.get_expansion_room: p_index out of range
2026-08-13 15:54:39.669 WARN   ItemAutorouteInfo.get_expansion_room: p_index out of range
2026-08-13 15:54:39.669 WARN   ItemAutorouteInfo.get_expansion_room: p_index out of range
2026-08-13 15:54:39.694 WARN   ItemAutorouteInfo.get_expansion_room: p_index out of range
2026-08-13 15:54:39.701 WARN   ItemAutorouteInfo.get_expansion_room: p_index out of range
2026-08-13 15:54:39.702 WARN   ItemAutorouteInfo.get_expansion_room: p_index out of range
2026-08-13 15:54:39.702 WARN   ItemAutorouteInfo.get_expansion_room: p_index out of range
2026-08-13 15:54:39.702 WARN   ItemAutorouteInfo.get_expansion_room: p_index out of range
2026-08-13 15:54:39.711 WARN   ItemAutorouteInfo.get_expansion_room: p_index out of range
2026-08-13 15:54:39.711 WARN   ItemAutorouteInfo.get_expansion_room: p_index out of range
2026-08-13 15:54:39.911 INFO   [0B550D\DCEEB2] Restoring an earlier board that has the score of 977,54 (2 unrouted).
2026-08-13 15:54:39.912 INFO   [0B550D\DCEEB2] Auto-router pass #704 on board 'd5a320aa07d4e2a624edbbeea95e48d1' was completed in 4,40 seconds with the score of 977,16 (2 unrouted), using 1959087,88 CPU seconds and 1682751 MB memory.
2026-08-13 15:54:41.581 INFO   [0B550D\DCEEB2] Auto-router pass #705 on board 'd8d746b286148ac68bfdfd4aa1b2c0cb' was completed in 1,66 seconds with the score of 977,63 (2 unrouted), using 1962988,88 CPU seconds and 1684025 MB memory.
2026-08-13 15:54:42.998 INFO   [0B550D\DCEEB2] Auto-router pass #706 on board '2392ab46872532fd15c96e294ff2e199' was completed in 1,39 seconds with the score of 974,34 (4 unrouted), using 1964940,88 CPU seconds and 1684799 MB memory.
2026-08-13 15:54:44.535 INFO   [0B550D\DCEEB2] Auto-router pass #707 on board '39b992da3e80d655462b992091ef5c06' was completed in 1,51 seconds with the score of 974,23 (4 unrouted), using 1968847,62 CPU seconds and 1686409 MB memory.
2026-08-13 15:54:52.651 INFO   [0B550D\DCEEB2] Restoring an earlier board that has the score of 977,63 (2 unrouted).
2026-08-13 15:54:52.652 INFO   [0B550D\DCEEB2] Auto-router pass #708 on board '40fef6543f0196723fee14fd17b7514c' was completed in 8,09 seconds with the score of 972,30 (5 unrouted), using 1984513,62 CPU seconds and 1692069 MB memory.
2026-08-13 15:54:55.136 INFO   [0B550D\DCEEB2] Auto-router pass #709 on board '2392ab46872532fd15c96e294ff2e199' was completed in 2,47 seconds with the score of 974,34 (4 unrouted), using 1988439,88 CPU seconds and 1693588 MB memory.
2026-08-13 15:54:55.254 WARN   ItemAutorouteInfo.get_expansion_room: p_index out of range
2026-08-13 15:54:55.254 WARN   ItemAutorouteInfo.get_expansion_room: p_index out of range
2026-08-13 15:54:55.255 WARN   ItemAutorouteInfo.get_expansion_room: p_index out of range
2026-08-13 15:54:55.255 WARN   ItemAutorouteInfo.get_expansion_room: p_index out of range
2026-08-13 15:54:55.255 WARN   ItemAutorouteInfo.get_expansion_room: p_index out of range
2026-08-13 15:54:55.255 WARN   ItemAutorouteInfo.get_expansion_room: p_index out of range
2026-08-13 15:54:55.255 WARN   ItemAutorouteInfo.get_expansion_room: p_index out of range
2026-08-13 15:54:55.255 WARN   ItemAutorouteInfo.get_expansion_room: p_index out of range
2026-08-13 15:54:55.257 WARN   ItemAutorouteInfo.get_expansion_room: p_index out of range
2026-08-13 15:54:55.257 WARN   ItemAutorouteInfo.get_expansion_room: p_index out of range
2026-08-13 15:54:55.257 WARN   ItemAutorouteInfo.get_expansion_room: p_index out of range
2026-08-13 15:54:55.257 WARN   ItemAutorouteInfo.get_expansion_room: p_index out of range
2026-08-13 15:54:55.257 WARN   ItemAutorouteInfo.get_expansion_room: p_index out of range
2026-08-13 15:54:55.272 WARN   ItemAutorouteInfo.get_expansion_room: p_index out of range
2026-08-13 15:54:55.272 WARN   ItemAutorouteInfo.get_expansion_room: p_index out of range
2026-08-13 15:54:55.272 WARN   ItemAutorouteInfo.get_expansion_room: p_index out of range
2026-08-13 15:54:55.272 WARN   ItemAutorouteInfo.get_expansion_room: p_index out of range
2026-08-13 15:54:55.273 WARN   ItemAutorouteInfo.get_expansion_room: p_index out of range
2026-08-13 15:54:55.282 WARN   ItemAutorouteInfo.get_expansion_room: p_index out of range
2026-08-13 15:54:55.282 WARN   ItemAutorouteInfo.get_expansion_room: p_index out of range
2026-08-13 15:54:55.282 WARN   ItemAutorouteInfo.get_expansion_room: p_index out of range
2026-08-13 15:54:55.282 WARN   ItemAutorouteInfo.get_expansion_room: p_index out of range
2026-08-13 15:54:55.282 WARN   ItemAutorouteInfo.get_expansion_room: p_index out of range
2026-08-13 15:54:55.282 WARN   ItemAutorouteInfo.get_expansion_room: p_index out of range
2026-08-13 15:54:55.282 WARN   ItemAutorouteInfo.get_expansion_room: p_index out of range
2026-08-13 15:54:55.282 WARN   ItemAutorouteInfo.get_expansion_room: p_index out of range
2026-08-13 15:54:55.289 WARN   ItemAutorouteInfo.get_expansion_room: p_index out of range
2026-08-13 15:54:55.290 WARN   ItemAutorouteInfo.get_expansion_room: p_index out of range
2026-08-13 15:54:55.290 WARN   ItemAutorouteInfo.get_expansion_room: p_index out of range
2026-08-13 15:54:55.290 WARN   ItemAutorouteInfo.get_expansion_room: p_index out of range
2026-08-13 15:54:55.290 WARN   ItemAutorouteInfo.get_expansion_room: p_index out of range
2026-08-13 15:54:55.290 WARN   ItemAutorouteInfo.get_expansion_room: p_index out of range
2026-08-13 15:54:55.290 WARN   ItemAutorouteInfo.get_expansion_room: p_index out of range
2026-08-13 15:54:55.290 WARN   ItemAutorouteInfo.get_expansion_room: p_index out of range
2026-08-13 15:54:55.290 WARN   ItemAutorouteInfo.get_expansion_room: p_index out of range
2026-08-13 15:54:55.290 WARN   ItemAutorouteInfo.get_expansion_room: p_index out of range
2026-08-13 15:54:55.290 WARN   ItemAutorouteInfo.get_expansion_room: p_index out of range
2026-08-13 15:54:55.290 WARN   ItemAutorouteInfo.get_expansion_room: p_index out of range
2026-08-13 15:54:55.291 WARN   ItemAutorouteInfo.get_expansion_room: p_index out of range
2026-08-13 15:54:55.291 WARN   ItemAutorouteInfo.get_expansion_room: p_index out of range
2026-08-13 15:54:55.300 WARN   ItemAutorouteInfo.get_expansion_room: p_index out of range
2026-08-13 15:54:55.300 WARN   ItemAutorouteInfo.get_expansion_room: p_index out of range
2026-08-13 15:54:55.303 WARN   ItemAutorouteInfo.get_expansion_room: p_index out of range
2026-08-13 15:54:55.303 WARN   ItemAutorouteInfo.get_expansion_room: p_index out of range
2026-08-13 15:54:55.321 WARN   ItemAutorouteInfo.get_expansion_room: p_index out of range
2026-08-13 15:54:55.321 WARN   ItemAutorouteInfo.get_expansion_room: p_index out of range
2026-08-13 15:54:55.321 WARN   ItemAutorouteInfo.get_expansion_room: p_index out of range
2026-08-13 15:54:55.321 WARN   ItemAutorouteInfo.get_expansion_room: p_index out of range
2026-08-13 15:54:55.321 WARN   ItemAutorouteInfo.get_expansion_room: p_index out of range
2026-08-13 15:54:55.321 WARN   ItemAutorouteInfo.get_expansion_room: p_index out of range
2026-08-13 15:54:55.321 WARN   ItemAutorouteInfo.get_expansion_room: p_index out of range
2026-08-13 15:54:55.321 WARN   ItemAutorouteInfo.get_expansion_room: p_index out of range
2026-08-13 15:54:55.353 WARN   ItemAutorouteInfo.get_expansion_room: p_index out of range
2026-08-13 15:54:56.020 INFO   [0B550D\DCEEB2] Auto-router pass #710 on board '980827aab885fe2dc22bbf43da9fddc5' was completed in 0,86 seconds with the score of 975,55 (3 unrouted), using 1990404,38 CPU seconds and 1694402 MB memory.
2026-08-13 15:54:58.279 INFO   [0B550D\DCEEB2] Auto-router pass #711 on board '78575a67216a8b12c180a52e973158d6' was completed in 2,23 seconds with the score of 973,73 (4 unrouted), using 1996303,88 CPU seconds and 1696618 MB memory.
2026-08-13 15:55:09.904 INFO   [0B550D\DCEEB2] Restoring an earlier board that has the score of 977,63 (2 unrouted).
2026-08-13 15:55:09.904 INFO   [0B550D\DCEEB2] Auto-router pass #712 on board '4b618e2174d25238f2b9dbe6bee9fd59' was completed in 11,60 seconds with the score of 975,02 (3 unrouted), using 2018009,88 CPU seconds and 1704328 MB memory.
2026-08-13 15:55:11.677 INFO   [0B550D\DCEEB2] Auto-router pass #713 on board '2392ab46872532fd15c96e294ff2e199' was completed in 1,76 seconds with the score of 977,29 (2 unrouted), using 2021969,12 CPU seconds and 1705826 MB memory.
2026-08-13 15:55:12.262 INFO   [0B550D\DCEEB2] Auto-router pass #714 on board '74194f0791a7b615d5f2351136eb5760' was completed in 0,56 seconds with the score of 974,41 (4 unrouted), using 2023950,12 CPU seconds and 1706658 MB memory.
2026-08-13 15:55:15.211 INFO   [0B550D\DCEEB2] Auto-router pass #715 on board 'd9ebfed69d599ead4fbadfba0db560d8' was completed in 2,92 seconds with the score of 974,81 (4 unrouted), using 2029899,12 CPU seconds and 1708839 MB memory.
2026-08-13 15:55:24.759 INFO   [0B550D\DCEEB2] Restoring an earlier board that has the score of 977,63 (2 unrouted).
2026-08-13 15:55:24.760 INFO   [0B550D\DCEEB2] Auto-router pass #716 on board 'a03bb4ec14761c8c75812e891c7f3e74' was completed in 9,52 seconds with the score of 972,83 (5 unrouted), using 2047798,50 CPU seconds and 1715380 MB memory.
2026-08-13 15:55:26.572 INFO   [0B550D\DCEEB2] Auto-router pass #717 on board '2392ab46872532fd15c96e294ff2e199' was completed in 1,80 seconds with the score of 977,29 (2 unrouted), using 2051786,88 CPU seconds and 1716890 MB memory.
2026-08-13 15:55:27.118 INFO   [0B550D\DCEEB2] Auto-router pass #718 on board '74194f0791a7b615d5f2351136eb5760' was completed in 0,54 seconds with the score of 974,41 (4 unrouted), using 2051786,88 CPU seconds and 1716890 MB memory.
2026-08-13 15:55:30.085 INFO   [0B550D\DCEEB2] Auto-router pass #719 on board 'd9ebfed69d599ead4fbadfba0db560d8' was completed in 2,96 seconds with the score of 975,94 (3 unrouted), using 2057776,75 CPU seconds and 1719210 MB memory.
2026-08-13 15:55:38.849 INFO   [0B550D\DCEEB2] Restoring an earlier board that has the score of 977,63 (2 unrouted).
2026-08-13 15:55:38.849 INFO   [0B550D\DCEEB2] Auto-router pass #720 on board '0ddaf79396d6e0befa1edfd8321fb518' was completed in 8,74 seconds with the score of 972,01 (6 unrouted), using 2075798,75 CPU seconds and 1726055 MB memory.
2026-08-13 15:55:40.676 INFO   [0B550D\DCEEB2] Auto-router pass #721 on board '2392ab46872532fd15c96e294ff2e199' was completed in 1,82 seconds with the score of 977,16 (2 unrouted), using 2079814,38 CPU seconds and 1727635 MB memory.
2026-08-13 15:55:40.817 WARN   ItemAutorouteInfo.get_expansion_room: p_index out of range
2026-08-13 15:55:40.819 WARN   ItemAutorouteInfo.get_expansion_room: p_index out of range
2026-08-13 15:55:40.819 WARN   ItemAutorouteInfo.get_expansion_room: p_index out of range
2026-08-13 15:55:40.819 WARN   ItemAutorouteInfo.get_expansion_room: p_index out of range
2026-08-13 15:55:40.819 WARN   ItemAutorouteInfo.get_expansion_room: p_index out of range
2026-08-13 15:55:40.829 WARN   ItemAutorouteInfo.get_expansion_room: p_index out of range
2026-08-13 15:55:40.829 WARN   ItemAutorouteInfo.get_expansion_room: p_index out of range
2026-08-13 15:55:40.829 WARN   ItemAutorouteInfo.get_expansion_room: p_index out of range
2026-08-13 15:55:40.829 WARN   ItemAutorouteInfo.get_expansion_room: p_index out of range
2026-08-13 15:55:40.829 WARN   ItemAutorouteInfo.get_expansion_room: p_index out of range
2026-08-13 15:55:40.829 WARN   ItemAutorouteInfo.get_expansion_room: p_index out of range
2026-08-13 15:55:40.831 WARN   ItemAutorouteInfo.get_expansion_room: p_index out of range
2026-08-13 15:55:40.832 WARN   ItemAutorouteInfo.get_expansion_room: p_index out of range
2026-08-13 15:55:40.832 WARN   ItemAutorouteInfo.get_expansion_room: p_index out of range
2026-08-13 15:55:40.836 WARN   ItemAutorouteInfo.get_expansion_room: p_index out of range
2026-08-13 15:55:40.836 WARN   ItemAutorouteInfo.get_expansion_room: p_index out of range
2026-08-13 15:55:40.836 WARN   ItemAutorouteInfo.get_expansion_room: p_index out of range
2026-08-13 15:55:40.836 WARN   ItemAutorouteInfo.get_expansion_room: p_index out of range
2026-08-13 15:55:40.836 WARN   ItemAutorouteInfo.get_expansion_room: p_index out of range
2026-08-13 15:55:40.836 WARN   ItemAutorouteInfo.get_expansion_room: p_index out of range
2026-08-13 15:55:40.836 WARN   ItemAutorouteInfo.get_expansion_room: p_index out of range
2026-08-13 15:55:40.836 WARN   ItemAutorouteInfo.get_expansion_room: p_index out of range
2026-08-13 15:55:40.836 WARN   ItemAutorouteInfo.get_expansion_room: p_index out of range
2026-08-13 15:55:40.836 WARN   ItemAutorouteInfo.get_expansion_room: p_index out of range
2026-08-13 15:55:40.836 WARN   ItemAutorouteInfo.get_expansion_room: p_index out of range
2026-08-13 15:55:40.836 WARN   ItemAutorouteInfo.get_expansion_room: p_index out of range
2026-08-13 15:55:40.837 WARN   ItemAutorouteInfo.get_expansion_room: p_index out of range
2026-08-13 15:55:40.837 WARN   ItemAutorouteInfo.get_expansion_room: p_index out of range
2026-08-13 15:55:40.837 WARN   ItemAutorouteInfo.get_expansion_room: p_index out of range
2026-08-13 15:55:40.839 WARN   ItemAutorouteInfo.get_expansion_room: p_index out of range
2026-08-13 15:55:40.839 WARN   ItemAutorouteInfo.get_expansion_room: p_index out of range
2026-08-13 15:55:40.839 WARN   ItemAutorouteInfo.get_expansion_room: p_index out of range
2026-08-13 15:55:40.839 WARN   ItemAutorouteInfo.get_expansion_room: p_index out of range
2026-08-13 15:55:40.839 WARN   ItemAutorouteInfo.get_expansion_room: p_index out of range
2026-08-13 15:55:40.839 WARN   ItemAutorouteInfo.get_expansion_room: p_index out of range
2026-08-13 15:55:40.849 WARN   ItemAutorouteInfo.get_expansion_room: p_index out of range
2026-08-13 15:55:40.849 WARN   ItemAutorouteInfo.get_expansion_room: p_index out of range
2026-08-13 15:55:40.859 WARN   ItemAutorouteInfo.get_expansion_room: p_index out of range
2026-08-13 15:55:40.859 WARN   ItemAutorouteInfo.get_expansion_room: p_index out of range
2026-08-13 15:55:40.859 WARN   ItemAutorouteInfo.get_expansion_room: p_index out of range
2026-08-13 15:55:40.859 WARN   ItemAutorouteInfo.get_expansion_room: p_index out of range
2026-08-13 15:55:40.860 WARN   ItemAutorouteInfo.get_expansion_room: p_index out of range
2026-08-13 15:55:40.860 WARN   ItemAutorouteInfo.get_expansion_room: p_index out of range
2026-08-13 15:55:40.861 WARN   ItemAutorouteInfo.get_expansion_room: p_index out of range
2026-08-13 15:55:40.861 WARN   ItemAutorouteInfo.get_expansion_room: p_index out of range
2026-08-13 15:55:40.861 WARN   ItemAutorouteInfo.get_expansion_room: p_index out of range
2026-08-13 15:55:40.861 WARN   ItemAutorouteInfo.get_expansion_room: p_index out of range
2026-08-13 15:55:40.861 WARN   ItemAutorouteInfo.get_expansion_room: p_index out of range
2026-08-13 15:55:40.861 WARN   ItemAutorouteInfo.get_expansion_room: p_index out of range
2026-08-13 15:55:40.861 WARN   ItemAutorouteInfo.get_expansion_room: p_index out of range
2026-08-13 15:55:40.861 WARN   ItemAutorouteInfo.get_expansion_room: p_index out of range
2026-08-13 15:55:40.862 WARN   ItemAutorouteInfo.get_expansion_room: p_index out of range
2026-08-13 15:55:40.862 WARN   ItemAutorouteInfo.get_expansion_room: p_index out of range
2026-08-13 15:55:40.862 WARN   ItemAutorouteInfo.get_expansion_room: p_index out of range
2026-08-13 15:55:40.862 WARN   ItemAutorouteInfo.get_expansion_room: p_index out of range
2026-08-13 15:55:40.862 WARN   ItemAutorouteInfo.get_expansion_room: p_index out of range
2026-08-13 15:55:40.862 WARN   ItemAutorouteInfo.get_expansion_room: p_index out of range
2026-08-13 15:55:40.862 WARN   ItemAutorouteInfo.get_expansion_room: p_index out of range
2026-08-13 15:55:40.863 WARN   ItemAutorouteInfo.get_expansion_room: p_index out of range
2026-08-13 15:55:40.863 WARN   ItemAutorouteInfo.get_expansion_room: p_index out of range
2026-08-13 15:55:40.863 WARN   ItemAutorouteInfo.get_expansion_room: p_index out of range
2026-08-13 15:55:40.864 WARN   ItemAutorouteInfo.get_expansion_room: p_index out of range
2026-08-13 15:55:40.864 WARN   ItemAutorouteInfo.get_expansion_room: p_index out of range
2026-08-13 15:55:40.864 WARN   ItemAutorouteInfo.get_expansion_room: p_index out of range
2026-08-13 15:55:40.864 WARN   ItemAutorouteInfo.get_expansion_room: p_index out of range
2026-08-13 15:55:40.864 WARN   ItemAutorouteInfo.get_expansion_room: p_index out of range
2026-08-13 15:55:40.864 WARN   ItemAutorouteInfo.get_expansion_room: p_index out of range
2026-08-13 15:55:40.873 WARN   ItemAutorouteInfo.get_expansion_room: p_index out of range
2026-08-13 15:55:40.874 WARN   ItemAutorouteInfo.get_expansion_room: p_index out of range
2026-08-13 15:55:40.874 WARN   ItemAutorouteInfo.get_expansion_room: p_index out of range
2026-08-13 15:55:40.874 WARN   ItemAutorouteInfo.get_expansion_room: p_index out of range
2026-08-13 15:55:40.874 WARN   ItemAutorouteInfo.get_expansion_room: p_index out of range
2026-08-13 15:55:40.875 WARN   ItemAutorouteInfo.get_expansion_room: p_index out of range
2026-08-13 15:55:40.875 WARN   ItemAutorouteInfo.get_expansion_room: p_index out of range
2026-08-13 15:55:40.875 WARN   ItemAutorouteInfo.get_expansion_room: p_index out of range
2026-08-13 15:55:40.884 WARN   ItemAutorouteInfo.get_expansion_room: p_index out of range
2026-08-13 15:55:40.884 WARN   ItemAutorouteInfo.get_expansion_room: p_index out of range
2026-08-13 15:55:40.899 WARN   ItemAutorouteInfo.get_expansion_room: p_index out of range
2026-08-13 15:55:40.899 WARN   ItemAutorouteInfo.get_expansion_room: p_index out of range
2026-08-13 15:55:40.906 WARN   ItemAutorouteInfo.get_expansion_room: p_index out of range
2026-08-13 15:55:40.906 WARN   ItemAutorouteInfo.get_expansion_room: p_index out of range
2026-08-13 15:55:40.906 WARN   ItemAutorouteInfo.get_expansion_room: p_index out of range
2026-08-13 15:55:40.906 WARN   ItemAutorouteInfo.get_expansion_room: p_index out of range
2026-08-13 15:55:40.908 WARN   ItemAutorouteInfo.get_expansion_room: p_index out of range
2026-08-13 15:55:40.908 WARN   ItemAutorouteInfo.get_expansion_room: p_index out of range
2026-08-13 15:55:41.249 WARN   ItemAutorouteInfo.get_expansion_room: p_index out of range
2026-08-13 15:55:41.255 WARN   MazeShoveTraceAlgo.check_shove_trace_line: trace_corner_no to big
2026-08-13 15:55:41.255 WARN   MazeShoveTraceAlgo.check_shove_trace_line: trace_corner_no to big
2026-08-13 15:55:41.255 WARN   MazeShoveTraceAlgo.check_shove_trace_line: trace_corner_no to big
2026-08-13 15:55:41.255 WARN   MazeShoveTraceAlgo.check_shove_trace_line: trace_corner_no to big
2026-08-13 15:55:41.453 INFO   [0B550D\DCEEB2] Auto-router pass #722 on board 'c33ec31f059f861573cdea420edf25d6' was completed in 0,75 seconds with the score of 977,23 (2 unrouted), using 2081823,62 CPU seconds and 1728517 MB memory.
2026-08-13 15:55:42.895 INFO   [0B550D\DCEEB2] Auto-router pass #723 on board 'cd498ee4047e3d4a89a04187995a78db' was completed in 1,42 seconds with the score of 974,94 (4 unrouted), using 2083833,88 CPU seconds and 1729368 MB memory.
2026-08-13 15:55:49.658 INFO   [0B550D\DCEEB2] Restoring an earlier board that has the score of 977,54 (2 unrouted).
2026-08-13 15:55:49.658 INFO   [0B550D\DCEEB2] Auto-router pass #724 on board 'dd10b5d9f1a0ea50a990be18b9e93b6c' was completed in 6,74 seconds with the score of 974,43 (4 unrouted), using 2097932,75 CPU seconds and 1735357 MB memory.
2026-08-13 15:55:51.261 INFO   [0B550D\DCEEB2] Auto-router pass #725 on board 'd8d746b286148ac68bfdfd4aa1b2c0cb' was completed in 1,59 seconds with the score of 977,13 (2 unrouted), using 2101969,75 CPU seconds and 1737261 MB memory.
2026-08-13 15:55:51.692 INFO   [0B550D\DCEEB2] Auto-router pass #726 on board '7338e204630f187c9ec4db401ba2b858' was completed in 0,41 seconds with the score of 973,06 (5 unrouted), using 2101969,75 CPU seconds and 1737261 MB memory.
2026-08-13 15:55:54.699 INFO   [0B550D\DCEEB2] Auto-router pass #727 on board 'e376bba86c35cf7d5597d6f0169cce5b' was completed in 2,98 seconds with the score of 971,77 (6 unrouted), using 2108032,75 CPU seconds and 1739834 MB memory.
2026-08-13 15:56:08.653 INFO   [0B550D\DCEEB2] Restoring an earlier board that has the score of 977,54 (2 unrouted).
2026-08-13 15:56:08.653 INFO   [0B550D\DCEEB2] Auto-router pass #728 on board 'a820aef187dbab062dae7021ace65a53' was completed in 13,92 seconds with the score of 971,02 (6 unrouted), using 2136442,75 CPU seconds and 1750747 MB memory.
2026-08-13 15:56:10.441 INFO   [0B550D\DCEEB2] Auto-router pass #729 on board 'd8d746b286148ac68bfdfd4aa1b2c0cb' was completed in 1,78 seconds with the score of 977,47 (2 unrouted), using 2140517,00 CPU seconds and 1752477 MB memory.
2026-08-13 15:56:11.351 INFO   [0B550D\DCEEB2] Auto-router pass #730 on board '48b29b5f500fa018c2787dc49772ea8e' was completed in 0,89 seconds with the score of 974,55 (4 unrouted), using 2142555,50 CPU seconds and 1753572 MB memory.
2026-08-13 15:56:13.334 INFO   [0B550D\DCEEB2] Auto-router pass #731 on board '802c95b0e1d351648d7546529fabc88c' was completed in 1,96 seconds with the score of 968,07 (8 unrouted), using 2146635,50 CPU seconds and 1755437 MB memory.
