2026-08-14 15:45:55.416 INFO   Freerouting v2.1.0 (build-date: 2025-04-12)
2026-08-14 15:45:55.555 WARN   No default constructor found for field: currentLocale
2026-08-14 15:45:55.556 INFO   Settings were loaded from freerouting.json
2026-08-14 15:45:55.566 WARN   Couldn't get screen resolution. If you are running in a headless environment, disable the GUI by setting gui.enabled to false.
2026-08-14 15:45:57.938 INFO   [12979A\3D9D34] Job '12979A\3D9D34' started at 2026-08-14T13:45:57.937889672Z
2026-08-14 15:46:03.101 INFO   New version available: v2.3.0
2026-08-14 15:46:04.340 INFO   [12979A\3D9D34] Auto-router pass #1 on board '62f52163ae4ea9dd94446beb24e3258e' was completed in 6,17 seconds with the score of 761,72 (56 unrouted), using 19,49 CPU seconds and 3533 MB memory.
2026-08-14 15:46:06.171 INFO   [12979A\3D9D34] Auto-router pass #2 on board '73a72e5c4dc3dba50309bfc24993e88d' was completed in 1,80 seconds with the score of 736,93 (60 unrouted), using 33,69 CPU seconds and 4918 MB memory.
2026-08-14 15:46:07.593 INFO   [12979A\3D9D34] Auto-router pass #3 on board 'b456948a1fc991e4ff914fd9fd2e6cce' was completed in 1,41 seconds with the score of 750,46 (58 unrouted), using 42,26 CPU seconds and 5555 MB memory.
2026-08-14 15:46:39.186 INFO   [12979A\3D9D34] Auto-router pass #4 on board '21b99413f88cf0c21b441d888065125f' was completed in 31,58 seconds with the score of 897,20 (32 unrouted), using 832,11 CPU seconds and 25751 MB memory.
2026-08-14 15:46:39.675 ERROR  AutorouteEngine.autoroute_connection: Exception in maze_search_algo.find_connection
java.lang.ArrayIndexOutOfBoundsException: Index 4 out of bounds for length 4
	at app.freerouting.autoroute.MazeShoveTraceAlgo.check_shove_trace_line(MazeShoveTraceAlgo.java:123) ~[freerouting.jar:unspecified]
	at app.freerouting.autoroute.MazeSearchAlgo.shove_trace_room(MazeSearchAlgo.java:1214) ~[freerouting.jar:unspecified]
	at app.freerouting.autoroute.MazeSearchAlgo.expand_to_room_doors(MazeSearchAlgo.java:443) ~[freerouting.jar:unspecified]
	at app.freerouting.autoroute.MazeSearchAlgo.occupy_next_element(MazeSearchAlgo.java:286) ~[freerouting.jar:unspecified]
	at app.freerouting.autoroute.MazeSearchAlgo.find_connection(MazeSearchAlgo.java:206) ~[freerouting.jar:unspecified]
	at app.freerouting.autoroute.AutorouteEngine.autoroute_connection(AutorouteEngine.java:155) [freerouting.jar:unspecified]
	at app.freerouting.autoroute.BatchAutorouter.autoroute_item(BatchAutorouter.java:610) [freerouting.jar:unspecified]
	at app.freerouting.autoroute.BatchAutorouter.autoroute_pass(BatchAutorouter.java:332) [freerouting.jar:unspecified]
	at app.freerouting.autoroute.BatchAutorouter.runBatchLoop(BatchAutorouter.java:447) [freerouting.jar:unspecified]
	at app.freerouting.management.RoutingJobSchedulerActionThread.thread_action(RoutingJobSchedulerActionThread.java:131) [freerouting.jar:unspecified]
	at app.freerouting.core.StoppableThread.run(StoppableThread.java:26) [freerouting.jar:unspecified]
2026-08-14 15:46:39.675 ERROR  AutorouteEngine.autoroute_connection: Exception in maze_search_algo.find_connection
java.lang.ArrayIndexOutOfBoundsException: Index 4 out of bounds for length 4
	at app.freerouting.autoroute.MazeShoveTraceAlgo.check_shove_trace_line(MazeShoveTraceAlgo.java:123) ~[freerouting.jar:unspecified]
	at app.freerouting.autoroute.MazeSearchAlgo.shove_trace_room(MazeSearchAlgo.java:1214) ~[freerouting.jar:unspecified]
	at app.freerouting.autoroute.MazeSearchAlgo.expand_to_room_doors(MazeSearchAlgo.java:443) ~[freerouting.jar:unspecified]
	at app.freerouting.autoroute.MazeSearchAlgo.occupy_next_element(MazeSearchAlgo.java:286) ~[freerouting.jar:unspecified]
	at app.freerouting.autoroute.MazeSearchAlgo.find_connection(MazeSearchAlgo.java:206) ~[freerouting.jar:unspecified]
	at app.freerouting.autoroute.AutorouteEngine.autoroute_connection(AutorouteEngine.java:155) [freerouting.jar:unspecified]
	at app.freerouting.autoroute.BatchAutorouter.autoroute_item(BatchAutorouter.java:610) [freerouting.jar:unspecified]
	at app.freerouting.autoroute.BatchAutorouter.autoroute_pass(BatchAutorouter.java:332) [freerouting.jar:unspecified]
	at app.freerouting.autoroute.BatchAutorouter.runBatchLoop(BatchAutorouter.java:447) [freerouting.jar:unspecified]
	at app.freerouting.management.RoutingJobSchedulerActionThread.thread_action(RoutingJobSchedulerActionThread.java:131) [freerouting.jar:unspecified]
	at app.freerouting.core.StoppableThread.run(StoppableThread.java:26) [freerouting.jar:unspecified]
2026-08-14 15:46:41.094 INFO   [12979A\3D9D34] Auto-router pass #5 on board 'f3a604e79653b61b578e6f181e80fd06' was completed in 1,89 seconds with the score of 908,54 (29 unrouted), using 914,64 CPU seconds and 27124 MB memory.
2026-08-14 15:46:42.202 INFO   [12979A\3D9D34] Auto-router pass #6 on board 'dc0a423e789017664d8dad1f4a388330' was completed in 1,08 seconds with the score of 908,54 (29 unrouted), using 957,37 CPU seconds and 27791 MB memory.
2026-08-14 15:46:43.268 INFO   [12979A\3D9D34] Auto-router pass #7 on board 'dc0a423e789017664d8dad1f4a388330' was completed in 1,06 seconds with the score of 908,54 (29 unrouted), using 1001,09 CPU seconds and 28455 MB memory.
2026-08-14 15:47:08.599 INFO   [12979A\3D9D34] Auto-router pass #8 on board 'dc0a423e789017664d8dad1f4a388330' was completed in 25,32 seconds with the score of 939,10 (19 unrouted), using 2410,75 CPU seconds and 46190 MB memory.
2026-08-14 15:47:09.515 INFO   [12979A\3D9D34] Auto-router pass #9 on board 'cf5fb0b863f5ce7505d33621e62e9173' was completed in 0,89 seconds with the score of 939,10 (19 unrouted), using 2479,78 CPU seconds and 46870 MB memory.
2026-08-14 15:47:10.410 INFO   [12979A\3D9D34] Auto-router pass #10 on board 'cf5fb0b863f5ce7505d33621e62e9173' was completed in 0,89 seconds with the score of 939,10 (19 unrouted), using 2549,79 CPU seconds and 47522 MB memory.
2026-08-14 15:47:11.319 INFO   [12979A\3D9D34] Auto-router pass #11 on board 'cf5fb0b863f5ce7505d33621e62e9173' was completed in 0,90 seconds with the score of 939,10 (19 unrouted), using 2620,79 CPU seconds and 48161 MB memory.
2026-08-14 15:47:12.527 INFO   [12979A\3D9D34] Auto-router pass #12 on board 'cf5fb0b863f5ce7505d33621e62e9173' was completed in 1,20 seconds with the score of 939,10 (19 unrouted), using 2692,77 CPU seconds and 48868 MB memory.
2026-08-14 15:47:13.418 INFO   [12979A\3D9D34] Auto-router pass #13 on board 'cf5fb0b863f5ce7505d33621e62e9173' was completed in 0,88 seconds with the score of 939,10 (19 unrouted), using 2765,75 CPU seconds and 49527 MB memory.
2026-08-14 15:47:14.311 INFO   [12979A\3D9D34] Auto-router pass #14 on board 'cf5fb0b863f5ce7505d33621e62e9173' was completed in 0,88 seconds with the score of 939,10 (19 unrouted), using 2839,71 CPU seconds and 50179 MB memory.
2026-08-14 15:47:15.198 INFO   [12979A\3D9D34] Auto-router pass #15 on board 'cf5fb0b863f5ce7505d33621e62e9173' was completed in 0,88 seconds with the score of 939,10 (19 unrouted), using 2914,67 CPU seconds and 50835 MB memory.
2026-08-14 15:47:16.102 INFO   [12979A\3D9D34] Auto-router pass #16 on board 'cf5fb0b863f5ce7505d33621e62e9173' was completed in 0,89 seconds with the score of 939,10 (19 unrouted), using 2990,60 CPU seconds and 51487 MB memory.
2026-08-14 15:47:16.985 INFO   [12979A\3D9D34] Auto-router pass #17 on board 'cf5fb0b863f5ce7505d33621e62e9173' was completed in 0,87 seconds with the score of 939,10 (19 unrouted), using 3067,53 CPU seconds and 52145 MB memory.
2026-08-14 15:47:17.876 INFO   [12979A\3D9D34] Auto-router pass #18 on board 'cf5fb0b863f5ce7505d33621e62e9173' was completed in 0,88 seconds with the score of 939,10 (19 unrouted), using 3067,53 CPU seconds and 52145 MB memory.
2026-08-14 15:47:18.770 INFO   [12979A\3D9D34] Auto-router pass #19 on board 'cf5fb0b863f5ce7505d33621e62e9173' was completed in 0,88 seconds with the score of 939,10 (19 unrouted), using 3145,45 CPU seconds and 52792 MB memory.
2026-08-14 15:47:19.670 INFO   [12979A\3D9D34] Auto-router pass #20 on board 'cf5fb0b863f5ce7505d33621e62e9173' was completed in 0,89 seconds with the score of 939,10 (19 unrouted), using 3224,36 CPU seconds and 53450 MB memory.
2026-08-14 15:47:20.555 INFO   [12979A\3D9D34] Auto-router pass #21 on board 'cf5fb0b863f5ce7505d33621e62e9173' was completed in 0,88 seconds with the score of 939,10 (19 unrouted), using 3304,25 CPU seconds and 54104 MB memory.
2026-08-14 15:47:21.442 INFO   [12979A\3D9D34] Auto-router pass #22 on board 'cf5fb0b863f5ce7505d33621e62e9173' was completed in 0,88 seconds with the score of 939,10 (19 unrouted), using 3385,14 CPU seconds and 54766 MB memory.
2026-08-14 15:47:22.321 INFO   [12979A\3D9D34] Auto-router pass #23 on board 'cf5fb0b863f5ce7505d33621e62e9173' was completed in 0,87 seconds with the score of 939,10 (19 unrouted), using 3467,01 CPU seconds and 55423 MB memory.
2026-08-14 15:47:23.220 INFO   [12979A\3D9D34] Auto-router pass #24 on board 'cf5fb0b863f5ce7505d33621e62e9173' was completed in 0,89 seconds with the score of 939,10 (19 unrouted), using 3549,88 CPU seconds and 56083 MB memory.
2026-08-14 15:47:24.103 INFO   [12979A\3D9D34] Auto-router pass #25 on board 'cf5fb0b863f5ce7505d33621e62e9173' was completed in 0,87 seconds with the score of 939,10 (19 unrouted), using 3633,73 CPU seconds and 56741 MB memory.
2026-08-14 15:47:25.005 INFO   [12979A\3D9D34] Auto-router pass #26 on board 'cf5fb0b863f5ce7505d33621e62e9173' was completed in 0,89 seconds with the score of 939,10 (19 unrouted), using 3718,57 CPU seconds and 57387 MB memory.
2026-08-14 15:47:25.891 INFO   [12979A\3D9D34] Auto-router pass #27 on board 'cf5fb0b863f5ce7505d33621e62e9173' was completed in 0,88 seconds with the score of 939,10 (19 unrouted), using 3718,57 CPU seconds and 57387 MB memory.
2026-08-14 15:47:26.783 INFO   [12979A\3D9D34] Auto-router pass #28 on board 'cf5fb0b863f5ce7505d33621e62e9173' was completed in 0,88 seconds with the score of 939,10 (19 unrouted), using 3804,40 CPU seconds and 58045 MB memory.
2026-08-14 15:47:27.686 INFO   [12979A\3D9D34] Auto-router pass #29 on board 'cf5fb0b863f5ce7505d33621e62e9173' was completed in 0,89 seconds with the score of 939,10 (19 unrouted), using 3891,22 CPU seconds and 58701 MB memory.
2026-08-14 15:47:28.570 INFO   [12979A\3D9D34] Auto-router pass #30 on board 'cf5fb0b863f5ce7505d33621e62e9173' was completed in 0,88 seconds with the score of 939,10 (19 unrouted), using 3979,03 CPU seconds and 59350 MB memory.
2026-08-14 15:47:29.455 INFO   [12979A\3D9D34] Auto-router pass #31 on board 'cf5fb0b863f5ce7505d33621e62e9173' was completed in 0,88 seconds with the score of 939,10 (19 unrouted), using 4067,83 CPU seconds and 60008 MB memory.
2026-08-14 15:47:30.351 INFO   [12979A\3D9D34] Auto-router pass #32 on board 'cf5fb0b863f5ce7505d33621e62e9173' was completed in 0,89 seconds with the score of 939,10 (19 unrouted), using 4157,62 CPU seconds and 60665 MB memory.
2026-08-14 15:47:31.238 INFO   [12979A\3D9D34] Auto-router pass #33 on board 'cf5fb0b863f5ce7505d33621e62e9173' was completed in 0,88 seconds with the score of 939,10 (19 unrouted), using 4248,41 CPU seconds and 61324 MB memory.
2026-08-14 15:47:32.123 INFO   [12979A\3D9D34] Auto-router pass #34 on board 'cf5fb0b863f5ce7505d33621e62e9173' was completed in 0,88 seconds with the score of 939,10 (19 unrouted), using 4340,18 CPU seconds and 61982 MB memory.
2026-08-14 15:47:33.014 INFO   [12979A\3D9D34] Auto-router pass #35 on board 'cf5fb0b863f5ce7505d33621e62e9173' was completed in 0,88 seconds with the score of 939,10 (19 unrouted), using 4432,94 CPU seconds and 62641 MB memory.
2026-08-14 15:47:33.920 INFO   [12979A\3D9D34] Auto-router pass #36 on board 'cf5fb0b863f5ce7505d33621e62e9173' was completed in 0,89 seconds with the score of 939,10 (19 unrouted), using 4432,94 CPU seconds and 62641 MB memory.
2026-08-14 15:47:34.831 INFO   [12979A\3D9D34] Auto-router pass #37 on board 'cf5fb0b863f5ce7505d33621e62e9173' was completed in 0,90 seconds with the score of 939,10 (19 unrouted), using 4526,69 CPU seconds and 63278 MB memory.
2026-08-14 15:47:35.719 INFO   [12979A\3D9D34] Auto-router pass #38 on board 'cf5fb0b863f5ce7505d33621e62e9173' was completed in 0,88 seconds with the score of 939,10 (19 unrouted), using 4621,43 CPU seconds and 63926 MB memory.
2026-08-14 15:47:36.603 INFO   [12979A\3D9D34] Auto-router pass #39 on board 'cf5fb0b863f5ce7505d33621e62e9173' was completed in 0,88 seconds with the score of 939,10 (19 unrouted), using 4717,15 CPU seconds and 64586 MB memory.
2026-08-14 15:47:37.500 INFO   [12979A\3D9D34] Auto-router pass #40 on board 'cf5fb0b863f5ce7505d33621e62e9173' was completed in 0,89 seconds with the score of 939,10 (19 unrouted), using 4813,87 CPU seconds and 65241 MB memory.
2026-08-14 15:47:38.384 INFO   [12979A\3D9D34] Auto-router pass #41 on board 'cf5fb0b863f5ce7505d33621e62e9173' was completed in 0,87 seconds with the score of 939,10 (19 unrouted), using 4911,58 CPU seconds and 65899 MB memory.
2026-08-14 15:47:39.266 INFO   [12979A\3D9D34] Auto-router pass #42 on board 'cf5fb0b863f5ce7505d33621e62e9173' was completed in 0,87 seconds with the score of 939,10 (19 unrouted), using 5010,28 CPU seconds and 66560 MB memory.
2026-08-14 15:47:40.158 INFO   [12979A\3D9D34] Auto-router pass #43 on board 'cf5fb0b863f5ce7505d33621e62e9173' was completed in 0,88 seconds with the score of 939,10 (19 unrouted), using 5109,97 CPU seconds and 67216 MB memory.
2026-08-14 15:47:41.054 INFO   [12979A\3D9D34] Auto-router pass #44 on board 'cf5fb0b863f5ce7505d33621e62e9173' was completed in 0,89 seconds with the score of 939,10 (19 unrouted), using 5210,65 CPU seconds and 67873 MB memory.
2026-08-14 15:47:41.955 INFO   [12979A\3D9D34] Auto-router pass #45 on board 'cf5fb0b863f5ce7505d33621e62e9173' was completed in 0,89 seconds with the score of 939,10 (19 unrouted), using 5210,65 CPU seconds and 67873 MB memory.
2026-08-14 15:47:42.842 INFO   [12979A\3D9D34] Auto-router pass #46 on board 'cf5fb0b863f5ce7505d33621e62e9173' was completed in 0,88 seconds with the score of 939,10 (19 unrouted), using 5312,31 CPU seconds and 68517 MB memory.
2026-08-14 15:47:43.728 INFO   [12979A\3D9D34] Auto-router pass #47 on board 'cf5fb0b863f5ce7505d33621e62e9173' was completed in 0,88 seconds with the score of 939,10 (19 unrouted), using 5414,97 CPU seconds and 69173 MB memory.
2026-08-14 15:47:44.640 INFO   [12979A\3D9D34] Auto-router pass #48 on board 'cf5fb0b863f5ce7505d33621e62e9173' was completed in 0,90 seconds with the score of 939,10 (19 unrouted), using 5518,62 CPU seconds and 69831 MB memory.
2026-08-14 15:47:45.526 INFO   [12979A\3D9D34] Auto-router pass #49 on board 'cf5fb0b863f5ce7505d33621e62e9173' was completed in 0,88 seconds with the score of 939,10 (19 unrouted), using 5623,25 CPU seconds and 70479 MB memory.
2026-08-14 15:47:46.411 INFO   [12979A\3D9D34] Auto-router pass #50 on board 'cf5fb0b863f5ce7505d33621e62e9173' was completed in 0,88 seconds with the score of 939,10 (19 unrouted), using 5728,88 CPU seconds and 71138 MB memory.
2026-08-14 15:47:47.293 INFO   [12979A\3D9D34] Auto-router pass #51 on board 'cf5fb0b863f5ce7505d33621e62e9173' was completed in 0,87 seconds with the score of 939,10 (19 unrouted), using 5835,49 CPU seconds and 71798 MB memory.
2026-08-14 15:47:48.189 INFO   [12979A\3D9D34] Auto-router pass #52 on board 'cf5fb0b863f5ce7505d33621e62e9173' was completed in 0,89 seconds with the score of 939,10 (19 unrouted), using 5943,09 CPU seconds and 72457 MB memory.
2026-08-14 15:47:49.073 INFO   [12979A\3D9D34] Auto-router pass #53 on board 'cf5fb0b863f5ce7505d33621e62e9173' was completed in 0,88 seconds with the score of 939,10 (19 unrouted), using 6051,68 CPU seconds and 73116 MB memory.
2026-08-14 15:47:49.961 INFO   [12979A\3D9D34] Auto-router pass #54 on board 'cf5fb0b863f5ce7505d33621e62e9173' was completed in 0,88 seconds with the score of 939,10 (19 unrouted), using 6051,68 CPU seconds and 73116 MB memory.
2026-08-14 15:47:50.866 INFO   [12979A\3D9D34] Auto-router pass #55 on board 'cf5fb0b863f5ce7505d33621e62e9173' was completed in 0,90 seconds with the score of 939,10 (19 unrouted), using 6161,26 CPU seconds and 73767 MB memory.
2026-08-14 15:47:51.760 INFO   [12979A\3D9D34] Auto-router pass #56 on board 'cf5fb0b863f5ce7505d33621e62e9173' was completed in 0,89 seconds with the score of 939,10 (19 unrouted), using 6271,83 CPU seconds and 74412 MB memory.
2026-08-14 15:47:52.643 INFO   [12979A\3D9D34] Auto-router pass #57 on board 'cf5fb0b863f5ce7505d33621e62e9173' was completed in 0,87 seconds with the score of 939,10 (19 unrouted), using 6383,39 CPU seconds and 75072 MB memory.
2026-08-14 15:47:53.526 INFO   [12979A\3D9D34] Auto-router pass #58 on board 'cf5fb0b863f5ce7505d33621e62e9173' was completed in 0,87 seconds with the score of 939,10 (19 unrouted), using 6495,94 CPU seconds and 75733 MB memory.
2026-08-14 15:47:54.413 INFO   [12979A\3D9D34] Auto-router pass #59 on board 'cf5fb0b863f5ce7505d33621e62e9173' was completed in 0,88 seconds with the score of 939,10 (19 unrouted), using 6609,47 CPU seconds and 76392 MB memory.
2026-08-14 15:47:55.307 INFO   [12979A\3D9D34] Auto-router pass #60 on board 'cf5fb0b863f5ce7505d33621e62e9173' was completed in 0,89 seconds with the score of 939,10 (19 unrouted), using 6724,00 CPU seconds and 77049 MB memory.
2026-08-14 15:47:56.192 INFO   [12979A\3D9D34] Auto-router pass #61 on board 'cf5fb0b863f5ce7505d33621e62e9173' was completed in 0,88 seconds with the score of 939,10 (19 unrouted), using 6839,52 CPU seconds and 77712 MB memory.
2026-08-14 15:47:57.073 INFO   [12979A\3D9D34] Auto-router pass #62 on board 'cf5fb0b863f5ce7505d33621e62e9173' was completed in 0,87 seconds with the score of 939,10 (19 unrouted), using 6956,02 CPU seconds and 78369 MB memory.
2026-08-14 15:47:57.958 INFO   [12979A\3D9D34] Auto-router pass #63 on board 'cf5fb0b863f5ce7505d33621e62e9173' was completed in 0,88 seconds with the score of 939,10 (19 unrouted), using 6956,02 CPU seconds and 78369 MB memory.
2026-08-14 15:47:58.851 INFO   [12979A\3D9D34] Auto-router pass #64 on board 'cf5fb0b863f5ce7505d33621e62e9173' was completed in 0,89 seconds with the score of 939,10 (19 unrouted), using 7073,52 CPU seconds and 79025 MB memory.
2026-08-14 15:47:59.740 INFO   [12979A\3D9D34] Auto-router pass #65 on board 'cf5fb0b863f5ce7505d33621e62e9173' was completed in 0,88 seconds with the score of 939,10 (19 unrouted), using 7192,01 CPU seconds and 79685 MB memory.
2026-08-14 15:48:00.633 INFO   [12979A\3D9D34] Auto-router pass #66 on board 'cf5fb0b863f5ce7505d33621e62e9173' was completed in 0,89 seconds with the score of 939,10 (19 unrouted), using 7311,47 CPU seconds and 80337 MB memory.
2026-08-14 15:48:01.539 INFO   [12979A\3D9D34] Auto-router pass #67 on board 'cf5fb0b863f5ce7505d33621e62e9173' was completed in 0,90 seconds with the score of 939,10 (19 unrouted), using 7431,93 CPU seconds and 80980 MB memory.
2026-08-14 15:48:02.461 INFO   [12979A\3D9D34] Auto-router pass #68 on board 'cf5fb0b863f5ce7505d33621e62e9173' was completed in 0,91 seconds with the score of 939,10 (19 unrouted), using 7553,38 CPU seconds and 81624 MB memory.
2026-08-14 15:48:03.346 INFO   [12979A\3D9D34] Auto-router pass #69 on board 'cf5fb0b863f5ce7505d33621e62e9173' was completed in 0,88 seconds with the score of 939,10 (19 unrouted), using 7675,81 CPU seconds and 82281 MB memory.
2026-08-14 15:48:04.229 INFO   [12979A\3D9D34] Auto-router pass #70 on board 'cf5fb0b863f5ce7505d33621e62e9173' was completed in 0,88 seconds with the score of 939,10 (19 unrouted), using 7799,24 CPU seconds and 82939 MB memory.
2026-08-14 15:48:05.132 INFO   [12979A\3D9D34] Auto-router pass #71 on board 'cf5fb0b863f5ce7505d33621e62e9173' was completed in 0,89 seconds with the score of 939,10 (19 unrouted), using 7923,65 CPU seconds and 83597 MB memory.
2026-08-14 15:48:06.047 INFO   [12979A\3D9D34] Auto-router pass #72 on board 'cf5fb0b863f5ce7505d33621e62e9173' was completed in 0,91 seconds with the score of 939,10 (19 unrouted), using 8049,04 CPU seconds and 84233 MB memory.
2026-08-14 15:48:06.942 INFO   [12979A\3D9D34] Auto-router pass #73 on board 'cf5fb0b863f5ce7505d33621e62e9173' was completed in 0,89 seconds with the score of 939,10 (19 unrouted), using 8049,04 CPU seconds and 84233 MB memory.
2026-08-14 15:48:07.809 INFO   [12979A\3D9D34] Auto-router pass #74 on board 'cf5fb0b863f5ce7505d33621e62e9173' was completed in 0,86 seconds with the score of 939,10 (19 unrouted), using 8175,41 CPU seconds and 84880 MB memory.
2026-08-14 15:48:08.680 INFO   [12979A\3D9D34] Auto-router pass #75 on board 'cf5fb0b863f5ce7505d33621e62e9173' was completed in 0,86 seconds with the score of 939,10 (19 unrouted), using 8302,77 CPU seconds and 85552 MB memory.
2026-08-14 15:48:09.572 INFO   [12979A\3D9D34] Auto-router pass #76 on board 'cf5fb0b863f5ce7505d33621e62e9173' was completed in 0,88 seconds with the score of 939,10 (19 unrouted), using 8431,12 CPU seconds and 86221 MB memory.
2026-08-14 15:48:10.442 INFO   [12979A\3D9D34] Auto-router pass #77 on board 'cf5fb0b863f5ce7505d33621e62e9173' was completed in 0,86 seconds with the score of 939,10 (19 unrouted), using 8560,45 CPU seconds and 86882 MB memory.
2026-08-14 15:48:11.316 INFO   [12979A\3D9D34] Auto-router pass #78 on board 'cf5fb0b863f5ce7505d33621e62e9173' was completed in 0,87 seconds with the score of 939,10 (19 unrouted), using 8690,78 CPU seconds and 87552 MB memory.
2026-08-14 15:48:12.184 INFO   [12979A\3D9D34] Auto-router pass #79 on board 'cf5fb0b863f5ce7505d33621e62e9173' was completed in 0,86 seconds with the score of 939,10 (19 unrouted), using 8822,09 CPU seconds and 88221 MB memory.
2026-08-14 15:48:13.079 INFO   [12979A\3D9D34] Auto-router pass #80 on board 'cf5fb0b863f5ce7505d33621e62e9173' was completed in 0,89 seconds with the score of 939,10 (19 unrouted), using 8954,39 CPU seconds and 88883 MB memory.
2026-08-14 15:48:13.955 INFO   [12979A\3D9D34] Auto-router pass #81 on board 'cf5fb0b863f5ce7505d33621e62e9173' was completed in 0,87 seconds with the score of 939,10 (19 unrouted), using 8954,39 CPU seconds and 88883 MB memory.
2026-08-14 15:48:14.825 INFO   [12979A\3D9D34] Auto-router pass #82 on board 'cf5fb0b863f5ce7505d33621e62e9173' was completed in 0,86 seconds with the score of 939,10 (19 unrouted), using 9087,67 CPU seconds and 89546 MB memory.
2026-08-14 15:48:15.738 INFO   [12979A\3D9D34] Auto-router pass #83 on board 'cf5fb0b863f5ce7505d33621e62e9173' was completed in 0,91 seconds with the score of 939,10 (19 unrouted), using 9221,94 CPU seconds and 90216 MB memory.
2026-08-14 15:48:16.619 INFO   [12979A\3D9D34] Auto-router pass #84 on board 'cf5fb0b863f5ce7505d33621e62e9173' was completed in 0,87 seconds with the score of 939,10 (19 unrouted), using 9357,20 CPU seconds and 90855 MB memory.
2026-08-14 15:48:17.493 INFO   [12979A\3D9D34] Auto-router pass #85 on board 'cf5fb0b863f5ce7505d33621e62e9173' was completed in 0,86 seconds with the score of 939,10 (19 unrouted), using 9493,44 CPU seconds and 91521 MB memory.
2026-08-14 15:48:18.373 INFO   [12979A\3D9D34] Auto-router pass #86 on board 'cf5fb0b863f5ce7505d33621e62e9173' was completed in 0,87 seconds with the score of 939,10 (19 unrouted), using 9630,68 CPU seconds and 92184 MB memory.
2026-08-14 15:48:19.245 INFO   [12979A\3D9D34] Auto-router pass #87 on board 'cf5fb0b863f5ce7505d33621e62e9173' was completed in 0,86 seconds with the score of 939,10 (19 unrouted), using 9768,90 CPU seconds and 92852 MB memory.
2026-08-14 15:48:20.132 INFO   [12979A\3D9D34] Auto-router pass #88 on board 'cf5fb0b863f5ce7505d33621e62e9173' was completed in 0,88 seconds with the score of 939,10 (19 unrouted), using 9908,11 CPU seconds and 93521 MB memory.
2026-08-14 15:48:21.000 INFO   [12979A\3D9D34] Auto-router pass #89 on board 'cf5fb0b863f5ce7505d33621e62e9173' was completed in 0,86 seconds with the score of 939,10 (19 unrouted), using 9908,11 CPU seconds and 93521 MB memory.
2026-08-14 15:48:21.875 INFO   [12979A\3D9D34] Auto-router pass #90 on board 'cf5fb0b863f5ce7505d33621e62e9173' was completed in 0,87 seconds with the score of 939,10 (19 unrouted), using 10048,31 CPU seconds and 94187 MB memory.
2026-08-14 15:48:22.750 INFO   [12979A\3D9D34] Auto-router pass #91 on board 'cf5fb0b863f5ce7505d33621e62e9173' was completed in 0,87 seconds with the score of 939,10 (19 unrouted), using 10189,50 CPU seconds and 94856 MB memory.
2026-08-14 15:48:23.631 INFO   [12979A\3D9D34] Auto-router pass #92 on board 'cf5fb0b863f5ce7505d33621e62e9173' was completed in 0,87 seconds with the score of 939,10 (19 unrouted), using 10331,68 CPU seconds and 95519 MB memory.
2026-08-14 15:48:24.500 INFO   [12979A\3D9D34] Auto-router pass #93 on board 'cf5fb0b863f5ce7505d33621e62e9173' was completed in 0,86 seconds with the score of 939,10 (19 unrouted), using 10474,84 CPU seconds and 96190 MB memory.
2026-08-14 15:48:25.372 INFO   [12979A\3D9D34] Auto-router pass #94 on board 'cf5fb0b863f5ce7505d33621e62e9173' was completed in 0,86 seconds with the score of 939,10 (19 unrouted), using 10618,99 CPU seconds and 96861 MB memory.
2026-08-14 15:48:26.268 INFO   [12979A\3D9D34] Auto-router pass #95 on board 'cf5fb0b863f5ce7505d33621e62e9173' was completed in 0,89 seconds with the score of 939,10 (19 unrouted), using 10764,14 CPU seconds and 97514 MB memory.
2026-08-14 15:48:27.147 INFO   [12979A\3D9D34] Auto-router pass #96 on board 'cf5fb0b863f5ce7505d33621e62e9173' was completed in 0,87 seconds with the score of 939,10 (19 unrouted), using 10910,27 CPU seconds and 98182 MB memory.
2026-08-14 15:48:28.014 INFO   [12979A\3D9D34] Auto-router pass #97 on board 'cf5fb0b863f5ce7505d33621e62e9173' was completed in 0,86 seconds with the score of 939,10 (19 unrouted), using 11057,39 CPU seconds and 98853 MB memory.
2026-08-14 15:48:28.879 INFO   [12979A\3D9D34] Auto-router pass #98 on board 'cf5fb0b863f5ce7505d33621e62e9173' was completed in 0,86 seconds with the score of 939,10 (19 unrouted), using 11057,39 CPU seconds and 98853 MB memory.
2026-08-14 15:48:29.746 INFO   [12979A\3D9D34] Auto-router pass #99 on board 'cf5fb0b863f5ce7505d33621e62e9173' was completed in 0,86 seconds with the score of 939,10 (19 unrouted), using 11205,50 CPU seconds and 99527 MB memory.
2026-08-14 15:48:30.657 INFO   [12979A\3D9D34] Auto-router pass #100 on board 'cf5fb0b863f5ce7505d33621e62e9173' was completed in 0,90 seconds with the score of 939,10 (19 unrouted), using 11354,61 CPU seconds and 100198 MB memory.
2026-08-14 15:48:31.527 INFO   [12979A\3D9D34] Auto-router pass #101 on board 'cf5fb0b863f5ce7505d33621e62e9173' was completed in 0,86 seconds with the score of 939,10 (19 unrouted), using 11504,70 CPU seconds and 100845 MB memory.
2026-08-14 15:48:32.397 INFO   [12979A\3D9D34] Auto-router pass #102 on board 'cf5fb0b863f5ce7505d33621e62e9173' was completed in 0,86 seconds with the score of 939,10 (19 unrouted), using 11655,78 CPU seconds and 101516 MB memory.
2026-08-14 15:48:33.263 INFO   [12979A\3D9D34] Auto-router pass #103 on board 'cf5fb0b863f5ce7505d33621e62e9173' was completed in 0,86 seconds with the score of 939,10 (19 unrouted), using 11807,86 CPU seconds and 102187 MB memory.
2026-08-14 15:48:34.142 INFO   [12979A\3D9D34] Auto-router pass #104 on board 'cf5fb0b863f5ce7505d33621e62e9173' was completed in 0,87 seconds with the score of 939,10 (19 unrouted), using 11960,92 CPU seconds and 102857 MB memory.
2026-08-14 15:48:35.011 INFO   [12979A\3D9D34] Auto-router pass #105 on board 'cf5fb0b863f5ce7505d33621e62e9173' was completed in 0,86 seconds with the score of 939,10 (19 unrouted), using 11960,92 CPU seconds and 102857 MB memory.
2026-08-14 15:48:35.903 INFO   [12979A\3D9D34] Auto-router pass #106 on board 'cf5fb0b863f5ce7505d33621e62e9173' was completed in 0,88 seconds with the score of 939,10 (19 unrouted), using 12114,97 CPU seconds and 103527 MB memory.
2026-08-14 15:48:36.770 INFO   [12979A\3D9D34] Auto-router pass #107 on board 'cf5fb0b863f5ce7505d33621e62e9173' was completed in 0,86 seconds with the score of 939,10 (19 unrouted), using 12270,01 CPU seconds and 104183 MB memory.
2026-08-14 15:48:37.651 INFO   [12979A\3D9D34] Auto-router pass #108 on board 'cf5fb0b863f5ce7505d33621e62e9173' was completed in 0,87 seconds with the score of 939,10 (19 unrouted), using 12426,04 CPU seconds and 104855 MB memory.
2026-08-14 15:48:38.540 INFO   [12979A\3D9D34] Auto-router pass #109 on board 'cf5fb0b863f5ce7505d33621e62e9173' was completed in 0,88 seconds with the score of 939,10 (19 unrouted), using 12583,06 CPU seconds and 105514 MB memory.
2026-08-14 15:48:39.405 INFO   [12979A\3D9D34] Auto-router pass #110 on board 'cf5fb0b863f5ce7505d33621e62e9173' was completed in 0,86 seconds with the score of 939,10 (19 unrouted), using 12741,07 CPU seconds and 106179 MB memory.
2026-08-14 15:48:40.271 INFO   [12979A\3D9D34] Auto-router pass #111 on board 'cf5fb0b863f5ce7505d33621e62e9173' was completed in 0,86 seconds with the score of 939,10 (19 unrouted), using 12900,07 CPU seconds and 106854 MB memory.
2026-08-14 15:48:41.151 INFO   [12979A\3D9D34] Auto-router pass #112 on board 'cf5fb0b863f5ce7505d33621e62e9173' was completed in 0,87 seconds with the score of 939,10 (19 unrouted), using 13060,06 CPU seconds and 107523 MB memory.
2026-08-14 15:48:42.019 INFO   [12979A\3D9D34] Auto-router pass #113 on board 'cf5fb0b863f5ce7505d33621e62e9173' was completed in 0,86 seconds with the score of 939,10 (19 unrouted), using 13221,04 CPU seconds and 108194 MB memory.
2026-08-14 15:48:42.892 INFO   [12979A\3D9D34] Auto-router pass #114 on board 'cf5fb0b863f5ce7505d33621e62e9173' was completed in 0,86 seconds with the score of 939,10 (19 unrouted), using 13221,04 CPU seconds and 108194 MB memory.
2026-08-14 15:48:43.761 INFO   [12979A\3D9D34] Auto-router pass #115 on board 'cf5fb0b863f5ce7505d33621e62e9173' was completed in 0,86 seconds with the score of 939,10 (19 unrouted), using 13383,01 CPU seconds and 108860 MB memory.
2026-08-14 15:48:44.642 INFO   [12979A\3D9D34] Auto-router pass #116 on board 'cf5fb0b863f5ce7505d33621e62e9173' was completed in 0,87 seconds with the score of 939,10 (19 unrouted), using 13545,96 CPU seconds and 109529 MB memory.
2026-08-14 15:48:45.507 INFO   [12979A\3D9D34] Auto-router pass #117 on board 'cf5fb0b863f5ce7505d33621e62e9173' was completed in 0,86 seconds with the score of 939,10 (19 unrouted), using 13709,91 CPU seconds and 110202 MB memory.
2026-08-14 15:48:46.374 INFO   [12979A\3D9D34] Auto-router pass #118 on board 'cf5fb0b863f5ce7505d33621e62e9173' was completed in 0,86 seconds with the score of 939,10 (19 unrouted), using 13874,84 CPU seconds and 110874 MB memory.
2026-08-14 15:48:47.242 INFO   [12979A\3D9D34] Auto-router pass #119 on board 'cf5fb0b863f5ce7505d33621e62e9173' was completed in 0,86 seconds with the score of 939,10 (19 unrouted), using 14040,76 CPU seconds and 111546 MB memory.
2026-08-14 15:48:48.120 INFO   [12979A\3D9D34] Auto-router pass #120 on board 'cf5fb0b863f5ce7505d33621e62e9173' was completed in 0,87 seconds with the score of 939,10 (19 unrouted), using 14207,67 CPU seconds and 112220 MB memory.
2026-08-14 15:48:48.984 INFO   [12979A\3D9D34] Auto-router pass #121 on board 'cf5fb0b863f5ce7505d33621e62e9173' was completed in 0,86 seconds with the score of 939,10 (19 unrouted), using 14207,67 CPU seconds and 112220 MB memory.
2026-08-14 15:48:49.850 INFO   [12979A\3D9D34] Auto-router pass #122 on board 'cf5fb0b863f5ce7505d33621e62e9173' was completed in 0,86 seconds with the score of 939,10 (19 unrouted), using 14375,57 CPU seconds and 112887 MB memory.
2026-08-14 15:48:50.754 INFO   [12979A\3D9D34] Auto-router pass #123 on board 'cf5fb0b863f5ce7505d33621e62e9173' was completed in 0,90 seconds with the score of 939,10 (19 unrouted), using 14544,46 CPU seconds and 113559 MB memory.
2026-08-14 15:48:51.633 INFO   [12979A\3D9D34] Auto-router pass #124 on board 'cf5fb0b863f5ce7505d33621e62e9173' was completed in 0,87 seconds with the score of 939,10 (19 unrouted), using 14714,34 CPU seconds and 114211 MB memory.
2026-08-14 15:48:52.526 INFO   [12979A\3D9D34] Auto-router pass #125 on board 'cf5fb0b863f5ce7505d33621e62e9173' was completed in 0,89 seconds with the score of 939,10 (19 unrouted), using 14885,21 CPU seconds and 114863 MB memory.
2026-08-14 15:48:53.391 INFO   [12979A\3D9D34] Auto-router pass #126 on board 'cf5fb0b863f5ce7505d33621e62e9173' was completed in 0,86 seconds with the score of 939,10 (19 unrouted), using 15057,07 CPU seconds and 115534 MB memory.
2026-08-14 15:48:54.253 INFO   [12979A\3D9D34] Auto-router pass #127 on board 'cf5fb0b863f5ce7505d33621e62e9173' was completed in 0,85 seconds with the score of 939,10 (19 unrouted), using 15229,92 CPU seconds and 116203 MB memory.
2026-08-14 15:48:55.080 INFO   [12979A\3D9D34] Auto-router pass #128 on board 'cf5fb0b863f5ce7505d33621e62e9173' was completed in 0,82 seconds with the score of 939,10 (19 unrouted), using 15403,75 CPU seconds and 116915 MB memory.
2026-08-14 15:48:55.894 INFO   [12979A\3D9D34] Auto-router pass #129 on board 'cf5fb0b863f5ce7505d33621e62e9173' was completed in 0,81 seconds with the score of 939,10 (19 unrouted), using 15403,75 CPU seconds and 116915 MB memory.
2026-08-14 15:48:56.710 INFO   [12979A\3D9D34] Auto-router pass #130 on board 'cf5fb0b863f5ce7505d33621e62e9173' was completed in 0,81 seconds with the score of 939,10 (19 unrouted), using 15578,58 CPU seconds and 117628 MB memory.
2026-08-14 15:48:57.522 INFO   [12979A\3D9D34] Auto-router pass #131 on board 'cf5fb0b863f5ce7505d33621e62e9173' was completed in 0,80 seconds with the score of 939,10 (19 unrouted), using 15754,40 CPU seconds and 118342 MB memory.
2026-08-14 15:48:58.371 INFO   [12979A\3D9D34] Auto-router pass #132 on board 'cf5fb0b863f5ce7505d33621e62e9173' was completed in 0,84 seconds with the score of 939,10 (19 unrouted), using 15931,20 CPU seconds and 119046 MB memory.
2026-08-14 15:48:59.189 INFO   [12979A\3D9D34] Auto-router pass #133 on board 'cf5fb0b863f5ce7505d33621e62e9173' was completed in 0,81 seconds with the score of 939,10 (19 unrouted), using 16108,99 CPU seconds and 119753 MB memory.
2026-08-14 15:49:00.003 INFO   [12979A\3D9D34] Auto-router pass #134 on board 'cf5fb0b863f5ce7505d33621e62e9173' was completed in 0,81 seconds with the score of 939,10 (19 unrouted), using 16108,99 CPU seconds and 119753 MB memory.
2026-08-14 15:49:00.824 INFO   [12979A\3D9D34] Auto-router pass #135 on board 'cf5fb0b863f5ce7505d33621e62e9173' was completed in 0,81 seconds with the score of 939,10 (19 unrouted), using 16287,77 CPU seconds and 120464 MB memory.
2026-08-14 15:49:01.648 INFO   [12979A\3D9D34] Auto-router pass #136 on board 'cf5fb0b863f5ce7505d33621e62e9173' was completed in 0,82 seconds with the score of 939,10 (19 unrouted), using 16467,54 CPU seconds and 121175 MB memory.
2026-08-14 15:49:02.461 INFO   [12979A\3D9D34] Auto-router pass #137 on board 'cf5fb0b863f5ce7505d33621e62e9173' was completed in 0,80 seconds with the score of 939,10 (19 unrouted), using 16648,30 CPU seconds and 121893 MB memory.
2026-08-14 15:49:03.272 INFO   [12979A\3D9D34] Auto-router pass #138 on board 'cf5fb0b863f5ce7505d33621e62e9173' was completed in 0,80 seconds with the score of 939,10 (19 unrouted), using 16830,05 CPU seconds and 122611 MB memory.
2026-08-14 15:49:04.084 INFO   [12979A\3D9D34] Auto-router pass #139 on board 'cf5fb0b863f5ce7505d33621e62e9173' was completed in 0,80 seconds with the score of 939,10 (19 unrouted), using 17012,79 CPU seconds and 123329 MB memory.
2026-08-14 15:49:04.912 INFO   [12979A\3D9D34] Auto-router pass #140 on board 'cf5fb0b863f5ce7505d33621e62e9173' was completed in 0,82 seconds with the score of 939,10 (19 unrouted), using 17012,79 CPU seconds and 123329 MB memory.
2026-08-14 15:49:05.727 INFO   [12979A\3D9D34] Auto-router pass #141 on board 'cf5fb0b863f5ce7505d33621e62e9173' was completed in 0,81 seconds with the score of 939,10 (19 unrouted), using 17196,52 CPU seconds and 124039 MB memory.
2026-08-14 15:49:06.539 INFO   [12979A\3D9D34] Auto-router pass #142 on board 'cf5fb0b863f5ce7505d33621e62e9173' was completed in 0,80 seconds with the score of 939,10 (19 unrouted), using 17381,23 CPU seconds and 124755 MB memory.
2026-08-14 15:49:07.363 INFO   [12979A\3D9D34] Auto-router pass #143 on board 'cf5fb0b863f5ce7505d33621e62e9173' was completed in 0,82 seconds with the score of 939,10 (19 unrouted), using 17566,93 CPU seconds and 125467 MB memory.
2026-08-14 15:49:08.194 INFO   [12979A\3D9D34] Auto-router pass #144 on board 'cf5fb0b863f5ce7505d33621e62e9173' was completed in 0,82 seconds with the score of 939,10 (19 unrouted), using 17753,62 CPU seconds and 126176 MB memory.
2026-08-14 15:49:09.027 INFO   [12979A\3D9D34] Auto-router pass #145 on board 'cf5fb0b863f5ce7505d33621e62e9173' was completed in 0,82 seconds with the score of 939,10 (19 unrouted), using 17753,62 CPU seconds and 126176 MB memory.
2026-08-14 15:49:09.840 INFO   [12979A\3D9D34] Auto-router pass #146 on board 'cf5fb0b863f5ce7505d33621e62e9173' was completed in 0,81 seconds with the score of 939,10 (19 unrouted), using 17941,30 CPU seconds and 126877 MB memory.
2026-08-14 15:49:10.653 INFO   [12979A\3D9D34] Auto-router pass #147 on board 'cf5fb0b863f5ce7505d33621e62e9173' was completed in 0,81 seconds with the score of 939,10 (19 unrouted), using 18129,97 CPU seconds and 127594 MB memory.
2026-08-14 15:49:11.480 INFO   [12979A\3D9D34] Auto-router pass #148 on board 'cf5fb0b863f5ce7505d33621e62e9173' was completed in 0,82 seconds with the score of 939,10 (19 unrouted), using 18319,63 CPU seconds and 128307 MB memory.
2026-08-14 15:49:12.296 INFO   [12979A\3D9D34] Auto-router pass #149 on board 'cf5fb0b863f5ce7505d33621e62e9173' was completed in 0,81 seconds with the score of 939,10 (19 unrouted), using 18510,28 CPU seconds and 129020 MB memory.
2026-08-14 15:49:13.129 INFO   [12979A\3D9D34] Auto-router pass #150 on board 'cf5fb0b863f5ce7505d33621e62e9173' was completed in 0,82 seconds with the score of 939,10 (19 unrouted), using 18701,91 CPU seconds and 129724 MB memory.
2026-08-14 15:49:13.942 INFO   [12979A\3D9D34] Auto-router pass #151 on board 'cf5fb0b863f5ce7505d33621e62e9173' was completed in 0,80 seconds with the score of 939,10 (19 unrouted), using 18701,91 CPU seconds and 129724 MB memory.
2026-08-14 15:49:14.765 INFO   [12979A\3D9D34] Auto-router pass #152 on board 'cf5fb0b863f5ce7505d33621e62e9173' was completed in 0,81 seconds with the score of 939,10 (19 unrouted), using 18894,54 CPU seconds and 130440 MB memory.
2026-08-14 15:49:15.597 INFO   [12979A\3D9D34] Auto-router pass #153 on board 'cf5fb0b863f5ce7505d33621e62e9173' was completed in 0,82 seconds with the score of 939,10 (19 unrouted), using 19088,15 CPU seconds and 131153 MB memory.
2026-08-14 15:49:16.410 INFO   [12979A\3D9D34] Auto-router pass #154 on board 'cf5fb0b863f5ce7505d33621e62e9173' was completed in 0,81 seconds with the score of 939,10 (19 unrouted), using 19282,76 CPU seconds and 131860 MB memory.
2026-08-14 15:49:17.225 INFO   [12979A\3D9D34] Auto-router pass #155 on board 'cf5fb0b863f5ce7505d33621e62e9173' was completed in 0,81 seconds with the score of 939,10 (19 unrouted), using 19478,35 CPU seconds and 132574 MB memory.
2026-08-14 15:49:18.088 INFO   [12979A\3D9D34] Auto-router pass #156 on board 'cf5fb0b863f5ce7505d33621e62e9173' was completed in 0,84 seconds with the score of 939,10 (19 unrouted), using 19674,92 CPU seconds and 133260 MB memory.
2026-08-14 15:49:18.904 INFO   [12979A\3D9D34] Auto-router pass #157 on board 'cf5fb0b863f5ce7505d33621e62e9173' was completed in 0,81 seconds with the score of 939,10 (19 unrouted), using 19674,92 CPU seconds and 133260 MB memory.
2026-08-14 15:49:19.730 INFO   [12979A\3D9D34] Auto-router pass #158 on board 'cf5fb0b863f5ce7505d33621e62e9173' was completed in 0,82 seconds with the score of 939,10 (19 unrouted), using 19872,48 CPU seconds and 133973 MB memory.
2026-08-14 15:49:20.561 INFO   [12979A\3D9D34] Auto-router pass #159 on board 'cf5fb0b863f5ce7505d33621e62e9173' was completed in 0,82 seconds with the score of 939,10 (19 unrouted), using 20071,02 CPU seconds and 134674 MB memory.
2026-08-14 15:49:21.411 INFO   [12979A\3D9D34] Auto-router pass #160 on board 'cf5fb0b863f5ce7505d33621e62e9173' was completed in 0,84 seconds with the score of 939,10 (19 unrouted), using 20270,56 CPU seconds and 135367 MB memory.
2026-08-14 15:49:22.228 INFO   [12979A\3D9D34] Auto-router pass #161 on board 'cf5fb0b863f5ce7505d33621e62e9173' was completed in 0,81 seconds with the score of 939,10 (19 unrouted), using 20471,08 CPU seconds and 136081 MB memory.
2026-08-14 15:49:23.042 INFO   [12979A\3D9D34] Auto-router pass #162 on board 'cf5fb0b863f5ce7505d33621e62e9173' was completed in 0,81 seconds with the score of 939,10 (19 unrouted), using 20672,59 CPU seconds and 136795 MB memory.
2026-08-14 15:49:23.853 INFO   [12979A\3D9D34] Auto-router pass #163 on board 'cf5fb0b863f5ce7505d33621e62e9173' was completed in 0,80 seconds with the score of 939,10 (19 unrouted), using 20672,59 CPU seconds and 136795 MB memory.
2026-08-14 15:49:24.695 INFO   [12979A\3D9D34] Auto-router pass #164 on board 'cf5fb0b863f5ce7505d33621e62e9173' was completed in 0,83 seconds with the score of 939,10 (19 unrouted), using 20875,09 CPU seconds and 137509 MB memory.
2026-08-14 15:49:25.510 INFO   [12979A\3D9D34] Auto-router pass #165 on board 'cf5fb0b863f5ce7505d33621e62e9173' was completed in 0,81 seconds with the score of 939,10 (19 unrouted), using 21078,58 CPU seconds and 138212 MB memory.
2026-08-14 15:49:26.326 INFO   [12979A\3D9D34] Auto-router pass #166 on board 'cf5fb0b863f5ce7505d33621e62e9173' was completed in 0,81 seconds with the score of 939,10 (19 unrouted), using 21283,06 CPU seconds and 138926 MB memory.
2026-08-14 15:49:27.145 INFO   [12979A\3D9D34] Auto-router pass #167 on board 'cf5fb0b863f5ce7505d33621e62e9173' was completed in 0,81 seconds with the score of 939,10 (19 unrouted), using 21488,52 CPU seconds and 139640 MB memory.
2026-08-14 15:49:28.005 INFO   [12979A\3D9D34] Auto-router pass #168 on board 'cf5fb0b863f5ce7505d33621e62e9173' was completed in 0,85 seconds with the score of 939,10 (19 unrouted), using 21488,52 CPU seconds and 139640 MB memory.
2026-08-14 15:49:28.818 INFO   [12979A\3D9D34] Auto-router pass #169 on board 'cf5fb0b863f5ce7505d33621e62e9173' was completed in 0,80 seconds with the score of 939,10 (19 unrouted), using 21694,97 CPU seconds and 140325 MB memory.
2026-08-14 15:49:29.647 INFO   [12979A\3D9D34] Auto-router pass #170 on board 'cf5fb0b863f5ce7505d33621e62e9173' was completed in 0,82 seconds with the score of 939,10 (19 unrouted), using 21902,42 CPU seconds and 141039 MB memory.
2026-08-14 15:49:30.471 INFO   [12979A\3D9D34] Auto-router pass #171 on board 'cf5fb0b863f5ce7505d33621e62e9173' was completed in 0,82 seconds with the score of 939,10 (19 unrouted), using 22110,85 CPU seconds and 141739 MB memory.
2026-08-14 15:49:31.303 INFO   [12979A\3D9D34] Auto-router pass #172 on board 'cf5fb0b863f5ce7505d33621e62e9173' was completed in 0,82 seconds with the score of 939,10 (19 unrouted), using 22320,27 CPU seconds and 142456 MB memory.
2026-08-14 15:49:32.136 INFO   [12979A\3D9D34] Auto-router pass #173 on board 'cf5fb0b863f5ce7505d33621e62e9173' was completed in 0,82 seconds with the score of 939,10 (19 unrouted), using 22530,69 CPU seconds and 143158 MB memory.
2026-08-14 15:49:32.958 INFO   [12979A\3D9D34] Auto-router pass #174 on board 'cf5fb0b863f5ce7505d33621e62e9173' was completed in 0,81 seconds with the score of 939,10 (19 unrouted), using 22530,69 CPU seconds and 143158 MB memory.
2026-08-14 15:49:33.769 INFO   [12979A\3D9D34] Auto-router pass #175 on board 'cf5fb0b863f5ce7505d33621e62e9173' was completed in 0,80 seconds with the score of 939,10 (19 unrouted), using 22742,09 CPU seconds and 143859 MB memory.
2026-08-14 15:49:34.606 INFO   [12979A\3D9D34] Auto-router pass #176 on board 'cf5fb0b863f5ce7505d33621e62e9173' was completed in 0,83 seconds with the score of 939,10 (19 unrouted), using 22954,48 CPU seconds and 144573 MB memory.
2026-08-14 15:49:35.424 INFO   [12979A\3D9D34] Auto-router pass #177 on board 'cf5fb0b863f5ce7505d33621e62e9173' was completed in 0,81 seconds with the score of 939,10 (19 unrouted), using 23167,86 CPU seconds and 145285 MB memory.
2026-08-14 15:49:36.250 INFO   [12979A\3D9D34] Auto-router pass #178 on board 'cf5fb0b863f5ce7505d33621e62e9173' was completed in 0,82 seconds with the score of 939,10 (19 unrouted), using 23382,21 CPU seconds and 145990 MB memory.
2026-08-14 15:49:37.082 INFO   [12979A\3D9D34] Auto-router pass #179 on board 'cf5fb0b863f5ce7505d33621e62e9173' was completed in 0,82 seconds with the score of 939,10 (19 unrouted), using 23597,56 CPU seconds and 146692 MB memory.
2026-08-14 15:49:37.905 INFO   [12979A\3D9D34] Auto-router pass #180 on board 'cf5fb0b863f5ce7505d33621e62e9173' was completed in 0,81 seconds with the score of 939,10 (19 unrouted), using 23597,56 CPU seconds and 146692 MB memory.
2026-08-14 15:49:38.738 INFO   [12979A\3D9D34] Auto-router pass #181 on board 'cf5fb0b863f5ce7505d33621e62e9173' was completed in 0,82 seconds with the score of 939,10 (19 unrouted), using 23813,90 CPU seconds and 147404 MB memory.
2026-08-14 15:49:39.553 INFO   [12979A\3D9D34] Auto-router pass #182 on board 'cf5fb0b863f5ce7505d33621e62e9173' was completed in 0,81 seconds with the score of 939,10 (19 unrouted), using 24031,22 CPU seconds and 148105 MB memory.
2026-08-14 15:49:40.371 INFO   [12979A\3D9D34] Auto-router pass #183 on board 'cf5fb0b863f5ce7505d33621e62e9173' was completed in 0,81 seconds with the score of 939,10 (19 unrouted), using 24249,54 CPU seconds and 148820 MB memory.
2026-08-14 15:49:41.197 INFO   [12979A\3D9D34] Auto-router pass #184 on board 'cf5fb0b863f5ce7505d33621e62e9173' was completed in 0,82 seconds with the score of 939,10 (19 unrouted), using 24468,84 CPU seconds and 149537 MB memory.
2026-08-14 15:49:42.009 INFO   [12979A\3D9D34] Auto-router pass #185 on board 'cf5fb0b863f5ce7505d33621e62e9173' was completed in 0,80 seconds with the score of 939,10 (19 unrouted), using 24468,84 CPU seconds and 149537 MB memory.
2026-08-14 15:49:42.821 INFO   [12979A\3D9D34] Auto-router pass #186 on board 'cf5fb0b863f5ce7505d33621e62e9173' was completed in 0,80 seconds with the score of 939,10 (19 unrouted), using 24689,13 CPU seconds and 150249 MB memory.
2026-08-14 15:49:43.648 INFO   [12979A\3D9D34] Auto-router pass #187 on board 'cf5fb0b863f5ce7505d33621e62e9173' was completed in 0,82 seconds with the score of 939,10 (19 unrouted), using 24910,42 CPU seconds and 150965 MB memory.
2026-08-14 15:49:44.512 INFO   [12979A\3D9D34] Auto-router pass #188 on board 'cf5fb0b863f5ce7505d33621e62e9173' was completed in 0,85 seconds with the score of 939,10 (19 unrouted), using 25132,68 CPU seconds and 151646 MB memory.
2026-08-14 15:49:45.345 INFO   [12979A\3D9D34] Auto-router pass #189 on board 'cf5fb0b863f5ce7505d33621e62e9173' was completed in 0,82 seconds with the score of 939,10 (19 unrouted), using 25355,93 CPU seconds and 152344 MB memory.
2026-08-14 15:49:46.167 INFO   [12979A\3D9D34] Auto-router pass #190 on board 'cf5fb0b863f5ce7505d33621e62e9173' was completed in 0,81 seconds with the score of 939,10 (19 unrouted), using 25580,16 CPU seconds and 153057 MB memory.
2026-08-14 15:49:46.980 INFO   [12979A\3D9D34] Auto-router pass #191 on board 'cf5fb0b863f5ce7505d33621e62e9173' was completed in 0,80 seconds with the score of 939,10 (19 unrouted), using 25580,16 CPU seconds and 153057 MB memory.
2026-08-14 15:49:47.824 INFO   [12979A\3D9D34] Auto-router pass #192 on board 'cf5fb0b863f5ce7505d33621e62e9173' was completed in 0,84 seconds with the score of 939,10 (19 unrouted), using 25805,39 CPU seconds and 153768 MB memory.
2026-08-14 15:49:48.641 INFO   [12979A\3D9D34] Auto-router pass #193 on board 'cf5fb0b863f5ce7505d33621e62e9173' was completed in 0,81 seconds with the score of 939,10 (19 unrouted), using 26031,60 CPU seconds and 154468 MB memory.
2026-08-14 15:49:49.483 INFO   [12979A\3D9D34] Auto-router pass #194 on board 'cf5fb0b863f5ce7505d33621e62e9173' was completed in 0,83 seconds with the score of 939,10 (19 unrouted), using 26258,81 CPU seconds and 155186 MB memory.
2026-08-14 15:49:50.297 INFO   [12979A\3D9D34] Auto-router pass #195 on board 'cf5fb0b863f5ce7505d33621e62e9173' was completed in 0,80 seconds with the score of 939,10 (19 unrouted), using 26487,00 CPU seconds and 155882 MB memory.
2026-08-14 15:49:51.122 INFO   [12979A\3D9D34] Auto-router pass #196 on board 'cf5fb0b863f5ce7505d33621e62e9173' was completed in 0,81 seconds with the score of 939,10 (19 unrouted), using 26716,18 CPU seconds and 156597 MB memory.
2026-08-14 15:49:51.932 INFO   [12979A\3D9D34] Auto-router pass #197 on board 'cf5fb0b863f5ce7505d33621e62e9173' was completed in 0,80 seconds with the score of 939,10 (19 unrouted), using 26716,18 CPU seconds and 156597 MB memory.
2026-08-14 15:49:52.776 INFO   [12979A\3D9D34] Auto-router pass #198 on board 'cf5fb0b863f5ce7505d33621e62e9173' was completed in 0,84 seconds with the score of 939,10 (19 unrouted), using 26946,35 CPU seconds and 157312 MB memory.
2026-08-14 15:49:53.593 INFO   [12979A\3D9D34] Auto-router pass #199 on board 'cf5fb0b863f5ce7505d33621e62e9173' was completed in 0,81 seconds with the score of 939,10 (19 unrouted), using 27177,51 CPU seconds and 158004 MB memory.
2026-08-14 15:49:54.424 INFO   [12979A\3D9D34] Auto-router pass #200 on board 'cf5fb0b863f5ce7505d33621e62e9173' was completed in 0,82 seconds with the score of 939,10 (19 unrouted), using 27409,67 CPU seconds and 158718 MB memory.
2026-08-14 15:49:55.241 INFO   [12979A\3D9D34] Auto-router pass #201 on board 'cf5fb0b863f5ce7505d33621e62e9173' was completed in 0,81 seconds with the score of 939,10 (19 unrouted), using 27642,81 CPU seconds and 159433 MB memory.
2026-08-14 15:49:56.054 INFO   [12979A\3D9D34] Auto-router pass #202 on board 'cf5fb0b863f5ce7505d33621e62e9173' was completed in 0,80 seconds with the score of 939,10 (19 unrouted), using 27876,94 CPU seconds and 160147 MB memory.
2026-08-14 15:49:56.867 INFO   [12979A\3D9D34] Auto-router pass #203 on board 'cf5fb0b863f5ce7505d33621e62e9173' was completed in 0,81 seconds with the score of 939,10 (19 unrouted), using 27876,94 CPU seconds and 160147 MB memory.
2026-08-14 15:49:57.706 INFO   [12979A\3D9D34] Auto-router pass #204 on board 'cf5fb0b863f5ce7505d33621e62e9173' was completed in 0,83 seconds with the score of 939,10 (19 unrouted), using 28112,06 CPU seconds and 160859 MB memory.
2026-08-14 15:49:58.523 INFO   [12979A\3D9D34] Auto-router pass #205 on board 'cf5fb0b863f5ce7505d33621e62e9173' was completed in 0,81 seconds with the score of 939,10 (19 unrouted), using 28348,17 CPU seconds and 161563 MB memory.
2026-08-14 15:49:59.341 INFO   [12979A\3D9D34] Auto-router pass #206 on board 'cf5fb0b863f5ce7505d33621e62e9173' was completed in 0,81 seconds with the score of 939,10 (19 unrouted), using 28585,27 CPU seconds and 162277 MB memory.
2026-08-14 15:50:00.156 INFO   [12979A\3D9D34] Auto-router pass #207 on board 'cf5fb0b863f5ce7505d33621e62e9173' was completed in 0,81 seconds with the score of 939,10 (19 unrouted), using 28823,36 CPU seconds and 162991 MB memory.
2026-08-14 15:50:00.985 INFO   [12979A\3D9D34] Auto-router pass #208 on board 'cf5fb0b863f5ce7505d33621e62e9173' was completed in 0,82 seconds with the score of 939,10 (19 unrouted), using 28823,36 CPU seconds and 162991 MB memory.
2026-08-14 15:50:01.805 INFO   [12979A\3D9D34] Auto-router pass #209 on board 'cf5fb0b863f5ce7505d33621e62e9173' was completed in 0,81 seconds with the score of 939,10 (19 unrouted), using 29062,44 CPU seconds and 163698 MB memory.
2026-08-14 15:50:02.629 INFO   [12979A\3D9D34] Auto-router pass #210 on board 'cf5fb0b863f5ce7505d33621e62e9173' was completed in 0,82 seconds with the score of 939,10 (19 unrouted), using 29302,50 CPU seconds and 164411 MB memory.
2026-08-14 15:50:03.471 INFO   [12979A\3D9D34] Auto-router pass #211 on board 'cf5fb0b863f5ce7505d33621e62e9173' was completed in 0,83 seconds with the score of 939,10 (19 unrouted), using 29543,55 CPU seconds and 165100 MB memory.
2026-08-14 15:50:04.294 INFO   [12979A\3D9D34] Auto-router pass #212 on board 'cf5fb0b863f5ce7505d33621e62e9173' was completed in 0,81 seconds with the score of 939,10 (19 unrouted), using 29785,60 CPU seconds and 165817 MB memory.
2026-08-14 15:50:05.112 INFO   [12979A\3D9D34] Auto-router pass #213 on board 'cf5fb0b863f5ce7505d33621e62e9173' was completed in 0,81 seconds with the score of 939,10 (19 unrouted), using 30028,63 CPU seconds and 166529 MB memory.
2026-08-14 15:50:05.925 INFO   [12979A\3D9D34] Auto-router pass #214 on board 'cf5fb0b863f5ce7505d33621e62e9173' was completed in 0,81 seconds with the score of 939,10 (19 unrouted), using 30028,63 CPU seconds and 166529 MB memory.
2026-08-14 15:50:06.738 INFO   [12979A\3D9D34] Auto-router pass #215 on board 'cf5fb0b863f5ce7505d33621e62e9173' was completed in 0,81 seconds with the score of 939,10 (19 unrouted), using 30272,65 CPU seconds and 167242 MB memory.
2026-08-14 15:50:07.567 INFO   [12979A\3D9D34] Auto-router pass #216 on board 'cf5fb0b863f5ce7505d33621e62e9173' was completed in 0,82 seconds with the score of 939,10 (19 unrouted), using 30517,66 CPU seconds and 167956 MB memory.
2026-08-14 15:50:08.386 INFO   [12979A\3D9D34] Auto-router pass #217 on board 'cf5fb0b863f5ce7505d33621e62e9173' was completed in 0,81 seconds with the score of 939,10 (19 unrouted), using 30763,65 CPU seconds and 168671 MB memory.
2026-08-14 15:50:09.205 INFO   [12979A\3D9D34] Auto-router pass #218 on board 'cf5fb0b863f5ce7505d33621e62e9173' was completed in 0,81 seconds with the score of 939,10 (19 unrouted), using 31010,64 CPU seconds and 169385 MB memory.
2026-08-14 15:50:10.023 INFO   [12979A\3D9D34] Auto-router pass #219 on board 'cf5fb0b863f5ce7505d33621e62e9173' was completed in 0,81 seconds with the score of 939,10 (19 unrouted), using 31010,64 CPU seconds and 169385 MB memory.
2026-08-14 15:50:10.848 INFO   [12979A\3D9D34] Auto-router pass #220 on board 'cf5fb0b863f5ce7505d33621e62e9173' was completed in 0,82 seconds with the score of 939,10 (19 unrouted), using 31258,62 CPU seconds and 170093 MB memory.
2026-08-14 15:50:11.661 INFO   [12979A\3D9D34] Auto-router pass #221 on board 'cf5fb0b863f5ce7505d33621e62e9173' was completed in 0,80 seconds with the score of 939,10 (19 unrouted), using 31507,58 CPU seconds and 170805 MB memory.
2026-08-14 15:50:12.473 INFO   [12979A\3D9D34] Auto-router pass #222 on board 'cf5fb0b863f5ce7505d33621e62e9173' was completed in 0,80 seconds with the score of 939,10 (19 unrouted), using 31757,53 CPU seconds and 171522 MB memory.
2026-08-14 15:50:13.287 INFO   [12979A\3D9D34] Auto-router pass #223 on board 'cf5fb0b863f5ce7505d33621e62e9173' was completed in 0,81 seconds with the score of 939,10 (19 unrouted), using 32008,47 CPU seconds and 172244 MB memory.
2026-08-14 15:50:14.113 INFO   [12979A\3D9D34] Auto-router pass #224 on board 'cf5fb0b863f5ce7505d33621e62e9173' was completed in 0,82 seconds with the score of 939,10 (19 unrouted), using 32260,41 CPU seconds and 172954 MB memory.
2026-08-14 15:50:14.943 INFO   [12979A\3D9D34] Auto-router pass #225 on board 'cf5fb0b863f5ce7505d33621e62e9173' was completed in 0,82 seconds with the score of 939,10 (19 unrouted), using 32260,41 CPU seconds and 172954 MB memory.
2026-08-14 15:50:15.754 INFO   [12979A\3D9D34] Auto-router pass #226 on board 'cf5fb0b863f5ce7505d33621e62e9173' was completed in 0,80 seconds with the score of 939,10 (19 unrouted), using 32513,32 CPU seconds and 173658 MB memory.
2026-08-14 15:50:16.567 INFO   [12979A\3D9D34] Auto-router pass #227 on board 'cf5fb0b863f5ce7505d33621e62e9173' was completed in 0,80 seconds with the score of 939,10 (19 unrouted), using 32767,23 CPU seconds and 174373 MB memory.
2026-08-14 15:50:17.391 INFO   [12979A\3D9D34] Auto-router pass #228 on board 'cf5fb0b863f5ce7505d33621e62e9173' was completed in 0,81 seconds with the score of 939,10 (19 unrouted), using 33022,12 CPU seconds and 175091 MB memory.
2026-08-14 15:50:18.204 INFO   [12979A\3D9D34] Auto-router pass #229 on board 'cf5fb0b863f5ce7505d33621e62e9173' was completed in 0,81 seconds with the score of 939,10 (19 unrouted), using 33278,01 CPU seconds and 175809 MB memory.
2026-08-14 15:50:19.020 INFO   [12979A\3D9D34] Auto-router pass #230 on board 'cf5fb0b863f5ce7505d33621e62e9173' was completed in 0,81 seconds with the score of 939,10 (19 unrouted), using 33278,01 CPU seconds and 175809 MB memory.
2026-08-14 15:50:19.838 INFO   [12979A\3D9D34] Auto-router pass #231 on board 'cf5fb0b863f5ce7505d33621e62e9173' was completed in 0,81 seconds with the score of 939,10 (19 unrouted), using 33534,88 CPU seconds and 176518 MB memory.
2026-08-14 15:50:20.665 INFO   [12979A\3D9D34] Auto-router pass #232 on board 'cf5fb0b863f5ce7505d33621e62e9173' was completed in 0,82 seconds with the score of 939,10 (19 unrouted), using 33792,75 CPU seconds and 177233 MB memory.
2026-08-14 15:50:21.478 INFO   [12979A\3D9D34] Auto-router pass #233 on board 'cf5fb0b863f5ce7505d33621e62e9173' was completed in 0,81 seconds with the score of 939,10 (19 unrouted), using 34051,60 CPU seconds and 177945 MB memory.
2026-08-14 15:50:22.297 INFO   [12979A\3D9D34] Auto-router pass #234 on board 'cf5fb0b863f5ce7505d33621e62e9173' was completed in 0,81 seconds with the score of 939,10 (19 unrouted), using 34311,44 CPU seconds and 178659 MB memory.
2026-08-14 15:50:23.109 INFO   [12979A\3D9D34] Auto-router pass #235 on board 'cf5fb0b863f5ce7505d33621e62e9173' was completed in 0,80 seconds with the score of 939,10 (19 unrouted), using 34572,27 CPU seconds and 179376 MB memory.
2026-08-14 15:50:23.936 INFO   [12979A\3D9D34] Auto-router pass #236 on board 'cf5fb0b863f5ce7505d33621e62e9173' was completed in 0,82 seconds with the score of 939,10 (19 unrouted), using 34572,27 CPU seconds and 179376 MB memory.
2026-08-14 15:50:24.752 INFO   [12979A\3D9D34] Auto-router pass #237 on board 'cf5fb0b863f5ce7505d33621e62e9173' was completed in 0,81 seconds with the score of 939,10 (19 unrouted), using 34834,09 CPU seconds and 180086 MB memory.
2026-08-14 15:50:25.570 INFO   [12979A\3D9D34] Auto-router pass #238 on board 'cf5fb0b863f5ce7505d33621e62e9173' was completed in 0,81 seconds with the score of 939,10 (19 unrouted), using 35096,90 CPU seconds and 180800 MB memory.
2026-08-14 15:50:26.394 INFO   [12979A\3D9D34] Auto-router pass #239 on board 'cf5fb0b863f5ce7505d33621e62e9173' was completed in 0,81 seconds with the score of 939,10 (19 unrouted), using 35360,70 CPU seconds and 181514 MB memory.
2026-08-14 15:50:27.219 INFO   [12979A\3D9D34] Auto-router pass #240 on board 'cf5fb0b863f5ce7505d33621e62e9173' was completed in 0,82 seconds with the score of 939,10 (19 unrouted), using 35625,49 CPU seconds and 182222 MB memory.
2026-08-14 15:50:28.029 INFO   [12979A\3D9D34] Auto-router pass #241 on board 'cf5fb0b863f5ce7505d33621e62e9173' was completed in 0,80 seconds with the score of 939,10 (19 unrouted), using 35625,49 CPU seconds and 182222 MB memory.
2026-08-14 15:50:28.859 INFO   [12979A\3D9D34] Auto-router pass #242 on board 'cf5fb0b863f5ce7505d33621e62e9173' was completed in 0,82 seconds with the score of 939,10 (19 unrouted), using 35891,27 CPU seconds and 182941 MB memory.
2026-08-14 15:50:29.674 INFO   [12979A\3D9D34] Auto-router pass #243 on board 'cf5fb0b863f5ce7505d33621e62e9173' was completed in 0,81 seconds with the score of 939,10 (19 unrouted), using 36158,05 CPU seconds and 183643 MB memory.
2026-08-14 15:50:30.528 INFO   [12979A\3D9D34] Auto-router pass #244 on board 'cf5fb0b863f5ce7505d33621e62e9173' was completed in 0,85 seconds with the score of 939,10 (19 unrouted), using 36425,81 CPU seconds and 184343 MB memory.
2026-08-14 15:50:31.338 INFO   [12979A\3D9D34] Auto-router pass #245 on board 'cf5fb0b863f5ce7505d33621e62e9173' was completed in 0,80 seconds with the score of 939,10 (19 unrouted), using 36694,56 CPU seconds and 185052 MB memory.
2026-08-14 15:50:32.152 INFO   [12979A\3D9D34] Auto-router pass #246 on board 'cf5fb0b863f5ce7505d33621e62e9173' was completed in 0,81 seconds with the score of 939,10 (19 unrouted), using 36964,30 CPU seconds and 185770 MB memory.
2026-08-14 15:50:32.986 INFO   [12979A\3D9D34] Auto-router pass #247 on board 'cf5fb0b863f5ce7505d33621e62e9173' was completed in 0,82 seconds with the score of 939,10 (19 unrouted), using 36964,30 CPU seconds and 185770 MB memory.
2026-08-14 15:50:33.810 INFO   [12979A\3D9D34] Auto-router pass #248 on board 'cf5fb0b863f5ce7505d33621e62e9173' was completed in 0,82 seconds with the score of 939,10 (19 unrouted), using 37235,03 CPU seconds and 186469 MB memory.
2026-08-14 15:50:34.623 INFO   [12979A\3D9D34] Auto-router pass #249 on board 'cf5fb0b863f5ce7505d33621e62e9173' was completed in 0,81 seconds with the score of 939,10 (19 unrouted), using 37506,75 CPU seconds and 187183 MB memory.
2026-08-14 15:50:35.437 INFO   [12979A\3D9D34] Auto-router pass #250 on board 'cf5fb0b863f5ce7505d33621e62e9173' was completed in 0,80 seconds with the score of 939,10 (19 unrouted), using 37779,46 CPU seconds and 187905 MB memory.
2026-08-14 15:50:36.251 INFO   [12979A\3D9D34] Auto-router pass #251 on board 'cf5fb0b863f5ce7505d33621e62e9173' was completed in 0,81 seconds with the score of 939,10 (19 unrouted), using 38053,16 CPU seconds and 188619 MB memory.
2026-08-14 15:50:37.075 INFO   [12979A\3D9D34] Auto-router pass #252 on board 'cf5fb0b863f5ce7505d33621e62e9173' was completed in 0,81 seconds with the score of 939,10 (19 unrouted), using 38327,85 CPU seconds and 189334 MB memory.
2026-08-14 15:50:37.888 INFO   [12979A\3D9D34] Auto-router pass #253 on board 'cf5fb0b863f5ce7505d33621e62e9173' was completed in 0,81 seconds with the score of 939,10 (19 unrouted), using 38327,85 CPU seconds and 189334 MB memory.
2026-08-14 15:50:38.703 INFO   [12979A\3D9D34] Auto-router pass #254 on board 'cf5fb0b863f5ce7505d33621e62e9173' was completed in 0,81 seconds with the score of 939,10 (19 unrouted), using 38603,53 CPU seconds and 190050 MB memory.
2026-08-14 15:50:39.519 INFO   [12979A\3D9D34] Auto-router pass #255 on board 'cf5fb0b863f5ce7505d33621e62e9173' was completed in 0,81 seconds with the score of 939,10 (19 unrouted), using 38880,20 CPU seconds and 190764 MB memory.
2026-08-14 15:50:40.343 INFO   [12979A\3D9D34] Auto-router pass #256 on board 'cf5fb0b863f5ce7505d33621e62e9173' was completed in 0,82 seconds with the score of 939,10 (19 unrouted), using 39157,85 CPU seconds and 191478 MB memory.
2026-08-14 15:50:41.154 INFO   [12979A\3D9D34] Auto-router pass #257 on board 'cf5fb0b863f5ce7505d33621e62e9173' was completed in 0,80 seconds with the score of 939,10 (19 unrouted), using 39436,50 CPU seconds and 192199 MB memory.
2026-08-14 15:50:41.972 INFO   [12979A\3D9D34] Auto-router pass #258 on board 'cf5fb0b863f5ce7505d33621e62e9173' was completed in 0,81 seconds with the score of 939,10 (19 unrouted), using 39436,50 CPU seconds and 192199 MB memory.
2026-08-14 15:50:42.806 INFO   [12979A\3D9D34] Auto-router pass #259 on board 'cf5fb0b863f5ce7505d33621e62e9173' was completed in 0,82 seconds with the score of 939,10 (19 unrouted), using 39716,13 CPU seconds and 192908 MB memory.
2026-08-14 15:50:43.634 INFO   [12979A\3D9D34] Auto-router pass #260 on board 'cf5fb0b863f5ce7505d33621e62e9173' was completed in 0,82 seconds with the score of 939,10 (19 unrouted), using 39996,76 CPU seconds and 193608 MB memory.
2026-08-14 15:50:44.449 INFO   [12979A\3D9D34] Auto-router pass #261 on board 'cf5fb0b863f5ce7505d33621e62e9173' was completed in 0,81 seconds with the score of 939,10 (19 unrouted), using 40278,37 CPU seconds and 194319 MB memory.
2026-08-14 15:50:45.266 INFO   [12979A\3D9D34] Auto-router pass #262 on board 'cf5fb0b863f5ce7505d33621e62e9173' was completed in 0,81 seconds with the score of 939,10 (19 unrouted), using 40560,98 CPU seconds and 195034 MB memory.
2026-08-14 15:50:46.078 INFO   [12979A\3D9D34] Auto-router pass #263 on board 'cf5fb0b863f5ce7505d33621e62e9173' was completed in 0,80 seconds with the score of 939,10 (19 unrouted), using 40844,57 CPU seconds and 195751 MB memory.
2026-08-14 15:50:46.902 INFO   [12979A\3D9D34] Auto-router pass #264 on board 'cf5fb0b863f5ce7505d33621e62e9173' was completed in 0,82 seconds with the score of 939,10 (19 unrouted), using 40844,57 CPU seconds and 195751 MB memory.
2026-08-14 15:50:47.715 INFO   [12979A\3D9D34] Auto-router pass #265 on board 'cf5fb0b863f5ce7505d33621e62e9173' was completed in 0,80 seconds with the score of 939,10 (19 unrouted), using 41129,15 CPU seconds and 196462 MB memory.
2026-08-14 15:50:48.529 INFO   [12979A\3D9D34] Auto-router pass #266 on board 'cf5fb0b863f5ce7505d33621e62e9173' was completed in 0,81 seconds with the score of 939,10 (19 unrouted), using 41414,72 CPU seconds and 197178 MB memory.
2026-08-14 15:50:49.347 INFO   [12979A\3D9D34] Auto-router pass #267 on board 'cf5fb0b863f5ce7505d33621e62e9173' was completed in 0,81 seconds with the score of 939,10 (19 unrouted), using 41701,29 CPU seconds and 197892 MB memory.
2026-08-14 15:50:50.168 INFO   [12979A\3D9D34] Auto-router pass #268 on board 'cf5fb0b863f5ce7505d33621e62e9173' was completed in 0,81 seconds with the score of 939,10 (19 unrouted), using 41988,84 CPU seconds and 198611 MB memory.
2026-08-14 15:50:50.980 INFO   [12979A\3D9D34] Auto-router pass #269 on board 'cf5fb0b863f5ce7505d33621e62e9173' was completed in 0,80 seconds with the score of 939,10 (19 unrouted), using 41988,84 CPU seconds and 198611 MB memory.
2026-08-14 15:50:51.795 INFO   [12979A\3D9D34] Auto-router pass #270 on board 'cf5fb0b863f5ce7505d33621e62e9173' was completed in 0,81 seconds with the score of 939,10 (19 unrouted), using 42277,38 CPU seconds and 199324 MB memory.
2026-08-14 15:50:52.610 INFO   [12979A\3D9D34] Auto-router pass #271 on board 'cf5fb0b863f5ce7505d33621e62e9173' was completed in 0,81 seconds with the score of 939,10 (19 unrouted), using 42566,91 CPU seconds and 200045 MB memory.
2026-08-14 15:50:53.437 INFO   [12979A\3D9D34] Auto-router pass #272 on board 'cf5fb0b863f5ce7505d33621e62e9173' was completed in 0,82 seconds with the score of 939,10 (19 unrouted), using 42857,43 CPU seconds and 200753 MB memory.
2026-08-14 15:50:54.252 INFO   [12979A\3D9D34] Auto-router pass #273 on board 'cf5fb0b863f5ce7505d33621e62e9173' was completed in 0,81 seconds with the score of 939,10 (19 unrouted), using 43148,94 CPU seconds and 201470 MB memory.
2026-08-14 15:50:55.066 INFO   [12979A\3D9D34] Auto-router pass #274 on board 'cf5fb0b863f5ce7505d33621e62e9173' was completed in 0,81 seconds with the score of 939,10 (19 unrouted), using 43441,43 CPU seconds and 202185 MB memory.
2026-08-14 15:50:55.878 INFO   [12979A\3D9D34] Auto-router pass #275 on board 'cf5fb0b863f5ce7505d33621e62e9173' was completed in 0,80 seconds with the score of 939,10 (19 unrouted), using 43441,43 CPU seconds and 202185 MB memory.
2026-08-14 15:50:56.703 INFO   [12979A\3D9D34] Auto-router pass #276 on board 'cf5fb0b863f5ce7505d33621e62e9173' was completed in 0,82 seconds with the score of 939,10 (19 unrouted), using 43734,92 CPU seconds and 202898 MB memory.
2026-08-14 15:50:57.535 INFO   [12979A\3D9D34] Auto-router pass #277 on board 'cf5fb0b863f5ce7505d33621e62e9173' was completed in 0,82 seconds with the score of 939,10 (19 unrouted), using 44029,40 CPU seconds and 203614 MB memory.
2026-08-14 15:50:58.352 INFO   [12979A\3D9D34] Auto-router pass #278 on board 'cf5fb0b863f5ce7505d33621e62e9173' was completed in 0,81 seconds with the score of 939,10 (19 unrouted), using 44324,86 CPU seconds and 204316 MB memory.
2026-08-14 15:50:59.165 INFO   [12979A\3D9D34] Auto-router pass #279 on board 'cf5fb0b863f5ce7505d33621e62e9173' was completed in 0,81 seconds with the score of 939,10 (19 unrouted), using 44621,32 CPU seconds and 205033 MB memory.
2026-08-14 15:50:59.992 INFO   [12979A\3D9D34] Auto-router pass #280 on board 'cf5fb0b863f5ce7505d33621e62e9173' was completed in 0,82 seconds with the score of 939,10 (19 unrouted), using 44621,32 CPU seconds and 205033 MB memory.
2026-08-14 15:51:00.810 INFO   [12979A\3D9D34] Auto-router pass #281 on board 'cf5fb0b863f5ce7505d33621e62e9173' was completed in 0,81 seconds with the score of 939,10 (19 unrouted), using 44918,77 CPU seconds and 205742 MB memory.
2026-08-14 15:51:01.644 INFO   [12979A\3D9D34] Auto-router pass #282 on board 'cf5fb0b863f5ce7505d33621e62e9173' was completed in 0,83 seconds with the score of 939,10 (19 unrouted), using 45217,20 CPU seconds and 206456 MB memory.
2026-08-14 15:51:02.471 INFO   [12979A\3D9D34] Auto-router pass #283 on board 'cf5fb0b863f5ce7505d33621e62e9173' was completed in 0,82 seconds with the score of 939,10 (19 unrouted), using 45516,62 CPU seconds and 207146 MB memory.
2026-08-14 15:51:03.297 INFO   [12979A\3D9D34] Auto-router pass #284 on board 'cf5fb0b863f5ce7505d33621e62e9173' was completed in 0,82 seconds with the score of 939,10 (19 unrouted), using 45817,04 CPU seconds and 207862 MB memory.
2026-08-14 15:51:04.126 INFO   [12979A\3D9D34] Auto-router pass #285 on board 'cf5fb0b863f5ce7505d33621e62e9173' was completed in 0,82 seconds with the score of 939,10 (19 unrouted), using 46118,45 CPU seconds and 208569 MB memory.
2026-08-14 15:51:04.940 INFO   [12979A\3D9D34] Auto-router pass #286 on board 'cf5fb0b863f5ce7505d33621e62e9173' was completed in 0,81 seconds with the score of 939,10 (19 unrouted), using 46118,45 CPU seconds and 208569 MB memory.
2026-08-14 15:51:05.755 INFO   [12979A\3D9D34] Auto-router pass #287 on board 'cf5fb0b863f5ce7505d33621e62e9173' was completed in 0,81 seconds with the score of 939,10 (19 unrouted), using 46420,84 CPU seconds and 209283 MB memory.
2026-08-14 15:51:06.584 INFO   [12979A\3D9D34] Auto-router pass #288 on board 'cf5fb0b863f5ce7505d33621e62e9173' was completed in 0,82 seconds with the score of 939,10 (19 unrouted), using 46724,21 CPU seconds and 209995 MB memory.
2026-08-14 15:51:07.399 INFO   [12979A\3D9D34] Auto-router pass #289 on board 'cf5fb0b863f5ce7505d33621e62e9173' was completed in 0,81 seconds with the score of 939,10 (19 unrouted), using 47028,58 CPU seconds and 210707 MB memory.
2026-08-14 15:51:08.212 INFO   [12979A\3D9D34] Auto-router pass #290 on board 'cf5fb0b863f5ce7505d33621e62e9173' was completed in 0,81 seconds with the score of 939,10 (19 unrouted), using 47333,94 CPU seconds and 211423 MB memory.
2026-08-14 15:51:09.044 INFO   [12979A\3D9D34] Auto-router pass #291 on board 'cf5fb0b863f5ce7505d33621e62e9173' was completed in 0,82 seconds with the score of 939,10 (19 unrouted), using 47333,94 CPU seconds and 211423 MB memory.
2026-08-14 15:51:09.866 INFO   [12979A\3D9D34] Auto-router pass #292 on board 'cf5fb0b863f5ce7505d33621e62e9173' was completed in 0,81 seconds with the score of 939,10 (19 unrouted), using 47640,29 CPU seconds and 212127 MB memory.
2026-08-14 15:51:10.681 INFO   [12979A\3D9D34] Auto-router pass #293 on board 'cf5fb0b863f5ce7505d33621e62e9173' was completed in 0,81 seconds with the score of 939,10 (19 unrouted), using 47947,62 CPU seconds and 212840 MB memory.
2026-08-14 15:51:11.495 INFO   [12979A\3D9D34] Auto-router pass #294 on board 'cf5fb0b863f5ce7505d33621e62e9173' was completed in 0,81 seconds with the score of 939,10 (19 unrouted), using 48255,95 CPU seconds and 213554 MB memory.
2026-08-14 15:51:12.326 INFO   [12979A\3D9D34] Auto-router pass #295 on board 'cf5fb0b863f5ce7505d33621e62e9173' was completed in 0,82 seconds with the score of 939,10 (19 unrouted), using 48565,26 CPU seconds and 214263 MB memory.
2026-08-14 15:51:13.168 INFO   [12979A\3D9D34] Auto-router pass #296 on board 'cf5fb0b863f5ce7505d33621e62e9173' was completed in 0,83 seconds with the score of 939,10 (19 unrouted), using 48875,57 CPU seconds and 214968 MB memory.
2026-08-14 15:51:13.983 INFO   [12979A\3D9D34] Auto-router pass #297 on board 'cf5fb0b863f5ce7505d33621e62e9173' was completed in 0,81 seconds with the score of 939,10 (19 unrouted), using 48875,57 CPU seconds and 214968 MB memory.
2026-08-14 15:51:14.797 INFO   [12979A\3D9D34] Auto-router pass #298 on board 'cf5fb0b863f5ce7505d33621e62e9173' was completed in 0,81 seconds with the score of 939,10 (19 unrouted), using 49186,86 CPU seconds and 215678 MB memory.
2026-08-14 15:51:15.609 INFO   [12979A\3D9D34] Auto-router pass #299 on board 'cf5fb0b863f5ce7505d33621e62e9173' was completed in 0,80 seconds with the score of 939,10 (19 unrouted), using 49499,15 CPU seconds and 216392 MB memory.
2026-08-14 15:51:16.432 INFO   [12979A\3D9D34] Auto-router pass #300 on board 'cf5fb0b863f5ce7505d33621e62e9173' was completed in 0,81 seconds with the score of 939,10 (19 unrouted), using 49812,42 CPU seconds and 217110 MB memory.
2026-08-14 15:51:17.247 INFO   [12979A\3D9D34] Auto-router pass #301 on board 'cf5fb0b863f5ce7505d33621e62e9173' was completed in 0,81 seconds with the score of 939,10 (19 unrouted), using 50126,68 CPU seconds and 217828 MB memory.
2026-08-14 15:51:18.061 INFO   [12979A\3D9D34] Auto-router pass #302 on board 'cf5fb0b863f5ce7505d33621e62e9173' was completed in 0,81 seconds with the score of 939,10 (19 unrouted), using 50126,68 CPU seconds and 217828 MB memory.
2026-08-14 15:51:18.877 INFO   [12979A\3D9D34] Auto-router pass #303 on board 'cf5fb0b863f5ce7505d33621e62e9173' was completed in 0,81 seconds with the score of 939,10 (19 unrouted), using 50441,94 CPU seconds and 218538 MB memory.
2026-08-14 15:51:19.704 INFO   [12979A\3D9D34] Auto-router pass #304 on board 'cf5fb0b863f5ce7505d33621e62e9173' was completed in 0,82 seconds with the score of 939,10 (19 unrouted), using 50758,18 CPU seconds and 219252 MB memory.
2026-08-14 15:51:20.522 INFO   [12979A\3D9D34] Auto-router pass #305 on board 'cf5fb0b863f5ce7505d33621e62e9173' was completed in 0,81 seconds with the score of 939,10 (19 unrouted), using 51075,41 CPU seconds and 219965 MB memory.
2026-08-14 15:51:21.341 INFO   [12979A\3D9D34] Auto-router pass #306 on board 'cf5fb0b863f5ce7505d33621e62e9173' was completed in 0,81 seconds with the score of 939,10 (19 unrouted), using 51393,63 CPU seconds and 220676 MB memory.
2026-08-14 15:51:22.174 INFO   [12979A\3D9D34] Auto-router pass #307 on board 'cf5fb0b863f5ce7505d33621e62e9173' was completed in 0,82 seconds with the score of 939,10 (19 unrouted), using 51712,84 CPU seconds and 221378 MB memory.
2026-08-14 15:51:22.997 INFO   [12979A\3D9D34] Auto-router pass #308 on board 'cf5fb0b863f5ce7505d33621e62e9173' was completed in 0,81 seconds with the score of 939,10 (19 unrouted), using 51712,84 CPU seconds and 221378 MB memory.
2026-08-14 15:51:23.816 INFO   [12979A\3D9D34] Auto-router pass #309 on board 'cf5fb0b863f5ce7505d33621e62e9173' was completed in 0,81 seconds with the score of 939,10 (19 unrouted), using 52033,05 CPU seconds and 222091 MB memory.
2026-08-14 15:51:24.626 INFO   [12979A\3D9D34] Auto-router pass #310 on board 'cf5fb0b863f5ce7505d33621e62e9173' was completed in 0,80 seconds with the score of 939,10 (19 unrouted), using 52354,23 CPU seconds and 222803 MB memory.
2026-08-14 15:51:25.443 INFO   [12979A\3D9D34] Auto-router pass #311 on board 'cf5fb0b863f5ce7505d33621e62e9173' was completed in 0,81 seconds with the score of 939,10 (19 unrouted), using 52676,41 CPU seconds and 223521 MB memory.
2026-08-14 15:51:26.275 INFO   [12979A\3D9D34] Auto-router pass #312 on board 'cf5fb0b863f5ce7505d33621e62e9173' was completed in 0,82 seconds with the score of 939,10 (19 unrouted), using 52999,58 CPU seconds and 224230 MB memory.
2026-08-14 15:51:27.089 INFO   [12979A\3D9D34] Auto-router pass #313 on board 'cf5fb0b863f5ce7505d33621e62e9173' was completed in 0,81 seconds with the score of 939,10 (19 unrouted), using 53323,74 CPU seconds and 224948 MB memory.
2026-08-14 15:51:27.901 INFO   [12979A\3D9D34] Auto-router pass #314 on board 'cf5fb0b863f5ce7505d33621e62e9173' was completed in 0,80 seconds with the score of 939,10 (19 unrouted), using 53323,74 CPU seconds and 224948 MB memory.
2026-08-14 15:51:28.716 INFO   [12979A\3D9D34] Auto-router pass #315 on board 'cf5fb0b863f5ce7505d33621e62e9173' was completed in 0,81 seconds with the score of 939,10 (19 unrouted), using 53648,88 CPU seconds and 225660 MB memory.
2026-08-14 15:51:29.554 INFO   [12979A\3D9D34] Auto-router pass #316 on board 'cf5fb0b863f5ce7505d33621e62e9173' was completed in 0,83 seconds with the score of 939,10 (19 unrouted), using 53975,02 CPU seconds and 226370 MB memory.
2026-08-14 15:51:30.369 INFO   [12979A\3D9D34] Auto-router pass #317 on board 'cf5fb0b863f5ce7505d33621e62e9173' was completed in 0,81 seconds with the score of 939,10 (19 unrouted), using 54302,14 CPU seconds and 227081 MB memory.
2026-08-14 15:51:31.190 INFO   [12979A\3D9D34] Auto-router pass #318 on board 'cf5fb0b863f5ce7505d33621e62e9173' was completed in 0,81 seconds with the score of 939,10 (19 unrouted), using 54630,24 CPU seconds and 227795 MB memory.
2026-08-14 15:51:32.002 INFO   [12979A\3D9D34] Auto-router pass #319 on board 'cf5fb0b863f5ce7505d33621e62e9173' was completed in 0,80 seconds with the score of 939,10 (19 unrouted), using 54630,24 CPU seconds and 227795 MB memory.
2026-08-14 15:51:32.825 INFO   [12979A\3D9D34] Auto-router pass #320 on board 'cf5fb0b863f5ce7505d33621e62e9173' was completed in 0,81 seconds with the score of 939,10 (19 unrouted), using 54959,33 CPU seconds and 228506 MB memory.
2026-08-14 15:51:33.637 INFO   [12979A\3D9D34] Auto-router pass #321 on board 'cf5fb0b863f5ce7505d33621e62e9173' was completed in 0,80 seconds with the score of 939,10 (19 unrouted), using 55289,41 CPU seconds and 229225 MB memory.
2026-08-14 15:51:34.453 INFO   [12979A\3D9D34] Auto-router pass #322 on board 'cf5fb0b863f5ce7505d33621e62e9173' was completed in 0,81 seconds with the score of 939,10 (19 unrouted), using 55620,48 CPU seconds and 229941 MB memory.
2026-08-14 15:51:35.270 INFO   [12979A\3D9D34] Auto-router pass #323 on board 'cf5fb0b863f5ce7505d33621e62e9173' was completed in 0,81 seconds with the score of 939,10 (19 unrouted), using 55952,54 CPU seconds and 230653 MB memory.
2026-08-14 15:51:36.095 INFO   [12979A\3D9D34] Auto-router pass #324 on board 'cf5fb0b863f5ce7505d33621e62e9173' was completed in 0,82 seconds with the score of 939,10 (19 unrouted), using 56285,59 CPU seconds and 231369 MB memory.
2026-08-14 15:51:36.914 INFO   [12979A\3D9D34] Auto-router pass #325 on board 'cf5fb0b863f5ce7505d33621e62e9173' was completed in 0,81 seconds with the score of 939,10 (19 unrouted), using 56285,59 CPU seconds and 231369 MB memory.
2026-08-14 15:51:37.725 INFO   [12979A\3D9D34] Auto-router pass #326 on board 'cf5fb0b863f5ce7505d33621e62e9173' was completed in 0,80 seconds with the score of 939,10 (19 unrouted), using 56619,63 CPU seconds and 232077 MB memory.
2026-08-14 15:51:38.557 INFO   [12979A\3D9D34] Auto-router pass #327 on board 'cf5fb0b863f5ce7505d33621e62e9173' was completed in 0,82 seconds with the score of 939,10 (19 unrouted), using 56954,66 CPU seconds and 232783 MB memory.
2026-08-14 15:51:39.384 INFO   [12979A\3D9D34] Auto-router pass #328 on board 'cf5fb0b863f5ce7505d33621e62e9173' was completed in 0,82 seconds with the score of 939,10 (19 unrouted), using 57290,68 CPU seconds and 233497 MB memory.
2026-08-14 15:51:40.204 INFO   [12979A\3D9D34] Auto-router pass #329 on board 'cf5fb0b863f5ce7505d33621e62e9173' was completed in 0,81 seconds with the score of 939,10 (19 unrouted), using 57627,68 CPU seconds and 234208 MB memory.
2026-08-14 15:51:41.021 INFO   [12979A\3D9D34] Auto-router pass #330 on board 'cf5fb0b863f5ce7505d33621e62e9173' was completed in 0,81 seconds with the score of 939,10 (19 unrouted), using 57627,68 CPU seconds and 234208 MB memory.
2026-08-14 15:51:41.838 INFO   [12979A\3D9D34] Auto-router pass #331 on board 'cf5fb0b863f5ce7505d33621e62e9173' was completed in 0,81 seconds with the score of 939,10 (19 unrouted), using 57965,67 CPU seconds and 234917 MB memory.
2026-08-14 15:51:42.666 INFO   [12979A\3D9D34] Auto-router pass #332 on board 'cf5fb0b863f5ce7505d33621e62e9173' was completed in 0,82 seconds with the score of 939,10 (19 unrouted), using 58304,65 CPU seconds and 235632 MB memory.
2026-08-14 15:51:43.483 INFO   [12979A\3D9D34] Auto-router pass #333 on board 'cf5fb0b863f5ce7505d33621e62e9173' was completed in 0,81 seconds with the score of 939,10 (19 unrouted), using 58644,62 CPU seconds and 236348 MB memory.
2026-08-14 15:51:44.303 INFO   [12979A\3D9D34] Auto-router pass #334 on board 'cf5fb0b863f5ce7505d33621e62e9173' was completed in 0,81 seconds with the score of 939,10 (19 unrouted), using 58985,58 CPU seconds and 237060 MB memory.
2026-08-14 15:51:45.119 INFO   [12979A\3D9D34] Auto-router pass #335 on board 'cf5fb0b863f5ce7505d33621e62e9173' was completed in 0,81 seconds with the score of 939,10 (19 unrouted), using 59327,53 CPU seconds and 237774 MB memory.
2026-08-14 15:51:45.943 INFO   [12979A\3D9D34] Auto-router pass #336 on board 'cf5fb0b863f5ce7505d33621e62e9173' was completed in 0,82 seconds with the score of 939,10 (19 unrouted), using 59327,53 CPU seconds and 237774 MB memory.
2026-08-14 15:51:46.776 INFO   [12979A\3D9D34] Auto-router pass #337 on board 'cf5fb0b863f5ce7505d33621e62e9173' was completed in 0,82 seconds with the score of 939,10 (19 unrouted), using 59670,46 CPU seconds and 238477 MB memory.
2026-08-14 15:51:47.588 INFO   [12979A\3D9D34] Auto-router pass #338 on board 'cf5fb0b863f5ce7505d33621e62e9173' was completed in 0,80 seconds with the score of 939,10 (19 unrouted), using 60014,39 CPU seconds and 239188 MB memory.
2026-08-14 15:51:48.402 INFO   [12979A\3D9D34] Auto-router pass #339 on board 'cf5fb0b863f5ce7505d33621e62e9173' was completed in 0,81 seconds with the score of 939,10 (19 unrouted), using 60359,30 CPU seconds and 239906 MB memory.
2026-08-14 15:51:49.226 INFO   [12979A\3D9D34] Auto-router pass #340 on board 'cf5fb0b863f5ce7505d33621e62e9173' was completed in 0,82 seconds with the score of 939,10 (19 unrouted), using 60705,21 CPU seconds and 240619 MB memory.
2026-08-14 15:51:50.041 INFO   [12979A\3D9D34] Auto-router pass #341 on board 'cf5fb0b863f5ce7505d33621e62e9173' was completed in 0,81 seconds with the score of 939,10 (19 unrouted), using 60705,21 CPU seconds and 240619 MB memory.
2026-08-14 15:51:50.857 INFO   [12979A\3D9D34] Auto-router pass #342 on board 'cf5fb0b863f5ce7505d33621e62e9173' was completed in 0,81 seconds with the score of 939,10 (19 unrouted), using 61052,10 CPU seconds and 241330 MB memory.
2026-08-14 15:51:51.675 INFO   [12979A\3D9D34] Auto-router pass #343 on board 'cf5fb0b863f5ce7505d33621e62e9173' was completed in 0,81 seconds with the score of 939,10 (19 unrouted), using 61399,98 CPU seconds and 242044 MB memory.
2026-08-14 15:51:52.502 INFO   [12979A\3D9D34] Auto-router pass #344 on board 'cf5fb0b863f5ce7505d33621e62e9173' was completed in 0,82 seconds with the score of 939,10 (19 unrouted), using 61748,85 CPU seconds and 242758 MB memory.
2026-08-14 15:51:53.334 INFO   [12979A\3D9D34] Auto-router pass #345 on board 'cf5fb0b863f5ce7505d33621e62e9173' was completed in 0,82 seconds with the score of 939,10 (19 unrouted), using 62098,71 CPU seconds and 243473 MB memory.
2026-08-14 15:51:54.147 INFO   [12979A\3D9D34] Auto-router pass #346 on board 'cf5fb0b863f5ce7505d33621e62e9173' was completed in 0,80 seconds with the score of 939,10 (19 unrouted), using 62449,56 CPU seconds and 244178 MB memory.
2026-08-14 15:51:54.960 INFO   [12979A\3D9D34] Auto-router pass #347 on board 'cf5fb0b863f5ce7505d33621e62e9173' was completed in 0,81 seconds with the score of 939,10 (19 unrouted), using 62449,56 CPU seconds and 244178 MB memory.
2026-08-14 15:51:55.785 INFO   [12979A\3D9D34] Auto-router pass #348 on board 'cf5fb0b863f5ce7505d33621e62e9173' was completed in 0,82 seconds with the score of 939,10 (19 unrouted), using 62801,39 CPU seconds and 244891 MB memory.
2026-08-14 15:51:56.609 INFO   [12979A\3D9D34] Auto-router pass #349 on board 'cf5fb0b863f5ce7505d33621e62e9173' was completed in 0,82 seconds with the score of 939,10 (19 unrouted), using 63154,22 CPU seconds and 245601 MB memory.
2026-08-14 15:51:57.426 INFO   [12979A\3D9D34] Auto-router pass #350 on board 'cf5fb0b863f5ce7505d33621e62e9173' was completed in 0,81 seconds with the score of 939,10 (19 unrouted), using 63508,03 CPU seconds and 246315 MB memory.
2026-08-14 15:51:58.239 INFO   [12979A\3D9D34] Auto-router pass #351 on board 'cf5fb0b863f5ce7505d33621e62e9173' was completed in 0,80 seconds with the score of 939,10 (19 unrouted), using 63862,84 CPU seconds and 247030 MB memory.
2026-08-14 15:51:59.061 INFO   [12979A\3D9D34] Auto-router pass #352 on board 'cf5fb0b863f5ce7505d33621e62e9173' was completed in 0,81 seconds with the score of 939,10 (19 unrouted), using 63862,84 CPU seconds and 247030 MB memory.
2026-08-14 15:51:59.876 INFO   [12979A\3D9D34] Auto-router pass #353 on board 'cf5fb0b863f5ce7505d33621e62e9173' was completed in 0,81 seconds with the score of 939,10 (19 unrouted), using 64218,63 CPU seconds and 247745 MB memory.
2026-08-14 15:52:00.689 INFO   [12979A\3D9D34] Auto-router pass #354 on board 'cf5fb0b863f5ce7505d33621e62e9173' was completed in 0,81 seconds with the score of 939,10 (19 unrouted), using 64575,41 CPU seconds and 248459 MB memory.
2026-08-14 15:52:01.499 INFO   [12979A\3D9D34] Auto-router pass #355 on board 'cf5fb0b863f5ce7505d33621e62e9173' was completed in 0,80 seconds with the score of 939,10 (19 unrouted), using 64933,18 CPU seconds and 249176 MB memory.
2026-08-14 15:52:02.326 INFO   [12979A\3D9D34] Auto-router pass #356 on board 'cf5fb0b863f5ce7505d33621e62e9173' was completed in 0,82 seconds with the score of 939,10 (19 unrouted), using 65291,95 CPU seconds and 249893 MB memory.
2026-08-14 15:52:03.159 INFO   [12979A\3D9D34] Auto-router pass #357 on board 'cf5fb0b863f5ce7505d33621e62e9173' was completed in 0,82 seconds with the score of 939,10 (19 unrouted), using 65651,70 CPU seconds and 250596 MB memory.
2026-08-14 15:52:03.973 INFO   [12979A\3D9D34] Auto-router pass #358 on board 'cf5fb0b863f5ce7505d33621e62e9173' was completed in 0,81 seconds with the score of 939,10 (19 unrouted), using 65651,70 CPU seconds and 250596 MB memory.
2026-08-14 15:52:04.787 INFO   [12979A\3D9D34] Auto-router pass #359 on board 'cf5fb0b863f5ce7505d33621e62e9173' was completed in 0,81 seconds with the score of 939,10 (19 unrouted), using 66012,44 CPU seconds and 251307 MB memory.
2026-08-14 15:52:05.612 INFO   [12979A\3D9D34] Auto-router pass #360 on board 'cf5fb0b863f5ce7505d33621e62e9173' was completed in 0,82 seconds with the score of 939,10 (19 unrouted), using 66374,16 CPU seconds and 252022 MB memory.
2026-08-14 15:52:06.428 INFO   [12979A\3D9D34] Auto-router pass #361 on board 'cf5fb0b863f5ce7505d33621e62e9173' was completed in 0,81 seconds with the score of 939,10 (19 unrouted), using 66736,88 CPU seconds and 252738 MB memory.
2026-08-14 15:52:07.246 INFO   [12979A\3D9D34] Auto-router pass #362 on board 'cf5fb0b863f5ce7505d33621e62e9173' was completed in 0,81 seconds with the score of 939,10 (19 unrouted), using 67100,59 CPU seconds and 253453 MB memory.
2026-08-14 15:52:08.065 INFO   [12979A\3D9D34] Auto-router pass #363 on board 'cf5fb0b863f5ce7505d33621e62e9173' was completed in 0,81 seconds with the score of 939,10 (19 unrouted), using 67100,59 CPU seconds and 253453 MB memory.
2026-08-14 15:52:08.891 INFO   [12979A\3D9D34] Auto-router pass #364 on board 'cf5fb0b863f5ce7505d33621e62e9173' was completed in 0,82 seconds with the score of 939,10 (19 unrouted), using 67465,28 CPU seconds and 254161 MB memory.
2026-08-14 15:52:09.712 INFO   [12979A\3D9D34] Auto-router pass #365 on board 'cf5fb0b863f5ce7505d33621e62e9173' was completed in 0,81 seconds with the score of 939,10 (19 unrouted), using 67830,96 CPU seconds and 254868 MB memory.
2026-08-14 15:52:10.529 INFO   [12979A\3D9D34] Auto-router pass #366 on board 'cf5fb0b863f5ce7505d33621e62e9173' was completed in 0,81 seconds with the score of 939,10 (19 unrouted), using 68197,63 CPU seconds and 255586 MB memory.
2026-08-14 15:52:11.339 INFO   [12979A\3D9D34] Auto-router pass #367 on board 'cf5fb0b863f5ce7505d33621e62e9173' was completed in 0,80 seconds with the score of 939,10 (19 unrouted), using 68565,29 CPU seconds and 256301 MB memory.
2026-08-14 15:52:12.167 INFO   [12979A\3D9D34] Auto-router pass #368 on board 'cf5fb0b863f5ce7505d33621e62e9173' was completed in 0,82 seconds with the score of 939,10 (19 unrouted), using 68933,94 CPU seconds and 257018 MB memory.
2026-08-14 15:52:12.985 INFO   [12979A\3D9D34] Auto-router pass #369 on board 'cf5fb0b863f5ce7505d33621e62e9173' was completed in 0,81 seconds with the score of 939,10 (19 unrouted), using 68933,94 CPU seconds and 257018 MB memory.
2026-08-14 15:52:13.822 INFO   [12979A\3D9D34] Auto-router pass #370 on board 'cf5fb0b863f5ce7505d33621e62e9173' was completed in 0,83 seconds with the score of 939,10 (19 unrouted), using 69303,57 CPU seconds and 257726 MB memory.
2026-08-14 15:52:14.654 INFO   [12979A\3D9D34] Auto-router pass #371 on board 'cf5fb0b863f5ce7505d33621e62e9173' was completed in 0,82 seconds with the score of 939,10 (19 unrouted), using 69674,20 CPU seconds and 258426 MB memory.
2026-08-14 15:52:15.482 INFO   [12979A\3D9D34] Auto-router pass #372 on board 'cf5fb0b863f5ce7505d33621e62e9173' was completed in 0,82 seconds with the score of 939,10 (19 unrouted), using 70045,80 CPU seconds and 259130 MB memory.
2026-08-14 15:52:16.304 INFO   [12979A\3D9D34] Auto-router pass #373 on board 'cf5fb0b863f5ce7505d33621e62e9173' was completed in 0,81 seconds with the score of 939,10 (19 unrouted), using 70418,41 CPU seconds and 259834 MB memory.
2026-08-14 15:52:17.130 INFO   [12979A\3D9D34] Auto-router pass #374 on board 'cf5fb0b863f5ce7505d33621e62e9173' was completed in 0,82 seconds with the score of 939,10 (19 unrouted), using 70792,00 CPU seconds and 260547 MB memory.
2026-08-14 15:52:17.943 INFO   [12979A\3D9D34] Auto-router pass #375 on board 'cf5fb0b863f5ce7505d33621e62e9173' was completed in 0,81 seconds with the score of 939,10 (19 unrouted), using 70792,00 CPU seconds and 260547 MB memory.
2026-08-14 15:52:18.765 INFO   [12979A\3D9D34] Auto-router pass #376 on board 'cf5fb0b863f5ce7505d33621e62e9173' was completed in 0,81 seconds with the score of 939,10 (19 unrouted), using 71166,58 CPU seconds and 261256 MB memory.
2026-08-14 15:52:19.578 INFO   [12979A\3D9D34] Auto-router pass #377 on board 'cf5fb0b863f5ce7505d33621e62e9173' was completed in 0,80 seconds with the score of 939,10 (19 unrouted), using 71542,15 CPU seconds and 261975 MB memory.
2026-08-14 15:52:20.404 INFO   [12979A\3D9D34] Auto-router pass #378 on board 'cf5fb0b863f5ce7505d33621e62e9173' was completed in 0,81 seconds with the score of 939,10 (19 unrouted), using 71918,71 CPU seconds and 262681 MB memory.
2026-08-14 15:52:21.235 INFO   [12979A\3D9D34] Auto-router pass #379 on board 'cf5fb0b863f5ce7505d33621e62e9173' was completed in 0,82 seconds with the score of 939,10 (19 unrouted), using 72296,26 CPU seconds and 263397 MB memory.
2026-08-14 15:52:22.060 INFO   [12979A\3D9D34] Auto-router pass #380 on board 'cf5fb0b863f5ce7505d33621e62e9173' was completed in 0,82 seconds with the score of 939,10 (19 unrouted), using 72296,26 CPU seconds and 263397 MB memory.
2026-08-14 15:52:22.878 INFO   [12979A\3D9D34] Auto-router pass #381 on board 'cf5fb0b863f5ce7505d33621e62e9173' was completed in 0,81 seconds with the score of 939,10 (19 unrouted), using 72674,80 CPU seconds and 264095 MB memory.
2026-08-14 15:52:23.713 INFO   [12979A\3D9D34] Auto-router pass #382 on board 'cf5fb0b863f5ce7505d33621e62e9173' was completed in 0,83 seconds with the score of 939,10 (19 unrouted), using 73054,32 CPU seconds and 264808 MB memory.
2026-08-14 15:52:24.530 INFO   [12979A\3D9D34] Auto-router pass #383 on board 'cf5fb0b863f5ce7505d33621e62e9173' was completed in 0,81 seconds with the score of 939,10 (19 unrouted), using 73434,84 CPU seconds and 265509 MB memory.
2026-08-14 15:52:25.354 INFO   [12979A\3D9D34] Auto-router pass #384 on board 'cf5fb0b863f5ce7505d33621e62e9173' was completed in 0,82 seconds with the score of 939,10 (19 unrouted), using 73816,34 CPU seconds and 266225 MB memory.
2026-08-14 15:52:26.170 INFO   [12979A\3D9D34] Auto-router pass #385 on board 'cf5fb0b863f5ce7505d33621e62e9173' was completed in 0,81 seconds with the score of 939,10 (19 unrouted), using 74198,84 CPU seconds and 266941 MB memory.
2026-08-14 15:52:26.988 INFO   [12979A\3D9D34] Auto-router pass #386 on board 'cf5fb0b863f5ce7505d33621e62e9173' was completed in 0,81 seconds with the score of 939,10 (19 unrouted), using 74198,84 CPU seconds and 266941 MB memory.
2026-08-14 15:52:27.802 INFO   [12979A\3D9D34] Auto-router pass #387 on board 'cf5fb0b863f5ce7505d33621e62e9173' was completed in 0,81 seconds with the score of 939,10 (19 unrouted), using 74582,31 CPU seconds and 267649 MB memory.
2026-08-14 15:52:28.654 INFO   [12979A\3D9D34] Auto-router pass #388 on board 'cf5fb0b863f5ce7505d33621e62e9173' was completed in 0,84 seconds with the score of 939,10 (19 unrouted), using 74966,77 CPU seconds and 268357 MB memory.
2026-08-14 15:52:29.471 INFO   [12979A\3D9D34] Auto-router pass #389 on board 'cf5fb0b863f5ce7505d33621e62e9173' was completed in 0,81 seconds with the score of 939,10 (19 unrouted), using 75352,23 CPU seconds and 269060 MB memory.
2026-08-14 15:52:30.293 INFO   [12979A\3D9D34] Auto-router pass #390 on board 'cf5fb0b863f5ce7505d33621e62e9173' was completed in 0,81 seconds with the score of 939,10 (19 unrouted), using 75738,66 CPU seconds and 269770 MB memory.
2026-08-14 15:52:31.105 INFO   [12979A\3D9D34] Auto-router pass #391 on board 'cf5fb0b863f5ce7505d33621e62e9173' was completed in 0,80 seconds with the score of 939,10 (19 unrouted), using 76126,08 CPU seconds and 270486 MB memory.
2026-08-14 15:52:31.927 INFO   [12979A\3D9D34] Auto-router pass #392 on board 'cf5fb0b863f5ce7505d33621e62e9173' was completed in 0,81 seconds with the score of 939,10 (19 unrouted), using 76126,08 CPU seconds and 270486 MB memory.
2026-08-14 15:52:32.739 INFO   [12979A\3D9D34] Auto-router pass #393 on board 'cf5fb0b863f5ce7505d33621e62e9173' was completed in 0,80 seconds with the score of 939,10 (19 unrouted), using 76514,49 CPU seconds and 271201 MB memory.
2026-08-14 15:52:33.557 INFO   [12979A\3D9D34] Auto-router pass #394 on board 'cf5fb0b863f5ce7505d33621e62e9173' was completed in 0,81 seconds with the score of 939,10 (19 unrouted), using 76903,89 CPU seconds and 271917 MB memory.
2026-08-14 15:52:34.377 INFO   [12979A\3D9D34] Auto-router pass #395 on board 'cf5fb0b863f5ce7505d33621e62e9173' was completed in 0,81 seconds with the score of 939,10 (19 unrouted), using 77294,28 CPU seconds and 272628 MB memory.
2026-08-14 15:52:35.202 INFO   [12979A\3D9D34] Auto-router pass #396 on board 'cf5fb0b863f5ce7505d33621e62e9173' was completed in 0,82 seconds with the score of 939,10 (19 unrouted), using 77685,66 CPU seconds and 273340 MB memory.
2026-08-14 15:52:36.015 INFO   [12979A\3D9D34] Auto-router pass #397 on board 'cf5fb0b863f5ce7505d33621e62e9173' was completed in 0,81 seconds with the score of 939,10 (19 unrouted), using 77685,66 CPU seconds and 273340 MB memory.
2026-08-14 15:52:36.848 INFO   [12979A\3D9D34] Auto-router pass #398 on board 'cf5fb0b863f5ce7505d33621e62e9173' was completed in 0,82 seconds with the score of 939,10 (19 unrouted), using 78078,02 CPU seconds and 274056 MB memory.
2026-08-14 15:52:37.665 INFO   [12979A\3D9D34] Auto-router pass #399 on board 'cf5fb0b863f5ce7505d33621e62e9173' was completed in 0,81 seconds with the score of 939,10 (19 unrouted), using 78471,38 CPU seconds and 274759 MB memory.
2026-08-14 15:52:38.491 INFO   [12979A\3D9D34] Auto-router pass #400 on board 'cf5fb0b863f5ce7505d33621e62e9173' was completed in 0,82 seconds with the score of 939,10 (19 unrouted), using 78865,72 CPU seconds and 275472 MB memory.
2026-08-14 15:52:39.309 INFO   [12979A\3D9D34] Auto-router pass #401 on board 'cf5fb0b863f5ce7505d33621e62e9173' was completed in 0,81 seconds with the score of 939,10 (19 unrouted), using 79261,05 CPU seconds and 276183 MB memory.
2026-08-14 15:52:40.122 INFO   [12979A\3D9D34] Auto-router pass #402 on board 'cf5fb0b863f5ce7505d33621e62e9173' was completed in 0,81 seconds with the score of 939,10 (19 unrouted), using 79657,37 CPU seconds and 276899 MB memory.
2026-08-14 15:52:40.954 INFO   [12979A\3D9D34] Auto-router pass #403 on board 'cf5fb0b863f5ce7505d33621e62e9173' was completed in 0,82 seconds with the score of 939,10 (19 unrouted), using 79657,37 CPU seconds and 276899 MB memory.
2026-08-14 15:52:41.317 INFO   [12979A\3D9D34] Auto-router pass #404 on board 'cf5fb0b863f5ce7505d33621e62e9173' was completed in 0,35 seconds with the score of 939,10 (19 unrouted), using 80054,67 CPU seconds and 277602 MB memory.
2026-08-14 15:52:42.153 INFO   [12979A\3D9D34] Auto-router pass #405 on board 'cf5fb0b863f5ce7505d33621e62e9173' was completed in 0,83 seconds with the score of 939,10 (19 unrouted), using 80452,97 CPU seconds and 278302 MB memory.
2026-08-14 15:52:42.970 INFO   [12979A\3D9D34] Auto-router pass #406 on board 'cf5fb0b863f5ce7505d33621e62e9173' was completed in 0,81 seconds with the score of 939,10 (19 unrouted), using 80852,25 CPU seconds and 278999 MB memory.
2026-08-14 15:52:43.789 INFO   [12979A\3D9D34] Auto-router pass #407 on board 'cf5fb0b863f5ce7505d33621e62e9173' was completed in 0,81 seconds with the score of 939,10 (19 unrouted), using 81252,52 CPU seconds and 279714 MB memory.
2026-08-14 15:52:44.615 INFO   [12979A\3D9D34] Auto-router pass #408 on board 'cf5fb0b863f5ce7505d33621e62e9173' was completed in 0,82 seconds with the score of 939,10 (19 unrouted), using 81252,52 CPU seconds and 279714 MB memory.
2026-08-14 15:52:45.432 INFO   [12979A\3D9D34] Auto-router pass #409 on board 'cf5fb0b863f5ce7505d33621e62e9173' was completed in 0,81 seconds with the score of 939,10 (19 unrouted), using 81653,78 CPU seconds and 280424 MB memory.
2026-08-14 15:52:46.249 INFO   [12979A\3D9D34] Auto-router pass #410 on board 'cf5fb0b863f5ce7505d33621e62e9173' was completed in 0,81 seconds with the score of 939,10 (19 unrouted), using 82056,03 CPU seconds and 281138 MB memory.
2026-08-14 15:52:47.099 INFO   [12979A\3D9D34] Auto-router pass #411 on board 'cf5fb0b863f5ce7505d33621e62e9173' was completed in 0,84 seconds with the score of 939,10 (19 unrouted), using 82459,27 CPU seconds and 281826 MB memory.
2026-08-14 15:52:47.928 INFO   [12979A\3D9D34] Auto-router pass #412 on board 'cf5fb0b863f5ce7505d33621e62e9173' was completed in 0,82 seconds with the score of 939,10 (19 unrouted), using 82863,50 CPU seconds and 282540 MB memory.
2026-08-14 15:52:48.746 INFO   [12979A\3D9D34] Auto-router pass #413 on board 'cf5fb0b863f5ce7505d33621e62e9173' was completed in 0,81 seconds with the score of 939,10 (19 unrouted), using 83268,72 CPU seconds and 283251 MB memory.
2026-08-14 15:52:49.561 INFO   [12979A\3D9D34] Auto-router pass #414 on board 'cf5fb0b863f5ce7505d33621e62e9173' was completed in 0,81 seconds with the score of 939,10 (19 unrouted), using 83268,72 CPU seconds and 283251 MB memory.
2026-08-14 15:52:50.373 INFO   [12979A\3D9D34] Auto-router pass #415 on board 'cf5fb0b863f5ce7505d33621e62e9173' was completed in 0,80 seconds with the score of 939,10 (19 unrouted), using 83674,92 CPU seconds and 283966 MB memory.
2026-08-14 15:52:51.197 INFO   [12979A\3D9D34] Auto-router pass #416 on board 'cf5fb0b863f5ce7505d33621e62e9173' was completed in 0,82 seconds with the score of 939,10 (19 unrouted), using 84082,12 CPU seconds and 284682 MB memory.
2026-08-14 15:52:52.018 INFO   [12979A\3D9D34] Auto-router pass #417 on board 'cf5fb0b863f5ce7505d33621e62e9173' was completed in 0,81 seconds with the score of 939,10 (19 unrouted), using 84490,30 CPU seconds and 285391 MB memory.
2026-08-14 15:52:52.830 INFO   [12979A\3D9D34] Auto-router pass #418 on board 'cf5fb0b863f5ce7505d33621e62e9173' was completed in 0,80 seconds with the score of 939,10 (19 unrouted), using 84899,46 CPU seconds and 286107 MB memory.
2026-08-14 15:52:53.648 INFO   [12979A\3D9D34] Auto-router pass #419 on board 'cf5fb0b863f5ce7505d33621e62e9173' was completed in 0,81 seconds with the score of 939,10 (19 unrouted), using 85309,62 CPU seconds and 286822 MB memory.
2026-08-14 15:52:54.478 INFO   [12979A\3D9D34] Auto-router pass #420 on board 'cf5fb0b863f5ce7505d33621e62e9173' was completed in 0,82 seconds with the score of 939,10 (19 unrouted), using 85309,62 CPU seconds and 286822 MB memory.
2026-08-14 15:52:55.297 INFO   [12979A\3D9D34] Auto-router pass #421 on board 'cf5fb0b863f5ce7505d33621e62e9173' was completed in 0,81 seconds with the score of 939,10 (19 unrouted), using 85720,76 CPU seconds and 287531 MB memory.
2026-08-14 15:52:56.115 INFO   [12979A\3D9D34] Auto-router pass #422 on board 'cf5fb0b863f5ce7505d33621e62e9173' was completed in 0,81 seconds with the score of 939,10 (19 unrouted), using 86132,89 CPU seconds and 288242 MB memory.
2026-08-14 15:52:56.933 INFO   [12979A\3D9D34] Auto-router pass #423 on board 'cf5fb0b863f5ce7505d33621e62e9173' was completed in 0,81 seconds with the score of 939,10 (19 unrouted), using 86546,01 CPU seconds and 288952 MB memory.
2026-08-14 15:52:57.760 INFO   [12979A\3D9D34] Auto-router pass #424 on board 'cf5fb0b863f5ce7505d33621e62e9173' was completed in 0,82 seconds with the score of 939,10 (19 unrouted), using 86960,12 CPU seconds and 289667 MB memory.
2026-08-14 15:52:58.578 INFO   [12979A\3D9D34] Auto-router pass #425 on board 'cf5fb0b863f5ce7505d33621e62e9173' was completed in 0,81 seconds with the score of 939,10 (19 unrouted), using 86960,12 CPU seconds and 289667 MB memory.
2026-08-14 15:52:59.391 INFO   [12979A\3D9D34] Auto-router pass #426 on board 'cf5fb0b863f5ce7505d33621e62e9173' was completed in 0,81 seconds with the score of 939,10 (19 unrouted), using 87375,21 CPU seconds and 290375 MB memory.
2026-08-14 15:53:00.206 INFO   [12979A\3D9D34] Auto-router pass #427 on board 'cf5fb0b863f5ce7505d33621e62e9173' was completed in 0,81 seconds with the score of 939,10 (19 unrouted), using 87791,30 CPU seconds and 291093 MB memory.
2026-08-14 15:53:01.052 INFO   [12979A\3D9D34] Auto-router pass #428 on board 'cf5fb0b863f5ce7505d33621e62e9173' was completed in 0,84 seconds with the score of 939,10 (19 unrouted), using 88208,38 CPU seconds and 291793 MB memory.
2026-08-14 15:53:01.871 INFO   [12979A\3D9D34] Auto-router pass #429 on board 'cf5fb0b863f5ce7505d33621e62e9173' was completed in 0,81 seconds with the score of 939,10 (19 unrouted), using 88626,44 CPU seconds and 292509 MB memory.
2026-08-14 15:53:02.684 INFO   [12979A\3D9D34] Auto-router pass #430 on board 'cf5fb0b863f5ce7505d33621e62e9173' was completed in 0,81 seconds with the score of 939,10 (19 unrouted), using 89045,49 CPU seconds and 293225 MB memory.
2026-08-14 15:53:03.495 INFO   [12979A\3D9D34] Auto-router pass #431 on board 'cf5fb0b863f5ce7505d33621e62e9173' was completed in 0,80 seconds with the score of 939,10 (19 unrouted), using 89045,49 CPU seconds and 293225 MB memory.
2026-08-14 15:53:04.317 INFO   [12979A\3D9D34] Auto-router pass #432 on board 'cf5fb0b863f5ce7505d33621e62e9173' was completed in 0,81 seconds with the score of 939,10 (19 unrouted), using 89465,54 CPU seconds and 293936 MB memory.
2026-08-14 15:53:05.131 INFO   [12979A\3D9D34] Auto-router pass #433 on board 'cf5fb0b863f5ce7505d33621e62e9173' was completed in 0,81 seconds with the score of 939,10 (19 unrouted), using 89886,58 CPU seconds and 294655 MB memory.
2026-08-14 15:53:05.945 INFO   [12979A\3D9D34] Auto-router pass #434 on board 'cf5fb0b863f5ce7505d33621e62e9173' was completed in 0,81 seconds with the score of 939,10 (19 unrouted), using 90308,60 CPU seconds and 295369 MB memory.
2026-08-14 15:53:06.765 INFO   [12979A\3D9D34] Auto-router pass #435 on board 'cf5fb0b863f5ce7505d33621e62e9173' was completed in 0,81 seconds with the score of 939,10 (19 unrouted), using 90731,62 CPU seconds and 296083 MB memory.
2026-08-14 15:53:07.614 INFO   [12979A\3D9D34] Auto-router pass #436 on board 'cf5fb0b863f5ce7505d33621e62e9173' was completed in 0,84 seconds with the score of 939,10 (19 unrouted), using 90731,62 CPU seconds and 296083 MB memory.
2026-08-14 15:53:08.449 INFO   [12979A\3D9D34] Auto-router pass #437 on board 'cf5fb0b863f5ce7505d33621e62e9173' was completed in 0,83 seconds with the score of 939,10 (19 unrouted), using 91155,62 CPU seconds and 296775 MB memory.
2026-08-14 15:53:09.264 INFO   [12979A\3D9D34] Auto-router pass #438 on board 'cf5fb0b863f5ce7505d33621e62e9173' was completed in 0,81 seconds with the score of 939,10 (19 unrouted), using 91580,61 CPU seconds and 297475 MB memory.
2026-08-14 15:53:10.082 INFO   [12979A\3D9D34] Auto-router pass #439 on board 'cf5fb0b863f5ce7505d33621e62e9173' was completed in 0,81 seconds with the score of 939,10 (19 unrouted), using 92006,59 CPU seconds and 298190 MB memory.
2026-08-14 15:53:10.908 INFO   [12979A\3D9D34] Auto-router pass #440 on board 'cf5fb0b863f5ce7505d33621e62e9173' was completed in 0,82 seconds with the score of 939,10 (19 unrouted), using 92433,55 CPU seconds and 298906 MB memory.
2026-08-14 15:53:11.723 INFO   [12979A\3D9D34] Auto-router pass #441 on board 'cf5fb0b863f5ce7505d33621e62e9173' was completed in 0,81 seconds with the score of 939,10 (19 unrouted), using 92861,51 CPU seconds and 299621 MB memory.
2026-08-14 15:53:12.542 INFO   [12979A\3D9D34] Auto-router pass #442 on board 'cf5fb0b863f5ce7505d33621e62e9173' was completed in 0,81 seconds with the score of 939,10 (19 unrouted), using 92861,51 CPU seconds and 299621 MB memory.
2026-08-14 15:53:13.360 INFO   [12979A\3D9D34] Auto-router pass #443 on board 'cf5fb0b863f5ce7505d33621e62e9173' was completed in 0,81 seconds with the score of 939,10 (19 unrouted), using 93290,45 CPU seconds and 300328 MB memory.
2026-08-14 15:53:14.599 INFO   [12979A\3D9D34] Auto-router pass #444 on board 'cf5fb0b863f5ce7505d33621e62e9173' was completed in 1,23 seconds with the score of 939,10 (19 unrouted), using 93720,39 CPU seconds and 301045 MB memory.
2026-08-14 15:53:15.433 INFO   [12979A\3D9D34] Auto-router pass #445 on board 'cf5fb0b863f5ce7505d33621e62e9173' was completed in 0,82 seconds with the score of 939,10 (19 unrouted), using 94151,31 CPU seconds and 301739 MB memory.
2026-08-14 15:53:16.248 INFO   [12979A\3D9D34] Auto-router pass #446 on board 'cf5fb0b863f5ce7505d33621e62e9173' was completed in 0,81 seconds with the score of 939,10 (19 unrouted), using 94583,23 CPU seconds and 302453 MB memory.
2026-08-14 15:53:17.062 INFO   [12979A\3D9D34] Auto-router pass #447 on board 'cf5fb0b863f5ce7505d33621e62e9173' was completed in 0,81 seconds with the score of 939,10 (19 unrouted), using 95016,12 CPU seconds and 303171 MB memory.
2026-08-14 15:53:17.892 INFO   [12979A\3D9D34] Auto-router pass #448 on board 'cf5fb0b863f5ce7505d33621e62e9173' was completed in 0,82 seconds with the score of 939,10 (19 unrouted), using 95016,12 CPU seconds and 303171 MB memory.
2026-08-14 15:53:18.711 INFO   [12979A\3D9D34] Auto-router pass #449 on board 'cf5fb0b863f5ce7505d33621e62e9173' was completed in 0,81 seconds with the score of 939,10 (19 unrouted), using 95450,02 CPU seconds and 303878 MB memory.
2026-08-14 15:53:19.526 INFO   [12979A\3D9D34] Auto-router pass #450 on board 'cf5fb0b863f5ce7505d33621e62e9173' was completed in 0,81 seconds with the score of 939,10 (19 unrouted), using 95884,90 CPU seconds and 304592 MB memory.
2026-08-14 15:53:20.338 INFO   [12979A\3D9D34] Auto-router pass #451 on board 'cf5fb0b863f5ce7505d33621e62e9173' was completed in 0,80 seconds with the score of 939,10 (19 unrouted), using 96320,77 CPU seconds and 305307 MB memory.
2026-08-14 15:53:21.167 INFO   [12979A\3D9D34] Auto-router pass #452 on board 'cf5fb0b863f5ce7505d33621e62e9173' was completed in 0,82 seconds with the score of 939,10 (19 unrouted), using 96757,62 CPU seconds and 306021 MB memory.
2026-08-14 15:53:21.979 INFO   [12979A\3D9D34] Auto-router pass #453 on board 'cf5fb0b863f5ce7505d33621e62e9173' was completed in 0,80 seconds with the score of 939,10 (19 unrouted), using 96757,62 CPU seconds and 306021 MB memory.
2026-08-14 15:53:22.790 INFO   [12979A\3D9D34] Auto-router pass #454 on board 'cf5fb0b863f5ce7505d33621e62e9173' was completed in 0,80 seconds with the score of 939,10 (19 unrouted), using 97195,47 CPU seconds and 306736 MB memory.
2026-08-14 15:53:23.603 INFO   [12979A\3D9D34] Auto-router pass #455 on board 'cf5fb0b863f5ce7505d33621e62e9173' was completed in 0,80 seconds with the score of 939,10 (19 unrouted), using 97634,30 CPU seconds and 307452 MB memory.
2026-08-14 15:53:24.428 INFO   [12979A\3D9D34] Auto-router pass #456 on board 'cf5fb0b863f5ce7505d33621e62e9173' was completed in 0,82 seconds with the score of 939,10 (19 unrouted), using 98074,12 CPU seconds and 308170 MB memory.
2026-08-14 15:53:25.237 INFO   [12979A\3D9D34] Auto-router pass #457 on board 'cf5fb0b863f5ce7505d33621e62e9173' was completed in 0,80 seconds with the score of 939,10 (19 unrouted), using 98514,94 CPU seconds and 308888 MB memory.
2026-08-14 15:53:26.049 INFO   [12979A\3D9D34] Auto-router pass #458 on board 'cf5fb0b863f5ce7505d33621e62e9173' was completed in 0,80 seconds with the score of 939,10 (19 unrouted), using 98956,74 CPU seconds and 309605 MB memory.
2026-08-14 15:53:26.860 INFO   [12979A\3D9D34] Auto-router pass #459 on board 'cf5fb0b863f5ce7505d33621e62e9173' was completed in 0,80 seconds with the score of 939,10 (19 unrouted), using 98956,74 CPU seconds and 309605 MB memory.
2026-08-14 15:53:27.685 INFO   [12979A\3D9D34] Auto-router pass #460 on board 'cf5fb0b863f5ce7505d33621e62e9173' was completed in 0,82 seconds with the score of 939,10 (19 unrouted), using 99399,53 CPU seconds and 310319 MB memory.
2026-08-14 15:53:28.497 INFO   [12979A\3D9D34] Auto-router pass #461 on board 'cf5fb0b863f5ce7505d33621e62e9173' was completed in 0,80 seconds with the score of 939,10 (19 unrouted), using 99843,31 CPU seconds and 311037 MB memory.
2026-08-14 15:53:29.310 INFO   [12979A\3D9D34] Auto-router pass #462 on board 'cf5fb0b863f5ce7505d33621e62e9173' was completed in 0,80 seconds with the score of 939,10 (19 unrouted), using 100288,09 CPU seconds and 311754 MB memory.
2026-08-14 15:53:30.124 INFO   [12979A\3D9D34] Auto-router pass #463 on board 'cf5fb0b863f5ce7505d33621e62e9173' was completed in 0,81 seconds with the score of 939,10 (19 unrouted), using 100733,84 CPU seconds and 312474 MB memory.
2026-08-14 15:53:30.948 INFO   [12979A\3D9D34] Auto-router pass #464 on board 'cf5fb0b863f5ce7505d33621e62e9173' was completed in 0,82 seconds with the score of 939,10 (19 unrouted), using 100733,84 CPU seconds and 312474 MB memory.
2026-08-14 15:53:31.763 INFO   [12979A\3D9D34] Auto-router pass #465 on board 'cf5fb0b863f5ce7505d33621e62e9173' was completed in 0,81 seconds with the score of 939,10 (19 unrouted), using 101180,59 CPU seconds and 313181 MB memory.
2026-08-14 15:53:32.581 INFO   [12979A\3D9D34] Auto-router pass #466 on board 'cf5fb0b863f5ce7505d33621e62e9173' was completed in 0,81 seconds with the score of 939,10 (19 unrouted), using 101628,33 CPU seconds and 313896 MB memory.
2026-08-14 15:53:33.397 INFO   [12979A\3D9D34] Auto-router pass #467 on board 'cf5fb0b863f5ce7505d33621e62e9173' was completed in 0,81 seconds with the score of 939,10 (19 unrouted), using 102077,05 CPU seconds and 314608 MB memory.
2026-08-14 15:53:34.226 INFO   [12979A\3D9D34] Auto-router pass #468 on board 'cf5fb0b863f5ce7505d33621e62e9173' was completed in 0,82 seconds with the score of 939,10 (19 unrouted), using 102526,77 CPU seconds and 315324 MB memory.
2026-08-14 15:53:35.040 INFO   [12979A\3D9D34] Auto-router pass #469 on board 'cf5fb0b863f5ce7505d33621e62e9173' was completed in 0,81 seconds with the score of 939,10 (19 unrouted), using 102526,77 CPU seconds and 315324 MB memory.
2026-08-14 15:53:35.855 INFO   [12979A\3D9D34] Auto-router pass #470 on board 'cf5fb0b863f5ce7505d33621e62e9173' was completed in 0,81 seconds with the score of 939,10 (19 unrouted), using 102977,48 CPU seconds and 316035 MB memory.
2026-08-14 15:53:36.686 INFO   [12979A\3D9D34] Auto-router pass #471 on board 'cf5fb0b863f5ce7505d33621e62e9173' was completed in 0,82 seconds with the score of 939,10 (19 unrouted), using 103429,18 CPU seconds and 316741 MB memory.
2026-08-14 15:53:37.509 INFO   [12979A\3D9D34] Auto-router pass #472 on board 'cf5fb0b863f5ce7505d33621e62e9173' was completed in 0,81 seconds with the score of 939,10 (19 unrouted), using 103881,87 CPU seconds and 317453 MB memory.
2026-08-14 15:53:38.364 INFO   [12979A\3D9D34] Auto-router pass #473 on board 'cf5fb0b863f5ce7505d33621e62e9173' was completed in 0,85 seconds with the score of 939,10 (19 unrouted), using 104335,54 CPU seconds and 318169 MB memory.
2026-08-14 15:53:39.177 INFO   [12979A\3D9D34] Auto-router pass #474 on board 'cf5fb0b863f5ce7505d33621e62e9173' was completed in 0,81 seconds with the score of 939,10 (19 unrouted), using 104790,20 CPU seconds and 318857 MB memory.
2026-08-14 15:53:40.009 INFO   [12979A\3D9D34] Auto-router pass #475 on board 'cf5fb0b863f5ce7505d33621e62e9173' was completed in 0,82 seconds with the score of 939,10 (19 unrouted), using 104790,20 CPU seconds and 318857 MB memory.
2026-08-14 15:53:40.846 INFO   [12979A\3D9D34] Auto-router pass #476 on board 'cf5fb0b863f5ce7505d33621e62e9173' was completed in 0,83 seconds with the score of 939,10 (19 unrouted), using 105245,86 CPU seconds and 319558 MB memory.
2026-08-14 15:53:41.660 INFO   [12979A\3D9D34] Auto-router pass #477 on board 'cf5fb0b863f5ce7505d33621e62e9173' was completed in 0,81 seconds with the score of 939,10 (19 unrouted), using 105702,50 CPU seconds and 320263 MB memory.
2026-08-14 15:53:42.475 INFO   [12979A\3D9D34] Auto-router pass #478 on board 'cf5fb0b863f5ce7505d33621e62e9173' was completed in 0,81 seconds with the score of 939,10 (19 unrouted), using 106160,13 CPU seconds and 320977 MB memory.
2026-08-14 15:53:43.288 INFO   [12979A\3D9D34] Auto-router pass #479 on board 'cf5fb0b863f5ce7505d33621e62e9173' was completed in 0,81 seconds with the score of 939,10 (19 unrouted), using 106618,76 CPU seconds and 321698 MB memory.
2026-08-14 15:53:44.117 INFO   [12979A\3D9D34] Auto-router pass #480 on board 'cf5fb0b863f5ce7505d33621e62e9173' was completed in 0,82 seconds with the score of 939,10 (19 unrouted), using 107078,37 CPU seconds and 322408 MB memory.
2026-08-14 15:53:44.929 INFO   [12979A\3D9D34] Auto-router pass #481 on board 'cf5fb0b863f5ce7505d33621e62e9173' was completed in 0,80 seconds with the score of 939,10 (19 unrouted), using 107078,37 CPU seconds and 322408 MB memory.
2026-08-14 15:53:45.742 INFO   [12979A\3D9D34] Auto-router pass #482 on board 'cf5fb0b863f5ce7505d33621e62e9173' was completed in 0,80 seconds with the score of 939,10 (19 unrouted), using 107538,97 CPU seconds and 323121 MB memory.
2026-08-14 15:53:46.560 INFO   [12979A\3D9D34] Auto-router pass #483 on board 'cf5fb0b863f5ce7505d33621e62e9173' was completed in 0,81 seconds with the score of 939,10 (19 unrouted), using 108000,55 CPU seconds and 323841 MB memory.
2026-08-14 15:53:47.403 INFO   [12979A\3D9D34] Auto-router pass #484 on board 'cf5fb0b863f5ce7505d33621e62e9173' was completed in 0,83 seconds with the score of 939,10 (19 unrouted), using 108463,12 CPU seconds and 324540 MB memory.
2026-08-14 15:53:48.217 INFO   [12979A\3D9D34] Auto-router pass #485 on board 'cf5fb0b863f5ce7505d33621e62e9173' was completed in 0,81 seconds with the score of 939,10 (19 unrouted), using 108926,69 CPU seconds and 325254 MB memory.
2026-08-14 15:53:49.029 INFO   [12979A\3D9D34] Auto-router pass #486 on board 'cf5fb0b863f5ce7505d33621e62e9173' was completed in 0,80 seconds with the score of 939,10 (19 unrouted), using 108926,69 CPU seconds and 325254 MB memory.
2026-08-14 15:53:49.844 INFO   [12979A\3D9D34] Auto-router pass #487 on board 'cf5fb0b863f5ce7505d33621e62e9173' was completed in 0,81 seconds with the score of 939,10 (19 unrouted), using 109391,23 CPU seconds and 325971 MB memory.
2026-08-14 15:53:50.669 INFO   [12979A\3D9D34] Auto-router pass #488 on board 'cf5fb0b863f5ce7505d33621e62e9173' was completed in 0,82 seconds with the score of 939,10 (19 unrouted), using 109856,77 CPU seconds and 326686 MB memory.
2026-08-14 15:53:51.485 INFO   [12979A\3D9D34] Auto-router pass #489 on board 'cf5fb0b863f5ce7505d33621e62e9173' was completed in 0,81 seconds with the score of 939,10 (19 unrouted), using 110323,30 CPU seconds and 327397 MB memory.
2026-08-14 15:53:52.299 INFO   [12979A\3D9D34] Auto-router pass #490 on board 'cf5fb0b863f5ce7505d33621e62e9173' was completed in 0,81 seconds with the score of 939,10 (19 unrouted), using 110790,81 CPU seconds and 328113 MB memory.
2026-08-14 15:53:53.129 INFO   [12979A\3D9D34] Auto-router pass #491 on board 'cf5fb0b863f5ce7505d33621e62e9173' was completed in 0,82 seconds with the score of 939,10 (19 unrouted), using 111259,31 CPU seconds and 328821 MB memory.
2026-08-14 15:53:53.967 INFO   [12979A\3D9D34] Auto-router pass #492 on board 'cf5fb0b863f5ce7505d33621e62e9173' was completed in 0,83 seconds with the score of 939,10 (19 unrouted), using 111259,31 CPU seconds and 328821 MB memory.
2026-08-14 15:53:54.797 INFO   [12979A\3D9D34] Auto-router pass #493 on board 'cf5fb0b863f5ce7505d33621e62e9173' was completed in 0,82 seconds with the score of 939,10 (19 unrouted), using 111728,80 CPU seconds and 329509 MB memory.
2026-08-14 15:53:55.611 INFO   [12979A\3D9D34] Auto-router pass #494 on board 'cf5fb0b863f5ce7505d33621e62e9173' was completed in 0,81 seconds with the score of 939,10 (19 unrouted), using 112199,29 CPU seconds and 330224 MB memory.
2026-08-14 15:53:56.424 INFO   [12979A\3D9D34] Auto-router pass #495 on board 'cf5fb0b863f5ce7505d33621e62e9173' was completed in 0,80 seconds with the score of 939,10 (19 unrouted), using 112670,76 CPU seconds and 330940 MB memory.
2026-08-14 15:53:57.251 INFO   [12979A\3D9D34] Auto-router pass #496 on board 'cf5fb0b863f5ce7505d33621e62e9173' was completed in 0,82 seconds with the score of 939,10 (19 unrouted), using 113143,22 CPU seconds and 331657 MB memory.
2026-08-14 15:53:58.064 INFO   [12979A\3D9D34] Auto-router pass #497 on board 'cf5fb0b863f5ce7505d33621e62e9173' was completed in 0,81 seconds with the score of 939,10 (19 unrouted), using 113616,66 CPU seconds and 332373 MB memory.
2026-08-14 15:53:58.883 INFO   [12979A\3D9D34] Auto-router pass #498 on board 'cf5fb0b863f5ce7505d33621e62e9173' was completed in 0,81 seconds with the score of 939,10 (19 unrouted), using 113616,66 CPU seconds and 332373 MB memory.
2026-08-14 15:53:59.703 INFO   [12979A\3D9D34] Auto-router pass #499 on board 'cf5fb0b863f5ce7505d33621e62e9173' was completed in 0,81 seconds with the score of 939,10 (19 unrouted), using 114091,10 CPU seconds and 333081 MB memory.
2026-08-14 15:54:00.540 INFO   [12979A\3D9D34] Auto-router pass #500 on board 'cf5fb0b863f5ce7505d33621e62e9173' was completed in 0,83 seconds with the score of 939,10 (19 unrouted), using 114566,53 CPU seconds and 333795 MB memory.
2026-08-14 15:54:01.354 INFO   [12979A\3D9D34] Auto-router pass #501 on board 'cf5fb0b863f5ce7505d33621e62e9173' was completed in 0,81 seconds with the score of 939,10 (19 unrouted), using 115042,95 CPU seconds and 334501 MB memory.
2026-08-14 15:54:02.171 INFO   [12979A\3D9D34] Auto-router pass #502 on board 'cf5fb0b863f5ce7505d33621e62e9173' was completed in 0,81 seconds with the score of 939,10 (19 unrouted), using 115520,35 CPU seconds and 335215 MB memory.
2026-08-14 15:54:02.987 INFO   [12979A\3D9D34] Auto-router pass #503 on board 'cf5fb0b863f5ce7505d33621e62e9173' was completed in 0,81 seconds with the score of 939,10 (19 unrouted), using 115520,35 CPU seconds and 335215 MB memory.
2026-08-14 15:54:03.813 INFO   [12979A\3D9D34] Auto-router pass #504 on board 'cf5fb0b863f5ce7505d33621e62e9173' was completed in 0,82 seconds with the score of 939,10 (19 unrouted), using 115998,75 CPU seconds and 335924 MB memory.
2026-08-14 15:54:04.630 INFO   [12979A\3D9D34] Auto-router pass #505 on board 'cf5fb0b863f5ce7505d33621e62e9173' was completed in 0,81 seconds with the score of 939,10 (19 unrouted), using 116478,13 CPU seconds and 336638 MB memory.
2026-08-14 15:54:05.442 INFO   [12979A\3D9D34] Auto-router pass #506 on board 'cf5fb0b863f5ce7505d33621e62e9173' was completed in 0,80 seconds with the score of 939,10 (19 unrouted), using 116958,51 CPU seconds and 337353 MB memory.
2026-08-14 15:54:06.253 INFO   [12979A\3D9D34] Auto-router pass #507 on board 'cf5fb0b863f5ce7505d33621e62e9173' was completed in 0,80 seconds with the score of 939,10 (19 unrouted), using 117439,88 CPU seconds and 338074 MB memory.
2026-08-14 15:54:07.076 INFO   [12979A\3D9D34] Auto-router pass #508 on board 'cf5fb0b863f5ce7505d33621e62e9173' was completed in 0,81 seconds with the score of 939,10 (19 unrouted), using 117922,23 CPU seconds and 338790 MB memory.
2026-08-14 15:54:07.888 INFO   [12979A\3D9D34] Auto-router pass #509 on board 'cf5fb0b863f5ce7505d33621e62e9173' was completed in 0,80 seconds with the score of 939,10 (19 unrouted), using 117922,23 CPU seconds and 338790 MB memory.
2026-08-14 15:54:08.710 INFO   [12979A\3D9D34] Auto-router pass #510 on board 'cf5fb0b863f5ce7505d33621e62e9173' was completed in 0,81 seconds with the score of 939,10 (19 unrouted), using 118405,57 CPU seconds and 339505 MB memory.
2026-08-14 15:54:09.528 INFO   [12979A\3D9D34] Auto-router pass #511 on board 'cf5fb0b863f5ce7505d33621e62e9173' was completed in 0,81 seconds with the score of 939,10 (19 unrouted), using 118889,90 CPU seconds and 340215 MB memory.
2026-08-14 15:54:10.357 INFO   [12979A\3D9D34] Auto-router pass #512 on board 'cf5fb0b863f5ce7505d33621e62e9173' was completed in 0,82 seconds with the score of 939,10 (19 unrouted), using 119375,21 CPU seconds and 340924 MB memory.
2026-08-14 15:54:11.186 INFO   [12979A\3D9D34] Auto-router pass #513 on board 'cf5fb0b863f5ce7505d33621e62e9173' was completed in 0,82 seconds with the score of 939,10 (19 unrouted), using 119861,52 CPU seconds and 341629 MB memory.
2026-08-14 15:54:12.006 INFO   [12979A\3D9D34] Auto-router pass #514 on board 'cf5fb0b863f5ce7505d33621e62e9173' was completed in 0,81 seconds with the score of 939,10 (19 unrouted), using 119861,52 CPU seconds and 341629 MB memory.
2026-08-14 15:54:12.824 INFO   [12979A\3D9D34] Auto-router pass #515 on board 'cf5fb0b863f5ce7505d33621e62e9173' was completed in 0,81 seconds with the score of 939,10 (19 unrouted), using 120348,80 CPU seconds and 342336 MB memory.
2026-08-14 15:54:13.650 INFO   [12979A\3D9D34] Auto-router pass #516 on board 'cf5fb0b863f5ce7505d33621e62e9173' was completed in 0,82 seconds with the score of 939,10 (19 unrouted), using 120837,09 CPU seconds and 343050 MB memory.
2026-08-14 15:54:14.464 INFO   [12979A\3D9D34] Auto-router pass #517 on board 'cf5fb0b863f5ce7505d33621e62e9173' was completed in 0,81 seconds with the score of 939,10 (19 unrouted), using 121326,36 CPU seconds and 343768 MB memory.
2026-08-14 15:54:15.277 INFO   [12979A\3D9D34] Auto-router pass #518 on board 'cf5fb0b863f5ce7505d33621e62e9173' was completed in 0,81 seconds with the score of 939,10 (19 unrouted), using 121816,62 CPU seconds and 344482 MB memory.
2026-08-14 15:54:16.091 INFO   [12979A\3D9D34] Auto-router pass #519 on board 'cf5fb0b863f5ce7505d33621e62e9173' was completed in 0,81 seconds with the score of 939,10 (19 unrouted), using 122307,87 CPU seconds and 345198 MB memory.
2026-08-14 15:54:16.914 INFO   [12979A\3D9D34] Auto-router pass #520 on board 'cf5fb0b863f5ce7505d33621e62e9173' was completed in 0,81 seconds with the score of 939,10 (19 unrouted), using 122307,87 CPU seconds and 345198 MB memory.
2026-08-14 15:54:17.731 INFO   [12979A\3D9D34] Auto-router pass #521 on board 'cf5fb0b863f5ce7505d33621e62e9173' was completed in 0,81 seconds with the score of 939,10 (19 unrouted), using 122800,11 CPU seconds and 345912 MB memory.
2026-08-14 15:54:18.548 INFO   [12979A\3D9D34] Auto-router pass #522 on board 'cf5fb0b863f5ce7505d33621e62e9173' was completed in 0,81 seconds with the score of 939,10 (19 unrouted), using 123293,34 CPU seconds and 346626 MB memory.
2026-08-14 15:54:19.361 INFO   [12979A\3D9D34] Auto-router pass #523 on board 'cf5fb0b863f5ce7505d33621e62e9173' was completed in 0,80 seconds with the score of 939,10 (19 unrouted), using 123787,55 CPU seconds and 347341 MB memory.
2026-08-14 15:54:20.226 INFO   [12979A\3D9D34] Auto-router pass #524 on board 'cf5fb0b863f5ce7505d33621e62e9173' was completed in 0,86 seconds with the score of 939,10 (19 unrouted), using 124282,76 CPU seconds and 348027 MB memory.
2026-08-14 15:54:21.038 INFO   [12979A\3D9D34] Auto-router pass #525 on board 'cf5fb0b863f5ce7505d33621e62e9173' was completed in 0,80 seconds with the score of 939,10 (19 unrouted), using 124282,76 CPU seconds and 348027 MB memory.
2026-08-14 15:54:21.850 INFO   [12979A\3D9D34] Auto-router pass #526 on board 'cf5fb0b863f5ce7505d33621e62e9173' was completed in 0,81 seconds with the score of 939,10 (19 unrouted), using 124778,95 CPU seconds and 348741 MB memory.
2026-08-14 15:54:22.665 INFO   [12979A\3D9D34] Auto-router pass #527 on board 'cf5fb0b863f5ce7505d33621e62e9173' was completed in 0,81 seconds with the score of 939,10 (19 unrouted), using 125276,14 CPU seconds and 349457 MB memory.
2026-08-14 15:54:23.494 INFO   [12979A\3D9D34] Auto-router pass #528 on board 'cf5fb0b863f5ce7505d33621e62e9173' was completed in 0,82 seconds with the score of 939,10 (19 unrouted), using 125774,31 CPU seconds and 350173 MB memory.
2026-08-14 15:54:24.308 INFO   [12979A\3D9D34] Auto-router pass #529 on board 'cf5fb0b863f5ce7505d33621e62e9173' was completed in 0,81 seconds with the score of 939,10 (19 unrouted), using 126273,48 CPU seconds and 350884 MB memory.
2026-08-14 15:54:25.120 INFO   [12979A\3D9D34] Auto-router pass #530 on board 'cf5fb0b863f5ce7505d33621e62e9173' was completed in 0,80 seconds with the score of 939,10 (19 unrouted), using 126773,63 CPU seconds and 351605 MB memory.
2026-08-14 15:54:25.932 INFO   [12979A\3D9D34] Auto-router pass #531 on board 'cf5fb0b863f5ce7505d33621e62e9173' was completed in 0,80 seconds with the score of 939,10 (19 unrouted), using 126773,63 CPU seconds and 351605 MB memory.
2026-08-14 15:54:26.759 INFO   [12979A\3D9D34] Auto-router pass #532 on board 'cf5fb0b863f5ce7505d33621e62e9173' was completed in 0,82 seconds with the score of 939,10 (19 unrouted), using 127274,77 CPU seconds and 352316 MB memory.
2026-08-14 15:54:27.585 INFO   [12979A\3D9D34] Auto-router pass #533 on board 'cf5fb0b863f5ce7505d33621e62e9173' was completed in 0,82 seconds with the score of 939,10 (19 unrouted), using 127776,91 CPU seconds and 353021 MB memory.
2026-08-14 15:54:28.397 INFO   [12979A\3D9D34] Auto-router pass #534 on board 'cf5fb0b863f5ce7505d33621e62e9173' was completed in 0,80 seconds with the score of 939,10 (19 unrouted), using 128280,03 CPU seconds and 353738 MB memory.
2026-08-14 15:54:29.212 INFO   [12979A\3D9D34] Auto-router pass #535 on board 'cf5fb0b863f5ce7505d33621e62e9173' was completed in 0,81 seconds with the score of 939,10 (19 unrouted), using 128784,14 CPU seconds and 354455 MB memory.
2026-08-14 15:54:30.037 INFO   [12979A\3D9D34] Auto-router pass #536 on board 'cf5fb0b863f5ce7505d33621e62e9173' was completed in 0,82 seconds with the score of 939,10 (19 unrouted), using 128784,14 CPU seconds and 354455 MB memory.
2026-08-14 15:54:30.853 INFO   [12979A\3D9D34] Auto-router pass #537 on board 'cf5fb0b863f5ce7505d33621e62e9173' was completed in 0,81 seconds with the score of 939,10 (19 unrouted), using 129289,24 CPU seconds and 355166 MB memory.
2026-08-14 15:54:31.669 INFO   [12979A\3D9D34] Auto-router pass #538 on board 'cf5fb0b863f5ce7505d33621e62e9173' was completed in 0,81 seconds with the score of 939,10 (19 unrouted), using 129795,34 CPU seconds and 355881 MB memory.
2026-08-14 15:54:32.481 INFO   [12979A\3D9D34] Auto-router pass #539 on board 'cf5fb0b863f5ce7505d33621e62e9173' was completed in 0,80 seconds with the score of 939,10 (19 unrouted), using 130302,41 CPU seconds and 356596 MB memory.
2026-08-14 15:54:33.310 INFO   [12979A\3D9D34] Auto-router pass #540 on board 'cf5fb0b863f5ce7505d33621e62e9173' was completed in 0,82 seconds with the score of 939,10 (19 unrouted), using 130810,48 CPU seconds and 357312 MB memory.
2026-08-14 15:54:34.120 INFO   [12979A\3D9D34] Auto-router pass #541 on board 'cf5fb0b863f5ce7505d33621e62e9173' was completed in 0,80 seconds with the score of 939,10 (19 unrouted), using 131319,55 CPU seconds and 358029 MB memory.
2026-08-14 15:54:34.930 INFO   [12979A\3D9D34] Auto-router pass #542 on board 'cf5fb0b863f5ce7505d33621e62e9173' was completed in 0,80 seconds with the score of 939,10 (19 unrouted), using 131319,55 CPU seconds and 358029 MB memory.
2026-08-14 15:54:35.742 INFO   [12979A\3D9D34] Auto-router pass #543 on board 'cf5fb0b863f5ce7505d33621e62e9173' was completed in 0,80 seconds with the score of 939,10 (19 unrouted), using 131829,59 CPU seconds and 358742 MB memory.
2026-08-14 15:54:36.570 INFO   [12979A\3D9D34] Auto-router pass #544 on board 'cf5fb0b863f5ce7505d33621e62e9173' was completed in 0,82 seconds with the score of 939,10 (19 unrouted), using 132340,64 CPU seconds and 359460 MB memory.
2026-08-14 15:54:37.386 INFO   [12979A\3D9D34] Auto-router pass #545 on board 'cf5fb0b863f5ce7505d33621e62e9173' was completed in 0,81 seconds with the score of 939,10 (19 unrouted), using 132852,67 CPU seconds and 360173 MB memory.
2026-08-14 15:54:38.197 INFO   [12979A\3D9D34] Auto-router pass #546 on board 'cf5fb0b863f5ce7505d33621e62e9173' was completed in 0,80 seconds with the score of 939,10 (19 unrouted), using 133365,69 CPU seconds and 360891 MB memory.
2026-08-14 15:54:39.011 INFO   [12979A\3D9D34] Auto-router pass #547 on board 'cf5fb0b863f5ce7505d33621e62e9173' was completed in 0,81 seconds with the score of 939,10 (19 unrouted), using 133365,69 CPU seconds and 360891 MB memory.
2026-08-14 15:54:39.853 INFO   [12979A\3D9D34] Auto-router pass #548 on board 'cf5fb0b863f5ce7505d33621e62e9173' was completed in 0,83 seconds with the score of 939,10 (19 unrouted), using 133879,69 CPU seconds and 361601 MB memory.
2026-08-14 15:54:40.667 INFO   [12979A\3D9D34] Auto-router pass #549 on board 'cf5fb0b863f5ce7505d33621e62e9173' was completed in 0,81 seconds with the score of 939,10 (19 unrouted), using 134394,69 CPU seconds and 362305 MB memory.
2026-08-14 15:54:41.483 INFO   [12979A\3D9D34] Auto-router pass #550 on board 'cf5fb0b863f5ce7505d33621e62e9173' was completed in 0,81 seconds with the score of 939,10 (19 unrouted), using 134910,67 CPU seconds and 363021 MB memory.
2026-08-14 15:54:42.297 INFO   [12979A\3D9D34] Auto-router pass #551 on board 'cf5fb0b863f5ce7505d33621e62e9173' was completed in 0,81 seconds with the score of 939,10 (19 unrouted), using 135427,64 CPU seconds and 363737 MB memory.
2026-08-14 15:54:43.124 INFO   [12979A\3D9D34] Auto-router pass #552 on board 'cf5fb0b863f5ce7505d33621e62e9173' was completed in 0,82 seconds with the score of 939,10 (19 unrouted), using 135945,59 CPU seconds and 364452 MB memory.
2026-08-14 15:54:43.957 INFO   [12979A\3D9D34] Auto-router pass #553 on board 'cf5fb0b863f5ce7505d33621e62e9173' was completed in 0,82 seconds with the score of 939,10 (19 unrouted), using 135945,59 CPU seconds and 364452 MB memory.
2026-08-14 15:54:44.772 INFO   [12979A\3D9D34] Auto-router pass #554 on board 'cf5fb0b863f5ce7505d33621e62e9173' was completed in 0,81 seconds with the score of 939,10 (19 unrouted), using 136464,55 CPU seconds and 365149 MB memory.
2026-08-14 15:54:45.584 INFO   [12979A\3D9D34] Auto-router pass #555 on board 'cf5fb0b863f5ce7505d33621e62e9173' was completed in 0,80 seconds with the score of 939,10 (19 unrouted), using 136984,48 CPU seconds and 365866 MB memory.
2026-08-14 15:54:46.407 INFO   [12979A\3D9D34] Auto-router pass #556 on board 'cf5fb0b863f5ce7505d33621e62e9173' was completed in 0,81 seconds with the score of 939,10 (19 unrouted), using 137505,41 CPU seconds and 366582 MB memory.
2026-08-14 15:54:47.219 INFO   [12979A\3D9D34] Auto-router pass #557 on board 'cf5fb0b863f5ce7505d33621e62e9173' was completed in 0,81 seconds with the score of 939,10 (19 unrouted), using 138027,33 CPU seconds and 367300 MB memory.
2026-08-14 15:54:48.033 INFO   [12979A\3D9D34] Auto-router pass #558 on board 'cf5fb0b863f5ce7505d33621e62e9173' was completed in 0,81 seconds with the score of 939,10 (19 unrouted), using 138027,33 CPU seconds and 367300 MB memory.
2026-08-14 15:54:48.846 INFO   [12979A\3D9D34] Auto-router pass #559 on board 'cf5fb0b863f5ce7505d33621e62e9173' was completed in 0,81 seconds with the score of 939,10 (19 unrouted), using 138550,23 CPU seconds and 368011 MB memory.
2026-08-14 15:54:49.672 INFO   [12979A\3D9D34] Auto-router pass #560 on board 'cf5fb0b863f5ce7505d33621e62e9173' was completed in 0,82 seconds with the score of 939,10 (19 unrouted), using 139074,12 CPU seconds and 368728 MB memory.
2026-08-14 15:54:50.486 INFO   [12979A\3D9D34] Auto-router pass #561 on board 'cf5fb0b863f5ce7505d33621e62e9173' was completed in 0,81 seconds with the score of 939,10 (19 unrouted), using 139599,02 CPU seconds and 369445 MB memory.
2026-08-14 15:54:51.303 INFO   [12979A\3D9D34] Auto-router pass #562 on board 'cf5fb0b863f5ce7505d33621e62e9173' was completed in 0,81 seconds with the score of 939,10 (19 unrouted), using 140124,89 CPU seconds and 370159 MB memory.
2026-08-14 15:54:52.118 INFO   [12979A\3D9D34] Auto-router pass #563 on board 'cf5fb0b863f5ce7505d33621e62e9173' was completed in 0,81 seconds with the score of 939,10 (19 unrouted), using 140651,75 CPU seconds and 370874 MB memory.
2026-08-14 15:54:52.946 INFO   [12979A\3D9D34] Auto-router pass #564 on board 'cf5fb0b863f5ce7505d33621e62e9173' was completed in 0,82 seconds with the score of 939,10 (19 unrouted), using 140651,75 CPU seconds and 370874 MB memory.
2026-08-14 15:54:53.759 INFO   [12979A\3D9D34] Auto-router pass #565 on board 'cf5fb0b863f5ce7505d33621e62e9173' was completed in 0,80 seconds with the score of 939,10 (19 unrouted), using 141179,59 CPU seconds and 371585 MB memory.
2026-08-14 15:54:54.572 INFO   [12979A\3D9D34] Auto-router pass #566 on board 'cf5fb0b863f5ce7505d33621e62e9173' was completed in 0,81 seconds with the score of 939,10 (19 unrouted), using 141708,44 CPU seconds and 372301 MB memory.
2026-08-14 15:54:55.403 INFO   [12979A\3D9D34] Auto-router pass #567 on board 'cf5fb0b863f5ce7505d33621e62e9173' was completed in 0,82 seconds with the score of 939,10 (19 unrouted), using 142238,27 CPU seconds and 373016 MB memory.
2026-08-14 15:54:56.228 INFO   [12979A\3D9D34] Auto-router pass #568 on board 'cf5fb0b863f5ce7505d33621e62e9173' was completed in 0,82 seconds with the score of 939,10 (19 unrouted), using 142769,08 CPU seconds and 373721 MB memory.
2026-08-14 15:54:57.062 INFO   [12979A\3D9D34] Auto-router pass #569 on board 'cf5fb0b863f5ce7505d33621e62e9173' was completed in 0,83 seconds with the score of 939,10 (19 unrouted), using 142769,08 CPU seconds and 373721 MB memory.
2026-08-14 15:54:57.877 INFO   [12979A\3D9D34] Auto-router pass #570 on board 'cf5fb0b863f5ce7505d33621e62e9173' was completed in 0,81 seconds with the score of 939,10 (19 unrouted), using 143300,89 CPU seconds and 374417 MB memory.
2026-08-14 15:54:58.722 INFO   [12979A\3D9D34] Auto-router pass #571 on board 'cf5fb0b863f5ce7505d33621e62e9173' was completed in 0,84 seconds with the score of 939,10 (19 unrouted), using 143833,69 CPU seconds and 375119 MB memory.
2026-08-14 15:54:59.550 INFO   [12979A\3D9D34] Auto-router pass #572 on board 'cf5fb0b863f5ce7505d33621e62e9173' was completed in 0,82 seconds with the score of 939,10 (19 unrouted), using 144367,47 CPU seconds and 375825 MB memory.
2026-08-14 15:55:00.384 INFO   [12979A\3D9D34] Auto-router pass #573 on board 'cf5fb0b863f5ce7505d33621e62e9173' was completed in 0,83 seconds with the score of 939,10 (19 unrouted), using 144902,25 CPU seconds and 376525 MB memory.
2026-08-14 15:55:01.195 INFO   [12979A\3D9D34] Auto-router pass #574 on board 'cf5fb0b863f5ce7505d33621e62e9173' was completed in 0,80 seconds with the score of 939,10 (19 unrouted), using 145438,02 CPU seconds and 377244 MB memory.
2026-08-14 15:55:02.007 INFO   [12979A\3D9D34] Auto-router pass #575 on board 'cf5fb0b863f5ce7505d33621e62e9173' was completed in 0,80 seconds with the score of 939,10 (19 unrouted), using 145438,02 CPU seconds and 377244 MB memory.
2026-08-14 15:55:02.836 INFO   [12979A\3D9D34] Auto-router pass #576 on board 'cf5fb0b863f5ce7505d33621e62e9173' was completed in 0,82 seconds with the score of 939,10 (19 unrouted), using 145974,77 CPU seconds and 377958 MB memory.
2026-08-14 15:55:03.647 INFO   [12979A\3D9D34] Auto-router pass #577 on board 'cf5fb0b863f5ce7505d33621e62e9173' was completed in 0,80 seconds with the score of 939,10 (19 unrouted), using 146512,50 CPU seconds and 378670 MB memory.
2026-08-14 15:55:04.460 INFO   [12979A\3D9D34] Auto-router pass #578 on board 'cf5fb0b863f5ce7505d33621e62e9173' was completed in 0,81 seconds with the score of 939,10 (19 unrouted), using 147051,23 CPU seconds and 379391 MB memory.
2026-08-14 15:55:05.275 INFO   [12979A\3D9D34] Auto-router pass #579 on board 'cf5fb0b863f5ce7505d33621e62e9173' was completed in 0,81 seconds with the score of 939,10 (19 unrouted), using 147590,95 CPU seconds and 380105 MB memory.
2026-08-14 15:55:06.119 INFO   [12979A\3D9D34] Auto-router pass #580 on board 'cf5fb0b863f5ce7505d33621e62e9173' was completed in 0,84 seconds with the score of 939,10 (19 unrouted), using 148131,66 CPU seconds and 380804 MB memory.
2026-08-14 15:55:06.932 INFO   [12979A\3D9D34] Auto-router pass #581 on board 'cf5fb0b863f5ce7505d33621e62e9173' was completed in 0,80 seconds with the score of 939,10 (19 unrouted), using 148131,66 CPU seconds and 380804 MB memory.
2026-08-14 15:55:07.747 INFO   [12979A\3D9D34] Auto-router pass #582 on board 'cf5fb0b863f5ce7505d33621e62e9173' was completed in 0,81 seconds with the score of 939,10 (19 unrouted), using 148673,36 CPU seconds and 381522 MB memory.
2026-08-14 15:55:08.568 INFO   [12979A\3D9D34] Auto-router pass #583 on board 'cf5fb0b863f5ce7505d33621e62e9173' was completed in 0,81 seconds with the score of 939,10 (19 unrouted), using 149216,05 CPU seconds and 382230 MB memory.
2026-08-14 15:55:09.413 INFO   [12979A\3D9D34] Auto-router pass #584 on board 'cf5fb0b863f5ce7505d33621e62e9173' was completed in 0,84 seconds with the score of 939,10 (19 unrouted), using 149759,72 CPU seconds and 382930 MB memory.
2026-08-14 15:55:10.236 INFO   [12979A\3D9D34] Auto-router pass #585 on board 'cf5fb0b863f5ce7505d33621e62e9173' was completed in 0,81 seconds with the score of 939,10 (19 unrouted), using 150304,39 CPU seconds and 383642 MB memory.
2026-08-14 15:55:11.050 INFO   [12979A\3D9D34] Auto-router pass #586 on board 'cf5fb0b863f5ce7505d33621e62e9173' was completed in 0,81 seconds with the score of 939,10 (19 unrouted), using 150304,39 CPU seconds and 383642 MB memory.
2026-08-14 15:55:11.888 INFO   [12979A\3D9D34] Auto-router pass #587 on board 'cf5fb0b863f5ce7505d33621e62e9173' was completed in 0,83 seconds with the score of 939,10 (19 unrouted), using 150850,05 CPU seconds and 384352 MB memory.
2026-08-14 15:55:12.713 INFO   [12979A\3D9D34] Auto-router pass #588 on board 'cf5fb0b863f5ce7505d33621e62e9173' was completed in 0,82 seconds with the score of 939,10 (19 unrouted), using 151396,69 CPU seconds and 385052 MB memory.
2026-08-14 15:55:13.540 INFO   [12979A\3D9D34] Auto-router pass #589 on board 'cf5fb0b863f5ce7505d33621e62e9173' was completed in 0,82 seconds with the score of 939,10 (19 unrouted), using 151944,33 CPU seconds and 385758 MB memory.
2026-08-14 15:55:14.353 INFO   [12979A\3D9D34] Auto-router pass #590 on board 'cf5fb0b863f5ce7505d33621e62e9173' was completed in 0,80 seconds with the score of 939,10 (19 unrouted), using 152492,95 CPU seconds and 386474 MB memory.
2026-08-14 15:55:15.165 INFO   [12979A\3D9D34] Auto-router pass #591 on board 'cf5fb0b863f5ce7505d33621e62e9173' was completed in 0,80 seconds with the score of 939,10 (19 unrouted), using 153042,56 CPU seconds and 387191 MB memory.
2026-08-14 15:55:15.990 INFO   [12979A\3D9D34] Auto-router pass #592 on board 'cf5fb0b863f5ce7505d33621e62e9173' was completed in 0,82 seconds with the score of 939,10 (19 unrouted), using 153042,56 CPU seconds and 387191 MB memory.
2026-08-14 15:55:16.831 INFO   [12979A\3D9D34] Auto-router pass #593 on board 'cf5fb0b863f5ce7505d33621e62e9173' was completed in 0,83 seconds with the score of 939,10 (19 unrouted), using 153593,16 CPU seconds and 387903 MB memory.
2026-08-14 15:55:17.645 INFO   [12979A\3D9D34] Auto-router pass #594 on board 'cf5fb0b863f5ce7505d33621e62e9173' was completed in 0,81 seconds with the score of 939,10 (19 unrouted), using 154144,75 CPU seconds and 388601 MB memory.
2026-08-14 15:55:18.458 INFO   [12979A\3D9D34] Auto-router pass #595 on board 'cf5fb0b863f5ce7505d33621e62e9173' was completed in 0,81 seconds with the score of 939,10 (19 unrouted), using 154697,33 CPU seconds and 389316 MB memory.
2026-08-14 15:55:19.306 INFO   [12979A\3D9D34] Auto-router pass #596 on board 'cf5fb0b863f5ce7505d33621e62e9173' was completed in 0,84 seconds with the score of 939,10 (19 unrouted), using 155250,89 CPU seconds and 390017 MB memory.
2026-08-14 15:55:20.123 INFO   [12979A\3D9D34] Auto-router pass #597 on board 'cf5fb0b863f5ce7505d33621e62e9173' was completed in 0,81 seconds with the score of 939,10 (19 unrouted), using 155805,45 CPU seconds and 390729 MB memory.
2026-08-14 15:55:20.944 INFO   [12979A\3D9D34] Auto-router pass #598 on board 'cf5fb0b863f5ce7505d33621e62e9173' was completed in 0,81 seconds with the score of 939,10 (19 unrouted), using 155805,45 CPU seconds and 390729 MB memory.
2026-08-14 15:55:21.762 INFO   [12979A\3D9D34] Auto-router pass #599 on board 'cf5fb0b863f5ce7505d33621e62e9173' was completed in 0,81 seconds with the score of 939,10 (19 unrouted), using 156361,00 CPU seconds and 391435 MB memory.
2026-08-14 15:55:22.607 INFO   [12979A\3D9D34] Auto-router pass #600 on board 'cf5fb0b863f5ce7505d33621e62e9173' was completed in 0,84 seconds with the score of 939,10 (19 unrouted), using 156917,53 CPU seconds and 392136 MB memory.
2026-08-14 15:55:23.426 INFO   [12979A\3D9D34] Auto-router pass #601 on board 'cf5fb0b863f5ce7505d33621e62e9173' was completed in 0,81 seconds with the score of 939,10 (19 unrouted), using 157475,05 CPU seconds and 392848 MB memory.
2026-08-14 15:55:24.240 INFO   [12979A\3D9D34] Auto-router pass #602 on board 'cf5fb0b863f5ce7505d33621e62e9173' was completed in 0,81 seconds with the score of 939,10 (19 unrouted), using 158033,56 CPU seconds and 393563 MB memory.
2026-08-14 15:55:25.053 INFO   [12979A\3D9D34] Auto-router pass #603 on board 'cf5fb0b863f5ce7505d33621e62e9173' was completed in 0,81 seconds with the score of 939,10 (19 unrouted), using 158033,56 CPU seconds and 393563 MB memory.
2026-08-14 15:55:25.880 INFO   [12979A\3D9D34] Auto-router pass #604 on board 'cf5fb0b863f5ce7505d33621e62e9173' was completed in 0,82 seconds with the score of 939,10 (19 unrouted), using 158593,06 CPU seconds and 394275 MB memory.
2026-08-14 15:55:26.694 INFO   [12979A\3D9D34] Auto-router pass #605 on board 'cf5fb0b863f5ce7505d33621e62e9173' was completed in 0,81 seconds with the score of 939,10 (19 unrouted), using 159153,55 CPU seconds and 394989 MB memory.
2026-08-14 15:55:27.510 INFO   [12979A\3D9D34] Auto-router pass #606 on board 'cf5fb0b863f5ce7505d33621e62e9173' was completed in 0,81 seconds with the score of 939,10 (19 unrouted), using 159715,03 CPU seconds and 395709 MB memory.
2026-08-14 15:55:28.328 INFO   [12979A\3D9D34] Auto-router pass #607 on board 'cf5fb0b863f5ce7505d33621e62e9173' was completed in 0,81 seconds with the score of 939,10 (19 unrouted), using 160277,50 CPU seconds and 396419 MB memory.
2026-08-14 15:55:29.151 INFO   [12979A\3D9D34] Auto-router pass #608 on board 'cf5fb0b863f5ce7505d33621e62e9173' was completed in 0,81 seconds with the score of 939,10 (19 unrouted), using 160840,95 CPU seconds and 397135 MB memory.
2026-08-14 15:55:29.967 INFO   [12979A\3D9D34] Auto-router pass #609 on board 'cf5fb0b863f5ce7505d33621e62e9173' was completed in 0,81 seconds with the score of 939,10 (19 unrouted), using 160840,95 CPU seconds and 397135 MB memory.
2026-08-14 15:55:30.778 INFO   [12979A\3D9D34] Auto-router pass #610 on board 'cf5fb0b863f5ce7505d33621e62e9173' was completed in 0,80 seconds with the score of 939,10 (19 unrouted), using 161405,39 CPU seconds and 397845 MB memory.
2026-08-14 15:55:31.590 INFO   [12979A\3D9D34] Auto-router pass #611 on board 'cf5fb0b863f5ce7505d33621e62e9173' was completed in 0,80 seconds with the score of 939,10 (19 unrouted), using 161970,83 CPU seconds and 398568 MB memory.
2026-08-14 15:55:32.415 INFO   [12979A\3D9D34] Auto-router pass #612 on board 'cf5fb0b863f5ce7505d33621e62e9173' was completed in 0,82 seconds with the score of 939,10 (19 unrouted), using 162537,25 CPU seconds and 399280 MB memory.
2026-08-14 15:55:33.226 INFO   [12979A\3D9D34] Auto-router pass #613 on board 'cf5fb0b863f5ce7505d33621e62e9173' was completed in 0,80 seconds with the score of 939,10 (19 unrouted), using 163104,66 CPU seconds and 399998 MB memory.
2026-08-14 15:55:34.042 INFO   [12979A\3D9D34] Auto-router pass #614 on board 'cf5fb0b863f5ce7505d33621e62e9173' was completed in 0,81 seconds with the score of 939,10 (19 unrouted), using 163104,66 CPU seconds and 399998 MB memory.
2026-08-14 15:55:34.862 INFO   [12979A\3D9D34] Auto-router pass #615 on board 'cf5fb0b863f5ce7505d33621e62e9173' was completed in 0,81 seconds with the score of 939,10 (19 unrouted), using 163673,06 CPU seconds and 400709 MB memory.
2026-08-14 15:55:35.685 INFO   [12979A\3D9D34] Auto-router pass #616 on board 'cf5fb0b863f5ce7505d33621e62e9173' was completed in 0,81 seconds with the score of 939,10 (19 unrouted), using 164242,45 CPU seconds and 401419 MB memory.
2026-08-14 15:55:36.501 INFO   [12979A\3D9D34] Auto-router pass #617 on board 'cf5fb0b863f5ce7505d33621e62e9173' was completed in 0,81 seconds with the score of 939,10 (19 unrouted), using 164812,83 CPU seconds and 402136 MB memory.
2026-08-14 15:55:37.314 INFO   [12979A\3D9D34] Auto-router pass #618 on board 'cf5fb0b863f5ce7505d33621e62e9173' was completed in 0,80 seconds with the score of 939,10 (19 unrouted), using 165384,20 CPU seconds and 402852 MB memory.
2026-08-14 15:55:38.127 INFO   [12979A\3D9D34] Auto-router pass #619 on board 'cf5fb0b863f5ce7505d33621e62e9173' was completed in 0,81 seconds with the score of 939,10 (19 unrouted), using 165956,56 CPU seconds and 403569 MB memory.
2026-08-14 15:55:39.011 INFO   [12979A\3D9D34] Auto-router pass #620 on board 'cf5fb0b863f5ce7505d33621e62e9173' was completed in 0,88 seconds with the score of 939,10 (19 unrouted), using 165956,56 CPU seconds and 403569 MB memory.
2026-08-14 15:55:39.875 INFO   [12979A\3D9D34] Auto-router pass #621 on board 'cf5fb0b863f5ce7505d33621e62e9173' was completed in 0,85 seconds with the score of 939,10 (19 unrouted), using 166529,86 CPU seconds and 404234 MB memory.
2026-08-14 15:55:40.695 INFO   [12979A\3D9D34] Auto-router pass #622 on board 'cf5fb0b863f5ce7505d33621e62e9173' was completed in 0,81 seconds with the score of 939,10 (19 unrouted), using 167104,14 CPU seconds and 404914 MB memory.
2026-08-14 15:55:41.532 INFO   [12979A\3D9D34] Auto-router pass #623 on board 'cf5fb0b863f5ce7505d33621e62e9173' was completed in 0,83 seconds with the score of 939,10 (19 unrouted), using 167679,42 CPU seconds and 405633 MB memory.
2026-08-14 15:55:42.368 INFO   [12979A\3D9D34] Auto-router pass #624 on board 'cf5fb0b863f5ce7505d33621e62e9173' was completed in 0,83 seconds with the score of 939,10 (19 unrouted), using 168255,67 CPU seconds and 406323 MB memory.
2026-08-14 15:55:43.192 INFO   [12979A\3D9D34] Auto-router pass #625 on board 'cf5fb0b863f5ce7505d33621e62e9173' was completed in 0,82 seconds with the score of 939,10 (19 unrouted), using 168832,92 CPU seconds and 407031 MB memory.
2026-08-14 15:55:44.008 INFO   [12979A\3D9D34] Auto-router pass #626 on board 'cf5fb0b863f5ce7505d33621e62e9173' was completed in 0,81 seconds with the score of 939,10 (19 unrouted), using 168832,92 CPU seconds and 407031 MB memory.
2026-08-14 15:55:44.826 INFO   [12979A\3D9D34] Auto-router pass #627 on board 'cf5fb0b863f5ce7505d33621e62e9173' was completed in 0,81 seconds with the score of 939,10 (19 unrouted), using 169411,16 CPU seconds and 407739 MB memory.
2026-08-14 15:55:45.653 INFO   [12979A\3D9D34] Auto-router pass #628 on board 'cf5fb0b863f5ce7505d33621e62e9173' was completed in 0,82 seconds with the score of 939,10 (19 unrouted), using 169990,39 CPU seconds and 408453 MB memory.
2026-08-14 15:55:46.480 INFO   [12979A\3D9D34] Auto-router pass #629 on board 'cf5fb0b863f5ce7505d33621e62e9173' was completed in 0,82 seconds with the score of 939,10 (19 unrouted), using 170570,61 CPU seconds and 409166 MB memory.
2026-08-14 15:55:47.307 INFO   [12979A\3D9D34] Auto-router pass #630 on board 'cf5fb0b863f5ce7505d33621e62e9173' was completed in 0,82 seconds with the score of 939,10 (19 unrouted), using 171151,81 CPU seconds and 409869 MB memory.
2026-08-14 15:55:48.132 INFO   [12979A\3D9D34] Auto-router pass #631 on board 'cf5fb0b863f5ce7505d33621e62e9173' was completed in 0,82 seconds with the score of 939,10 (19 unrouted), using 171734,00 CPU seconds and 410574 MB memory.
2026-08-14 15:55:48.961 INFO   [12979A\3D9D34] Auto-router pass #632 on board 'cf5fb0b863f5ce7505d33621e62e9173' was completed in 0,82 seconds with the score of 939,10 (19 unrouted), using 171734,00 CPU seconds and 410574 MB memory.
2026-08-14 15:55:49.784 INFO   [12979A\3D9D34] Auto-router pass #633 on board 'cf5fb0b863f5ce7505d33621e62e9173' was completed in 0,81 seconds with the score of 939,10 (19 unrouted), using 172317,19 CPU seconds and 411283 MB memory.
2026-08-14 15:55:50.605 INFO   [12979A\3D9D34] Auto-router pass #634 on board 'cf5fb0b863f5ce7505d33621e62e9173' was completed in 0,81 seconds with the score of 939,10 (19 unrouted), using 172901,36 CPU seconds and 411989 MB memory.
2026-08-14 15:55:51.426 INFO   [12979A\3D9D34] Auto-router pass #635 on board 'cf5fb0b863f5ce7505d33621e62e9173' was completed in 0,81 seconds with the score of 939,10 (19 unrouted), using 173486,52 CPU seconds and 412700 MB memory.
2026-08-14 15:55:52.268 INFO   [12979A\3D9D34] Auto-router pass #636 on board 'cf5fb0b863f5ce7505d33621e62e9173' was completed in 0,83 seconds with the score of 939,10 (19 unrouted), using 174072,67 CPU seconds and 413408 MB memory.
2026-08-14 15:55:53.085 INFO   [12979A\3D9D34] Auto-router pass #637 on board 'cf5fb0b863f5ce7505d33621e62e9173' was completed in 0,80 seconds with the score of 939,10 (19 unrouted), using 174072,67 CPU seconds and 413408 MB memory.
2026-08-14 15:55:53.899 INFO   [12979A\3D9D34] Auto-router pass #638 on board 'cf5fb0b863f5ce7505d33621e62e9173' was completed in 0,81 seconds with the score of 939,10 (19 unrouted), using 174659,81 CPU seconds and 414113 MB memory.
2026-08-14 15:55:54.711 INFO   [12979A\3D9D34] Auto-router pass #639 on board 'cf5fb0b863f5ce7505d33621e62e9173' was completed in 0,80 seconds with the score of 939,10 (19 unrouted), using 175247,94 CPU seconds and 414828 MB memory.
2026-08-14 15:55:55.534 INFO   [12979A\3D9D34] Auto-router pass #640 on board 'cf5fb0b863f5ce7505d33621e62e9173' was completed in 0,82 seconds with the score of 939,10 (19 unrouted), using 175837,06 CPU seconds and 415546 MB memory.
2026-08-14 15:55:56.365 INFO   [12979A\3D9D34] Auto-router pass #641 on board 'cf5fb0b863f5ce7505d33621e62e9173' was completed in 0,82 seconds with the score of 939,10 (19 unrouted), using 176427,17 CPU seconds and 416250 MB memory.
2026-08-14 15:55:57.180 INFO   [12979A\3D9D34] Auto-router pass #642 on board 'cf5fb0b863f5ce7505d33621e62e9173' was completed in 0,81 seconds with the score of 939,10 (19 unrouted), using 177018,27 CPU seconds and 416964 MB memory.
2026-08-14 15:55:57.999 INFO   [12979A\3D9D34] Auto-router pass #643 on board 'cf5fb0b863f5ce7505d33621e62e9173' was completed in 0,81 seconds with the score of 939,10 (19 unrouted), using 177018,27 CPU seconds and 416964 MB memory.
2026-08-14 15:55:58.826 INFO   [12979A\3D9D34] Auto-router pass #644 on board 'cf5fb0b863f5ce7505d33621e62e9173' was completed in 0,82 seconds with the score of 939,10 (19 unrouted), using 177610,34 CPU seconds and 417673 MB memory.
2026-08-14 15:55:59.643 INFO   [12979A\3D9D34] Auto-router pass #645 on board 'cf5fb0b863f5ce7505d33621e62e9173' was completed in 0,81 seconds with the score of 939,10 (19 unrouted), using 178203,41 CPU seconds and 418386 MB memory.
2026-08-14 15:56:00.459 INFO   [12979A\3D9D34] Auto-router pass #646 on board 'cf5fb0b863f5ce7505d33621e62e9173' was completed in 0,81 seconds with the score of 939,10 (19 unrouted), using 178797,45 CPU seconds and 419101 MB memory.
2026-08-14 15:56:01.277 INFO   [12979A\3D9D34] Auto-router pass #647 on board 'cf5fb0b863f5ce7505d33621e62e9173' was completed in 0,81 seconds with the score of 939,10 (19 unrouted), using 179392,50 CPU seconds and 419818 MB memory.
2026-08-14 15:56:02.105 INFO   [12979A\3D9D34] Auto-router pass #648 on board 'cf5fb0b863f5ce7505d33621e62e9173' was completed in 0,82 seconds with the score of 939,10 (19 unrouted), using 179988,53 CPU seconds and 420527 MB memory.
2026-08-14 15:56:02.944 INFO   [12979A\3D9D34] Auto-router pass #649 on board 'cf5fb0b863f5ce7505d33621e62e9173' was completed in 0,83 seconds with the score of 939,10 (19 unrouted), using 179988,53 CPU seconds and 420527 MB memory.
2026-08-14 15:56:03.764 INFO   [12979A\3D9D34] Auto-router pass #650 on board 'cf5fb0b863f5ce7505d33621e62e9173' was completed in 0,81 seconds with the score of 939,10 (19 unrouted), using 180585,53 CPU seconds and 421217 MB memory.
2026-08-14 15:56:04.581 INFO   [12979A\3D9D34] Auto-router pass #651 on board 'cf5fb0b863f5ce7505d33621e62e9173' was completed in 0,81 seconds with the score of 939,10 (19 unrouted), using 181183,52 CPU seconds and 421934 MB memory.
2026-08-14 15:56:05.424 INFO   [12979A\3D9D34] Auto-router pass #652 on board 'cf5fb0b863f5ce7505d33621e62e9173' was completed in 0,83 seconds with the score of 939,10 (19 unrouted), using 181782,50 CPU seconds and 422632 MB memory.
2026-08-14 15:56:06.236 INFO   [12979A\3D9D34] Auto-router pass #653 on board 'cf5fb0b863f5ce7505d33621e62e9173' was completed in 0,80 seconds with the score of 939,10 (19 unrouted), using 182382,47 CPU seconds and 423348 MB memory.
2026-08-14 15:56:07.053 INFO   [12979A\3D9D34] Auto-router pass #654 on board 'cf5fb0b863f5ce7505d33621e62e9173' was completed in 0,81 seconds with the score of 939,10 (19 unrouted), using 182382,47 CPU seconds and 423348 MB memory.
2026-08-14 15:56:07.883 INFO   [12979A\3D9D34] Auto-router pass #655 on board 'cf5fb0b863f5ce7505d33621e62e9173' was completed in 0,82 seconds with the score of 939,10 (19 unrouted), using 182983,42 CPU seconds and 424059 MB memory.
2026-08-14 15:56:08.721 INFO   [12979A\3D9D34] Auto-router pass #656 on board 'cf5fb0b863f5ce7505d33621e62e9173' was completed in 0,83 seconds with the score of 939,10 (19 unrouted), using 183585,36 CPU seconds and 424755 MB memory.
2026-08-14 15:56:09.549 INFO   [12979A\3D9D34] Auto-router pass #657 on board 'cf5fb0b863f5ce7505d33621e62e9173' was completed in 0,82 seconds with the score of 939,10 (19 unrouted), using 184188,30 CPU seconds and 425460 MB memory.
2026-08-14 15:56:10.366 INFO   [12979A\3D9D34] Auto-router pass #658 on board 'cf5fb0b863f5ce7505d33621e62e9173' was completed in 0,81 seconds with the score of 939,10 (19 unrouted), using 184792,22 CPU seconds and 426174 MB memory.
2026-08-14 15:56:11.183 INFO   [12979A\3D9D34] Auto-router pass #659 on board 'cf5fb0b863f5ce7505d33621e62e9173' was completed in 0,81 seconds with the score of 939,10 (19 unrouted), using 185397,12 CPU seconds and 426889 MB memory.
2026-08-14 15:56:12.011 INFO   [12979A\3D9D34] Auto-router pass #660 on board 'cf5fb0b863f5ce7505d33621e62e9173' was completed in 0,82 seconds with the score of 939,10 (19 unrouted), using 185397,12 CPU seconds and 426889 MB memory.
2026-08-14 15:56:12.825 INFO   [12979A\3D9D34] Auto-router pass #661 on board 'cf5fb0b863f5ce7505d33621e62e9173' was completed in 0,81 seconds with the score of 939,10 (19 unrouted), using 186003,02 CPU seconds and 427600 MB memory.
2026-08-14 15:56:13.658 INFO   [12979A\3D9D34] Auto-router pass #662 on board 'cf5fb0b863f5ce7505d33621e62e9173' was completed in 0,82 seconds with the score of 939,10 (19 unrouted), using 186609,89 CPU seconds and 428315 MB memory.
2026-08-14 15:56:14.473 INFO   [12979A\3D9D34] Auto-router pass #663 on board 'cf5fb0b863f5ce7505d33621e62e9173' was completed in 0,81 seconds with the score of 939,10 (19 unrouted), using 187217,77 CPU seconds and 429016 MB memory.
2026-08-14 15:56:15.297 INFO   [12979A\3D9D34] Auto-router pass #664 on board 'cf5fb0b863f5ce7505d33621e62e9173' was completed in 0,82 seconds with the score of 939,10 (19 unrouted), using 187826,62 CPU seconds and 429733 MB memory.
2026-08-14 15:56:16.112 INFO   [12979A\3D9D34] Auto-router pass #665 on board 'cf5fb0b863f5ce7505d33621e62e9173' was completed in 0,81 seconds with the score of 939,10 (19 unrouted), using 188436,47 CPU seconds and 430448 MB memory.
2026-08-14 15:56:16.926 INFO   [12979A\3D9D34] Auto-router pass #666 on board 'cf5fb0b863f5ce7505d33621e62e9173' was completed in 0,81 seconds with the score of 939,10 (19 unrouted), using 188436,47 CPU seconds and 430448 MB memory.
2026-08-14 15:56:17.753 INFO   [12979A\3D9D34] Auto-router pass #667 on board 'cf5fb0b863f5ce7505d33621e62e9173' was completed in 0,82 seconds with the score of 939,10 (19 unrouted), using 189047,30 CPU seconds and 431159 MB memory.
2026-08-14 15:56:18.580 INFO   [12979A\3D9D34] Auto-router pass #668 on board 'cf5fb0b863f5ce7505d33621e62e9173' was completed in 0,82 seconds with the score of 939,10 (19 unrouted), using 189659,11 CPU seconds and 431865 MB memory.
2026-08-14 15:56:19.399 INFO   [12979A\3D9D34] Auto-router pass #669 on board 'cf5fb0b863f5ce7505d33621e62e9173' was completed in 0,81 seconds with the score of 939,10 (19 unrouted), using 190271,92 CPU seconds and 432580 MB memory.
2026-08-14 15:56:20.215 INFO   [12979A\3D9D34] Auto-router pass #670 on board 'cf5fb0b863f5ce7505d33621e62e9173' was completed in 0,81 seconds with the score of 939,10 (19 unrouted), using 190885,72 CPU seconds and 433292 MB memory.
2026-08-14 15:56:21.026 INFO   [12979A\3D9D34] Auto-router pass #671 on board 'cf5fb0b863f5ce7505d33621e62e9173' was completed in 0,80 seconds with the score of 939,10 (19 unrouted), using 190885,72 CPU seconds and 433292 MB memory.
2026-08-14 15:56:21.854 INFO   [12979A\3D9D34] Auto-router pass #672 on board 'cf5fb0b863f5ce7505d33621e62e9173' was completed in 0,82 seconds with the score of 939,10 (19 unrouted), using 191500,50 CPU seconds and 434005 MB memory.
2026-08-14 15:56:22.669 INFO   [12979A\3D9D34] Auto-router pass #673 on board 'cf5fb0b863f5ce7505d33621e62e9173' was completed in 0,81 seconds with the score of 939,10 (19 unrouted), using 192116,27 CPU seconds and 434717 MB memory.
2026-08-14 15:56:23.491 INFO   [12979A\3D9D34] Auto-router pass #674 on board 'cf5fb0b863f5ce7505d33621e62e9173' was completed in 0,81 seconds with the score of 939,10 (19 unrouted), using 192733,02 CPU seconds and 435431 MB memory.
2026-08-14 15:56:24.315 INFO   [12979A\3D9D34] Auto-router pass #675 on board 'cf5fb0b863f5ce7505d33621e62e9173' was completed in 0,82 seconds with the score of 939,10 (19 unrouted), using 193350,75 CPU seconds and 436138 MB memory.
2026-08-14 15:56:25.155 INFO   [12979A\3D9D34] Auto-router pass #676 on board 'cf5fb0b863f5ce7505d33621e62e9173' was completed in 0,83 seconds with the score of 939,10 (19 unrouted), using 193969,47 CPU seconds and 436843 MB memory.
2026-08-14 15:56:25.974 INFO   [12979A\3D9D34] Auto-router pass #677 on board 'cf5fb0b863f5ce7505d33621e62e9173' was completed in 0,81 seconds with the score of 939,10 (19 unrouted), using 193969,47 CPU seconds and 436843 MB memory.
2026-08-14 15:56:26.796 INFO   [12979A\3D9D34] Auto-router pass #678 on board 'cf5fb0b863f5ce7505d33621e62e9173' was completed in 0,81 seconds with the score of 939,10 (19 unrouted), using 194589,17 CPU seconds and 437551 MB memory.
2026-08-14 15:56:27.628 INFO   [12979A\3D9D34] Auto-router pass #679 on board 'cf5fb0b863f5ce7505d33621e62e9173' was completed in 0,82 seconds with the score of 939,10 (19 unrouted), using 195209,88 CPU seconds and 438259 MB memory.
2026-08-14 15:56:28.455 INFO   [12979A\3D9D34] Auto-router pass #680 on board 'cf5fb0b863f5ce7505d33621e62e9173' was completed in 0,82 seconds with the score of 939,10 (19 unrouted), using 195831,55 CPU seconds and 438960 MB memory.
2026-08-14 15:56:29.299 INFO   [12979A\3D9D34] Auto-router pass #681 on board 'cf5fb0b863f5ce7505d33621e62e9173' was completed in 0,83 seconds with the score of 939,10 (19 unrouted), using 196454,22 CPU seconds and 439658 MB memory.
2026-08-14 15:56:30.111 INFO   [12979A\3D9D34] Auto-router pass #682 on board 'cf5fb0b863f5ce7505d33621e62e9173' was completed in 0,80 seconds with the score of 939,10 (19 unrouted), using 197077,88 CPU seconds and 440373 MB memory.
2026-08-14 15:56:30.924 INFO   [12979A\3D9D34] Auto-router pass #683 on board 'cf5fb0b863f5ce7505d33621e62e9173' was completed in 0,81 seconds with the score of 939,10 (19 unrouted), using 197077,88 CPU seconds and 440373 MB memory.
2026-08-14 15:56:31.757 INFO   [12979A\3D9D34] Auto-router pass #684 on board 'cf5fb0b863f5ce7505d33621e62e9173' was completed in 0,82 seconds with the score of 939,10 (19 unrouted), using 197702,52 CPU seconds and 441083 MB memory.
2026-08-14 15:56:32.572 INFO   [12979A\3D9D34] Auto-router pass #685 on board 'cf5fb0b863f5ce7505d33621e62e9173' was completed in 0,81 seconds with the score of 939,10 (19 unrouted), using 198328,14 CPU seconds and 441795 MB memory.
2026-08-14 15:56:33.383 INFO   [12979A\3D9D34] Auto-router pass #686 on board 'cf5fb0b863f5ce7505d33621e62e9173' was completed in 0,80 seconds with the score of 939,10 (19 unrouted), using 198954,77 CPU seconds and 442512 MB memory.
2026-08-14 15:56:34.199 INFO   [12979A\3D9D34] Auto-router pass #687 on board 'cf5fb0b863f5ce7505d33621e62e9173' was completed in 0,81 seconds with the score of 939,10 (19 unrouted), using 199582,38 CPU seconds and 443232 MB memory.
2026-08-14 15:56:35.055 INFO   [12979A\3D9D34] Auto-router pass #688 on board 'cf5fb0b863f5ce7505d33621e62e9173' was completed in 0,85 seconds with the score of 939,10 (19 unrouted), using 199582,38 CPU seconds and 443232 MB memory.
2026-08-14 15:56:35.873 INFO   [12979A\3D9D34] Auto-router pass #689 on board 'cf5fb0b863f5ce7505d33621e62e9173' was completed in 0,81 seconds with the score of 939,10 (19 unrouted), using 200210,97 CPU seconds and 443917 MB memory.
2026-08-14 15:56:36.688 INFO   [12979A\3D9D34] Auto-router pass #690 on board 'cf5fb0b863f5ce7505d33621e62e9173' was completed in 0,81 seconds with the score of 939,10 (19 unrouted), using 200840,56 CPU seconds and 444632 MB memory.
2026-08-14 15:56:37.516 INFO   [12979A\3D9D34] Auto-router pass #691 on board 'cf5fb0b863f5ce7505d33621e62e9173' was completed in 0,82 seconds with the score of 939,10 (19 unrouted), using 201471,14 CPU seconds and 445347 MB memory.
2026-08-14 15:56:38.341 INFO   [12979A\3D9D34] Auto-router pass #692 on board 'cf5fb0b863f5ce7505d33621e62e9173' was completed in 0,82 seconds with the score of 939,10 (19 unrouted), using 202102,70 CPU seconds and 446052 MB memory.
2026-08-14 15:56:39.154 INFO   [12979A\3D9D34] Auto-router pass #693 on board 'cf5fb0b863f5ce7505d33621e62e9173' was completed in 0,81 seconds with the score of 939,10 (19 unrouted), using 202735,25 CPU seconds and 446767 MB memory.
2026-08-14 15:56:39.967 INFO   [12979A\3D9D34] Auto-router pass #694 on board 'cf5fb0b863f5ce7505d33621e62e9173' was completed in 0,80 seconds with the score of 939,10 (19 unrouted), using 202735,25 CPU seconds and 446767 MB memory.
2026-08-14 15:56:40.794 INFO   [12979A\3D9D34] Auto-router pass #695 on board 'cf5fb0b863f5ce7505d33621e62e9173' was completed in 0,82 seconds with the score of 939,10 (19 unrouted), using 203368,80 CPU seconds and 447480 MB memory.
2026-08-14 15:56:41.621 INFO   [12979A\3D9D34] Auto-router pass #696 on board 'cf5fb0b863f5ce7505d33621e62e9173' was completed in 0,82 seconds with the score of 939,10 (19 unrouted), using 204003,33 CPU seconds and 448184 MB memory.
2026-08-14 15:56:42.458 INFO   [12979A\3D9D34] Auto-router pass #697 on board 'cf5fb0b863f5ce7505d33621e62e9173' was completed in 0,83 seconds with the score of 939,10 (19 unrouted), using 204638,84 CPU seconds and 448886 MB memory.
2026-08-14 15:56:43.285 INFO   [12979A\3D9D34] Auto-router pass #698 on board 'cf5fb0b863f5ce7505d33621e62e9173' was completed in 0,82 seconds with the score of 939,10 (19 unrouted), using 205275,34 CPU seconds and 449599 MB memory.
2026-08-14 15:56:44.099 INFO   [12979A\3D9D34] Auto-router pass #699 on board 'cf5fb0b863f5ce7505d33621e62e9173' was completed in 0,81 seconds with the score of 939,10 (19 unrouted), using 205275,34 CPU seconds and 449599 MB memory.
2026-08-14 15:56:44.923 INFO   [12979A\3D9D34] Auto-router pass #700 on board 'cf5fb0b863f5ce7505d33621e62e9173' was completed in 0,82 seconds with the score of 939,10 (19 unrouted), using 205912,84 CPU seconds and 450305 MB memory.
2026-08-14 15:56:45.739 INFO   [12979A\3D9D34] Auto-router pass #701 on board 'cf5fb0b863f5ce7505d33621e62e9173' was completed in 0,81 seconds with the score of 939,10 (19 unrouted), using 206551,33 CPU seconds and 451015 MB memory.
2026-08-14 15:56:46.551 INFO   [12979A\3D9D34] Auto-router pass #702 on board 'cf5fb0b863f5ce7505d33621e62e9173' was completed in 0,80 seconds with the score of 939,10 (19 unrouted), using 207190,80 CPU seconds and 451733 MB memory.
2026-08-14 15:56:47.363 INFO   [12979A\3D9D34] Auto-router pass #703 on board 'cf5fb0b863f5ce7505d33621e62e9173' was completed in 0,80 seconds with the score of 939,10 (19 unrouted), using 207831,27 CPU seconds and 452455 MB memory.
2026-08-14 15:56:48.186 INFO   [12979A\3D9D34] Auto-router pass #704 on board 'cf5fb0b863f5ce7505d33621e62e9173' was completed in 0,81 seconds with the score of 939,10 (19 unrouted), using 208472,72 CPU seconds and 453169 MB memory.
2026-08-14 15:56:49.016 INFO   [12979A\3D9D34] Auto-router pass #705 on board 'cf5fb0b863f5ce7505d33621e62e9173' was completed in 0,82 seconds with the score of 939,10 (19 unrouted), using 208472,72 CPU seconds and 453169 MB memory.
2026-08-14 15:56:49.830 INFO   [12979A\3D9D34] Auto-router pass #706 on board 'cf5fb0b863f5ce7505d33621e62e9173' was completed in 0,81 seconds with the score of 939,10 (19 unrouted), using 209115,16 CPU seconds and 453870 MB memory.
2026-08-14 15:56:50.643 INFO   [12979A\3D9D34] Auto-router pass #707 on board 'cf5fb0b863f5ce7505d33621e62e9173' was completed in 0,81 seconds with the score of 939,10 (19 unrouted), using 209758,58 CPU seconds and 454587 MB memory.
2026-08-14 15:56:51.489 INFO   [12979A\3D9D34] Auto-router pass #708 on board 'cf5fb0b863f5ce7505d33621e62e9173' was completed in 0,84 seconds with the score of 939,10 (19 unrouted), using 210403,00 CPU seconds and 455304 MB memory.
2026-08-14 15:56:52.302 INFO   [12979A\3D9D34] Auto-router pass #709 on board 'cf5fb0b863f5ce7505d33621e62e9173' was completed in 0,81 seconds with the score of 939,10 (19 unrouted), using 211048,41 CPU seconds and 456005 MB memory.
2026-08-14 15:56:53.118 INFO   [12979A\3D9D34] Auto-router pass #710 on board 'cf5fb0b863f5ce7505d33621e62e9173' was completed in 0,81 seconds with the score of 939,10 (19 unrouted), using 211694,80 CPU seconds and 456720 MB memory.
2026-08-14 15:56:53.931 INFO   [12979A\3D9D34] Auto-router pass #711 on board 'cf5fb0b863f5ce7505d33621e62e9173' was completed in 0,81 seconds with the score of 939,10 (19 unrouted), using 211694,80 CPU seconds and 456720 MB memory.
2026-08-14 15:56:54.754 INFO   [12979A\3D9D34] Auto-router pass #712 on board 'cf5fb0b863f5ce7505d33621e62e9173' was completed in 0,81 seconds with the score of 939,10 (19 unrouted), using 212342,19 CPU seconds and 457431 MB memory.
2026-08-14 15:56:55.567 INFO   [12979A\3D9D34] Auto-router pass #713 on board 'cf5fb0b863f5ce7505d33621e62e9173' was completed in 0,81 seconds with the score of 939,10 (19 unrouted), using 212990,56 CPU seconds and 458149 MB memory.
2026-08-14 15:56:56.379 INFO   [12979A\3D9D34] Auto-router pass #714 on board 'cf5fb0b863f5ce7505d33621e62e9173' was completed in 0,80 seconds with the score of 939,10 (19 unrouted), using 213639,92 CPU seconds and 458865 MB memory.
2026-08-14 15:56:57.202 INFO   [12979A\3D9D34] Auto-router pass #715 on board 'cf5fb0b863f5ce7505d33621e62e9173' was completed in 0,81 seconds with the score of 939,10 (19 unrouted), using 214290,28 CPU seconds and 459578 MB memory.
2026-08-14 15:56:58.028 INFO   [12979A\3D9D34] Auto-router pass #716 on board 'cf5fb0b863f5ce7505d33621e62e9173' was completed in 0,82 seconds with the score of 939,10 (19 unrouted), using 214290,28 CPU seconds and 459578 MB memory.
2026-08-14 15:56:58.842 INFO   [12979A\3D9D34] Auto-router pass #717 on board 'cf5fb0b863f5ce7505d33621e62e9173' was completed in 0,81 seconds with the score of 939,10 (19 unrouted), using 214941,62 CPU seconds and 460286 MB memory.
2026-08-14 15:56:59.659 INFO   [12979A\3D9D34] Auto-router pass #718 on board 'cf5fb0b863f5ce7505d33621e62e9173' was completed in 0,81 seconds with the score of 939,10 (19 unrouted), using 215593,95 CPU seconds and 461003 MB memory.
2026-08-14 15:57:00.510 INFO   [12979A\3D9D34] Auto-router pass #719 on board 'cf5fb0b863f5ce7505d33621e62e9173' was completed in 0,84 seconds with the score of 939,10 (19 unrouted), using 216247,27 CPU seconds and 461706 MB memory.
2026-08-14 15:57:01.337 INFO   [12979A\3D9D34] Auto-router pass #720 on board 'cf5fb0b863f5ce7505d33621e62e9173' was completed in 0,82 seconds with the score of 939,10 (19 unrouted), using 216901,58 CPU seconds and 462404 MB memory.
2026-08-14 15:57:02.170 INFO   [12979A\3D9D34] Auto-router pass #721 on board 'cf5fb0b863f5ce7505d33621e62e9173' was completed in 0,82 seconds with the score of 939,10 (19 unrouted), using 217556,88 CPU seconds and 463108 MB memory.
2026-08-14 15:57:02.992 INFO   [12979A\3D9D34] Auto-router pass #722 on board 'cf5fb0b863f5ce7505d33621e62e9173' was completed in 0,81 seconds with the score of 939,10 (19 unrouted), using 217556,88 CPU seconds and 463108 MB memory.
2026-08-14 15:57:03.828 INFO   [12979A\3D9D34] Auto-router pass #723 on board 'cf5fb0b863f5ce7505d33621e62e9173' was completed in 0,83 seconds with the score of 939,10 (19 unrouted), using 218213,16 CPU seconds and 463812 MB memory.
2026-08-14 15:57:04.650 INFO   [12979A\3D9D34] Auto-router pass #724 on board 'cf5fb0b863f5ce7505d33621e62e9173' was completed in 0,81 seconds with the score of 939,10 (19 unrouted), using 218870,42 CPU seconds and 464512 MB memory.
2026-08-14 15:57:05.488 INFO   [12979A\3D9D34] Auto-router pass #725 on board 'cf5fb0b863f5ce7505d33621e62e9173' was completed in 0,83 seconds with the score of 939,10 (19 unrouted), using 219528,69 CPU seconds and 465229 MB memory.
2026-08-14 15:57:06.304 INFO   [12979A\3D9D34] Auto-router pass #726 on board 'cf5fb0b863f5ce7505d33621e62e9173' was completed in 0,81 seconds with the score of 939,10 (19 unrouted), using 220187,94 CPU seconds and 465928 MB memory.
2026-08-14 15:57:07.134 INFO   [12979A\3D9D34] Auto-router pass #727 on board 'cf5fb0b863f5ce7505d33621e62e9173' was completed in 0,82 seconds with the score of 939,10 (19 unrouted), using 220848,17 CPU seconds and 466632 MB memory.
2026-08-14 15:57:07.960 INFO   [12979A\3D9D34] Auto-router pass #728 on board 'cf5fb0b863f5ce7505d33621e62e9173' was completed in 0,82 seconds with the score of 939,10 (19 unrouted), using 220848,17 CPU seconds and 466632 MB memory.
2026-08-14 15:57:08.774 INFO   [12979A\3D9D34] Auto-router pass #729 on board 'cf5fb0b863f5ce7505d33621e62e9173' was completed in 0,81 seconds with the score of 939,10 (19 unrouted), using 221509,39 CPU seconds and 467343 MB memory.
2026-08-14 15:57:09.606 INFO   [12979A\3D9D34] Auto-router pass #730 on board 'cf5fb0b863f5ce7505d33621e62e9173' was completed in 0,82 seconds with the score of 939,10 (19 unrouted), using 222171,59 CPU seconds and 468059 MB memory.
2026-08-14 15:57:10.423 INFO   [12979A\3D9D34] Auto-router pass #731 on board 'cf5fb0b863f5ce7505d33621e62e9173' was completed in 0,81 seconds with the score of 939,10 (19 unrouted), using 222834,78 CPU seconds and 468760 MB memory.
2026-08-14 15:57:11.249 INFO   [12979A\3D9D34] Auto-router pass #732 on board 'cf5fb0b863f5ce7505d33621e62e9173' was completed in 0,82 seconds with the score of 939,10 (19 unrouted), using 223498,97 CPU seconds and 469477 MB memory.
2026-08-14 15:57:12.071 INFO   [12979A\3D9D34] Auto-router pass #733 on board 'cf5fb0b863f5ce7505d33621e62e9173' was completed in 0,81 seconds with the score of 939,10 (19 unrouted), using 223498,97 CPU seconds and 469477 MB memory.
2026-08-14 15:57:12.900 INFO   [12979A\3D9D34] Auto-router pass #734 on board 'cf5fb0b863f5ce7505d33621e62e9173' was completed in 0,81 seconds with the score of 939,10 (19 unrouted), using 224164,14 CPU seconds and 470172 MB memory.
2026-08-14 15:57:13.715 INFO   [12979A\3D9D34] Auto-router pass #735 on board 'cf5fb0b863f5ce7505d33621e62e9173' was completed in 0,81 seconds with the score of 939,10 (19 unrouted), using 224830,30 CPU seconds and 470887 MB memory.
2026-08-14 15:57:14.547 INFO   [12979A\3D9D34] Auto-router pass #736 on board 'cf5fb0b863f5ce7505d33621e62e9173' was completed in 0,82 seconds with the score of 939,10 (19 unrouted), using 225497,45 CPU seconds and 471599 MB memory.
2026-08-14 15:57:15.361 INFO   [12979A\3D9D34] Auto-router pass #737 on board 'cf5fb0b863f5ce7505d33621e62e9173' was completed in 0,81 seconds with the score of 939,10 (19 unrouted), using 226165,59 CPU seconds and 472311 MB memory.
2026-08-14 15:57:16.196 INFO   [12979A\3D9D34] Auto-router pass #738 on board 'cf5fb0b863f5ce7505d33621e62e9173' was completed in 0,83 seconds with the score of 939,10 (19 unrouted), using 226834,72 CPU seconds and 473025 MB memory.
2026-08-14 15:57:17.014 INFO   [12979A\3D9D34] Auto-router pass #739 on board 'cf5fb0b863f5ce7505d33621e62e9173' was completed in 0,81 seconds with the score of 939,10 (19 unrouted), using 226834,72 CPU seconds and 473025 MB memory.
2026-08-14 15:57:17.844 INFO   [12979A\3D9D34] Auto-router pass #740 on board 'cf5fb0b863f5ce7505d33621e62e9173' was completed in 0,82 seconds with the score of 939,10 (19 unrouted), using 227504,83 CPU seconds and 473721 MB memory.
2026-08-14 15:57:18.708 INFO   [12979A\3D9D34] Auto-router pass #741 on board 'cf5fb0b863f5ce7505d33621e62e9173' was completed in 0,85 seconds with the score of 939,10 (19 unrouted), using 228175,94 CPU seconds and 474413 MB memory.
2026-08-14 15:57:19.523 INFO   [12979A\3D9D34] Auto-router pass #742 on board 'cf5fb0b863f5ce7505d33621e62e9173' was completed in 0,81 seconds with the score of 939,10 (19 unrouted), using 228848,03 CPU seconds and 475112 MB memory.
2026-08-14 15:57:20.341 INFO   [12979A\3D9D34] Auto-router pass #743 on board 'cf5fb0b863f5ce7505d33621e62e9173' was completed in 0,81 seconds with the score of 939,10 (19 unrouted), using 229521,11 CPU seconds and 475828 MB memory.
2026-08-14 15:57:21.165 INFO   [12979A\3D9D34] Auto-router pass #744 on board 'cf5fb0b863f5ce7505d33621e62e9173' was completed in 0,82 seconds with the score of 939,10 (19 unrouted), using 230195,17 CPU seconds and 476544 MB memory.
2026-08-14 15:57:21.984 INFO   [12979A\3D9D34] Auto-router pass #745 on board 'cf5fb0b863f5ce7505d33621e62e9173' was completed in 0,81 seconds with the score of 939,10 (19 unrouted), using 230195,17 CPU seconds and 476544 MB memory.
2026-08-14 15:57:22.803 INFO   [12979A\3D9D34] Auto-router pass #746 on board 'cf5fb0b863f5ce7505d33621e62e9173' was completed in 0,81 seconds with the score of 939,10 (19 unrouted), using 230870,22 CPU seconds and 477251 MB memory.
2026-08-14 15:57:23.621 INFO   [12979A\3D9D34] Auto-router pass #747 on board 'cf5fb0b863f5ce7505d33621e62e9173' was completed in 0,81 seconds with the score of 939,10 (19 unrouted), using 231546,27 CPU seconds and 477963 MB memory.
2026-08-14 15:57:24.448 INFO   [12979A\3D9D34] Auto-router pass #748 on board 'cf5fb0b863f5ce7505d33621e62e9173' was completed in 0,82 seconds with the score of 939,10 (19 unrouted), using 232223,30 CPU seconds and 478675 MB memory.
2026-08-14 15:57:25.267 INFO   [12979A\3D9D34] Auto-router pass #749 on board 'cf5fb0b863f5ce7505d33621e62e9173' was completed in 0,81 seconds with the score of 939,10 (19 unrouted), using 232901,31 CPU seconds and 479388 MB memory.
2026-08-14 15:57:26.082 INFO   [12979A\3D9D34] Auto-router pass #750 on board 'cf5fb0b863f5ce7505d33621e62e9173' was completed in 0,81 seconds with the score of 939,10 (19 unrouted), using 232901,31 CPU seconds and 479388 MB memory.
2026-08-14 15:57:26.898 INFO   [12979A\3D9D34] Auto-router pass #751 on board 'cf5fb0b863f5ce7505d33621e62e9173' was completed in 0,81 seconds with the score of 939,10 (19 unrouted), using 233580,31 CPU seconds and 480097 MB memory.
2026-08-14 15:57:27.723 INFO   [12979A\3D9D34] Auto-router pass #752 on board 'cf5fb0b863f5ce7505d33621e62e9173' was completed in 0,82 seconds with the score of 939,10 (19 unrouted), using 234260,30 CPU seconds and 480813 MB memory.
2026-08-14 15:57:28.555 INFO   [12979A\3D9D34] Auto-router pass #753 on board 'cf5fb0b863f5ce7505d33621e62e9173' was completed in 0,82 seconds with the score of 939,10 (19 unrouted), using 234941,28 CPU seconds and 481531 MB memory.
2026-08-14 15:57:29.368 INFO   [12979A\3D9D34] Auto-router pass #754 on board 'cf5fb0b863f5ce7505d33621e62e9173' was completed in 0,81 seconds with the score of 939,10 (19 unrouted), using 235623,25 CPU seconds and 482232 MB memory.
2026-08-14 15:57:30.182 INFO   [12979A\3D9D34] Auto-router pass #755 on board 'cf5fb0b863f5ce7505d33621e62e9173' was completed in 0,81 seconds with the score of 939,10 (19 unrouted), using 236306,20 CPU seconds and 482949 MB memory.
2026-08-14 15:57:31.006 INFO   [12979A\3D9D34] Auto-router pass #756 on board 'cf5fb0b863f5ce7505d33621e62e9173' was completed in 0,81 seconds with the score of 939,10 (19 unrouted), using 236306,20 CPU seconds and 482949 MB memory.
2026-08-14 15:57:31.830 INFO   [12979A\3D9D34] Auto-router pass #757 on board 'cf5fb0b863f5ce7505d33621e62e9173' was completed in 0,82 seconds with the score of 939,10 (19 unrouted), using 236990,16 CPU seconds and 483660 MB memory.
2026-08-14 15:57:32.646 INFO   [12979A\3D9D34] Auto-router pass #758 on board 'cf5fb0b863f5ce7505d33621e62e9173' was completed in 0,81 seconds with the score of 939,10 (19 unrouted), using 237675,08 CPU seconds and 484368 MB memory.
2026-08-14 15:57:33.470 INFO   [12979A\3D9D34] Auto-router pass #759 on board 'cf5fb0b863f5ce7505d33621e62e9173' was completed in 0,82 seconds with the score of 939,10 (19 unrouted), using 238361,00 CPU seconds and 485078 MB memory.
2026-08-14 15:57:34.322 INFO   [12979A\3D9D34] Auto-router pass #760 on board 'cf5fb0b863f5ce7505d33621e62e9173' was completed in 0,84 seconds with the score of 939,10 (19 unrouted), using 239047,91 CPU seconds and 485772 MB memory.
2026-08-14 15:57:35.159 INFO   [12979A\3D9D34] Auto-router pass #761 on board 'cf5fb0b863f5ce7505d33621e62e9173' was completed in 0,83 seconds with the score of 939,10 (19 unrouted), using 239735,80 CPU seconds and 486472 MB memory.
2026-08-14 15:57:35.996 INFO   [12979A\3D9D34] Auto-router pass #762 on board 'cf5fb0b863f5ce7505d33621e62e9173' was completed in 0,83 seconds with the score of 939,10 (19 unrouted), using 239735,80 CPU seconds and 486472 MB memory.
2026-08-14 15:57:36.829 INFO   [12979A\3D9D34] Auto-router pass #763 on board 'cf5fb0b863f5ce7505d33621e62e9173' was completed in 0,82 seconds with the score of 939,10 (19 unrouted), using 240424,67 CPU seconds and 487164 MB memory.
2026-08-14 15:57:37.651 INFO   [12979A\3D9D34] Auto-router pass #764 on board 'cf5fb0b863f5ce7505d33621e62e9173' was completed in 0,81 seconds with the score of 939,10 (19 unrouted), using 241114,55 CPU seconds and 487870 MB memory.
2026-08-14 15:57:38.477 INFO   [12979A\3D9D34] Auto-router pass #765 on board 'cf5fb0b863f5ce7505d33621e62e9173' was completed in 0,82 seconds with the score of 939,10 (19 unrouted), using 241805,41 CPU seconds and 488584 MB memory.
2026-08-14 15:57:39.302 INFO   [12979A\3D9D34] Auto-router pass #766 on board 'cf5fb0b863f5ce7505d33621e62e9173' was completed in 0,82 seconds with the score of 939,10 (19 unrouted), using 242497,25 CPU seconds and 489289 MB memory.
2026-08-14 15:57:40.150 INFO   [12979A\3D9D34] Auto-router pass #767 on board 'cf5fb0b863f5ce7505d33621e62e9173' was completed in 0,84 seconds with the score of 939,10 (19 unrouted), using 243190,08 CPU seconds and 489980 MB memory.
2026-08-14 15:57:40.974 INFO   [12979A\3D9D34] Auto-router pass #768 on board 'cf5fb0b863f5ce7505d33621e62e9173' was completed in 0,82 seconds with the score of 939,10 (19 unrouted), using 243190,08 CPU seconds and 489980 MB memory.
2026-08-14 15:57:41.858 INFO   [12979A\3D9D34] Auto-router pass #769 on board 'cf5fb0b863f5ce7505d33621e62e9173' was completed in 0,88 seconds with the score of 939,10 (19 unrouted), using 243883,91 CPU seconds and 490692 MB memory.
2026-08-14 15:57:42.702 INFO   [12979A\3D9D34] Auto-router pass #770 on board 'cf5fb0b863f5ce7505d33621e62e9173' was completed in 0,83 seconds with the score of 939,10 (19 unrouted), using 244578,72 CPU seconds and 491355 MB memory.
2026-08-14 15:57:43.517 INFO   [12979A\3D9D34] Auto-router pass #771 on board 'cf5fb0b863f5ce7505d33621e62e9173' was completed in 0,81 seconds with the score of 939,10 (19 unrouted), using 245274,52 CPU seconds and 492051 MB memory.
2026-08-14 15:57:44.344 INFO   [12979A\3D9D34] Auto-router pass #772 on board 'cf5fb0b863f5ce7505d33621e62e9173' was completed in 0,82 seconds with the score of 939,10 (19 unrouted), using 245971,30 CPU seconds and 492769 MB memory.
2026-08-14 15:57:45.158 INFO   [12979A\3D9D34] Auto-router pass #773 on board 'cf5fb0b863f5ce7505d33621e62e9173' was completed in 0,81 seconds with the score of 939,10 (19 unrouted), using 246669,06 CPU seconds and 493481 MB memory.
2026-08-14 15:57:45.990 INFO   [12979A\3D9D34] Auto-router pass #774 on board 'cf5fb0b863f5ce7505d33621e62e9173' was completed in 0,82 seconds with the score of 939,10 (19 unrouted), using 246669,06 CPU seconds and 493481 MB memory.
2026-08-14 15:57:46.804 INFO   [12979A\3D9D34] Auto-router pass #775 on board 'cf5fb0b863f5ce7505d33621e62e9173' was completed in 0,81 seconds with the score of 939,10 (19 unrouted), using 247367,83 CPU seconds and 494180 MB memory.
2026-08-14 15:57:47.631 INFO   [12979A\3D9D34] Auto-router pass #776 on board 'cf5fb0b863f5ce7505d33621e62e9173' was completed in 0,82 seconds with the score of 939,10 (19 unrouted), using 248067,58 CPU seconds and 494896 MB memory.
2026-08-14 15:57:48.443 INFO   [12979A\3D9D34] Auto-router pass #777 on board 'cf5fb0b863f5ce7505d33621e62e9173' was completed in 0,80 seconds with the score of 939,10 (19 unrouted), using 248768,31 CPU seconds and 495610 MB memory.
2026-08-14 15:57:49.257 INFO   [12979A\3D9D34] Auto-router pass #778 on board 'cf5fb0b863f5ce7505d33621e62e9173' was completed in 0,81 seconds with the score of 939,10 (19 unrouted), using 249470,05 CPU seconds and 496330 MB memory.
2026-08-14 15:57:50.067 INFO   [12979A\3D9D34] Auto-router pass #779 on board 'cf5fb0b863f5ce7505d33621e62e9173' was completed in 0,80 seconds with the score of 939,10 (19 unrouted), using 249470,05 CPU seconds and 496330 MB memory.
2026-08-14 15:57:50.890 INFO   [12979A\3D9D34] Auto-router pass #780 on board 'cf5fb0b863f5ce7505d33621e62e9173' was completed in 0,81 seconds with the score of 939,10 (19 unrouted), using 250172,77 CPU seconds and 497042 MB memory.
2026-08-14 15:57:51.715 INFO   [12979A\3D9D34] Auto-router pass #781 on board 'cf5fb0b863f5ce7505d33621e62e9173' was completed in 0,82 seconds with the score of 939,10 (19 unrouted), using 250876,47 CPU seconds and 497760 MB memory.
2026-08-14 15:57:52.557 INFO   [12979A\3D9D34] Auto-router pass #782 on board 'cf5fb0b863f5ce7505d33621e62e9173' was completed in 0,83 seconds with the score of 939,10 (19 unrouted), using 251581,16 CPU seconds and 498452 MB memory.
2026-08-14 15:57:53.368 INFO   [12979A\3D9D34] Auto-router pass #783 on board 'cf5fb0b863f5ce7505d33621e62e9173' was completed in 0,80 seconds with the score of 939,10 (19 unrouted), using 252286,84 CPU seconds and 499163 MB memory.
2026-08-14 15:57:54.196 INFO   [12979A\3D9D34] Auto-router pass #784 on board 'cf5fb0b863f5ce7505d33621e62e9173' was completed in 0,82 seconds with the score of 939,10 (19 unrouted), using 252993,52 CPU seconds and 499879 MB memory.
2026-08-14 15:57:55.010 INFO   [12979A\3D9D34] Auto-router pass #785 on board 'cf5fb0b863f5ce7505d33621e62e9173' was completed in 0,81 seconds with the score of 939,10 (19 unrouted), using 252993,52 CPU seconds and 499879 MB memory.
2026-08-14 15:57:55.830 INFO   [12979A\3D9D34] Auto-router pass #786 on board 'cf5fb0b863f5ce7505d33621e62e9173' was completed in 0,81 seconds with the score of 939,10 (19 unrouted), using 253701,17 CPU seconds and 500590 MB memory.
2026-08-14 15:57:56.646 INFO   [12979A\3D9D34] Auto-router pass #787 on board 'cf5fb0b863f5ce7505d33621e62e9173' was completed in 0,81 seconds with the score of 939,10 (19 unrouted), using 254409,81 CPU seconds and 501303 MB memory.
2026-08-14 15:57:57.472 INFO   [12979A\3D9D34] Auto-router pass #788 on board 'cf5fb0b863f5ce7505d33621e62e9173' was completed in 0,82 seconds with the score of 939,10 (19 unrouted), using 255119,45 CPU seconds and 502015 MB memory.
2026-08-14 15:57:58.284 INFO   [12979A\3D9D34] Auto-router pass #789 on board 'cf5fb0b863f5ce7505d33621e62e9173' was completed in 0,80 seconds with the score of 939,10 (19 unrouted), using 255830,08 CPU seconds and 502732 MB memory.
2026-08-14 15:57:59.098 INFO   [12979A\3D9D34] Auto-router pass #790 on board 'cf5fb0b863f5ce7505d33621e62e9173' was completed in 0,81 seconds with the score of 939,10 (19 unrouted), using 255830,08 CPU seconds and 502732 MB memory.
2026-08-14 15:57:59.931 INFO   [12979A\3D9D34] Auto-router pass #791 on board 'cf5fb0b863f5ce7505d33621e62e9173' was completed in 0,82 seconds with the score of 939,10 (19 unrouted), using 256541,69 CPU seconds and 503447 MB memory.
2026-08-14 15:58:00.757 INFO   [12979A\3D9D34] Auto-router pass #792 on board 'cf5fb0b863f5ce7505d33621e62e9173' was completed in 0,82 seconds with the score of 939,10 (19 unrouted), using 257254,28 CPU seconds and 504148 MB memory.
2026-08-14 15:58:01.572 INFO   [12979A\3D9D34] Auto-router pass #793 on board 'cf5fb0b863f5ce7505d33621e62e9173' was completed in 0,81 seconds with the score of 939,10 (19 unrouted), using 257967,88 CPU seconds and 504860 MB memory.
2026-08-14 15:58:02.388 INFO   [12979A\3D9D34] Auto-router pass #794 on board 'cf5fb0b863f5ce7505d33621e62e9173' was completed in 0,81 seconds with the score of 939,10 (19 unrouted), using 258682,45 CPU seconds and 505577 MB memory.
2026-08-14 15:58:03.202 INFO   [12979A\3D9D34] Auto-router pass #795 on board 'cf5fb0b863f5ce7505d33621e62e9173' was completed in 0,81 seconds with the score of 939,10 (19 unrouted), using 259398,03 CPU seconds and 506297 MB memory.
2026-08-14 15:58:04.033 INFO   [12979A\3D9D34] Auto-router pass #796 on board 'cf5fb0b863f5ce7505d33621e62e9173' was completed in 0,82 seconds with the score of 939,10 (19 unrouted), using 259398,03 CPU seconds and 506297 MB memory.
2026-08-14 15:58:04.867 INFO   [12979A\3D9D34] Auto-router pass #797 on board 'cf5fb0b863f5ce7505d33621e62e9173' was completed in 0,82 seconds with the score of 939,10 (19 unrouted), using 260114,59 CPU seconds and 507000 MB memory.
2026-08-14 15:58:05.684 INFO   [12979A\3D9D34] Auto-router pass #798 on board 'cf5fb0b863f5ce7505d33621e62e9173' was completed in 0,81 seconds with the score of 939,10 (19 unrouted), using 260832,14 CPU seconds and 507701 MB memory.
2026-08-14 15:58:06.499 INFO   [12979A\3D9D34] Auto-router pass #799 on board 'cf5fb0b863f5ce7505d33621e62e9173' was completed in 0,81 seconds with the score of 939,10 (19 unrouted), using 261550,67 CPU seconds and 508414 MB memory.
2026-08-14 15:58:07.320 INFO   [12979A\3D9D34] Auto-router pass #800 on board 'cf5fb0b863f5ce7505d33621e62e9173' was completed in 0,81 seconds with the score of 939,10 (19 unrouted), using 262270,19 CPU seconds and 509131 MB memory.
2026-08-14 15:58:08.148 INFO   [12979A\3D9D34] Auto-router pass #801 on board 'cf5fb0b863f5ce7505d33621e62e9173' was completed in 0,82 seconds with the score of 939,10 (19 unrouted), using 262990,69 CPU seconds and 509838 MB memory.
2026-08-14 15:58:08.964 INFO   [12979A\3D9D34] Auto-router pass #802 on board 'cf5fb0b863f5ce7505d33621e62e9173' was completed in 0,81 seconds with the score of 939,10 (19 unrouted), using 262990,69 CPU seconds and 509838 MB memory.
2026-08-14 15:58:09.776 INFO   [12979A\3D9D34] Auto-router pass #803 on board 'cf5fb0b863f5ce7505d33621e62e9173' was completed in 0,80 seconds with the score of 939,10 (19 unrouted), using 263712,19 CPU seconds and 510550 MB memory.
2026-08-14 15:58:10.600 INFO   [12979A\3D9D34] Auto-router pass #804 on board 'cf5fb0b863f5ce7505d33621e62e9173' was completed in 0,82 seconds with the score of 939,10 (19 unrouted), using 264434,69 CPU seconds and 511266 MB memory.
2026-08-14 15:58:11.416 INFO   [12979A\3D9D34] Auto-router pass #805 on board 'cf5fb0b863f5ce7505d33621e62e9173' was completed in 0,81 seconds with the score of 939,10 (19 unrouted), using 265158,16 CPU seconds and 511983 MB memory.
2026-08-14 15:58:12.231 INFO   [12979A\3D9D34] Auto-router pass #806 on board 'cf5fb0b863f5ce7505d33621e62e9173' was completed in 0,81 seconds with the score of 939,10 (19 unrouted), using 265882,62 CPU seconds and 512696 MB memory.
2026-08-14 15:58:13.042 INFO   [12979A\3D9D34] Auto-router pass #807 on board 'cf5fb0b863f5ce7505d33621e62e9173' was completed in 0,80 seconds with the score of 939,10 (19 unrouted), using 265882,62 CPU seconds and 512696 MB memory.
2026-08-14 15:58:13.868 INFO   [12979A\3D9D34] Auto-router pass #808 on board 'cf5fb0b863f5ce7505d33621e62e9173' was completed in 0,82 seconds with the score of 939,10 (19 unrouted), using 266608,09 CPU seconds and 513415 MB memory.
2026-08-14 15:58:14.682 INFO   [12979A\3D9D34] Auto-router pass #809 on board 'cf5fb0b863f5ce7505d33621e62e9173' was completed in 0,81 seconds with the score of 939,10 (19 unrouted), using 267334,53 CPU seconds and 514125 MB memory.
2026-08-14 15:58:15.500 INFO   [12979A\3D9D34] Auto-router pass #810 on board 'cf5fb0b863f5ce7505d33621e62e9173' was completed in 0,81 seconds with the score of 939,10 (19 unrouted), using 268061,97 CPU seconds and 514841 MB memory.
2026-08-14 15:58:16.320 INFO   [12979A\3D9D34] Auto-router pass #811 on board 'cf5fb0b863f5ce7505d33621e62e9173' was completed in 0,81 seconds with the score of 939,10 (19 unrouted), using 268790,38 CPU seconds and 515551 MB memory.
2026-08-14 15:58:17.146 INFO   [12979A\3D9D34] Auto-router pass #812 on board 'cf5fb0b863f5ce7505d33621e62e9173' was completed in 0,82 seconds with the score of 939,10 (19 unrouted), using 269519,78 CPU seconds and 516266 MB memory.
2026-08-14 15:58:17.960 INFO   [12979A\3D9D34] Auto-router pass #813 on board 'cf5fb0b863f5ce7505d33621e62e9173' was completed in 0,81 seconds with the score of 939,10 (19 unrouted), using 269519,78 CPU seconds and 516266 MB memory.
2026-08-14 15:58:18.773 INFO   [12979A\3D9D34] Auto-router pass #814 on board 'cf5fb0b863f5ce7505d33621e62e9173' was completed in 0,80 seconds with the score of 939,10 (19 unrouted), using 270250,19 CPU seconds and 516980 MB memory.
2026-08-14 15:58:19.584 INFO   [12979A\3D9D34] Auto-router pass #815 on board 'cf5fb0b863f5ce7505d33621e62e9173' was completed in 0,80 seconds with the score of 939,10 (19 unrouted), using 270981,56 CPU seconds and 517695 MB memory.
2026-08-14 15:58:20.411 INFO   [12979A\3D9D34] Auto-router pass #816 on board 'cf5fb0b863f5ce7505d33621e62e9173' was completed in 0,82 seconds with the score of 939,10 (19 unrouted), using 271713,94 CPU seconds and 518414 MB memory.
2026-08-14 15:58:21.225 INFO   [12979A\3D9D34] Auto-router pass #817 on board 'cf5fb0b863f5ce7505d33621e62e9173' was completed in 0,81 seconds with the score of 939,10 (19 unrouted), using 272447,31 CPU seconds and 519130 MB memory.
2026-08-14 15:58:22.038 INFO   [12979A\3D9D34] Auto-router pass #818 on board 'cf5fb0b863f5ce7505d33621e62e9173' was completed in 0,80 seconds with the score of 939,10 (19 unrouted), using 272447,31 CPU seconds and 519130 MB memory.
2026-08-14 15:58:22.851 INFO   [12979A\3D9D34] Auto-router pass #819 on board 'cf5fb0b863f5ce7505d33621e62e9173' was completed in 0,81 seconds with the score of 939,10 (19 unrouted), using 273181,66 CPU seconds and 519840 MB memory.
2026-08-14 15:58:23.674 INFO   [12979A\3D9D34] Auto-router pass #820 on board 'cf5fb0b863f5ce7505d33621e62e9173' was completed in 0,81 seconds with the score of 939,10 (19 unrouted), using 273917,00 CPU seconds and 520557 MB memory.
2026-08-14 15:58:24.487 INFO   [12979A\3D9D34] Auto-router pass #821 on board 'cf5fb0b863f5ce7505d33621e62e9173' was completed in 0,80 seconds with the score of 939,10 (19 unrouted), using 274653,34 CPU seconds and 521274 MB memory.
2026-08-14 15:58:25.299 INFO   [12979A\3D9D34] Auto-router pass #822 on board 'cf5fb0b863f5ce7505d33621e62e9173' was completed in 0,80 seconds with the score of 939,10 (19 unrouted), using 275390,66 CPU seconds and 521991 MB memory.
2026-08-14 15:58:26.119 INFO   [12979A\3D9D34] Auto-router pass #823 on board 'cf5fb0b863f5ce7505d33621e62e9173' was completed in 0,81 seconds with the score of 939,10 (19 unrouted), using 275390,66 CPU seconds and 521991 MB memory.
2026-08-14 15:58:26.964 INFO   [12979A\3D9D34] Auto-router pass #824 on board 'cf5fb0b863f5ce7505d33621e62e9173' was completed in 0,84 seconds with the score of 939,10 (19 unrouted), using 276128,97 CPU seconds and 522699 MB memory.
2026-08-14 15:58:27.788 INFO   [12979A\3D9D34] Auto-router pass #825 on board 'cf5fb0b863f5ce7505d33621e62e9173' was completed in 0,81 seconds with the score of 939,10 (19 unrouted), using 276868,28 CPU seconds and 523403 MB memory.
2026-08-14 15:58:28.601 INFO   [12979A\3D9D34] Auto-router pass #826 on board 'cf5fb0b863f5ce7505d33621e62e9173' was completed in 0,81 seconds with the score of 939,10 (19 unrouted), using 277608,56 CPU seconds and 524108 MB memory.
2026-08-14 15:58:29.416 INFO   [12979A\3D9D34] Auto-router pass #827 on board 'cf5fb0b863f5ce7505d33621e62e9173' was completed in 0,81 seconds with the score of 939,10 (19 unrouted), using 278349,84 CPU seconds and 524825 MB memory.
2026-08-14 15:58:30.242 INFO   [12979A\3D9D34] Auto-router pass #828 on board 'cf5fb0b863f5ce7505d33621e62e9173' was completed in 0,82 seconds with the score of 939,10 (19 unrouted), using 279092,09 CPU seconds and 525540 MB memory.
2026-08-14 15:58:31.061 INFO   [12979A\3D9D34] Auto-router pass #829 on board 'cf5fb0b863f5ce7505d33621e62e9173' was completed in 0,81 seconds with the score of 939,10 (19 unrouted), using 279092,09 CPU seconds and 525540 MB memory.
2026-08-14 15:58:31.883 INFO   [12979A\3D9D34] Auto-router pass #830 on board 'cf5fb0b863f5ce7505d33621e62e9173' was completed in 0,81 seconds with the score of 939,10 (19 unrouted), using 279835,34 CPU seconds and 526249 MB memory.
2026-08-14 15:58:32.694 INFO   [12979A\3D9D34] Auto-router pass #831 on board 'cf5fb0b863f5ce7505d33621e62e9173' was completed in 0,80 seconds with the score of 939,10 (19 unrouted), using 280579,59 CPU seconds and 526962 MB memory.
2026-08-14 15:58:33.518 INFO   [12979A\3D9D34] Auto-router pass #832 on board 'cf5fb0b863f5ce7505d33621e62e9173' was completed in 0,81 seconds with the score of 939,10 (19 unrouted), using 281324,81 CPU seconds and 527679 MB memory.
2026-08-14 15:58:34.330 INFO   [12979A\3D9D34] Auto-router pass #833 on board 'cf5fb0b863f5ce7505d33621e62e9173' was completed in 0,80 seconds with the score of 939,10 (19 unrouted), using 282071,03 CPU seconds and 528396 MB memory.
2026-08-14 15:58:35.159 INFO   [12979A\3D9D34] Auto-router pass #834 on board 'cf5fb0b863f5ce7505d33621e62e9173' was completed in 0,82 seconds with the score of 939,10 (19 unrouted), using 282818,25 CPU seconds and 529100 MB memory.
2026-08-14 15:58:35.990 INFO   [12979A\3D9D34] Auto-router pass #835 on board 'cf5fb0b863f5ce7505d33621e62e9173' was completed in 0,82 seconds with the score of 939,10 (19 unrouted), using 282818,25 CPU seconds and 529100 MB memory.
2026-08-14 15:58:36.817 INFO   [12979A\3D9D34] Auto-router pass #836 on board 'cf5fb0b863f5ce7505d33621e62e9173' was completed in 0,82 seconds with the score of 939,10 (19 unrouted), using 283566,44 CPU seconds and 529798 MB memory.
2026-08-14 15:58:37.630 INFO   [12979A\3D9D34] Auto-router pass #837 on board 'cf5fb0b863f5ce7505d33621e62e9173' was completed in 0,81 seconds with the score of 939,10 (19 unrouted), using 284315,62 CPU seconds and 530513 MB memory.
2026-08-14 15:58:38.444 INFO   [12979A\3D9D34] Auto-router pass #838 on board 'cf5fb0b863f5ce7505d33621e62e9173' was completed in 0,81 seconds with the score of 939,10 (19 unrouted), using 285065,78 CPU seconds and 531229 MB memory.
2026-08-14 15:58:39.288 INFO   [12979A\3D9D34] Auto-router pass #839 on board 'cf5fb0b863f5ce7505d33621e62e9173' was completed in 0,83 seconds with the score of 939,10 (19 unrouted), using 285816,94 CPU seconds and 531929 MB memory.
2026-08-14 15:58:40.118 INFO   [12979A\3D9D34] Auto-router pass #840 on board 'cf5fb0b863f5ce7505d33621e62e9173' was completed in 0,82 seconds with the score of 939,10 (19 unrouted), using 285816,94 CPU seconds and 531929 MB memory.
2026-08-14 15:58:40.948 INFO   [12979A\3D9D34] Auto-router pass #841 on board 'cf5fb0b863f5ce7505d33621e62e9173' was completed in 0,82 seconds with the score of 939,10 (19 unrouted), using 286569,09 CPU seconds and 532631 MB memory.
2026-08-14 15:58:41.764 INFO   [12979A\3D9D34] Auto-router pass #842 on board 'cf5fb0b863f5ce7505d33621e62e9173' was completed in 0,81 seconds with the score of 939,10 (19 unrouted), using 287322,22 CPU seconds and 533338 MB memory.
2026-08-14 15:58:42.594 INFO   [12979A\3D9D34] Auto-router pass #843 on board 'cf5fb0b863f5ce7505d33621e62e9173' was completed in 0,82 seconds with the score of 939,10 (19 unrouted), using 288076,34 CPU seconds and 534055 MB memory.
2026-08-14 15:58:43.416 INFO   [12979A\3D9D34] Auto-router pass #844 on board 'cf5fb0b863f5ce7505d33621e62e9173' was completed in 0,81 seconds with the score of 939,10 (19 unrouted), using 288831,47 CPU seconds and 534760 MB memory.
2026-08-14 15:58:44.229 INFO   [12979A\3D9D34] Auto-router pass #845 on board 'cf5fb0b863f5ce7505d33621e62e9173' was completed in 0,80 seconds with the score of 939,10 (19 unrouted), using 289587,56 CPU seconds and 535476 MB memory.
2026-08-14 15:58:45.047 INFO   [12979A\3D9D34] Auto-router pass #846 on board 'cf5fb0b863f5ce7505d33621e62e9173' was completed in 0,81 seconds with the score of 939,10 (19 unrouted), using 289587,56 CPU seconds and 535476 MB memory.
2026-08-14 15:58:45.862 INFO   [12979A\3D9D34] Auto-router pass #847 on board 'cf5fb0b863f5ce7505d33621e62e9173' was completed in 0,81 seconds with the score of 939,10 (19 unrouted), using 290344,66 CPU seconds and 536185 MB memory.
2026-08-14 15:58:46.684 INFO   [12979A\3D9D34] Auto-router pass #848 on board 'cf5fb0b863f5ce7505d33621e62e9173' was completed in 0,81 seconds with the score of 939,10 (19 unrouted), using 291102,75 CPU seconds and 536900 MB memory.
2026-08-14 15:58:47.497 INFO   [12979A\3D9D34] Auto-router pass #849 on board 'cf5fb0b863f5ce7505d33621e62e9173' was completed in 0,80 seconds with the score of 939,10 (19 unrouted), using 291861,81 CPU seconds and 537615 MB memory.
2026-08-14 15:58:48.309 INFO   [12979A\3D9D34] Auto-router pass #850 on board 'cf5fb0b863f5ce7505d33621e62e9173' was completed in 0,80 seconds with the score of 939,10 (19 unrouted), using 292621,88 CPU seconds and 538335 MB memory.
2026-08-14 15:58:49.121 INFO   [12979A\3D9D34] Auto-router pass #851 on board 'cf5fb0b863f5ce7505d33621e62e9173' was completed in 0,80 seconds with the score of 939,10 (19 unrouted), using 292621,88 CPU seconds and 538335 MB memory.
2026-08-14 15:58:49.947 INFO   [12979A\3D9D34] Auto-router pass #852 on board 'cf5fb0b863f5ce7505d33621e62e9173' was completed in 0,82 seconds with the score of 939,10 (19 unrouted), using 293382,91 CPU seconds and 539048 MB memory.
2026-08-14 15:58:50.762 INFO   [12979A\3D9D34] Auto-router pass #853 on board 'cf5fb0b863f5ce7505d33621e62e9173' was completed in 0,80 seconds with the score of 939,10 (19 unrouted), using 294144,94 CPU seconds and 539764 MB memory.
2026-08-14 15:58:51.576 INFO   [12979A\3D9D34] Auto-router pass #854 on board 'cf5fb0b863f5ce7505d33621e62e9173' was completed in 0,81 seconds with the score of 939,10 (19 unrouted), using 294907,97 CPU seconds and 540480 MB memory.
2026-08-14 15:58:52.402 INFO   [12979A\3D9D34] Auto-router pass #855 on board 'cf5fb0b863f5ce7505d33621e62e9173' was completed in 0,82 seconds with the score of 939,10 (19 unrouted), using 295671,97 CPU seconds and 541184 MB memory.
2026-08-14 15:58:53.226 INFO   [12979A\3D9D34] Auto-router pass #856 on board 'cf5fb0b863f5ce7505d33621e62e9173' was completed in 0,81 seconds with the score of 939,10 (19 unrouted), using 296436,97 CPU seconds and 541903 MB memory.
2026-08-14 15:58:54.043 INFO   [12979A\3D9D34] Auto-router pass #857 on board 'cf5fb0b863f5ce7505d33621e62e9173' was completed in 0,81 seconds with the score of 939,10 (19 unrouted), using 296436,97 CPU seconds and 541903 MB memory.
2026-08-14 15:58:54.863 INFO   [12979A\3D9D34] Auto-router pass #858 on board 'cf5fb0b863f5ce7505d33621e62e9173' was completed in 0,81 seconds with the score of 939,10 (19 unrouted), using 297202,97 CPU seconds and 542612 MB memory.
2026-08-14 15:58:55.682 INFO   [12979A\3D9D34] Auto-router pass #859 on board 'cf5fb0b863f5ce7505d33621e62e9173' was completed in 0,81 seconds with the score of 939,10 (19 unrouted), using 297969,94 CPU seconds and 543323 MB memory.
2026-08-14 15:58:56.506 INFO   [12979A\3D9D34] Auto-router pass #860 on board 'cf5fb0b863f5ce7505d33621e62e9173' was completed in 0,82 seconds with the score of 939,10 (19 unrouted), using 298737,91 CPU seconds and 544037 MB memory.
2026-08-14 15:58:57.351 INFO   [12979A\3D9D34] Auto-router pass #861 on board 'cf5fb0b863f5ce7505d33621e62e9173' was completed in 0,84 seconds with the score of 939,10 (19 unrouted), using 299506,84 CPU seconds and 544743 MB memory.
2026-08-14 15:58:58.166 INFO   [12979A\3D9D34] Auto-router pass #862 on board 'cf5fb0b863f5ce7505d33621e62e9173' was completed in 0,81 seconds with the score of 939,10 (19 unrouted), using 300276,78 CPU seconds and 545445 MB memory.
2026-08-14 15:58:58.985 INFO   [12979A\3D9D34] Auto-router pass #863 on board 'cf5fb0b863f5ce7505d33621e62e9173' was completed in 0,81 seconds with the score of 939,10 (19 unrouted), using 300276,78 CPU seconds and 545445 MB memory.
2026-08-14 15:58:59.820 INFO   [12979A\3D9D34] Auto-router pass #864 on board 'cf5fb0b863f5ce7505d33621e62e9173' was completed in 0,83 seconds with the score of 939,10 (19 unrouted), using 301047,72 CPU seconds and 546153 MB memory.
2026-08-14 15:59:00.640 INFO   [12979A\3D9D34] Auto-router pass #865 on board 'cf5fb0b863f5ce7505d33621e62e9173' was completed in 0,81 seconds with the score of 939,10 (19 unrouted), using 301819,62 CPU seconds and 546860 MB memory.
2026-08-14 15:59:01.454 INFO   [12979A\3D9D34] Auto-router pass #866 on board 'cf5fb0b863f5ce7505d33621e62e9173' was completed in 0,81 seconds with the score of 939,10 (19 unrouted), using 302592,53 CPU seconds and 547575 MB memory.
2026-08-14 15:59:02.268 INFO   [12979A\3D9D34] Auto-router pass #867 on board 'cf5fb0b863f5ce7505d33621e62e9173' was completed in 0,81 seconds with the score of 939,10 (19 unrouted), using 303366,44 CPU seconds and 548290 MB memory.
2026-08-14 15:59:03.097 INFO   [12979A\3D9D34] Auto-router pass #868 on board 'cf5fb0b863f5ce7505d33621e62e9173' was completed in 0,82 seconds with the score of 939,10 (19 unrouted), using 303366,44 CPU seconds and 548290 MB memory.
2026-08-14 15:59:03.913 INFO   [12979A\3D9D34] Auto-router pass #869 on board 'cf5fb0b863f5ce7505d33621e62e9173' was completed in 0,81 seconds with the score of 939,10 (19 unrouted), using 304141,31 CPU seconds and 548999 MB memory.
2026-08-14 15:59:04.730 INFO   [12979A\3D9D34] Auto-router pass #870 on board 'cf5fb0b863f5ce7505d33621e62e9173' was completed in 0,81 seconds with the score of 939,10 (19 unrouted), using 304917,19 CPU seconds and 549713 MB memory.
2026-08-14 15:59:05.557 INFO   [12979A\3D9D34] Auto-router pass #871 on board 'cf5fb0b863f5ce7505d33621e62e9173' was completed in 0,81 seconds with the score of 939,10 (19 unrouted), using 305694,03 CPU seconds and 550419 MB memory.
2026-08-14 15:59:06.381 INFO   [12979A\3D9D34] Auto-router pass #872 on board 'cf5fb0b863f5ce7505d33621e62e9173' was completed in 0,81 seconds with the score of 939,10 (19 unrouted), using 306471,88 CPU seconds and 551134 MB memory.
2026-08-14 15:59:07.208 INFO   [12979A\3D9D34] Auto-router pass #873 on board 'cf5fb0b863f5ce7505d33621e62e9173' was completed in 0,82 seconds with the score of 939,10 (19 unrouted), using 307250,72 CPU seconds and 551840 MB memory.
2026-08-14 15:59:08.023 INFO   [12979A\3D9D34] Auto-router pass #874 on board 'cf5fb0b863f5ce7505d33621e62e9173' was completed in 0,81 seconds with the score of 939,10 (19 unrouted), using 307250,72 CPU seconds and 551840 MB memory.
2026-08-14 15:59:08.853 INFO   [12979A\3D9D34] Auto-router pass #875 on board 'cf5fb0b863f5ce7505d33621e62e9173' was completed in 0,82 seconds with the score of 939,10 (19 unrouted), using 308030,53 CPU seconds and 552550 MB memory.
2026-08-14 15:59:09.705 INFO   [12979A\3D9D34] Auto-router pass #876 on board 'cf5fb0b863f5ce7505d33621e62e9173' was completed in 0,84 seconds with the score of 939,10 (19 unrouted), using 308811,34 CPU seconds and 553242 MB memory.
2026-08-14 15:59:10.521 INFO   [12979A\3D9D34] Auto-router pass #877 on board 'cf5fb0b863f5ce7505d33621e62e9173' was completed in 0,81 seconds with the score of 939,10 (19 unrouted), using 309593,12 CPU seconds and 553953 MB memory.
2026-08-14 15:59:11.339 INFO   [12979A\3D9D34] Auto-router pass #878 on board 'cf5fb0b863f5ce7505d33621e62e9173' was completed in 0,81 seconds with the score of 939,10 (19 unrouted), using 310375,91 CPU seconds and 554667 MB memory.
2026-08-14 15:59:12.156 INFO   [12979A\3D9D34] Auto-router pass #879 on board 'cf5fb0b863f5ce7505d33621e62e9173' was completed in 0,81 seconds with the score of 939,10 (19 unrouted), using 311159,69 CPU seconds and 555381 MB memory.
2026-08-14 15:59:12.979 INFO   [12979A\3D9D34] Auto-router pass #880 on board 'cf5fb0b863f5ce7505d33621e62e9173' was completed in 0,81 seconds with the score of 939,10 (19 unrouted), using 311159,69 CPU seconds and 555381 MB memory.
2026-08-14 15:59:13.808 INFO   [12979A\3D9D34] Auto-router pass #881 on board 'cf5fb0b863f5ce7505d33621e62e9173' was completed in 0,82 seconds with the score of 939,10 (19 unrouted), using 311944,44 CPU seconds and 556090 MB memory.
2026-08-14 15:59:14.627 INFO   [12979A\3D9D34] Auto-router pass #882 on board 'cf5fb0b863f5ce7505d33621e62e9173' was completed in 0,81 seconds with the score of 939,10 (19 unrouted), using 312730,19 CPU seconds and 556796 MB memory.
2026-08-14 15:59:15.445 INFO   [12979A\3D9D34] Auto-router pass #883 on board 'cf5fb0b863f5ce7505d33621e62e9173' was completed in 0,81 seconds with the score of 939,10 (19 unrouted), using 313516,91 CPU seconds and 557509 MB memory.
2026-08-14 15:59:16.271 INFO   [12979A\3D9D34] Auto-router pass #884 on board 'cf5fb0b863f5ce7505d33621e62e9173' was completed in 0,82 seconds with the score of 939,10 (19 unrouted), using 314304,62 CPU seconds and 558222 MB memory.
2026-08-14 15:59:17.090 INFO   [12979A\3D9D34] Auto-router pass #885 on board 'cf5fb0b863f5ce7505d33621e62e9173' was completed in 0,81 seconds with the score of 939,10 (19 unrouted), using 314304,62 CPU seconds and 558222 MB memory.
2026-08-14 15:59:17.909 INFO   [12979A\3D9D34] Auto-router pass #886 on board 'cf5fb0b863f5ce7505d33621e62e9173' was completed in 0,81 seconds with the score of 939,10 (19 unrouted), using 315093,34 CPU seconds and 558928 MB memory.
2026-08-14 15:59:18.729 INFO   [12979A\3D9D34] Auto-router pass #887 on board 'cf5fb0b863f5ce7505d33621e62e9173' was completed in 0,81 seconds with the score of 939,10 (19 unrouted), using 315883,03 CPU seconds and 559641 MB memory.
2026-08-14 15:59:19.553 INFO   [12979A\3D9D34] Auto-router pass #888 on board 'cf5fb0b863f5ce7505d33621e62e9173' was completed in 0,82 seconds with the score of 939,10 (19 unrouted), using 316673,72 CPU seconds and 560356 MB memory.
2026-08-14 15:59:20.382 INFO   [12979A\3D9D34] Auto-router pass #889 on board 'cf5fb0b863f5ce7505d33621e62e9173' was completed in 0,82 seconds with the score of 939,10 (19 unrouted), using 317465,38 CPU seconds and 561060 MB memory.
2026-08-14 15:59:21.210 INFO   [12979A\3D9D34] Auto-router pass #890 on board 'cf5fb0b863f5ce7505d33621e62e9173' was completed in 0,82 seconds with the score of 939,10 (19 unrouted), using 318258,03 CPU seconds and 561765 MB memory.
2026-08-14 15:59:22.061 INFO   [12979A\3D9D34] Auto-router pass #891 on board 'cf5fb0b863f5ce7505d33621e62e9173' was completed in 0,84 seconds with the score of 939,10 (19 unrouted), using 318258,03 CPU seconds and 561765 MB memory.
2026-08-14 15:59:22.901 INFO   [12979A\3D9D34] Auto-router pass #892 on board 'cf5fb0b863f5ce7505d33621e62e9173' was completed in 0,83 seconds with the score of 939,10 (19 unrouted), using 319051,69 CPU seconds and 562443 MB memory.
2026-08-14 15:59:23.718 INFO   [12979A\3D9D34] Auto-router pass #893 on board 'cf5fb0b863f5ce7505d33621e62e9173' was completed in 0,81 seconds with the score of 939,10 (19 unrouted), using 319846,31 CPU seconds and 563152 MB memory.
2026-08-14 15:59:24.534 INFO   [12979A\3D9D34] Auto-router pass #894 on board 'cf5fb0b863f5ce7505d33621e62e9173' was completed in 0,81 seconds with the score of 939,10 (19 unrouted), using 320641,94 CPU seconds and 563865 MB memory.
2026-08-14 15:59:25.366 INFO   [12979A\3D9D34] Auto-router pass #895 on board 'cf5fb0b863f5ce7505d33621e62e9173' was completed in 0,82 seconds with the score of 939,10 (19 unrouted), using 321438,56 CPU seconds and 564569 MB memory.
2026-08-14 15:59:26.195 INFO   [12979A\3D9D34] Auto-router pass #896 on board 'cf5fb0b863f5ce7505d33621e62e9173' was completed in 0,82 seconds with the score of 939,10 (19 unrouted), using 322236,16 CPU seconds and 565282 MB memory.
2026-08-14 15:59:27.029 INFO   [12979A\3D9D34] Auto-router pass #897 on board 'cf5fb0b863f5ce7505d33621e62e9173' was completed in 0,83 seconds with the score of 939,10 (19 unrouted), using 322236,16 CPU seconds and 565282 MB memory.
2026-08-14 15:59:27.843 INFO   [12979A\3D9D34] Auto-router pass #898 on board 'cf5fb0b863f5ce7505d33621e62e9173' was completed in 0,81 seconds with the score of 939,10 (19 unrouted), using 323034,75 CPU seconds and 565979 MB memory.
2026-08-14 15:59:28.661 INFO   [12979A\3D9D34] Auto-router pass #899 on board 'cf5fb0b863f5ce7505d33621e62e9173' was completed in 0,81 seconds with the score of 939,10 (19 unrouted), using 323834,34 CPU seconds and 566695 MB memory.
2026-08-14 15:59:29.492 INFO   [12979A\3D9D34] Auto-router pass #900 on board 'cf5fb0b863f5ce7505d33621e62e9173' was completed in 0,82 seconds with the score of 939,10 (19 unrouted), using 324634,91 CPU seconds and 567409 MB memory.
2026-08-14 15:59:30.346 INFO   [12979A\3D9D34] Auto-router pass #901 on board 'cf5fb0b863f5ce7505d33621e62e9173' was completed in 0,85 seconds with the score of 939,10 (19 unrouted), using 325436,47 CPU seconds and 568095 MB memory.
2026-08-14 15:59:31.162 INFO   [12979A\3D9D34] Auto-router pass #902 on board 'cf5fb0b863f5ce7505d33621e62e9173' was completed in 0,81 seconds with the score of 939,10 (19 unrouted), using 326239,00 CPU seconds and 568810 MB memory.
2026-08-14 15:59:31.979 INFO   [12979A\3D9D34] Auto-router pass #903 on board 'cf5fb0b863f5ce7505d33621e62e9173' was completed in 0,81 seconds with the score of 939,10 (19 unrouted), using 326239,00 CPU seconds and 568810 MB memory.
2026-08-14 15:59:32.804 INFO   [12979A\3D9D34] Auto-router pass #904 on board 'cf5fb0b863f5ce7505d33621e62e9173' was completed in 0,82 seconds with the score of 939,10 (19 unrouted), using 327042,53 CPU seconds and 569519 MB memory.
2026-08-14 15:59:33.636 INFO   [12979A\3D9D34] Auto-router pass #905 on board 'cf5fb0b863f5ce7505d33621e62e9173' was completed in 0,82 seconds with the score of 939,10 (19 unrouted), using 327847,06 CPU seconds and 570231 MB memory.
2026-08-14 15:59:34.449 INFO   [12979A\3D9D34] Auto-router pass #906 on board 'cf5fb0b863f5ce7505d33621e62e9173' was completed in 0,80 seconds with the score of 939,10 (19 unrouted), using 328652,56 CPU seconds and 570934 MB memory.
2026-08-14 15:59:35.268 INFO   [12979A\3D9D34] Auto-router pass #907 on board 'cf5fb0b863f5ce7505d33621e62e9173' was completed in 0,81 seconds with the score of 939,10 (19 unrouted), using 329459,06 CPU seconds and 571650 MB memory.
2026-08-14 15:59:36.099 INFO   [12979A\3D9D34] Auto-router pass #908 on board 'cf5fb0b863f5ce7505d33621e62e9173' was completed in 0,82 seconds with the score of 939,10 (19 unrouted), using 329459,06 CPU seconds and 571650 MB memory.
2026-08-14 15:59:36.912 INFO   [12979A\3D9D34] Auto-router pass #909 on board 'cf5fb0b863f5ce7505d33621e62e9173' was completed in 0,81 seconds with the score of 939,10 (19 unrouted), using 330266,56 CPU seconds and 572354 MB memory.
2026-08-14 15:59:37.725 INFO   [12979A\3D9D34] Auto-router pass #910 on board 'cf5fb0b863f5ce7505d33621e62e9173' was completed in 0,80 seconds with the score of 939,10 (19 unrouted), using 331075,03 CPU seconds and 573072 MB memory.
2026-08-14 15:59:38.538 INFO   [12979A\3D9D34] Auto-router pass #911 on board 'cf5fb0b863f5ce7505d33621e62e9173' was completed in 0,80 seconds with the score of 939,10 (19 unrouted), using 331884,50 CPU seconds and 573789 MB memory.
2026-08-14 15:59:39.366 INFO   [12979A\3D9D34] Auto-router pass #912 on board 'cf5fb0b863f5ce7505d33621e62e9173' was completed in 0,82 seconds with the score of 939,10 (19 unrouted), using 332694,94 CPU seconds and 574504 MB memory.
2026-08-14 15:59:40.181 INFO   [12979A\3D9D34] Auto-router pass #913 on board 'cf5fb0b863f5ce7505d33621e62e9173' was completed in 0,81 seconds with the score of 939,10 (19 unrouted), using 333506,38 CPU seconds and 575219 MB memory.
2026-08-14 15:59:41.011 INFO   [12979A\3D9D34] Auto-router pass #914 on board 'cf5fb0b863f5ce7505d33621e62e9173' was completed in 0,82 seconds with the score of 939,10 (19 unrouted), using 333506,38 CPU seconds and 575219 MB memory.
2026-08-14 15:59:41.821 INFO   [12979A\3D9D34] Auto-router pass #915 on board 'cf5fb0b863f5ce7505d33621e62e9173' was completed in 0,80 seconds with the score of 939,10 (19 unrouted), using 334318,81 CPU seconds and 575918 MB memory.
2026-08-14 15:59:42.644 INFO   [12979A\3D9D34] Auto-router pass #916 on board 'cf5fb0b863f5ce7505d33621e62e9173' was completed in 0,81 seconds with the score of 939,10 (19 unrouted), using 335132,22 CPU seconds and 576638 MB memory.
2026-08-14 15:59:43.456 INFO   [12979A\3D9D34] Auto-router pass #917 on board 'cf5fb0b863f5ce7505d33621e62e9173' was completed in 0,80 seconds with the score of 939,10 (19 unrouted), using 335946,62 CPU seconds and 577354 MB memory.
2026-08-14 15:59:44.269 INFO   [12979A\3D9D34] Auto-router pass #918 on board 'cf5fb0b863f5ce7505d33621e62e9173' was completed in 0,80 seconds with the score of 939,10 (19 unrouted), using 336762,03 CPU seconds and 578074 MB memory.
2026-08-14 15:59:45.081 INFO   [12979A\3D9D34] Auto-router pass #919 on board 'cf5fb0b863f5ce7505d33621e62e9173' was completed in 0,80 seconds with the score of 939,10 (19 unrouted), using 336762,03 CPU seconds and 578074 MB memory.
2026-08-14 15:59:45.927 INFO   [12979A\3D9D34] Auto-router pass #920 on board 'cf5fb0b863f5ce7505d33621e62e9173' was completed in 0,84 seconds with the score of 939,10 (19 unrouted), using 337578,41 CPU seconds and 578786 MB memory.
2026-08-14 15:59:46.763 INFO   [12979A\3D9D34] Auto-router pass #921 on board 'cf5fb0b863f5ce7505d33621e62e9173' was completed in 0,83 seconds with the score of 939,10 (19 unrouted), using 338395,78 CPU seconds and 579484 MB memory.
2026-08-14 15:59:47.598 INFO   [12979A\3D9D34] Auto-router pass #922 on board 'cf5fb0b863f5ce7505d33621e62e9173' was completed in 0,82 seconds with the score of 939,10 (19 unrouted), using 339214,16 CPU seconds and 580186 MB memory.
2026-08-14 15:59:48.409 INFO   [12979A\3D9D34] Auto-router pass #923 on board 'cf5fb0b863f5ce7505d33621e62e9173' was completed in 0,80 seconds with the score of 939,10 (19 unrouted), using 340033,50 CPU seconds and 580892 MB memory.
2026-08-14 15:59:49.233 INFO   [12979A\3D9D34] Auto-router pass #924 on board 'cf5fb0b863f5ce7505d33621e62e9173' was completed in 0,81 seconds with the score of 939,10 (19 unrouted), using 340853,84 CPU seconds and 581607 MB memory.
2026-08-14 15:59:50.063 INFO   [12979A\3D9D34] Auto-router pass #925 on board 'cf5fb0b863f5ce7505d33621e62e9173' was completed in 0,82 seconds with the score of 939,10 (19 unrouted), using 340853,84 CPU seconds and 581607 MB memory.
2026-08-14 15:59:50.875 INFO   [12979A\3D9D34] Auto-router pass #926 on board 'cf5fb0b863f5ce7505d33621e62e9173' was completed in 0,80 seconds with the score of 939,10 (19 unrouted), using 341675,19 CPU seconds and 582307 MB memory.
2026-08-14 15:59:51.691 INFO   [12979A\3D9D34] Auto-router pass #927 on board 'cf5fb0b863f5ce7505d33621e62e9173' was completed in 0,81 seconds with the score of 939,10 (19 unrouted), using 342497,50 CPU seconds and 583024 MB memory.
2026-08-14 15:59:52.514 INFO   [12979A\3D9D34] Auto-router pass #928 on board 'cf5fb0b863f5ce7505d33621e62e9173' was completed in 0,81 seconds with the score of 939,10 (19 unrouted), using 343320,81 CPU seconds and 583741 MB memory.
2026-08-14 15:59:53.327 INFO   [12979A\3D9D34] Auto-router pass #929 on board 'cf5fb0b863f5ce7505d33621e62e9173' was completed in 0,81 seconds with the score of 939,10 (19 unrouted), using 344145,12 CPU seconds and 584457 MB memory.
2026-08-14 15:59:54.162 INFO   [12979A\3D9D34] Auto-router pass #930 on board 'cf5fb0b863f5ce7505d33621e62e9173' was completed in 0,83 seconds with the score of 939,10 (19 unrouted), using 344970,41 CPU seconds and 585158 MB memory.
2026-08-14 15:59:54.979 INFO   [12979A\3D9D34] Auto-router pass #931 on board 'cf5fb0b863f5ce7505d33621e62e9173' was completed in 0,81 seconds with the score of 939,10 (19 unrouted), using 344970,41 CPU seconds and 585158 MB memory.
2026-08-14 15:59:55.801 INFO   [12979A\3D9D34] Auto-router pass #932 on board 'cf5fb0b863f5ce7505d33621e62e9173' was completed in 0,81 seconds with the score of 939,10 (19 unrouted), using 345796,69 CPU seconds and 585867 MB memory.
2026-08-14 15:59:56.614 INFO   [12979A\3D9D34] Auto-router pass #933 on board 'cf5fb0b863f5ce7505d33621e62e9173' was completed in 0,80 seconds with the score of 939,10 (19 unrouted), using 346623,94 CPU seconds and 586586 MB memory.
2026-08-14 15:59:57.426 INFO   [12979A\3D9D34] Auto-router pass #934 on board 'cf5fb0b863f5ce7505d33621e62e9173' was completed in 0,80 seconds with the score of 939,10 (19 unrouted), using 347452,19 CPU seconds and 587302 MB memory.
2026-08-14 15:59:58.240 INFO   [12979A\3D9D34] Auto-router pass #935 on board 'cf5fb0b863f5ce7505d33621e62e9173' was completed in 0,80 seconds with the score of 939,10 (19 unrouted), using 348281,44 CPU seconds and 588019 MB memory.
2026-08-14 15:59:59.065 INFO   [12979A\3D9D34] Auto-router pass #936 on board 'cf5fb0b863f5ce7505d33621e62e9173' was completed in 0,82 seconds with the score of 939,10 (19 unrouted), using 348281,44 CPU seconds and 588019 MB memory.
2026-08-14 15:59:59.900 INFO   [12979A\3D9D34] Auto-router pass #937 on board 'cf5fb0b863f5ce7505d33621e62e9173' was completed in 0,83 seconds with the score of 939,10 (19 unrouted), using 349111,66 CPU seconds and 588731 MB memory.
2026-08-14 16:00:00.728 INFO   [12979A\3D9D34] Auto-router pass #938 on board 'cf5fb0b863f5ce7505d33621e62e9173' was completed in 0,81 seconds with the score of 939,10 (19 unrouted), using 349942,88 CPU seconds and 589420 MB memory.
2026-08-14 16:00:01.544 INFO   [12979A\3D9D34] Auto-router pass #939 on board 'cf5fb0b863f5ce7505d33621e62e9173' was completed in 0,81 seconds with the score of 939,10 (19 unrouted), using 350775,06 CPU seconds and 590135 MB memory.
2026-08-14 16:00:02.368 INFO   [12979A\3D9D34] Auto-router pass #940 on board 'cf5fb0b863f5ce7505d33621e62e9173' was completed in 0,81 seconds with the score of 939,10 (19 unrouted), using 351608,25 CPU seconds and 590852 MB memory.
2026-08-14 16:00:03.229 INFO   [12979A\3D9D34] Auto-router pass #941 on board 'cf5fb0b863f5ce7505d33621e62e9173' was completed in 0,85 seconds with the score of 939,10 (19 unrouted), using 352442,44 CPU seconds and 591536 MB memory.
2026-08-14 16:00:04.047 INFO   [12979A\3D9D34] Auto-router pass #942 on board 'cf5fb0b863f5ce7505d33621e62e9173' was completed in 0,81 seconds with the score of 939,10 (19 unrouted), using 352442,44 CPU seconds and 591536 MB memory.
2026-08-14 16:00:04.864 INFO   [12979A\3D9D34] Auto-router pass #943 on board 'cf5fb0b863f5ce7505d33621e62e9173' was completed in 0,81 seconds with the score of 939,10 (19 unrouted), using 353277,59 CPU seconds and 592244 MB memory.
2026-08-14 16:00:05.709 INFO   [12979A\3D9D34] Auto-router pass #944 on board 'cf5fb0b863f5ce7505d33621e62e9173' was completed in 0,84 seconds with the score of 939,10 (19 unrouted), using 354113,75 CPU seconds and 592947 MB memory.
2026-08-14 16:00:06.523 INFO   [12979A\3D9D34] Auto-router pass #945 on board 'cf5fb0b863f5ce7505d33621e62e9173' was completed in 0,81 seconds with the score of 939,10 (19 unrouted), using 354950,91 CPU seconds and 593658 MB memory.
2026-08-14 16:00:07.337 INFO   [12979A\3D9D34] Auto-router pass #946 on board 'cf5fb0b863f5ce7505d33621e62e9173' was completed in 0,81 seconds with the score of 939,10 (19 unrouted), using 355789,03 CPU seconds and 594380 MB memory.
2026-08-14 16:00:08.152 INFO   [12979A\3D9D34] Auto-router pass #947 on board 'cf5fb0b863f5ce7505d33621e62e9173' was completed in 0,81 seconds with the score of 939,10 (19 unrouted), using 355789,03 CPU seconds and 594380 MB memory.
2026-08-14 16:00:09.008 INFO   [12979A\3D9D34] Auto-router pass #948 on board 'cf5fb0b863f5ce7505d33621e62e9173' was completed in 0,85 seconds with the score of 939,10 (19 unrouted), using 356628,16 CPU seconds and 595088 MB memory.
2026-08-14 16:00:09.824 INFO   [12979A\3D9D34] Auto-router pass #949 on board 'cf5fb0b863f5ce7505d33621e62e9173' was completed in 0,81 seconds with the score of 939,10 (19 unrouted), using 357468,25 CPU seconds and 595780 MB memory.
2026-08-14 16:00:10.658 INFO   [12979A\3D9D34] Auto-router pass #950 on board 'cf5fb0b863f5ce7505d33621e62e9173' was completed in 0,83 seconds with the score of 939,10 (19 unrouted), using 358309,34 CPU seconds and 596495 MB memory.
2026-08-14 16:00:11.481 INFO   [12979A\3D9D34] Auto-router pass #951 on board 'cf5fb0b863f5ce7505d33621e62e9173' was completed in 0,81 seconds with the score of 939,10 (19 unrouted), using 359151,44 CPU seconds and 597189 MB memory.
2026-08-14 16:00:12.325 INFO   [12979A\3D9D34] Auto-router pass #952 on board 'cf5fb0b863f5ce7505d33621e62e9173' was completed in 0,84 seconds with the score of 939,10 (19 unrouted), using 359994,50 CPU seconds and 597900 MB memory.
2026-08-14 16:00:13.140 INFO   [12979A\3D9D34] Auto-router pass #953 on board 'cf5fb0b863f5ce7505d33621e62e9173' was completed in 0,81 seconds with the score of 939,10 (19 unrouted), using 359994,50 CPU seconds and 597900 MB memory.
2026-08-14 16:00:13.958 INFO   [12979A\3D9D34] Auto-router pass #954 on board 'cf5fb0b863f5ce7505d33621e62e9173' was completed in 0,81 seconds with the score of 939,10 (19 unrouted), using 360838,56 CPU seconds and 598602 MB memory.
2026-08-14 16:00:14.788 INFO   [12979A\3D9D34] Auto-router pass #955 on board 'cf5fb0b863f5ce7505d33621e62e9173' was completed in 0,82 seconds with the score of 939,10 (19 unrouted), using 361683,62 CPU seconds and 599309 MB memory.
2026-08-14 16:00:15.610 INFO   [12979A\3D9D34] Auto-router pass #956 on board 'cf5fb0b863f5ce7505d33621e62e9173' was completed in 0,81 seconds with the score of 939,10 (19 unrouted), using 362529,66 CPU seconds and 600019 MB memory.
2026-08-14 16:00:16.423 INFO   [12979A\3D9D34] Auto-router pass #957 on board 'cf5fb0b863f5ce7505d33621e62e9173' was completed in 0,80 seconds with the score of 939,10 (19 unrouted), using 363376,69 CPU seconds and 600739 MB memory.
2026-08-14 16:00:17.238 INFO   [12979A\3D9D34] Auto-router pass #958 on board 'cf5fb0b863f5ce7505d33621e62e9173' was completed in 0,81 seconds with the score of 939,10 (19 unrouted), using 364224,72 CPU seconds and 601453 MB memory.
2026-08-14 16:00:18.050 INFO   [12979A\3D9D34] Auto-router pass #959 on board 'cf5fb0b863f5ce7505d33621e62e9173' was completed in 0,80 seconds with the score of 939,10 (19 unrouted), using 364224,72 CPU seconds and 601453 MB memory.
2026-08-14 16:00:18.878 INFO   [12979A\3D9D34] Auto-router pass #960 on board 'cf5fb0b863f5ce7505d33621e62e9173' was completed in 0,82 seconds with the score of 939,10 (19 unrouted), using 365073,72 CPU seconds and 602168 MB memory.
2026-08-14 16:00:19.694 INFO   [12979A\3D9D34] Auto-router pass #961 on board 'cf5fb0b863f5ce7505d33621e62e9173' was completed in 0,81 seconds with the score of 939,10 (19 unrouted), using 365923,72 CPU seconds and 602881 MB memory.
2026-08-14 16:00:20.523 INFO   [12979A\3D9D34] Auto-router pass #962 on board 'cf5fb0b863f5ce7505d33621e62e9173' was completed in 0,82 seconds with the score of 939,10 (19 unrouted), using 366774,72 CPU seconds and 603588 MB memory.
2026-08-14 16:00:21.335 INFO   [12979A\3D9D34] Auto-router pass #963 on board 'cf5fb0b863f5ce7505d33621e62e9173' was completed in 0,80 seconds with the score of 939,10 (19 unrouted), using 367626,69 CPU seconds and 604303 MB memory.
2026-08-14 16:00:22.176 INFO   [12979A\3D9D34] Auto-router pass #964 on board 'cf5fb0b863f5ce7505d33621e62e9173' was completed in 0,83 seconds with the score of 939,10 (19 unrouted), using 368479,66 CPU seconds and 605009 MB memory.
2026-08-14 16:00:22.991 INFO   [12979A\3D9D34] Auto-router pass #965 on board 'cf5fb0b863f5ce7505d33621e62e9173' was completed in 0,81 seconds with the score of 939,10 (19 unrouted), using 368479,66 CPU seconds and 605009 MB memory.
2026-08-14 16:00:23.804 INFO   [12979A\3D9D34] Auto-router pass #966 on board 'cf5fb0b863f5ce7505d33621e62e9173' was completed in 0,81 seconds with the score of 939,10 (19 unrouted), using 369333,59 CPU seconds and 605718 MB memory.
2026-08-14 16:00:24.618 INFO   [12979A\3D9D34] Auto-router pass #967 on board 'cf5fb0b863f5ce7505d33621e62e9173' was completed in 0,81 seconds with the score of 939,10 (19 unrouted), using 370188,53 CPU seconds and 606434 MB memory.
2026-08-14 16:00:25.445 INFO   [12979A\3D9D34] Auto-router pass #968 on board 'cf5fb0b863f5ce7505d33621e62e9173' was completed in 0,82 seconds with the score of 939,10 (19 unrouted), using 371044,47 CPU seconds and 607150 MB memory.
2026-08-14 16:00:26.256 INFO   [12979A\3D9D34] Auto-router pass #969 on board 'cf5fb0b863f5ce7505d33621e62e9173' was completed in 0,80 seconds with the score of 939,10 (19 unrouted), using 371901,38 CPU seconds and 607868 MB memory.
2026-08-14 16:00:27.068 INFO   [12979A\3D9D34] Auto-router pass #970 on board 'cf5fb0b863f5ce7505d33621e62e9173' was completed in 0,80 seconds with the score of 939,10 (19 unrouted), using 371901,38 CPU seconds and 607868 MB memory.
2026-08-14 16:00:27.886 INFO   [12979A\3D9D34] Auto-router pass #971 on board 'cf5fb0b863f5ce7505d33621e62e9173' was completed in 0,81 seconds with the score of 939,10 (19 unrouted), using 372759,28 CPU seconds and 608580 MB memory.
2026-08-14 16:00:28.718 INFO   [12979A\3D9D34] Auto-router pass #972 on board 'cf5fb0b863f5ce7505d33621e62e9173' was completed in 0,82 seconds with the score of 939,10 (19 unrouted), using 373618,16 CPU seconds and 609292 MB memory.
2026-08-14 16:00:29.529 INFO   [12979A\3D9D34] Auto-router pass #973 on board 'cf5fb0b863f5ce7505d33621e62e9173' was completed in 0,80 seconds with the score of 939,10 (19 unrouted), using 374478,03 CPU seconds and 610004 MB memory.
2026-08-14 16:00:30.343 INFO   [12979A\3D9D34] Auto-router pass #974 on board 'cf5fb0b863f5ce7505d33621e62e9173' was completed in 0,81 seconds with the score of 939,10 (19 unrouted), using 375338,91 CPU seconds and 610722 MB memory.
2026-08-14 16:00:31.156 INFO   [12979A\3D9D34] Auto-router pass #975 on board 'cf5fb0b863f5ce7505d33621e62e9173' was completed in 0,81 seconds with the score of 939,10 (19 unrouted), using 375338,91 CPU seconds and 610722 MB memory.
2026-08-14 16:00:32.027 INFO   [12979A\3D9D34] Auto-router pass #976 on board 'cf5fb0b863f5ce7505d33621e62e9173' was completed in 0,86 seconds with the score of 939,10 (19 unrouted), using 376200,75 CPU seconds and 611436 MB memory.
2026-08-14 16:00:32.840 INFO   [12979A\3D9D34] Auto-router pass #977 on board 'cf5fb0b863f5ce7505d33621e62e9173' was completed in 0,80 seconds with the score of 939,10 (19 unrouted), using 377063,59 CPU seconds and 612116 MB memory.
2026-08-14 16:00:33.655 INFO   [12979A\3D9D34] Auto-router pass #978 on board 'cf5fb0b863f5ce7505d33621e62e9173' was completed in 0,81 seconds with the score of 939,10 (19 unrouted), using 377927,44 CPU seconds and 612830 MB memory.
2026-08-14 16:00:34.502 INFO   [12979A\3D9D34] Auto-router pass #979 on board 'cf5fb0b863f5ce7505d33621e62e9173' was completed in 0,84 seconds with the score of 939,10 (19 unrouted), using 378792,25 CPU seconds and 613528 MB memory.
2026-08-14 16:00:35.326 INFO   [12979A\3D9D34] Auto-router pass #980 on board 'cf5fb0b863f5ce7505d33621e62e9173' was completed in 0,81 seconds with the score of 939,10 (19 unrouted), using 379658,06 CPU seconds and 614244 MB memory.
2026-08-14 16:00:36.143 INFO   [12979A\3D9D34] Auto-router pass #981 on board 'cf5fb0b863f5ce7505d33621e62e9173' was completed in 0,81 seconds with the score of 939,10 (19 unrouted), using 379658,06 CPU seconds and 614244 MB memory.
2026-08-14 16:00:36.957 INFO   [12979A\3D9D34] Auto-router pass #982 on board 'cf5fb0b863f5ce7505d33621e62e9173' was completed in 0,81 seconds with the score of 939,10 (19 unrouted), using 380524,84 CPU seconds and 614952 MB memory.
2026-08-14 16:00:37.769 INFO   [12979A\3D9D34] Auto-router pass #983 on board 'cf5fb0b863f5ce7505d33621e62e9173' was completed in 0,80 seconds with the score of 939,10 (19 unrouted), using 381392,62 CPU seconds and 615670 MB memory.
2026-08-14 16:00:38.591 INFO   [12979A\3D9D34] Auto-router pass #984 on board 'cf5fb0b863f5ce7505d33621e62e9173' was completed in 0,81 seconds with the score of 939,10 (19 unrouted), using 382261,41 CPU seconds and 616386 MB memory.
2026-08-14 16:00:39.406 INFO   [12979A\3D9D34] Auto-router pass #985 on board 'cf5fb0b863f5ce7505d33621e62e9173' was completed in 0,81 seconds with the score of 939,10 (19 unrouted), using 383131,16 CPU seconds and 617106 MB memory.
2026-08-14 16:00:40.262 INFO   [12979A\3D9D34] Auto-router pass #986 on board 'cf5fb0b863f5ce7505d33621e62e9173' was completed in 0,85 seconds with the score of 939,10 (19 unrouted), using 384001,91 CPU seconds and 617792 MB memory.
2026-08-14 16:00:41.090 INFO   [12979A\3D9D34] Auto-router pass #987 on board 'cf5fb0b863f5ce7505d33621e62e9173' was completed in 0,82 seconds with the score of 939,10 (19 unrouted), using 384001,91 CPU seconds and 617792 MB memory.
2026-08-14 16:00:41.914 INFO   [12979A\3D9D34] Auto-router pass #988 on board 'cf5fb0b863f5ce7505d33621e62e9173' was completed in 0,82 seconds with the score of 939,10 (19 unrouted), using 384873,62 CPU seconds and 618489 MB memory.
2026-08-14 16:00:42.734 INFO   [12979A\3D9D34] Auto-router pass #989 on board 'cf5fb0b863f5ce7505d33621e62e9173' was completed in 0,81 seconds with the score of 939,10 (19 unrouted), using 385746,34 CPU seconds and 619206 MB memory.
2026-08-14 16:00:43.553 INFO   [12979A\3D9D34] Auto-router pass #990 on board 'cf5fb0b863f5ce7505d33621e62e9173' was completed in 0,81 seconds with the score of 939,10 (19 unrouted), using 386620,06 CPU seconds and 619914 MB memory.
2026-08-14 16:00:44.388 INFO   [12979A\3D9D34] Auto-router pass #991 on board 'cf5fb0b863f5ce7505d33621e62e9173' was completed in 0,83 seconds with the score of 939,10 (19 unrouted), using 387494,75 CPU seconds and 620619 MB memory.
2026-08-14 16:00:45.216 INFO   [12979A\3D9D34] Auto-router pass #992 on board 'cf5fb0b863f5ce7505d33621e62e9173' was completed in 0,82 seconds with the score of 939,10 (19 unrouted), using 388370,44 CPU seconds and 621328 MB memory.
2026-08-14 16:00:46.030 INFO   [12979A\3D9D34] Auto-router pass #993 on board 'cf5fb0b863f5ce7505d33621e62e9173' was completed in 0,81 seconds with the score of 939,10 (19 unrouted), using 388370,44 CPU seconds and 621328 MB memory.
2026-08-14 16:00:46.842 INFO   [12979A\3D9D34] Auto-router pass #994 on board 'cf5fb0b863f5ce7505d33621e62e9173' was completed in 0,80 seconds with the score of 939,10 (19 unrouted), using 389247,12 CPU seconds and 622040 MB memory.
2026-08-14 16:00:47.659 INFO   [12979A\3D9D34] Auto-router pass #995 on board 'cf5fb0b863f5ce7505d33621e62e9173' was completed in 0,81 seconds with the score of 939,10 (19 unrouted), using 390124,78 CPU seconds and 622759 MB memory.
2026-08-14 16:00:48.483 INFO   [12979A\3D9D34] Auto-router pass #996 on board 'cf5fb0b863f5ce7505d33621e62e9173' was completed in 0,82 seconds with the score of 939,10 (19 unrouted), using 391003,44 CPU seconds and 623472 MB memory.
2026-08-14 16:00:49.290 INFO   [12979A\3D9D34] Auto-router pass #997 on board 'cf5fb0b863f5ce7505d33621e62e9173' was completed in 0,80 seconds with the score of 939,10 (19 unrouted), using 391883,09 CPU seconds and 624190 MB memory.
2026-08-14 16:00:50.094 INFO   [12979A\3D9D34] Auto-router pass #998 on board 'cf5fb0b863f5ce7505d33621e62e9173' was completed in 0,80 seconds with the score of 939,10 (19 unrouted), using 391883,09 CPU seconds and 624190 MB memory.
2026-08-14 16:00:50.891 INFO   [12979A\3D9D34] Auto-router pass #999 on board 'cf5fb0b863f5ce7505d33621e62e9173' was completed in 0,79 seconds with the score of 939,10 (19 unrouted), using 392763,75 CPU seconds and 624912 MB memory.
{
  "host": "KiCad's Pcbnew,9.0.3+dfsg-1",
  "unit": "mm",
  "board": {
    "bounding_box": {
      "x": 1164.0,
      "y": 1.0,
      "width": -1.0,
      "height": -501.0
    },
    "size": {
      "x": 0.0,
      "y": 0.0,
      "width": 1165.0,
      "height": 502.0
    }
  },
  "layers": {
    "total_count": 2,
    "signal_count": 2
  },
  "items": {
    "total_count": 907,
    "trace_count": 230,
    "via_count": 112,
    "conduction_area_count": 2,
    "drill_item_count": 232,
    "pin_count": 0,
    "component_count": 330,
    "other_count": 1
  },
  "components": {
    "total_count": 25
  },
  "pads": {
    "total_count": 232
  },
  "nets": {
    "total_count": 69,
    "class_count": 3
  },
  "connections": {
    "maximum_count": 492,
    "incomplete_count": 19
  },
  "traces": {
    "total_count": 230,
    "total_segment_count": 756,
    "total_length": 32992.965,
    "total_weighted_length": 1.1052656E8,
    "average_length": 143.44768,
    "total_vertical_length": 6126.317,
    "total_horizontal_length": 12539.273,
    "total_angled_length": 9285.886
  },
  "bends": {
    "total_count": 526,
    "90_degree_count": 4,
    "45_degree_count": 522,
    "other_angle_count": 0
  },
  "vias": {
    "total_count": 112,
    "through_hole_count": 112,
    "blind_count": 0,
    "buried_count": 0
  },
  "clearance_violations": {
    "total_count": 0
  }
}
16:00:52: Debug: Adding duplicate image handler for 'PNG file'
16:00:52: Debug: Adding duplicate image handler for 'JPEG file'
16:00:52: Debug: Adding duplicate image handler for 'TIFF file'
16:00:52: Debug: Adding duplicate image handler for 'GIF file'
16:00:52: Debug: Adding duplicate image handler for 'PNM file'
16:00:52: Debug: Adding duplicate image handler for 'PCX file'
16:00:52: Debug: Adding duplicate image handler for 'IFF file'
16:00:52: Debug: Adding duplicate image handler for 'Windows icon file'
16:00:52: Debug: Adding duplicate image handler for 'Windows cursor file'
16:00:52: Debug: Adding duplicate image handler for 'Windows animated cursor file'
16:00:52: Debug: Adding duplicate image handler for 'TGA file'
16:00:52: Debug: Adding duplicate image handler for 'XPM file'
16:00:52: Debug: Adding duplicate image handler for 'PNG file'
16:00:52: Debug: Adding duplicate image handler for 'JPEG file'
16:00:52: Debug: Adding duplicate image handler for 'TIFF file'
16:00:52: Debug: Adding duplicate image handler for 'GIF file'
16:00:52: Debug: Adding duplicate image handler for 'PNM file'
16:00:52: Debug: Adding duplicate image handler for 'PCX file'
16:00:52: Debug: Adding duplicate image handler for 'IFF file'
16:00:52: Debug: Adding duplicate image handler for 'Windows icon file'
16:00:52: Debug: Adding duplicate image handler for 'Windows cursor file'
16:00:52: Debug: Adding duplicate image handler for 'Windows animated cursor file'
16:00:52: Debug: Adding duplicate image handler for 'TGA file'
16:00:52: Debug: Adding duplicate image handler for 'XPM file'
freerouting : java -Djava.awt.headless=true -jar ../phaseA/freerouting.jar -de loci_lvc_fr.dsn -do loci_lvc.ses -mp 5
liaisons non routées restantes : 42
